pos,s_protein_pos,construct_pos,wt,mut,esm_score,ddg,alignment_column,msa_depth,msa_observed,msa_consensus,wt_frequency,mut_frequency,position_entropy,conservation_score_raw,conservation_penalty,conservation_mode
218,219,231,F,L,-1.0726032257080078,4.823050362090669,,0,0,,,,,0.0,0.0,msa_v1_remapped
212,213,225,I,L,-1.152437448501587,-6.306159160774882,,0,0,,,,,0.0,0.0,msa_v1_remapped
116,117,129,S,T,-1.1565436124801636,2.2220291607022773,59.0,139,139,S,0.9856115107913669,0.0,0.028468531888982383,0.9715314681110176,24.0,msa_v1_remapped
123,124,136,C,T,-1.1781716346740725,0.4551728744380625,66.0,139,139,C,0.9928057553956835,0.0,0.0142429670997965,0.9857570329002034,30.0,msa_v1_remapped
15,16,28,Q,L,-1.1877378225326538,3.096297257082256,,0,0,,,,,0.0,0.0,msa_v1_remapped
85,86,98,I,L,-1.1897644996643066,-8.147088148706871,28.0,139,55,I,1.0,0.0,-0.0,1.0,24.0,msa_v1_remapped
17,18,30,G,L,-1.300022006034851,-2.866970291134294,,0,0,,,,,0.0,0.0,msa_v1_remapped
23,24,36,R,L,-1.324655532836914,-1.831418554982406,,0,0,,,,,0.0,0.0,msa_v1_remapped
132,133,145,M,T,-1.337791919708252,0.0320575171888322,75.0,139,139,M,0.8992805755395683,0.050359712230215826,0.14573273292746614,0.8542672670725339,16.0,msa_v1_remapped
84,85,97,F,L,-1.3494751453399658,-0.960124263287014,27.0,139,55,F,1.0,0.0,-0.0,1.0,30.0,msa_v1_remapped
132,133,145,M,S,-1.3677241802215576,-0.4749941015597301,75.0,139,139,M,0.8992805755395683,0.007194244604316547,0.14573273292746614,0.8542672670725339,19.0,msa_v1_remapped
217,218,230,I,L,-1.3890907764434814,1.5371559571025273,,0,0,,,,,0.0,0.0,msa_v1_remapped
183,184,196,V,L,-1.4322216510772705,3.4166000104491445,,0,0,,,,,0.0,0.0,msa_v1_remapped
207,208,220,I,L,-1.4396358728408811,0.1308948678539536,,0,0,,,,,0.0,0.0,msa_v1_remapped
158,159,171,A,L,-1.4428694248199463,0.1231375001774495,101.0,139,139,A,0.5827338129496403,0.0,0.2617420822038793,0.7382579177961207,11.0,msa_v1_remapped
211,212,224,F,L,-1.4523497819900513,1.80213216153129,,0,0,,,,,0.0,0.0,msa_v1_remapped
91,92,104,I,L,-1.4723002910614014,0.8253171522691218,34.0,139,55,I,1.0,0.0,-0.0,1.0,24.0,msa_v1_remapped
216,217,229,P,L,-1.4763802289962769,1.8422640313154377,,0,0,,,,,0.0,0.0,msa_v1_remapped
13,14,26,V,L,-1.4871556758880615,0.0021964568788916,,0,0,,,,,0.0,0.0,msa_v1_remapped
200,201,213,W,L,-1.4941375255584717,2.8608876435634443,,0,0,,,,,0.0,0.0,msa_v1_remapped
9,10,22,G,L,-1.500393629074097,1.665092389464462,,0,0,,,,,0.0,0.0,msa_v1_remapped
220,221,233,C,L,-1.5068223476409912,1.3282049050714022,,0,0,,,,,0.0,0.0,msa_v1_remapped
179,180,192,V,L,-1.5202497243881226,1.5069512865530896,,0,0,,,,,0.0,0.0,msa_v1_remapped
82,83,95,F,L,-1.5263842344284058,1.40050139663731,25.0,139,55,F,1.0,0.0,-0.0,1.0,30.0,msa_v1_remapped
222,223,235,W,L,-1.5266371965408323,1.6334938966722916,,0,0,,,,,0.0,0.0,msa_v1_remapped
16,17,29,A,L,-1.5467277765274048,1.6981253472069966,,0,0,,,,,0.0,0.0,msa_v1_remapped
58,59,71,N,S,-1.558476448059082,2.810758476086903,,0,0,,,,,0.0,0.0,msa_v1_remapped
95,96,108,V,L,-1.55885648727417,0.82844884654304,38.0,139,55,V,1.0,0.0,-0.0,1.0,24.0,msa_v1_remapped
10,11,23,P,L,-1.561232328414917,0.4400387691277387,,0,0,,,,,0.0,0.0,msa_v1_remapped
55,56,68,P,S,-1.5709632635116575,3.3120336016423835,,0,0,,,,,0.0,0.0,msa_v1_remapped
182,183,195,F,L,-1.571154236793518,-1.91217534141407,,0,0,,,,,0.0,0.0,msa_v1_remapped
28,29,41,P,L,-1.6010547876358032,-0.8440106751578469,1.0,139,48,P,1.0,0.0,-0.0,1.0,30.0,msa_v1_remapped
125,126,138,T,C,-1.6108421087265017,2.0719537145255345,68.0,139,139,T,0.9424460431654677,0.0,0.09221754866674471,0.9077824513332553,30.0,msa_v1_remapped
122,123,135,T,N,-1.614355444908142,2.5571098935303667,65.0,139,139,T,0.9856115107913669,0.0,0.028468531888982383,0.9715314681110176,24.0,msa_v1_remapped
81,82,94,I,L,-1.6286615133285522,0.5795320502035111,24.0,139,55,I,0.9818181818181818,0.01818181818181818,0.0303351945483401,0.9696648054516599,21.0,msa_v1_remapped
19,20,32,F,L,-1.6318035125732422,-0.1967934215020932,,0,0,,,,,0.0,0.0,msa_v1_remapped
61,62,74,P,S,-1.6426712274551392,0.8838332613637476,,0,0,,,,,0.0,0.0,msa_v1_remapped
186,187,199,S,L,-1.6517610549926758,1.0345173064168875,,0,0,,,,,0.0,0.0,msa_v1_remapped
201,202,214,G,L,-1.654205322265625,3.821861168552686,,0,0,,,,,0.0,0.0,msa_v1_remapped
34,35,47,W,L,-1.6561474800109863,1.543139617638701,7.0,139,48,W,1.0,0.0,-0.0,1.0,30.0,msa_v1_remapped
56,57,69,T,S,-1.6883150339126587,1.765239477322211,,0,0,,,,,0.0,0.0,msa_v1_remapped
35,36,48,W,L,-1.7015727758407593,0.2330346331452233,8.0,139,48,W,1.0,0.0,-0.0,1.0,30.0,msa_v1_remapped
168,169,181,R,L,-1.7100673913955688,0.9493566392362708,111.0,139,139,R,0.9928057553956835,0.0,0.0142429670997965,0.9857570329002034,30.0,msa_v1_remapped
137,138,150,C,N,-1.7211995124816897,2.8195755746736495,80.0,139,139,C,1.0,0.0,-0.0,1.0,30.0,msa_v1_remapped
114,115,127,T,C,-1.7302383184432983,2.8129130969369385,57.0,139,139,T,0.9928057553956835,0.0,0.0142429670997965,0.9857570329002034,30.0,msa_v1_remapped
178,179,191,F,L,-1.746544599533081,-1.1978674474635227,,0,0,,,,,0.0,0.0,msa_v1_remapped
6,7,19,G,L,-1.7467918395996094,-1.4087556103002044,,0,0,,,,,0.0,0.0,msa_v1_remapped
210,211,223,P,L,-1.7547802925109863,-7.247239991119216,,0,0,,,,,0.0,0.0,msa_v1_remapped
77,78,90,R,L,-1.7604379653930664,2.816938524218358,20.0,139,55,R,1.0,0.0,-0.0,1.0,30.0,msa_v1_remapped
117,118,130,T,S,-1.7632601261138916,1.0303034310949215,60.0,139,139,T,0.935251798561151,0.0,0.10030905623943821,0.8996909437605618,24.0,msa_v1_remapped
114,115,127,T,S,-1.801933765411377,1.7721357142012266,57.0,139,139,T,0.9928057553956835,0.0,0.0142429670997965,0.9857570329002034,24.0,msa_v1_remapped
206,207,219,S,L,-1.8278276920318604,-0.371688721710143,,0,0,,,,,0.0,0.0,msa_v1_remapped
167,168,180,V,S,-1.8397836685180664,-0.0669843246633377,110.0,139,139,V,0.5827338129496403,0.0,0.22678737171099395,0.773212628289006,17.0,msa_v1_remapped
99,100,112,Y,L,-1.8435794115066528,3.846623983610982,42.0,139,55,Y,0.9636363636363636,0.0,0.06055798933828685,0.9394420106617132,30.0,msa_v1_remapped
46,47,59,V,S,-1.8507957458496096,4.107669567758592,,0,0,,,,,0.0,0.0,msa_v1_remapped
197,198,210,M,L,-1.8516727685928345,1.8742891882152437,,0,0,,,,,0.0,0.0,msa_v1_remapped
169,170,182,F,L,-1.8556889295578003,2.0613651464108216,112.0,139,139,F,1.0,0.0,-0.0,1.0,30.0,msa_v1_remapped
202,203,215,P,L,-1.8695510625839231,3.748696208208002,,0,0,,,,,0.0,0.0,msa_v1_remapped
173,174,186,S,L,-1.8702199459075928,1.0457954729644143,,0,0,,,,,0.0,0.0,msa_v1_remapped
80,81,93,I,F,-1.875370979309082,3.049847463875608,23.0,139,55,I,1.0,0.0,-0.0,1.0,30.0,msa_v1_remapped
100,101,113,Q,F,-1.876120924949646,2.3909913384939045,43.0,139,105,Q,0.9619047619047619,0.0,0.054024431994585224,0.9459755680054148,30.0,msa_v1_remapped
83,84,96,L,I,-1.876678466796875,1.7225256176938617,26.0,139,55,L,1.0,0.0,-0.0,1.0,24.0,msa_v1_remapped
78,79,91,R,L,-1.8821477890014648,4.664641331038865,21.0,139,55,R,1.0,0.0,-0.0,1.0,30.0,msa_v1_remapped
113,114,126,T,S,-1.8908412456512451,-1.4036235507340962,56.0,139,139,S,0.050359712230215826,0.920863309352518,0.11965303926645379,0.8803469607335462,0.0,msa_v1_remapped
137,138,150,C,T,-1.897111654281616,0.2136708045907767,80.0,139,139,C,1.0,0.0,-0.0,1.0,30.0,msa_v1_remapped
127,128,140,A,C,-1.898742198944092,3.5822867115068107,70.0,139,139,A,0.9568345323741008,0.0,0.07187746744710335,0.9281225325528967,30.0,msa_v1_remapped
138,139,151,C,P,-1.9012168645858765,1.1553888982646183,81.0,139,139,C,0.9928057553956835,0.0,0.0142429670997965,0.9857570329002034,30.0,msa_v1_remapped
47,48,60,C,S,-1.9021170139312744,2.9983548167011236,,0,0,,,,,0.0,0.0,msa_v1_remapped
50,51,63,Q,S,-1.902264952659607,1.9036821826530288,,0,0,,,,,1.0,20.0,msa_v1_remapped
198,199,211,W,L,-1.9030436277389529,-0.2662866928646963,,0,0,,,,,0.0,0.0,msa_v1_remapped
208,209,221,V,F,-1.9049780368804932,0.0075377222486281,,0,0,,,,,0.0,0.0,msa_v1_remapped
170,171,183,S,P,-1.9210268259048464,-2.619210459144199,,0,0,,,,,0.0,0.0,msa_v1_remapped
217,218,230,I,F,-1.9218218326568604,1.9376975405764936,,0,0,,,,,0.0,0.0,msa_v1_remapped
119,120,132,P,T,-1.9300565719604492,3.0240794269971047,62.0,139,139,P,0.9568345323741008,0.02877697841726619,0.06854828452394135,0.9314517154760587,27.0,msa_v1_remapped
98,99,111,D,L,-1.9388976097106936,1.9966130989801627,41.0,139,55,D,0.9818181818181818,0.0,0.0303351945483401,0.9696648054516599,30.0,msa_v1_remapped
213,214,226,P,F,-1.941429853439331,-2.3605013482190316,,0,0,,,,,0.0,0.0,msa_v1_remapped
176,177,189,V,L,-1.94761323928833,-7.859066850145155,,0,0,,,,,0.0,0.0,msa_v1_remapped
67,68,80,I,S,-1.9503185749053955,0.6987384783381003,,0,0,,,,,0.0,0.0,msa_v1_remapped
123,124,136,C,S,-1.9510653018951416,0.4551728744380625,66.0,139,139,C,0.9928057553956835,0.0,0.0142429670997965,0.9857570329002034,30.0,msa_v1_remapped
113,114,126,T,N,-1.954566478729248,-2.398053351088151,56.0,139,139,S,0.050359712230215826,0.0,0.11965303926645379,0.8803469607335462,6.0,msa_v1_remapped
74,75,87,M,S,-1.955883741378784,3.039566930775436,17.0,139,55,M,1.0,0.0,-0.0,1.0,30.0,msa_v1_remapped
212,213,225,I,F,-1.9590251445770264,3.969699686396325,,0,0,,,,,0.0,0.0,msa_v1_remapped
106,107,119,C,L,-1.966683268547058,4.924030196482704,49.0,139,137,C,1.0,0.0,-0.0,1.0,30.0,msa_v1_remapped
152,153,165,P,S,-1.9685537815093992,4.536011898616039,95.0,139,139,P,1.0,0.0,-0.0,1.0,30.0,msa_v1_remapped
105,106,118,V,S,-1.9866886138916016,3.026246081480963,48.0,139,137,V,1.0,0.0,-0.0,1.0,30.0,msa_v1_remapped
174,175,187,L,S,-1.9925837516784668,-1.94449418374046,,0,0,,,,,0.0,0.0,msa_v1_remapped
216,217,229,P,F,-2.000666618347168,1.1794427210304548,,0,0,,,,,0.0,0.0,msa_v1_remapped
210,211,223,P,F,-2.0081396102905273,-6.544593437789615,,0,0,,,,,0.0,0.0,msa_v1_remapped
160,161,173,Y,S,-2.0088534355163574,3.787463856762088,103.0,139,139,F,0.4676258992805755,0.0,0.23067800643216174,0.7693219935678383,12.0,msa_v1_remapped
184,185,197,G,L,-2.0092580318450928,-0.6083365558444029,,0,0,,,,,0.0,0.0,msa_v1_remapped
189,190,202,V,L,-2.0204274654388428,3.0093227802087767,,0,0,,,,,0.0,0.0,msa_v1_remapped
110,111,123,P,S,-2.0210976600646973,2.83720809576738,53.0,139,139,P,0.9928057553956835,0.0,0.0142429670997965,0.9857570329002034,30.0,msa_v1_remapped
3,4,16,I,L,-2.0243334770202637,1.8085097907887755,,0,0,,,,,0.0,0.0,msa_v1_remapped
128,129,141,Q,S,-2.025979995727539,0.2573122492674429,71.0,139,139,Q,0.9496402877697842,0.0,0.08350091871401953,0.9164990812859805,24.0,msa_v1_remapped
156,157,169,A,S,-2.029944896697998,3.1198867414065035,99.0,139,139,A,0.9928057553956835,0.0,0.0142429670997965,0.9857570329002034,30.0,msa_v1_remapped
119,120,132,P,S,-2.034749984741211,3.950749887460802,62.0,139,139,P,0.9568345323741008,0.014388489208633094,0.06854828452394135,0.9314517154760587,27.0,msa_v1_remapped
27,28,40,I,S,-2.036527156829834,2.6212502254190326,0.0,139,48,I,0.9583333333333334,0.0,0.05781731841600614,0.9421826815839939,30.0,msa_v1_remapped
128,129,141,Q,T,-2.0371899604797363,-0.6442985844060445,71.0,139,139,Q,0.9496402877697842,0.0,0.08350091871401953,0.9164990812859805,24.0,msa_v1_remapped
84,85,97,F,I,-2.0459697246551514,0.2427358363431722,27.0,139,55,F,1.0,0.0,-0.0,1.0,30.0,msa_v1_remapped
140,141,153,K,S,-2.047354221343994,3.214390553199564,83.0,139,139,K,1.0,0.0,-0.0,1.0,30.0,msa_v1_remapped
115,116,128,T,S,-2.0477614402770996,-0.3612082359198894,58.0,139,139,T,0.9856115107913669,0.0,0.028468531888982383,0.9715314681110176,24.0,msa_v1_remapped
48,49,61,L,S,-2.049304485321045,3.6436996639017702,,0,0,,,,,1.0,20.0,msa_v1_remapped
108,109,121,L,S,-2.050854206085205,2.51274465850031,51.0,139,139,L,0.9712230215827338,0.0,0.05353776163862309,0.9464622383613769,30.0,msa_v1_remapped
10,11,23,P,F,-2.0560317039489746,-5.335310508080568,,0,0,,,,,0.0,0.0,msa_v1_remapped
27,28,40,I,L,-2.0563745498657227,-4.743587257492436,0.0,139,48,I,0.9583333333333334,0.0,0.05781731841600614,0.9421826815839939,24.0,msa_v1_remapped
115,116,128,T,N,-2.059929370880127,-1.3800594327985891,58.0,139,139,T,0.9856115107913669,0.007194244604316547,0.028468531888982383,0.9715314681110176,21.0,msa_v1_remapped
127,128,140,A,S,-2.0609946250915527,1.2921583902010525,70.0,139,139,A,0.9568345323741008,0.0,0.07187746744710335,0.9281225325528967,30.0,msa_v1_remapped
135,136,148,S,G,-2.067393064498902,1.563513471464944,78.0,139,139,S,1.0,0.0,-0.0,1.0,30.0,msa_v1_remapped
199,200,212,Y,L,-2.071489095687866,0.8559387711615614,,0,0,,,,,0.0,0.0,msa_v1_remapped
113,114,126,T,C,-2.075137138366699,1.101763818804784,56.0,139,139,S,0.050359712230215826,0.0,0.11965303926645379,0.8803469607335462,12.0,msa_v1_remapped
66,67,79,P,S,-2.075577974319458,2.540486078801621,,0,0,,,,,0.0,0.0,msa_v1_remapped
142,143,155,T,S,-2.080872058868408,1.3982375588917648,85.0,139,139,T,0.5107913669064749,0.4316546762589928,0.30916863440357406,0.690831365596426,5.0,msa_v1_remapped
17,18,30,G,I,-2.081083297729492,4.6520568549523205,,0,0,,,,,0.0,0.0,msa_v1_remapped
157,158,170,F,L,-2.081254720687866,0.352329770042104,100.0,139,139,F,0.9784172661870504,0.007194244604316547,0.03934738441798272,0.9606526155820173,27.0,msa_v1_remapped
52,53,65,S,N,-2.0817880630493164,3.496854796369007,,0,0,,,,,0.0,0.0,msa_v1_remapped
158,159,171,A,W,-2.082785129547119,2.1265871731317816,101.0,139,139,A,0.5827338129496403,0.0,0.2617420822038793,0.7382579177961207,17.0,msa_v1_remapped
177,178,190,P,L,-2.0860207080841064,0.039706580696702,,0,0,,,,,0.0,0.0,msa_v1_remapped
93,94,106,L,F,-2.0939722061157227,2.5227038169850857,36.0,139,55,L,0.9636363636363636,0.0,0.052144236132477435,0.9478557638675226,30.0,msa_v1_remapped
47,48,60,C,P,-2.1038527488708496,3.522288042910816,,0,0,,,,,0.0,0.0,msa_v1_remapped
88,89,101,L,I,-2.108192443847656,0.1342426773605325,31.0,139,55,L,0.9818181818181818,0.0,0.0303351945483401,0.9696648054516599,24.0,msa_v1_remapped
216,217,229,P,I,-2.1125941276550293,1.463078577862234,,0,0,,,,,0.0,0.0,msa_v1_remapped
32,33,45,D,S,-2.114874839782715,1.5537977573901571,5.0,139,48,D,1.0,0.0,-0.0,1.0,30.0,msa_v1_remapped
106,107,119,C,P,-2.1155261993408203,2.336123418640966,49.0,139,137,C,1.0,0.0,-0.0,1.0,30.0,msa_v1_remapped
88,89,101,L,F,-2.116477727890014,-0.8483746682377387,31.0,139,55,L,0.9818181818181818,0.0,0.0303351945483401,0.9696648054516599,30.0,msa_v1_remapped
36,37,49,T,S,-2.1218247413635254,4.8570794022371615,9.0,139,48,T,1.0,0.0,-0.0,1.0,24.0,msa_v1_remapped
157,158,170,F,W,-2.1227593421936035,1.0863036202876517,100.0,139,139,F,0.9784172661870504,0.0,0.03934738441798272,0.9606526155820173,24.0,msa_v1_remapped
64,65,77,C,N,-2.123709201812744,3.364118250046033,,0,0,,,,,0.0,0.0,msa_v1_remapped
127,128,140,A,T,-2.1250219345092773,2.5725211640976795,70.0,139,139,A,0.9568345323741008,0.0,0.07187746744710335,0.9281225325528967,30.0,msa_v1_remapped
159,160,172,K,S,-2.1283175945281982,1.0605062587778775,102.0,139,139,K,0.935251798561151,0.0,0.08005963896081332,0.9199403610391866,30.0,msa_v1_remapped
75,76,88,C,S,-2.128592014312744,2.039310274909326,18.0,139,55,C,0.9636363636363636,0.0,0.06055798933828685,0.9394420106617132,30.0,msa_v1_remapped
170,171,183,S,L,-2.1308116912841797,1.864488382633624,,0,0,,,,,0.0,0.0,msa_v1_remapped
147,148,160,T,S,-2.1347155570983887,2.266781055887634,90.0,139,139,T,1.0,0.0,-0.0,1.0,24.0,msa_v1_remapped
41,42,54,L,S,-2.1359703540802,2.294733380808509,,0,0,,,,,0.0,0.0,msa_v1_remapped
121,122,134,K,S,-2.140949249267578,2.3266065122626287,64.0,139,139,R,0.16546762589928057,0.0,0.1497551184645261,0.850244881535474,12.0,msa_v1_remapped
90,91,103,L,F,-2.1433286666870117,1.8887655356607524,33.0,139,55,L,1.0,0.0,-0.0,1.0,30.0,msa_v1_remapped
138,139,151,C,S,-2.1434519290924072,-0.0804972411359585,81.0,139,139,C,0.9928057553956835,0.0,0.0142429670997965,0.9857570329002034,30.0,msa_v1_remapped
121,122,134,K,T,-2.1480395793914795,2.652371833657128,64.0,139,139,R,0.16546762589928057,0.0,0.1497551184645261,0.850244881535474,12.0,msa_v1_remapped
120,121,133,C,P,-2.1490330696105957,2.4702313999605394,63.0,139,139,C,1.0,0.0,-0.0,1.0,30.0,msa_v1_remapped
37,38,50,S,L,-2.1524527072906494,0.985138041825735,10.0,139,48,S,1.0,0.0,-0.0,1.0,30.0,msa_v1_remapped
184,185,197,G,S,-2.15680193901062,-2.5910894132696853,,0,0,,,,,0.0,0.0,msa_v1_remapped
16,17,29,A,V,-2.16088342666626,2.1122007365247555,,0,0,,,,,0.0,0.0,msa_v1_remapped
69,70,82,P,S,-2.164851665496826,3.3656783130744543,,0,0,,,,,0.0,0.0,msa_v1_remapped
146,147,159,C,S,-2.165090560913086,3.814591342845461,89.0,139,139,C,0.9928057553956835,0.0,0.0142429670997965,0.9857570329002034,30.0,msa_v1_remapped
128,129,141,Q,C,-2.166903018951416,4.634864219766655,71.0,139,139,Q,0.9496402877697842,0.0,0.08350091871401953,0.9164990812859805,30.0,msa_v1_remapped
137,138,150,C,S,-2.1713991165161133,1.8929834946318351,80.0,139,139,C,1.0,0.0,-0.0,1.0,30.0,msa_v1_remapped
124,125,137,T,S,-2.1783580780029297,0.1647222117453566,67.0,139,139,T,0.9856115107913669,0.0,0.02513934896582038,0.9748606510341796,24.0,msa_v1_remapped
221,222,234,L,F,-2.179373264312744,2.8208104618688026,,0,0,,,,,0.0,0.0,msa_v1_remapped
15,16,28,Q,V,-2.1827054023742676,1.876206898947089,,0,0,,,,,0.0,0.0,msa_v1_remapped
3,4,16,I,S,-2.183102607727051,0.9020349756019072,,0,0,,,,,0.0,0.0,msa_v1_remapped
14,15,27,L,F,-2.185652256011963,4.397336816432471,,0,0,,,,,0.0,0.0,msa_v1_remapped
148,149,161,C,P,-2.1884164810180664,3.333776110036979,91.0,139,139,C,1.0,0.0,-0.0,1.0,30.0,msa_v1_remapped
86,87,99,L,I,-2.193608045578003,3.3209481979571365,29.0,139,55,L,1.0,0.0,-0.0,1.0,24.0,msa_v1_remapped
92,93,105,F,I,-2.1967835426330566,4.886615864387807,35.0,139,55,F,1.0,0.0,-0.0,1.0,30.0,msa_v1_remapped
148,149,161,C,S,-2.1985249519348145,0.4578526367955646,91.0,139,139,C,1.0,0.0,-0.0,1.0,30.0,msa_v1_remapped
220,221,233,C,I,-2.1999292373657227,0.8824925777382191,,0,0,,,,,0.0,0.0,msa_v1_remapped
197,198,210,M,V,-2.22704815864563,1.4626012441344756,,0,0,,,,,0.0,0.0,msa_v1_remapped
146,147,159,C,G,-2.227210521697998,4.700122553281233,89.0,139,139,C,0.9928057553956835,0.007194244604316547,0.0142429670997965,0.9857570329002034,27.0,msa_v1_remapped
177,178,190,P,S,-2.228614330291748,-7.203812703459164,,0,0,,,,,0.0,0.0,msa_v1_remapped
20,21,33,L,F,-2.2293457984924316,2.4414234308127334,,0,0,,,,,0.0,0.0,msa_v1_remapped
149,150,162,I,T,-2.238992691040039,1.810397923160053,92.0,139,139,I,0.9928057553956835,0.007194244604316547,0.0142429670997965,0.9857570329002034,27.0,msa_v1_remapped
115,116,128,T,C,-2.242532968521118,2.210054976728202,58.0,139,139,T,0.9856115107913669,0.0,0.028468531888982383,0.9715314681110176,30.0,msa_v1_remapped
104,105,117,P,S,-2.2432000637054443,4.136711154178386,47.0,139,134,P,1.0,0.0,-0.0,1.0,30.0,msa_v1_remapped
34,35,47,W,S,-2.245579719543457,0.4167088412841622,7.0,139,48,W,1.0,0.0,-0.0,1.0,30.0,msa_v1_remapped
200,201,213,W,F,-2.251255512237549,3.978734978614853,,0,0,,,,,0.0,0.0,msa_v1_remapped
149,150,162,I,S,-2.2543439865112305,4.404306485478401,92.0,139,139,I,0.9928057553956835,0.0,0.0142429670997965,0.9857570329002034,30.0,msa_v1_remapped
133,134,146,F,S,-2.2546305656433105,2.5873107056510207,76.0,139,139,F,0.6258992805755396,0.0,0.30300033404214555,0.6969996659578545,17.0,msa_v1_remapped
28,29,41,P,F,-2.254882574081421,-5.046755405254316,1.0,139,48,P,1.0,0.0,-0.0,1.0,30.0,msa_v1_remapped
91,92,104,I,F,-2.2575411796569824,2.8006525427445013,34.0,139,55,I,1.0,0.0,-0.0,1.0,30.0,msa_v1_remapped
208,209,221,V,I,-2.2582406997680664,4.25027474884746,,0,0,,,,,0.0,0.0,msa_v1_remapped
88,89,101,L,V,-2.258749485015869,2.9445596737788264,31.0,139,55,L,0.9818181818181818,0.0,0.0303351945483401,0.9696648054516599,24.0,msa_v1_remapped
142,143,155,T,G,-2.272536277770996,1.9163581961053635,85.0,139,139,T,0.5107913669064749,0.0,0.30916863440357406,0.690831365596426,17.0,msa_v1_remapped
224,225,237,Y,F,-2.2732653617858887,0.780438927388218,,0,0,,,,,0.0,0.0,msa_v1_remapped
189,190,202,V,S,-2.2747979164123535,2.153585228252382,,0,0,,,,,0.0,0.0,msa_v1_remapped
87,88,100,L,I,-2.28330135345459,1.8162624908553653,30.0,139,55,L,1.0,0.0,-0.0,1.0,24.0,msa_v1_remapped
164,165,177,W,L,-2.2841367721557617,-1.7223096070576958,107.0,139,139,W,0.9856115107913669,0.007194244604316547,0.028468531888982383,0.9715314681110176,27.0,msa_v1_remapped
139,140,152,T,S,-2.287264585494995,4.487150923446279,82.0,139,139,T,0.9280575539568345,0.06474820143884892,0.09414125000408767,0.9058587499959123,18.0,msa_v1_remapped
78,79,91,R,I,-2.2900118827819824,-0.7640512300564524,21.0,139,55,R,1.0,0.0,-0.0,1.0,30.0,msa_v1_remapped
84,85,97,F,V,-2.2907493114471436,0.1644105669623172,27.0,139,55,F,1.0,0.0,-0.0,1.0,30.0,msa_v1_remapped
176,177,189,V,S,-2.290881633758545,2.397852486345414,,0,0,,,,,0.0,0.0,msa_v1_remapped
38,39,51,L,S,-2.291135787963867,3.3590779988269333,11.0,139,48,L,1.0,0.0,-0.0,1.0,30.0,msa_v1_remapped
57,58,70,S,T,-2.2922966480255127,1.1018526199777623,,0,0,,,,,0.0,0.0,msa_v1_remapped
168,169,181,R,V,-2.2959401607513428,1.424543886859453,111.0,139,139,R,0.9928057553956835,0.0,0.0142429670997965,0.9857570329002034,30.0,msa_v1_remapped
203,204,216,S,F,-2.30301284790039,-0.4378512445392744,,0,0,,,,,0.0,0.0,msa_v1_remapped
178,179,191,F,W,-2.30305814743042,-0.0105076632730174,,0,0,,,,,0.0,0.0,msa_v1_remapped
171,172,184,W,F,-2.310811996459961,4.114903520487303,,0,0,,,,,0.0,0.0,msa_v1_remapped
58,59,71,N,C,-2.314645290374756,4.833485445230849,,0,0,,,,,0.0,0.0,msa_v1_remapped
15,16,28,Q,I,-2.3207132816314697,3.3763396175912135,,0,0,,,,,0.0,0.0,msa_v1_remapped
10,11,23,P,I,-2.3238773345947266,0.0533484972843325,,0,0,,,,,0.0,0.0,msa_v1_remapped
148,149,161,C,T,-2.3331947326660156,0.7260033715925829,91.0,139,139,C,1.0,0.0,-0.0,1.0,30.0,msa_v1_remapped
112,113,125,S,C,-2.3341240882873535,1.771222253770361,55.0,139,139,S,0.9280575539568345,0.0,0.09414125000408767,0.9058587499959123,30.0,msa_v1_remapped
59,60,72,H,T,-2.3360469341278076,-0.2525043764057386,,0,0,,,,,0.0,0.0,msa_v1_remapped
213,214,226,P,I,-2.340024709701538,-4.731338652950171,,0,0,,,,,0.0,0.0,msa_v1_remapped
197,198,210,M,A,-2.345921516418457,0.3634144060393396,,0,0,,,,,0.0,0.0,msa_v1_remapped
204,205,217,L,V,-2.3488616943359375,1.0642091323699103,,0,0,,,,,0.0,0.0,msa_v1_remapped
67,68,80,I,C,-2.3522024154663086,1.5290205512106354,,0,0,,,,,0.0,0.0,msa_v1_remapped
193,194,206,A,I,-2.352587938308716,-0.1030909439326706,,0,0,,,,,0.0,0.0,msa_v1_remapped
159,160,172,K,L,-2.3527684211730957,1.6200042168898676,102.0,139,139,K,0.935251798561151,0.0,0.08005963896081332,0.9199403610391866,30.0,msa_v1_remapped
10,11,23,P,V,-2.354422092437744,0.6206419770379057,,0,0,,,,,0.0,0.0,msa_v1_remapped
89,90,102,C,V,-2.354538679122925,-1.7567234668011338,32.0,139,55,C,0.9818181818181818,0.0,0.0303351945483401,0.9696648054516599,30.0,msa_v1_remapped
26,27,39,T,S,-2.3587214946746826,3.949855015751666,,0,0,,,,,0.0,0.0,msa_v1_remapped
165,166,178,A,F,-2.363312005996704,3.5842319331916883,108.0,139,139,A,0.9856115107913669,0.0,0.028468531888982383,0.9715314681110176,30.0,msa_v1_remapped
193,194,206,A,W,-2.364865303039551,1.5052296495102837,,0,0,,,,,0.0,0.0,msa_v1_remapped
30,31,43,S,L,-2.365506649017334,0.6386205454260221,3.0,139,48,S,0.9791666666666666,0.0,0.033803026545712066,0.9661969734542879,30.0,msa_v1_remapped
193,194,206,A,F,-2.366605043411255,0.2102866923015085,,0,0,,,,,0.0,0.0,msa_v1_remapped
195,196,208,W,S,-2.368824005126953,1.731117217317319,,0,0,,,,,0.0,0.0,msa_v1_remapped
136,137,149,C,T,-2.3694238662719727,3.316637452974362,79.0,139,139,C,0.9928057553956835,0.0,0.0142429670997965,0.9857570329002034,30.0,msa_v1_remapped
76,77,89,L,R,-2.3694772720336914,1.532740320999153,19.0,139,55,L,1.0,0.0,-0.0,1.0,30.0,msa_v1_remapped
187,188,200,P,V,-2.3732059001922607,3.41439161707774,,0,0,,,,,0.0,0.0,msa_v1_remapped
90,91,103,L,I,-2.373893022537231,2.192399527462669,33.0,139,55,L,1.0,0.0,-0.0,1.0,24.0,msa_v1_remapped
190,191,203,W,F,-2.378241062164306,3.1014964459714633,,0,0,,,,,0.0,0.0,msa_v1_remapped
87,88,100,L,S,-2.3789894580841064,2.2575631456347764,30.0,139,55,L,1.0,0.0,-0.0,1.0,30.0,msa_v1_remapped
199,200,212,Y,V,-2.383256196975708,2.327494616193917,,0,0,,,,,0.0,0.0,msa_v1_remapped
34,35,47,W,F,-2.3878133296966553,-1.3216970072088543,7.0,139,48,W,1.0,0.0,-0.0,1.0,24.0,msa_v1_remapped
26,27,39,T,L,-2.3894028663635254,3.60694196994632,,0,0,,,,,0.0,0.0,msa_v1_remapped
22,23,35,T,S,-2.3949031829833984,0.8731826883641247,,0,0,,,,,0.0,0.0,msa_v1_remapped
19,20,32,F,S,-2.395773410797119,0.0588831952733244,,0,0,,,,,0.0,0.0,msa_v1_remapped
205,206,218,Y,F,-2.396195411682129,1.1386715625426405,,0,0,,,,,0.0,0.0,msa_v1_remapped
73,74,86,W,R,-2.397904396057129,2.711051476420721,16.0,139,48,W,0.9583333333333334,0.0,0.06745807729766277,0.9325419227023373,30.0,msa_v1_remapped
158,159,171,A,F,-2.3997678756713867,4.234604247676316,101.0,139,139,A,0.5827338129496403,0.0,0.2617420822038793,0.7382579177961207,17.0,msa_v1_remapped
223,224,236,V,F,-2.4017975330352783,3.7508049288553593,,0,0,,,,,0.0,0.0,msa_v1_remapped
194,195,207,I,V,-2.402200937271118,1.0529731757447962,,0,0,,,,,0.0,0.0,msa_v1_remapped
210,211,223,P,I,-2.402444362640381,-7.103774312220821,,0,0,,,,,0.0,0.0,msa_v1_remapped
214,215,227,L,I,-2.404603958129883,2.5449328464150653,,0,0,,,,,0.0,0.0,msa_v1_remapped
24,25,37,I,F,-2.40708589553833,1.891101097625892,,0,0,,,,,0.0,0.0,msa_v1_remapped
168,169,181,R,I,-2.4074323177337646,2.1948959527347824,111.0,139,139,R,0.9928057553956835,0.0,0.0142429670997965,0.9857570329002034,30.0,msa_v1_remapped
207,208,220,I,S,-2.4091756343841553,3.7272191049404455,,0,0,,,,,0.0,0.0,msa_v1_remapped
1,2,14,E,A,-2.4098429679870605,3.39762469957401,,0,0,,,,,0.0,0.0,msa_v1_remapped
143,144,156,D,G,-2.410581111907959,4.175121355788349,86.0,139,139,D,0.9568345323741008,0.007194244604316547,0.06586889073397864,0.9341311092660214,27.0,msa_v1_remapped
188,189,201,T,F,-2.4106009006500244,1.816924020577062,,0,0,,,,,0.0,0.0,msa_v1_remapped
120,121,133,C,G,-2.412272691726685,0.4268401065871785,63.0,139,139,C,1.0,0.0,-0.0,1.0,30.0,msa_v1_remapped
211,212,224,F,I,-2.4122838973999023,-0.0492673828735519,,0,0,,,,,0.0,0.0,msa_v1_remapped
1,2,14,E,S,-2.4177284240722656,2.3092148197702045,,0,0,,,,,0.0,0.0,msa_v1_remapped
24,25,37,I,S,-2.4178988933563232,-0.0515264848771153,,0,0,,,,,0.0,0.0,msa_v1_remapped
105,106,118,V,L,-2.4184205532073975,3.3325476645655954,48.0,139,137,V,1.0,0.0,-0.0,1.0,24.0,msa_v1_remapped
151,152,164,I,L,-2.4196882247924805,3.4299217844281884,94.0,139,139,I,1.0,0.0,-0.0,1.0,24.0,msa_v1_remapped
198,199,211,W,I,-2.4197494983673096,-3.3411520824496392,,0,0,,,,,0.0,0.0,msa_v1_remapped
127,128,140,A,G,-2.4232239723205566,2.513450723751987,70.0,139,139,A,0.9568345323741008,0.007194244604316547,0.07187746744710335,0.9281225325528967,27.0,msa_v1_remapped
132,133,145,M,C,-2.4245731830596924,2.2676012542433455,75.0,139,139,M,0.8992805755395683,0.0,0.14573273292746614,0.8542672670725339,22.0,msa_v1_remapped
8,9,21,L,S,-2.425980567932129,1.919036613003641,,0,0,,,,,0.0,0.0,msa_v1_remapped
111,112,124,G,N,-2.4283957481384277,3.1999895656716717,54.0,139,139,G,0.9928057553956835,0.0,0.0142429670997965,0.9857570329002034,30.0,msa_v1_remapped
60,61,73,S,C,-2.4319446086883545,3.2016337332380544,,0,0,,,,,0.0,0.0,msa_v1_remapped
136,137,149,C,G,-2.433026075363159,3.6898885837763378,79.0,139,139,C,0.9928057553956835,0.0,0.0142429670997965,0.9857570329002034,30.0,msa_v1_remapped
4,5,17,T,I,-2.4394302368164062,2.725190281854509,,0,0,,,,,0.0,0.0,msa_v1_remapped
214,215,227,L,S,-2.440859794616699,2.5695766813066143,,0,0,,,,,0.0,0.0,msa_v1_remapped
210,211,223,P,S,-2.4429931640625,-7.181903330774958,,0,0,,,,,0.0,0.0,msa_v1_remapped
28,29,41,P,S,-2.4437217712402344,-7.4334492782589905,1.0,139,48,P,1.0,0.0,-0.0,1.0,30.0,msa_v1_remapped
207,208,220,I,F,-2.445828914642334,1.8920317043352952,,0,0,,,,,0.0,0.0,msa_v1_remapped
104,105,117,P,L,-2.4487719535827637,3.940860747326554,47.0,139,134,P,1.0,0.0,-0.0,1.0,30.0,msa_v1_remapped
102,103,115,M,I,-2.4488399028778076,2.6833121382871923,45.0,139,124,M,0.9838709677419355,0.016129032258064516,0.02756085340627416,0.9724391465937259,21.0,msa_v1_remapped
181,182,194,W,F,-2.4488742351531982,-0.3189641837366821,,0,0,,,,,0.0,0.0,msa_v1_remapped
185,186,198,L,F,-2.4491875171661377,4.732800550633499,,0,0,,,,,0.0,0.0,msa_v1_remapped
54,55,67,S,T,-2.451204299926758,-0.2620550251510281,,0,0,,,,,0.0,0.0,msa_v1_remapped
124,125,137,T,C,-2.452627182006836,2.5590088236476163,67.0,139,139,T,0.9856115107913669,0.0,0.02513934896582038,0.9748606510341796,30.0,msa_v1_remapped
163,164,176,E,L,-2.4526474475860596,4.549836029290589,106.0,139,138,E,0.9347826086956522,0.0,0.1054924005299425,0.8945075994700575,30.0,msa_v1_remapped
197,198,210,M,G,-2.461118221282959,2.992739248257294,,0,0,,,,,0.0,0.0,msa_v1_remapped
169,170,182,F,S,-2.4612436294555664,3.613082724924027,112.0,139,139,F,1.0,0.0,-0.0,1.0,30.0,msa_v1_remapped
188,189,201,T,V,-2.4625723361968994,0.1396005318221114,,0,0,,,,,0.0,0.0,msa_v1_remapped
179,180,192,V,I,-2.4649500846862793,4.932921074435683,,0,0,,,,,0.0,0.0,msa_v1_remapped
154,155,167,S,F,-2.465078353881836,3.3627544643359215,97.0,139,139,S,1.0,0.0,-0.0,1.0,30.0,msa_v1_remapped
171,172,184,W,S,-2.4706287384033203,-1.2724969104070285,,0,0,,,,,0.0,0.0,msa_v1_remapped
213,214,226,P,S,-2.4727907180786133,-3.597519242763098,,0,0,,,,,0.0,0.0,msa_v1_remapped
79,80,92,F,W,-2.475039005279541,0.1488914321609513,22.0,139,55,F,0.9818181818181818,0.0,0.0303351945483401,0.9696648054516599,24.0,msa_v1_remapped
95,96,108,V,I,-2.478640556335449,-0.5485745774932411,38.0,139,55,V,1.0,0.0,-0.0,1.0,24.0,msa_v1_remapped
161,162,174,L,V,-2.4795827865600586,4.28992163316866,104.0,139,139,L,1.0,0.0,-0.0,1.0,24.0,msa_v1_remapped
15,16,28,Q,A,-2.4831228256225586,0.1396486319088694,,0,0,,,,,0.0,0.0,msa_v1_remapped
225,226,238,I,S,-2.483520984649658,3.0300525586817457,,0,0,,,,,0.0,0.0,msa_v1_remapped
13,14,26,V,G,-2.484318256378174,2.014207924582365,,0,0,,,,,0.0,0.0,msa_v1_remapped
46,47,59,V,L,-2.4885456562042236,4.039333706290449,,0,0,,,,,0.0,0.0,msa_v1_remapped
167,168,180,V,L,-2.4892265796661377,2.039890266801706,110.0,139,139,V,0.5827338129496403,0.0,0.22678737171099395,0.773212628289006,11.0,msa_v1_remapped
202,203,215,P,F,-2.4926140308380127,0.4180369007768263,,0,0,,,,,0.0,0.0,msa_v1_remapped
63,64,76,S,C,-2.493117570877075,2.4169224202792634,,0,0,,,,,0.0,0.0,msa_v1_remapped
177,178,190,P,G,-2.5033769607543945,1.6625519512702454,,0,0,,,,,0.0,0.0,msa_v1_remapped
4,5,17,T,S,-2.505783796310425,0.6898147730419169,,0,0,,,,,0.0,0.0,msa_v1_remapped
188,189,201,T,S,-2.507202625274658,-0.4905828021535399,,0,0,,,,,0.0,0.0,msa_v1_remapped
119,120,132,P,C,-2.508359670639038,4.425133553398041,62.0,139,139,P,0.9568345323741008,0.0,0.06854828452394135,0.9314517154760587,30.0,msa_v1_remapped
105,106,118,V,T,-2.5086002349853516,0.553821536792384,48.0,139,137,V,1.0,0.0,-0.0,1.0,30.0,msa_v1_remapped
77,78,90,R,F,-2.511047124862671,3.697277106807519,20.0,139,55,R,1.0,0.0,-0.0,1.0,30.0,msa_v1_remapped
91,92,104,I,V,-2.513051986694336,1.804308050246732,34.0,139,55,I,1.0,0.0,-0.0,1.0,24.0,msa_v1_remapped
172,173,185,L,S,-2.516202449798584,2.5029027840997173,,0,0,,,,,0.0,0.0,msa_v1_remapped
220,221,233,C,S,-2.5170817375183105,2.221009009253237,,0,0,,,,,0.0,0.0,msa_v1_remapped
2,3,15,N,S,-2.5173323154449463,0.3343853470994986,,0,0,,,,,0.0,0.0,msa_v1_remapped
181,182,194,W,S,-2.5178215503692627,2.04663694435817,,0,0,,,,,0.0,0.0,msa_v1_remapped
164,165,177,W,S,-2.523991584777832,1.1493329909829413,107.0,139,139,W,0.9856115107913669,0.0,0.028468531888982383,0.9715314681110176,30.0,msa_v1_remapped
194,195,207,I,S,-2.524728298187256,-4.284084641376694,,0,0,,,,,0.0,0.0,msa_v1_remapped
222,223,235,W,S,-2.5248255729675293,1.87572551208018,,0,0,,,,,0.0,0.0,msa_v1_remapped
23,24,36,R,V,-2.52583646774292,2.391527952727131,,0,0,,,,,0.0,0.0,msa_v1_remapped
114,115,127,T,N,-2.5297279357910156,3.690380858725121,57.0,139,139,T,0.9928057553956835,0.007194244604316547,0.0142429670997965,0.9857570329002034,21.0,msa_v1_remapped
122,123,135,T,S,-2.531820774078369,0.1047036327088903,65.0,139,139,T,0.9856115107913669,0.0,0.028468531888982383,0.9715314681110176,24.0,msa_v1_remapped
131,132,144,S,T,-2.5320937633514404,3.1828664112581464,74.0,139,139,S,1.0,0.0,-0.0,1.0,24.0,msa_v1_remapped
196,197,209,M,S,-2.5342648029327393,0.4568370490620737,,0,0,,,,,0.0,0.0,msa_v1_remapped
92,93,105,F,V,-2.535823106765747,3.5148182344855172,35.0,139,55,F,1.0,0.0,-0.0,1.0,30.0,msa_v1_remapped
191,192,204,L,A,-2.536738395690918,3.0726877817485843,,0,0,,,,,0.0,0.0,msa_v1_remapped
196,197,209,M,G,-2.5396482944488525,3.862117942130339,,0,0,,,,,0.0,0.0,msa_v1_remapped
28,29,41,P,I,-2.540132522583008,-4.476171226648603,1.0,139,48,P,1.0,0.0,-0.0,1.0,30.0,msa_v1_remapped
157,158,170,F,S,-2.540377378463745,-0.1321363347130386,100.0,139,139,F,0.9784172661870504,0.014388489208633094,0.03934738441798272,0.9606526155820173,27.0,msa_v1_remapped
151,152,164,I,T,-2.542210817337036,4.2292200004445135,94.0,139,139,I,1.0,0.0,-0.0,1.0,30.0,msa_v1_remapped
91,92,104,I,S,-2.5449464321136475,2.2879694895773923,34.0,139,55,I,1.0,0.0,-0.0,1.0,30.0,msa_v1_remapped
35,36,48,W,I,-2.549493312835694,1.8871872987926963,8.0,139,48,W,1.0,0.0,-0.0,1.0,30.0,msa_v1_remapped
194,195,207,I,F,-2.549851894378662,2.0825834648347836,,0,0,,,,,0.0,0.0,msa_v1_remapped
180,181,193,Q,V,-2.554079532623291,2.118467061243507,,0,0,,,,,0.0,0.0,msa_v1_remapped
82,83,95,F,S,-2.5645928382873535,1.5865229619249703,25.0,139,55,F,1.0,0.0,-0.0,1.0,30.0,msa_v1_remapped
29,30,42,Q,F,-2.564647912979126,3.58395021107566,2.0,139,48,Q,0.9166666666666666,0.0,0.09574820339865432,0.9042517966013457,30.0,msa_v1_remapped
146,147,159,C,T,-2.564791440963745,2.939165204442702,89.0,139,139,C,0.9928057553956835,0.0,0.0142429670997965,0.9857570329002034,30.0,msa_v1_remapped
135,136,148,S,T,-2.5668179988861084,1.9778775626924696,78.0,139,139,S,1.0,0.0,-0.0,1.0,24.0,msa_v1_remapped
13,14,26,V,I,-2.56856918334961,0.0006735618264883,,0,0,,,,,0.0,0.0,msa_v1_remapped
166,167,179,S,W,-2.569275140762329,0.5206882349616535,109.0,139,139,S,1.0,0.0,-0.0,1.0,30.0,msa_v1_remapped
13,14,26,V,A,-2.569861888885498,0.3219585658292772,,0,0,,,,,0.0,0.0,msa_v1_remapped
19,20,32,F,I,-2.573639154434204,1.010750419024646,,0,0,,,,,0.0,0.0,msa_v1_remapped
173,174,186,S,F,-2.5739593505859375,2.6073421352207333,,0,0,,,,,0.0,0.0,msa_v1_remapped
52,53,65,S,T,-2.5742640495300293,2.3457930903365423,,0,0,,,,,0.0,0.0,msa_v1_remapped
108,109,121,L,G,-2.5754528045654297,4.188847507281764,51.0,139,139,L,0.9712230215827338,0.0,0.05353776163862309,0.9464622383613769,30.0,msa_v1_remapped
179,180,192,V,S,-2.5782928466796875,4.8864771588544045,,0,0,,,,,0.0,0.0,msa_v1_remapped
197,198,210,M,S,-2.579737663269043,1.1018350662404828,,0,0,,,,,0.0,0.0,msa_v1_remapped
36,37,49,T,L,-2.5805678367614746,3.4534835347839703,9.0,139,48,T,1.0,0.0,-0.0,1.0,30.0,msa_v1_remapped
66,67,79,P,T,-2.580907106399536,4.100479064923263,,0,0,,,,,0.0,0.0,msa_v1_remapped
202,203,215,P,V,-2.58162784576416,0.6590932566107881,,0,0,,,,,0.0,0.0,msa_v1_remapped
75,76,88,C,T,-2.5835156440734863,0.3554170733657997,18.0,139,55,C,0.9636363636363636,0.0,0.06055798933828685,0.9394420106617132,30.0,msa_v1_remapped
217,218,230,I,S,-2.5847036838531494,3.6695641365203073,,0,0,,,,,0.0,0.0,msa_v1_remapped
98,99,111,D,S,-2.5847039222717285,1.7084689039460272,41.0,139,55,D,0.9818181818181818,0.0,0.0303351945483401,0.9696648054516599,30.0,msa_v1_remapped
52,53,65,S,C,-2.5853681564331055,4.825727348093949,,0,0,,,,,0.0,0.0,msa_v1_remapped
171,172,184,W,V,-2.588096618652344,-0.6755373369284143,,0,0,,,,,0.0,0.0,msa_v1_remapped
78,79,91,R,S,-2.590327024459839,2.185959824719646,21.0,139,55,R,1.0,0.0,-0.0,1.0,30.0,msa_v1_remapped
177,178,190,P,F,-2.5910167694091797,1.9139732944981915,,0,0,,,,,0.0,0.0,msa_v1_remapped
210,211,223,P,V,-2.5924220085144043,-6.748131524950452,,0,0,,,,,0.0,0.0,msa_v1_remapped
200,201,213,W,I,-2.5927627086639404,1.353050386498353,,0,0,,,,,0.0,0.0,msa_v1_remapped
217,218,230,I,V,-2.5951435565948486,0.8666382557027532,,0,0,,,,,0.0,0.0,msa_v1_remapped
161,162,174,L,F,-2.5970945358276367,3.3272334358729267,104.0,139,139,L,1.0,0.0,-0.0,1.0,30.0,msa_v1_remapped
67,68,80,I,T,-2.599717140197754,1.71294457003944,,0,0,,,,,0.0,0.0,msa_v1_remapped
135,136,148,S,C,-2.5998940467834473,2.722865044313892,78.0,139,139,S,1.0,0.0,-0.0,1.0,30.0,msa_v1_remapped
207,208,220,I,W,-2.603020668029785,3.1100656930063906,,0,0,,,,,0.0,0.0,msa_v1_remapped
25,26,38,L,F,-2.6098179817199707,4.296656994580644,,0,0,,,,,0.0,0.0,msa_v1_remapped
220,221,233,C,V,-2.612356662750244,2.0227699231917313,,0,0,,,,,0.0,0.0,msa_v1_remapped
222,223,235,W,I,-2.614285469055176,4.0706196269707675,,0,0,,,,,0.0,0.0,msa_v1_remapped
60,61,73,S,L,-2.614365339279175,1.2182358098590385,,0,0,,,,,0.0,0.0,msa_v1_remapped
206,207,219,S,W,-2.614955425262451,2.5713273566665293,,0,0,,,,,0.0,0.0,msa_v1_remapped
86,87,99,L,V,-2.615729808807373,1.8014464303843736,29.0,139,55,L,1.0,0.0,-0.0,1.0,24.0,msa_v1_remapped
136,137,149,C,L,-2.615878105163574,1.6793147558857413,79.0,139,139,C,0.9928057553956835,0.0,0.0142429670997965,0.9857570329002034,30.0,msa_v1_remapped
98,99,111,D,F,-2.6166865825653076,3.572434913165353,41.0,139,55,D,0.9818181818181818,0.0,0.0303351945483401,0.9696648054516599,30.0,msa_v1_remapped
92,93,105,F,S,-2.617614984512329,0.3777292527779536,35.0,139,55,F,1.0,0.0,-0.0,1.0,30.0,msa_v1_remapped
6,7,19,G,I,-2.61795425415039,4.180797376420287,,0,0,,,,,0.0,0.0,msa_v1_remapped
31,32,44,L,W,-2.619819402694702,1.916137284535239,4.0,139,48,L,1.0,0.0,-0.0,1.0,30.0,msa_v1_remapped
173,174,186,S,G,-2.621748208999634,4.545443962227353,,0,0,,,,,0.0,0.0,msa_v1_remapped
202,203,215,P,I,-2.62377405166626,0.3717888206456905,,0,0,,,,,0.0,0.0,msa_v1_remapped
139,140,152,T,L,-2.624000310897827,-0.7077579915936667,82.0,139,139,T,0.9280575539568345,0.0,0.09414125000408767,0.9058587499959123,30.0,msa_v1_remapped
142,143,155,T,C,-2.624058723449707,3.937528644516192,85.0,139,139,T,0.5107913669064749,0.0,0.30916863440357406,0.690831365596426,17.0,msa_v1_remapped
187,188,200,P,S,-2.624281883239746,3.2634514960546994,,0,0,,,,,0.0,0.0,msa_v1_remapped
61,62,74,P,C,-2.626413583755493,4.831516027673729,,0,0,,,,,0.0,0.0,msa_v1_remapped
175,176,188,L,S,-2.6264781951904297,2.767075984578696,,0,0,,,,,0.0,0.0,msa_v1_remapped
3,4,16,I,G,-2.6274476051330566,2.9183245583947155,,0,0,,,,,0.0,0.0,msa_v1_remapped
95,96,108,V,S,-2.628010511398315,3.649234821649827,38.0,139,55,V,1.0,0.0,-0.0,1.0,30.0,msa_v1_remapped
190,191,203,W,S,-2.628281593322754,3.847180802703519,,0,0,,,,,0.0,0.0,msa_v1_remapped
224,225,237,Y,S,-2.628742933273315,3.8523601343483738,,0,0,,,,,0.0,0.0,msa_v1_remapped
60,61,73,S,T,-2.6296305656433105,0.13973338868891,,0,0,,,,,0.0,0.0,msa_v1_remapped
161,162,174,L,S,-2.632715940475464,2.2853446787077587,104.0,139,139,L,1.0,0.0,-0.0,1.0,30.0,msa_v1_remapped
97,98,110,L,A,-2.633491039276123,1.3236156947942843,40.0,139,55,L,1.0,0.0,-0.0,1.0,24.0,msa_v1_remapped
167,168,180,V,T,-2.63376522064209,0.0442828191816602,110.0,139,139,V,0.5827338129496403,0.0,0.22678737171099395,0.773212628289006,17.0,msa_v1_remapped
183,184,196,V,W,-2.634988307952881,-3.2423005271641614,,0,0,,,,,0.0,0.0,msa_v1_remapped
50,51,63,Q,T,-2.6365537643432617,1.1251918997602957,,0,0,,,,,1.0,20.0,msa_v1_remapped
172,173,185,L,A,-2.6368887424468994,1.1635564797686584,,0,0,,,,,0.0,0.0,msa_v1_remapped
163,164,176,E,T,-2.6384754180908203,3.4605711729413997,106.0,139,138,E,0.9347826086956522,0.0,0.1054924005299425,0.8945075994700575,30.0,msa_v1_remapped
56,57,69,T,C,-2.638510227203369,1.4935159396944755,,0,0,,,,,0.0,0.0,msa_v1_remapped
85,86,98,I,V,-2.6405997276306152,0.2131117264690374,28.0,139,55,I,1.0,0.0,-0.0,1.0,24.0,msa_v1_remapped
16,17,29,A,F,-2.6416523456573486,3.3296612447773555,,0,0,,,,,0.0,0.0,msa_v1_remapped
172,173,185,L,F,-2.64385724067688,1.7950493259421592,,0,0,,,,,0.0,0.0,msa_v1_remapped
204,205,217,L,S,-2.6449227333068848,3.2455912824790403,,0,0,,,,,0.0,0.0,msa_v1_remapped
4,5,17,T,V,-2.6466712951660156,2.164143914337785,,0,0,,,,,0.0,0.0,msa_v1_remapped
72,73,85,R,F,-2.647374153137207,1.6072782834619377,15.0,139,48,R,1.0,0.0,-0.0,1.0,30.0,msa_v1_remapped
211,212,224,F,W,-2.6507091522216797,1.6925562923921689,,0,0,,,,,0.0,0.0,msa_v1_remapped
187,188,200,P,F,-2.6516427993774414,4.019923603210486,,0,0,,,,,0.0,0.0,msa_v1_remapped
110,111,123,P,N,-2.6524548530578613,4.928810915386805,53.0,139,139,P,0.9928057553956835,0.0,0.0142429670997965,0.9857570329002034,30.0,msa_v1_remapped
198,199,211,W,G,-2.652723789215088,-0.8248637790222801,,0,0,,,,,0.0,0.0,msa_v1_remapped
198,199,211,W,F,-2.653848171234131,1.5570986731815992,,0,0,,,,,0.0,0.0,msa_v1_remapped
189,190,202,V,F,-2.663171768188477,2.7237025215872563,,0,0,,,,,0.0,0.0,msa_v1_remapped
169,170,182,F,V,-2.663811683654785,1.691713204602593,112.0,139,139,F,1.0,0.0,-0.0,1.0,30.0,msa_v1_remapped
57,58,70,S,Q,-2.6649723052978516,1.4421458274543395,,0,0,,,,,0.0,0.0,msa_v1_remapped
209,210,222,S,G,-2.6672048568725586,1.3869073171439936,,0,0,,,,,0.0,0.0,msa_v1_remapped
164,165,177,W,Q,-2.6693034172058105,-0.8028938167962565,107.0,139,139,W,0.9856115107913669,0.0,0.028468531888982383,0.9715314681110176,30.0,msa_v1_remapped
10,11,23,P,G,-2.6703920364379883,-4.789481168513419,,0,0,,,,,0.0,0.0,msa_v1_remapped
75,76,88,C,R,-2.6709582805633545,1.9320008746605597,18.0,139,55,C,0.9636363636363636,0.0,0.06055798933828685,0.9394420106617132,30.0,msa_v1_remapped
88,89,101,L,S,-2.672633647918701,4.59547179176252,31.0,139,55,L,0.9818181818181818,0.0,0.0303351945483401,0.9696648054516599,30.0,msa_v1_remapped
195,196,208,W,V,-2.6760168075561523,3.2117069067338093,,0,0,,,,,0.0,0.0,msa_v1_remapped
149,150,162,I,L,-2.676214694976806,2.2564926871909847,92.0,139,139,I,0.9928057553956835,0.0,0.0142429670997965,0.9857570329002034,24.0,msa_v1_remapped
83,84,96,L,V,-2.6767218112945557,1.3870435260130307,26.0,139,55,L,1.0,0.0,-0.0,1.0,24.0,msa_v1_remapped
128,129,141,Q,A,-2.677767276763916,1.977873765568404,71.0,139,139,Q,0.9496402877697842,0.0,0.08350091871401953,0.9164990812859805,30.0,msa_v1_remapped
13,14,26,V,S,-2.6778242588043213,0.0907201251466744,,0,0,,,,,0.0,0.0,msa_v1_remapped
198,199,211,W,A,-2.6782546043395996,1.683873230618758,,0,0,,,,,0.0,0.0,msa_v1_remapped
205,206,218,Y,A,-2.6784021854400635,0.5728102824640473,,0,0,,,,,0.0,0.0,msa_v1_remapped
36,37,49,T,G,-2.6808664798736572,4.190382666031667,9.0,139,48,T,1.0,0.0,-0.0,1.0,30.0,msa_v1_remapped
103,104,116,L,V,-2.683227062225342,2.46901819531206,46.0,139,128,L,1.0,0.0,-0.0,1.0,24.0,msa_v1_remapped
178,179,191,F,G,-2.683452606201172,3.374353427428048,,0,0,,,,,0.0,0.0,msa_v1_remapped
41,42,54,L,C,-2.684359550476074,2.753884335642738,,0,0,,,,,0.0,0.0,msa_v1_remapped
176,177,189,V,G,-2.690807342529297,1.1500493807968724,,0,0,,,,,0.0,0.0,msa_v1_remapped
62,63,75,T,L,-2.6945648193359375,0.9018355335554702,,0,0,,,,,0.0,0.0,msa_v1_remapped
2,3,15,N,V,-2.695294141769409,3.733980788510735,,0,0,,,,,0.0,0.0,msa_v1_remapped
10,11,23,P,S,-2.695671558380127,-8.326513477580988,,0,0,,,,,0.0,0.0,msa_v1_remapped
15,16,28,Q,G,-2.6984705924987793,2.5121617040595083,,0,0,,,,,0.0,0.0,msa_v1_remapped
185,186,198,L,W,-2.6996943950653076,4.521122389013328,,0,0,,,,,0.0,0.0,msa_v1_remapped
181,182,194,W,A,-2.701834201812744,2.3125506734475607,,0,0,,,,,0.0,0.0,msa_v1_remapped
161,162,174,L,W,-2.7071683406829834,4.2751710284148885,104.0,139,139,L,1.0,0.0,-0.0,1.0,30.0,msa_v1_remapped
114,115,127,T,G,-2.7075984477996826,3.042146601385525,57.0,139,139,T,0.9928057553956835,0.0,0.0142429670997965,0.9857570329002034,30.0,msa_v1_remapped
35,36,48,W,F,-2.709129810333252,1.893665977564524,8.0,139,48,W,1.0,0.0,-0.0,1.0,24.0,msa_v1_remapped
102,103,115,M,S,-2.709883689880371,1.1088392672671148,45.0,139,124,M,0.9838709677419355,0.0,0.02756085340627416,0.9724391465937259,30.0,msa_v1_remapped
30,31,43,S,T,-2.7104175090789795,0.7341171961484179,3.0,139,48,S,0.9791666666666666,0.0,0.033803026545712066,0.9661969734542879,24.0,msa_v1_remapped
109,110,122,I,T,-2.71274733543396,2.2895241747071395,52.0,139,139,I,0.8705035971223022,0.0,0.13793385642781944,0.8620661435721806,22.0,msa_v1_remapped
187,188,200,P,I,-2.713189601898194,4.9535613084027545,,0,0,,,,,0.0,0.0,msa_v1_remapped
83,84,96,L,S,-2.71439790725708,4.543369871338427,26.0,139,55,L,1.0,0.0,-0.0,1.0,30.0,msa_v1_remapped
12,13,25,L,G,-2.715379238128662,4.351397186420456,,0,0,,,,,0.0,0.0,msa_v1_remapped
170,171,183,S,F,-2.716750383377075,1.2477780688589064,,0,0,,,,,0.0,0.0,msa_v1_remapped
97,98,110,L,F,-2.717433452606201,2.371704817556804,40.0,139,55,L,1.0,0.0,-0.0,1.0,30.0,msa_v1_remapped
164,165,177,W,T,-2.7178735733032227,-2.0806468664700333,107.0,139,139,W,0.9856115107913669,0.0,0.028468531888982383,0.9715314681110176,30.0,msa_v1_remapped
196,197,209,M,T,-2.718071937561035,1.4598970309855304,,0,0,,,,,0.0,0.0,msa_v1_remapped
199,200,212,Y,I,-2.7189981937408447,1.73790056979891,,0,0,,,,,0.0,0.0,msa_v1_remapped
163,164,176,E,G,-2.7206833362579346,4.634888122282348,106.0,139,138,E,0.9347826086956522,0.036231884057971016,0.1054924005299425,0.8945075994700575,27.0,msa_v1_remapped
8,9,21,L,W,-2.7241010665893555,3.223066998402828,,0,0,,,,,0.0,0.0,msa_v1_remapped
54,55,67,S,N,-2.724942207336426,-0.7827092251146723,,0,0,,,,,0.0,0.0,msa_v1_remapped
29,30,42,Q,T,-2.725170135498047,3.394571269643393,2.0,139,48,Q,0.9166666666666666,0.0,0.09574820339865432,0.9042517966013457,24.0,msa_v1_remapped
120,121,133,C,A,-2.725297451019287,1.295746455745757,63.0,139,139,C,1.0,0.0,-0.0,1.0,30.0,msa_v1_remapped
204,205,217,L,W,-2.725348472595215,0.5405294479977556,,0,0,,,,,0.0,0.0,msa_v1_remapped
154,155,167,S,V,-2.7268505096435547,2.628481934992294,97.0,139,139,S,1.0,0.0,-0.0,1.0,30.0,msa_v1_remapped
194,195,207,I,A,-2.7278590202331543,-7.1971536465475765,,0,0,,,,,0.0,0.0,msa_v1_remapped
192,193,205,S,A,-2.7297139167785645,0.2961785461229738,,0,0,,,,,0.0,0.0,msa_v1_remapped
147,148,160,T,L,-2.7297608852386475,1.2361989354772618,90.0,139,139,T,1.0,0.0,-0.0,1.0,30.0,msa_v1_remapped
108,109,121,L,V,-2.7299964427948,3.233066799047606,51.0,139,139,L,0.9712230215827338,0.0,0.05353776163862309,0.9464622383613769,24.0,msa_v1_remapped
44,45,57,S,F,-2.7319374084472656,3.416019562445342,,0,0,,,,,0.0,0.0,msa_v1_remapped
78,79,91,R,V,-2.732295036315918,-0.1707768460324814,21.0,139,55,R,1.0,0.0,-0.0,1.0,30.0,msa_v1_remapped
5,6,18,S,F,-2.735525131225586,3.797780746990042,,0,0,,,,,0.0,0.0,msa_v1_remapped
76,77,89,L,C,-2.7356197834014893,3.9360948231493462,19.0,139,55,L,1.0,0.0,-0.0,1.0,30.0,msa_v1_remapped
194,195,207,I,W,-2.735748291015625,1.0307630682366948,,0,0,,,,,0.0,0.0,msa_v1_remapped
57,58,70,S,G,-2.737436532974243,3.594080059316014,,0,0,,,,,0.0,0.0,msa_v1_remapped
73,74,86,W,G,-2.737582206726074,4.451322566715589,16.0,139,48,W,0.9583333333333334,0.0,0.06745807729766277,0.9325419227023373,30.0,msa_v1_remapped
221,222,234,L,S,-2.7393321990966797,2.169141406906419,,0,0,,,,,0.0,0.0,msa_v1_remapped
23,24,36,R,A,-2.739512205123902,1.739756285543649,,0,0,,,,,0.0,0.0,msa_v1_remapped
37,38,50,S,G,-2.7433271408081055,2.5710546310903055,10.0,139,48,S,1.0,0.0,-0.0,1.0,30.0,msa_v1_remapped
213,214,226,P,V,-2.7464160919189453,-3.567416786582612,,0,0,,,,,0.0,0.0,msa_v1_remapped
164,165,177,W,V,-2.7472612857818604,-2.386052340774995,107.0,139,139,W,0.9856115107913669,0.0,0.028468531888982383,0.9715314681110176,30.0,msa_v1_remapped
55,56,68,P,Q,-2.7483959197998047,4.339923669282825,,0,0,,,,,0.0,0.0,msa_v1_remapped
79,80,92,F,S,-2.748712062835694,1.587239701346391,22.0,139,55,F,0.9818181818181818,0.01818181818181818,0.0303351945483401,0.9696648054516599,27.0,msa_v1_remapped
192,193,205,S,G,-2.7493982315063477,1.2039577333264333,,0,0,,,,,0.0,0.0,msa_v1_remapped
186,187,199,S,G,-2.750039577484131,3.211645011993369,,0,0,,,,,0.0,0.0,msa_v1_remapped
17,18,30,G,A,-2.7507410049438477,-1.5214691262253837,,0,0,,,,,0.0,0.0,msa_v1_remapped
90,91,103,L,G,-2.7525103092193604,3.099496144170473,33.0,139,55,L,1.0,0.0,-0.0,1.0,30.0,msa_v1_remapped
166,167,179,S,K,-2.7531538009643555,2.7397994659862093,109.0,139,139,S,1.0,0.0,-0.0,1.0,30.0,msa_v1_remapped
84,85,97,F,S,-2.753634452819824,-2.5369372697826975,27.0,139,55,F,1.0,0.0,-0.0,1.0,30.0,msa_v1_remapped
177,178,190,P,V,-2.7538645267486572,-6.399717193478068,,0,0,,,,,0.0,0.0,msa_v1_remapped
157,158,170,F,V,-2.757528305053711,0.769262007597888,100.0,139,139,F,0.9784172661870504,0.0,0.03934738441798272,0.9606526155820173,30.0,msa_v1_remapped
5,6,18,S,V,-2.7579245567321777,3.693170668575931,,0,0,,,,,0.0,0.0,msa_v1_remapped
198,199,211,W,S,-2.760457992553711,1.563171704972376,,0,0,,,,,0.0,0.0,msa_v1_remapped
168,169,181,R,S,-2.7620186805725098,2.737441019706637,111.0,139,139,R,0.9928057553956835,0.0,0.0142429670997965,0.9857570329002034,30.0,msa_v1_remapped
148,149,161,C,A,-2.7625391483306885,0.4551728744380625,91.0,139,139,C,1.0,0.0,-0.0,1.0,30.0,msa_v1_remapped
171,172,184,W,I,-2.7627053260803223,-1.4311836131570317,,0,0,,,,,0.0,0.0,msa_v1_remapped
168,169,181,R,G,-2.763103485107422,4.191150009702028,111.0,139,139,R,0.9928057553956835,0.0,0.0142429670997965,0.9857570329002034,30.0,msa_v1_remapped
19,20,32,F,V,-2.7631518840789795,4.486314223352281,,0,0,,,,,0.0,0.0,msa_v1_remapped
44,45,57,S,G,-2.764023542404175,3.7028470326650904,,0,0,,,,,0.0,0.0,msa_v1_remapped
32,33,45,D,F,-2.7664880752563477,3.185117566080919,5.0,139,48,D,1.0,0.0,-0.0,1.0,30.0,msa_v1_remapped
158,159,171,A,I,-2.7688345909118652,1.1885718399612983,101.0,139,139,A,0.5827338129496403,0.0,0.2617420822038793,0.7382579177961207,11.0,msa_v1_remapped
50,51,63,Q,L,-2.7733640670776367,0.8394123534581013,,0,0,,,,,1.0,20.0,msa_v1_remapped
26,27,39,T,R,-2.773874521255493,4.9963253744975304,,0,0,,,,,0.0,0.0,msa_v1_remapped
189,190,202,V,T,-2.774961471557617,3.505046331116091,,0,0,,,,,0.0,0.0,msa_v1_remapped
48,49,61,L,Q,-2.7756388187408447,2.871770572127218,,0,0,,,,,1.0,20.0,msa_v1_remapped
160,161,173,Y,L,-2.778022289276123,1.6938892467618416,103.0,139,139,F,0.4676258992805755,0.0,0.23067800643216174,0.7693219935678383,12.0,msa_v1_remapped
143,144,156,D,A,-2.779850482940674,3.542087849047902,86.0,139,139,D,0.9568345323741008,0.0,0.06586889073397864,0.9341311092660214,30.0,msa_v1_remapped
106,107,119,C,F,-2.780219554901123,3.512996384714256,49.0,139,137,C,1.0,0.0,-0.0,1.0,30.0,msa_v1_remapped
161,162,174,L,A,-2.781280517578125,3.618231601967807,104.0,139,139,L,1.0,0.0,-0.0,1.0,24.0,msa_v1_remapped
182,183,195,F,W,-2.78445816040039,4.755193266323772,,0,0,,,,,0.0,0.0,msa_v1_remapped
23,24,36,R,S,-2.786799907684326,0.4183610648047988,,0,0,,,,,0.0,0.0,msa_v1_remapped
222,223,235,W,Y,-2.7870969772338867,4.200845854798558,,0,0,,,,,0.0,0.0,msa_v1_remapped
98,99,111,D,A,-2.7873151302337646,0.1394815958631738,41.0,139,55,D,0.9818181818181818,0.01818181818181818,0.0303351945483401,0.9696648054516599,27.0,msa_v1_remapped
30,31,43,S,G,-2.7900702953338623,2.308510230080344,3.0,139,48,S,0.9791666666666666,0.0,0.033803026545712066,0.9661969734542879,30.0,msa_v1_remapped
58,59,71,N,G,-2.791194200515747,3.533361875506728,,0,0,,,,,0.0,0.0,msa_v1_remapped
77,78,90,R,G,-2.7966625690460205,4.340278187404692,20.0,139,55,R,1.0,0.0,-0.0,1.0,30.0,msa_v1_remapped
172,173,185,L,I,-2.7978830337524414,2.721258697102712,,0,0,,,,,0.0,0.0,msa_v1_remapped
24,25,37,I,V,-2.7978861331939697,0.4361298970682696,,0,0,,,,,0.0,0.0,msa_v1_remapped
121,122,134,K,G,-2.798295021057129,2.906208965805547,64.0,139,139,R,0.16546762589928057,0.0,0.1497551184645261,0.850244881535474,12.0,msa_v1_remapped
119,120,132,P,N,-2.7995662689208984,3.4888941102524313,62.0,139,139,P,0.9568345323741008,0.0,0.06854828452394135,0.9314517154760587,30.0,msa_v1_remapped
225,226,238,I,V,-2.80012845993042,1.5664135113764814,,0,0,,,,,0.0,0.0,msa_v1_remapped
202,203,215,P,W,-2.800281286239624,2.7005567756871756,,0,0,,,,,0.0,0.0,msa_v1_remapped
130,131,143,N,L,-2.8003060817718506,3.1015954832610646,73.0,139,139,T,0.1079136690647482,0.0,0.13879279543423226,0.8612072045657677,12.0,msa_v1_remapped
27,28,40,I,F,-2.8007454872131348,2.6905206323484663,0.0,139,48,I,0.9583333333333334,0.0,0.05781731841600614,0.9421826815839939,30.0,msa_v1_remapped
93,94,106,L,G,-2.8008198738098145,2.929742222297022,36.0,139,55,L,0.9636363636363636,0.0,0.052144236132477435,0.9478557638675226,30.0,msa_v1_remapped
80,81,93,I,S,-2.804140090942383,1.948839817484668,23.0,139,55,I,1.0,0.0,-0.0,1.0,30.0,msa_v1_remapped
173,174,186,S,A,-2.8041858673095703,1.1093754267216127,,0,0,,,,,0.0,0.0,msa_v1_remapped
184,185,197,G,W,-2.804372787475586,-0.0983390692662737,,0,0,,,,,0.0,0.0,msa_v1_remapped
110,111,123,P,L,-2.8097589015960693,3.9665127431936753,53.0,139,139,P,0.9928057553956835,0.0,0.0142429670997965,0.9857570329002034,30.0,msa_v1_remapped
194,195,207,I,G,-2.8100624084472656,1.1021321849933656,,0,0,,,,,0.0,0.0,msa_v1_remapped
193,194,206,A,S,-2.810230016708374,0.7459782106101898,,0,0,,,,,0.0,0.0,msa_v1_remapped
30,31,43,S,V,-2.8107750415802,1.5303238296767745,3.0,139,48,S,0.9791666666666666,0.0,0.033803026545712066,0.9661969734542879,30.0,msa_v1_remapped
35,36,48,W,V,-2.8136892318725586,3.945481413288064,8.0,139,48,W,1.0,0.0,-0.0,1.0,30.0,msa_v1_remapped
37,38,50,S,C,-2.8139240741729736,2.8652558198831457,10.0,139,48,S,1.0,0.0,-0.0,1.0,30.0,msa_v1_remapped
189,190,202,V,A,-2.814537525177002,1.612082866071546,,0,0,,,,,0.0,0.0,msa_v1_remapped
179,180,192,V,W,-2.816141128540039,1.8897136960325156,,0,0,,,,,0.0,0.0,msa_v1_remapped
16,17,29,A,S,-2.82314395904541,0.1362716191667914,,0,0,,,,,0.0,0.0,msa_v1_remapped
206,207,219,S,I,-2.8240818977355957,1.257262059068978,,0,0,,,,,0.0,0.0,msa_v1_remapped
163,164,176,E,D,-2.8274776935577393,-0.0227001165796423,106.0,139,138,E,0.9347826086956522,0.014492753623188406,0.1054924005299425,0.8945075994700575,21.0,msa_v1_remapped
133,134,146,F,L,-2.828075885772705,4.344332738160631,76.0,139,139,F,0.6258992805755396,0.02158273381294964,0.30300033404214555,0.6969996659578545,14.0,msa_v1_remapped
15,16,28,Q,S,-2.8307242393493652,2.8831219632577927,,0,0,,,,,0.0,0.0,msa_v1_remapped
151,152,164,I,V,-2.831148386001587,1.907013788703921,94.0,139,139,I,1.0,0.0,-0.0,1.0,24.0,msa_v1_remapped
2,3,15,N,T,-2.8315353393554688,4.118106159777994,,0,0,,,,,0.0,0.0,msa_v1_remapped
143,144,156,D,Q,-2.8329639434814453,3.290212468637776,86.0,139,139,D,0.9568345323741008,0.0,0.06586889073397864,0.9341311092660214,30.0,msa_v1_remapped
175,176,188,L,A,-2.833315849304199,2.605104470423271,,0,0,,,,,0.0,0.0,msa_v1_remapped
182,183,195,F,M,-2.8349053859710693,-0.0439249668951333,,0,0,,,,,0.0,0.0,msa_v1_remapped
33,34,46,S,R,-2.83551025390625,0.8989986884685095,6.0,139,48,S,1.0,0.0,-0.0,1.0,30.0,msa_v1_remapped
154,155,167,S,A,-2.8355813026428223,0.3905161597255073,97.0,139,139,S,1.0,0.0,-0.0,1.0,30.0,msa_v1_remapped
142,143,155,T,L,-2.836843967437744,0.4250589700412206,85.0,139,139,T,0.5107913669064749,0.02158273381294964,0.30916863440357406,0.690831365596426,14.0,msa_v1_remapped
91,92,104,I,G,-2.838752508163452,4.170979492943161,34.0,139,55,I,1.0,0.0,-0.0,1.0,30.0,msa_v1_remapped
195,196,208,W,A,-2.8390121459960938,3.867773122184417,,0,0,,,,,0.0,0.0,msa_v1_remapped
55,56,68,P,N,-2.8400702476501465,1.8079511418974337,,0,0,,,,,0.0,0.0,msa_v1_remapped
209,210,222,S,A,-2.840761184692383,-9.550015668557023,,0,0,,,,,0.0,0.0,msa_v1_remapped
147,148,160,T,V,-2.8414363861083984,-1.2035721182240875,90.0,139,139,T,1.0,0.0,-0.0,1.0,30.0,msa_v1_remapped
148,149,161,C,G,-2.8428869247436523,0.4268401065871785,91.0,139,139,C,1.0,0.0,-0.0,1.0,30.0,msa_v1_remapped
76,77,89,L,I,-2.8432459831237793,0.970160366688276,19.0,139,55,L,1.0,0.0,-0.0,1.0,24.0,msa_v1_remapped
190,191,203,W,A,-2.846369743347168,1.312409518399818,,0,0,,,,,0.0,0.0,msa_v1_remapped
10,11,23,P,A,-2.846482276916504,-4.142939007072357,,0,0,,,,,0.0,0.0,msa_v1_remapped
98,99,111,D,W,-2.847134828567505,2.509756326684567,41.0,139,55,D,0.9818181818181818,0.0,0.0303351945483401,0.9696648054516599,30.0,msa_v1_remapped
135,136,148,S,V,-2.8472580909729004,2.375225999796328,78.0,139,139,S,1.0,0.0,-0.0,1.0,30.0,msa_v1_remapped
187,188,200,P,A,-2.848755121231079,1.6430786281610494,,0,0,,,,,0.0,0.0,msa_v1_remapped
1,2,14,E,I,-2.8494184017181396,3.188911266847697,,0,0,,,,,0.0,0.0,msa_v1_remapped
2,3,15,N,I,-2.8504340648651123,3.4486793813513827,,0,0,,,,,0.0,0.0,msa_v1_remapped
164,165,177,W,A,-2.852600574493408,-1.342433113837444,107.0,139,139,W,0.9856115107913669,0.0,0.028468531888982383,0.9715314681110176,30.0,msa_v1_remapped
165,166,178,A,S,-2.853762626647949,1.948545712807288,108.0,139,139,A,0.9856115107913669,0.0,0.028468531888982383,0.9715314681110176,30.0,msa_v1_remapped
79,80,92,F,V,-2.854189395904541,1.4478878434737794,22.0,139,55,F,0.9818181818181818,0.0,0.0303351945483401,0.9696648054516599,30.0,msa_v1_remapped
32,33,45,D,I,-2.856287956237793,4.362946476389595,5.0,139,48,D,1.0,0.0,-0.0,1.0,30.0,msa_v1_remapped
30,31,43,S,A,-2.8576478958129883,0.6714961766096508,3.0,139,48,S,0.9791666666666666,0.0,0.033803026545712066,0.9661969734542879,30.0,msa_v1_remapped
75,76,88,C,G,-2.858349084854126,2.2529287877275124,18.0,139,55,C,0.9636363636363636,0.0,0.06055798933828685,0.9394420106617132,30.0,msa_v1_remapped
177,178,190,P,A,-2.8584723472595215,-6.381431428455073,,0,0,,,,,0.0,0.0,msa_v1_remapped
126,127,139,P,L,-2.859579801559448,4.265572742434983,69.0,139,139,P,0.7769784172661871,0.07194244604316546,0.25392331028139054,0.7460766897186095,16.0,msa_v1_remapped
57,58,70,S,C,-2.8600544929504395,0.3503799532612106,,0,0,,,,,0.0,0.0,msa_v1_remapped
33,34,46,S,T,-2.8600850105285645,0.7281437328853713,6.0,139,48,S,1.0,0.0,-0.0,1.0,24.0,msa_v1_remapped
216,217,229,P,S,-2.8610591888427734,-0.8985844215673069,,0,0,,,,,0.0,0.0,msa_v1_remapped
167,168,180,V,A,-2.8648533821105957,0.2705894830510829,110.0,139,139,V,0.5827338129496403,0.4172661870503597,0.22678737171099395,0.773212628289006,5.0,msa_v1_remapped
188,189,201,T,I,-2.8692917823791504,2.517887816732241,,0,0,,,,,0.0,0.0,msa_v1_remapped
196,197,209,M,F,-2.870370388031006,2.2810221437460427,,0,0,,,,,0.0,0.0,msa_v1_remapped
177,178,190,P,W,-2.8719587326049805,-4.083849058695989,,0,0,,,,,0.0,0.0,msa_v1_remapped
212,213,225,I,V,-2.873223781585694,2.369147983321909,,0,0,,,,,0.0,0.0,msa_v1_remapped
100,101,113,Q,W,-2.8748977184295654,3.197831962686223,43.0,139,105,Q,0.9619047619047619,0.0,0.054024431994585224,0.9459755680054148,30.0,msa_v1_remapped
55,56,68,P,L,-2.8763394355773926,4.2720978424473515,,0,0,,,,,0.0,0.0,msa_v1_remapped
76,77,89,L,T,-2.877896785736084,3.4418840542322187,19.0,139,55,L,1.0,0.0,-0.0,1.0,30.0,msa_v1_remapped
43,44,56,G,T,-2.880885124206543,4.843629039499319,,0,0,,,,,0.0,0.0,msa_v1_remapped
188,189,201,T,A,-2.8829474449157715,0.2696471823026058,,0,0,,,,,0.0,0.0,msa_v1_remapped
140,141,153,K,D,-2.8867475986480713,0.0243357529139984,83.0,139,139,K,1.0,0.0,-0.0,1.0,30.0,msa_v1_remapped
166,167,179,S,T,-2.887563705444336,1.482670254953291,109.0,139,139,S,1.0,0.0,-0.0,1.0,24.0,msa_v1_remapped
61,62,74,P,L,-2.8885958194732666,4.390851043124144,,0,0,,,,,0.0,0.0,msa_v1_remapped
103,104,116,L,I,-2.8908631801605225,4.553528563193709,46.0,139,128,L,1.0,0.0,-0.0,1.0,24.0,msa_v1_remapped
63,64,76,S,I,-2.893488645553589,1.2875707534046796,,0,0,,,,,0.0,0.0,msa_v1_remapped
149,150,162,I,V,-2.894380569458008,0.9461894924028228,92.0,139,139,I,0.9928057553956835,0.0,0.0142429670997965,0.9857570329002034,24.0,msa_v1_remapped
219,220,232,F,S,-2.8951220512390137,4.009850950508337,,0,0,,,,,0.0,0.0,msa_v1_remapped
206,207,219,S,A,-2.89615249633789,0.1610684160843902,,0,0,,,,,0.0,0.0,msa_v1_remapped
35,36,48,W,T,-2.901571989059448,2.6955171079108595,8.0,139,48,W,1.0,0.0,-0.0,1.0,30.0,msa_v1_remapped
170,171,183,S,V,-2.9030003547668457,2.7135365094642907,,0,0,,,,,0.0,0.0,msa_v1_remapped
210,211,223,P,W,-2.9036717414855957,3.3074579664254884,,0,0,,,,,0.0,0.0,msa_v1_remapped
30,31,43,S,R,-2.906663656234741,0.782001765005532,3.0,139,48,S,0.9791666666666666,0.0,0.033803026545712066,0.9661969734542879,30.0,msa_v1_remapped
98,99,111,D,G,-2.908155679702759,2.811525722135684,41.0,139,55,D,0.9818181818181818,0.0,0.0303351945483401,0.9696648054516599,30.0,msa_v1_remapped
79,80,92,F,G,-2.908167839050293,2.4044126246228643,22.0,139,55,F,0.9818181818181818,0.0,0.0303351945483401,0.9696648054516599,30.0,msa_v1_remapped
97,98,110,L,W,-2.909048557281494,4.8599708996173945,40.0,139,55,L,1.0,0.0,-0.0,1.0,30.0,msa_v1_remapped
41,42,54,L,F,-2.911032199859619,2.5466840067273324,,0,0,,,,,0.0,0.0,msa_v1_remapped
62,63,75,T,G,-2.914047956466675,1.9497976381277908,,0,0,,,,,0.0,0.0,msa_v1_remapped
189,190,202,V,I,-2.9180660247802734,1.29562442530073,,0,0,,,,,0.0,0.0,msa_v1_remapped
94,95,107,L,I,-2.92321252822876,2.358314168577749,37.0,139,55,L,0.9818181818181818,0.0,0.0303351945483401,0.9696648054516599,24.0,msa_v1_remapped
73,74,86,W,T,-2.923222780227661,4.479372296034285,16.0,139,48,W,0.9583333333333334,0.0,0.06745807729766277,0.9325419227023373,30.0,msa_v1_remapped
205,206,218,Y,W,-2.9243927001953125,-0.4845684212918399,,0,0,,,,,0.0,0.0,msa_v1_remapped
135,136,148,S,A,-2.9244914054870605,0.5323359962046652,78.0,139,139,S,1.0,0.0,-0.0,1.0,30.0,msa_v1_remapped
32,33,45,D,W,-2.9247021675109863,2.044204973809144,5.0,139,48,D,1.0,0.0,-0.0,1.0,30.0,msa_v1_remapped
165,166,178,A,G,-2.924973249435425,4.50535145557609,108.0,139,139,A,0.9856115107913669,0.007194244604316547,0.028468531888982383,0.9715314681110176,27.0,msa_v1_remapped
5,6,18,S,A,-2.9260740280151367,1.049313241272955,,0,0,,,,,0.0,0.0,msa_v1_remapped
172,173,185,L,T,-2.927258014678955,3.4054734112495453,,0,0,,,,,0.0,0.0,msa_v1_remapped
31,32,44,L,R,-2.92745304107666,0.849006062039166,4.0,139,48,L,1.0,0.0,-0.0,1.0,30.0,msa_v1_remapped
203,204,216,S,T,-2.928367376327514,1.490704041223978,,0,0,,,,,0.0,0.0,msa_v1_remapped
35,36,48,W,A,-2.928795337677002,-0.1674154149073956,8.0,139,48,W,1.0,0.0,-0.0,1.0,30.0,msa_v1_remapped
56,57,69,T,A,-2.929856300354004,-1.4776508947108482,,0,0,,,,,0.0,0.0,msa_v1_remapped
159,160,172,K,T,-2.92986798286438,0.7736000702678894,102.0,139,139,K,0.935251798561151,0.0,0.08005963896081332,0.9199403610391866,30.0,msa_v1_remapped
6,7,19,G,T,-2.9302444458007812,-1.3146532446847914,,0,0,,,,,0.0,0.0,msa_v1_remapped
53,54,66,Q,L,-2.9326868057250977,1.0291272640340594,,0,0,,,,,0.0,0.0,msa_v1_remapped
19,20,32,F,Y,-2.933224678039551,0.1335672101520231,,0,0,,,,,0.0,0.0,msa_v1_remapped
72,73,85,R,G,-2.9335644245147705,1.730756948413671,15.0,139,48,R,1.0,0.0,-0.0,1.0,30.0,msa_v1_remapped
47,48,60,C,N,-2.935080051422119,2.766778821819912,,0,0,,,,,0.0,0.0,msa_v1_remapped
125,126,138,T,A,-2.9376096725463867,2.58390221339613,68.0,139,139,T,0.9424460431654677,0.0,0.09221754866674471,0.9077824513332553,30.0,msa_v1_remapped
211,212,224,F,Y,-2.9403867721557617,-0.5404878520022294,,0,0,,,,,0.0,0.0,msa_v1_remapped
75,76,88,C,A,-2.9413249492645264,-0.1426058488020771,18.0,139,55,C,0.9636363636363636,0.01818181818181818,0.06055798933828685,0.9394420106617132,27.0,msa_v1_remapped
146,147,159,C,A,-2.9415030479431152,0.2774916351957586,89.0,139,139,C,0.9928057553956835,0.0,0.0142429670997965,0.9857570329002034,30.0,msa_v1_remapped
177,178,190,P,T,-2.9462332725524902,-5.801488295500349,,0,0,,,,,0.0,0.0,msa_v1_remapped
53,54,66,Q,N,-2.9472217559814453,2.192112108420588,,0,0,,,,,0.0,0.0,msa_v1_remapped
4,5,17,T,G,-2.947417736053467,3.60976701702009,,0,0,,,,,0.0,0.0,msa_v1_remapped
92,93,105,F,A,-2.9476587772369385,-0.8378810701146904,35.0,139,55,F,1.0,0.0,-0.0,1.0,30.0,msa_v1_remapped
32,33,45,D,V,-2.9489150047302246,3.415631032777128,5.0,139,48,D,1.0,0.0,-0.0,1.0,30.0,msa_v1_remapped
100,101,113,Q,Y,-2.9501285552978516,2.6735538648795227,43.0,139,105,Q,0.9619047619047619,0.0,0.054024431994585224,0.9459755680054148,30.0,msa_v1_remapped
59,60,72,H,L,-2.951270818710327,0.0218943969060205,,0,0,,,,,0.0,0.0,msa_v1_remapped
31,32,44,L,G,-2.95153284072876,4.291061734408345,4.0,139,48,L,1.0,0.0,-0.0,1.0,30.0,msa_v1_remapped
109,110,122,I,A,-2.9519033432006836,4.789236475669497,52.0,139,139,I,0.8705035971223022,0.0,0.13793385642781944,0.8620661435721806,16.0,msa_v1_remapped
164,165,177,W,E,-2.9543511867523193,-1.0971494434702436,107.0,139,139,W,0.9856115107913669,0.0,0.028468531888982383,0.9715314681110176,30.0,msa_v1_remapped
182,183,195,F,S,-2.954404830932617,1.1111422341177786,,0,0,,,,,0.0,0.0,msa_v1_remapped
34,35,47,W,T,-2.955324172973633,-0.7716815179551304,7.0,139,48,W,1.0,0.0,-0.0,1.0,30.0,msa_v1_remapped
183,184,196,V,T,-2.9563732147216797,2.746398522940354,,0,0,,,,,0.0,0.0,msa_v1_remapped
143,144,156,D,L,-2.957939624786377,4.714365286631562,86.0,139,139,D,0.9568345323741008,0.0,0.06586889073397864,0.9341311092660214,30.0,msa_v1_remapped
202,203,215,P,G,-2.9585680961608887,-1.8031688317748265,,0,0,,,,,0.0,0.0,msa_v1_remapped
164,165,177,W,G,-2.959531545639038,3.324487879634546,107.0,139,139,W,0.9856115107913669,0.0,0.028468531888982383,0.9715314681110176,30.0,msa_v1_remapped
166,167,179,S,R,-2.961732864379883,2.1274980644365087,109.0,139,139,S,1.0,0.0,-0.0,1.0,30.0,msa_v1_remapped
59,60,72,H,N,-2.963777780532837,2.570614927633983,,0,0,,,,,0.0,0.0,msa_v1_remapped
79,80,92,F,T,-2.9659361839294434,-0.9813725604591924,22.0,139,55,F,0.9818181818181818,0.0,0.0303351945483401,0.9696648054516599,30.0,msa_v1_remapped
63,64,76,S,V,-2.9674220085144043,0.9961560240823246,,0,0,,,,,0.0,0.0,msa_v1_remapped
169,170,182,F,I,-2.967668056488037,1.7958011216957177,112.0,139,139,F,1.0,0.0,-0.0,1.0,30.0,msa_v1_remapped
202,203,215,P,Y,-2.9677605628967285,-2.008384304128981,,0,0,,,,,0.0,0.0,msa_v1_remapped
166,167,179,S,Q,-2.9691286087036133,3.1609858478813635,109.0,139,139,S,1.0,0.0,-0.0,1.0,24.0,msa_v1_remapped
78,79,91,R,C,-2.9714231491088867,3.870544607050533,21.0,139,55,R,1.0,0.0,-0.0,1.0,30.0,msa_v1_remapped
3,4,16,I,V,-2.972055673599243,0.1123074082771609,,0,0,,,,,0.0,0.0,msa_v1_remapped
167,168,180,V,Q,-2.9743757247924805,1.7342270605996075,110.0,139,139,V,0.5827338129496403,0.0,0.22678737171099395,0.773212628289006,17.0,msa_v1_remapped
75,76,88,C,I,-2.977094888687134,2.8840289889798214,18.0,139,55,C,0.9636363636363636,0.0,0.06055798933828685,0.9394420106617132,30.0,msa_v1_remapped
176,177,189,V,A,-2.9777989387512207,-7.214998386254422,,0,0,,,,,0.0,0.0,msa_v1_remapped
75,76,88,C,W,-2.978302240371704,1.477160286709818,18.0,139,55,C,0.9636363636363636,0.0,0.06055798933828685,0.9394420106617132,30.0,msa_v1_remapped
116,117,129,S,G,-2.978362560272217,3.4917159322680504,59.0,139,139,S,0.9856115107913669,0.007194244604316547,0.028468531888982383,0.9715314681110176,27.0,msa_v1_remapped
119,120,132,P,A,-2.9785351753234863,2.410433355242162,62.0,139,139,P,0.9568345323741008,0.0,0.06854828452394135,0.9314517154760587,30.0,msa_v1_remapped
54,55,67,S,A,-2.978684425354004,4.102716768904315,,0,0,,,,,0.0,0.0,msa_v1_remapped
164,165,177,W,R,-2.98005747795105,2.02695301022203,107.0,139,139,W,0.9856115107913669,0.0,0.028468531888982383,0.9715314681110176,30.0,msa_v1_remapped
170,171,183,S,A,-2.980739116668701,1.7435802669278928,,0,0,,,,,0.0,0.0,msa_v1_remapped
184,185,197,G,A,-2.9808926582336426,-0.5903839199668823,,0,0,,,,,0.0,0.0,msa_v1_remapped
184,185,197,G,I,-2.9822068214416504,4.94737228052503,,0,0,,,,,0.0,0.0,msa_v1_remapped
184,185,197,G,T,-2.98250675201416,1.8680696637477467,,0,0,,,,,0.0,0.0,msa_v1_remapped
137,138,150,C,V,-2.982994556427002,-0.7490979260750805,80.0,139,139,C,1.0,0.0,-0.0,1.0,30.0,msa_v1_remapped
192,193,205,S,T,-2.9850192070007324,4.538844267560421,,0,0,,,,,0.0,0.0,msa_v1_remapped
206,207,219,S,T,-2.98531723022461,0.5939266524492837,,0,0,,,,,0.0,0.0,msa_v1_remapped
120,121,133,C,L,-2.986502170562744,0.4578526367955646,63.0,139,139,C,1.0,0.0,-0.0,1.0,30.0,msa_v1_remapped
32,33,45,D,T,-2.987304210662842,3.870971062318347,5.0,139,48,D,1.0,0.0,-0.0,1.0,30.0,msa_v1_remapped
25,26,38,L,T,-2.9873132705688477,4.555641123357191,,0,0,,,,,0.0,0.0,msa_v1_remapped
133,134,146,F,N,-2.9904866218566895,1.1027896851236392,76.0,139,139,F,0.6258992805755396,0.0,0.30300033404214555,0.6969996659578545,17.0,msa_v1_remapped
24,25,37,I,A,-2.991421699523926,0.8586340654167088,,0,0,,,,,0.0,0.0,msa_v1_remapped
31,32,44,L,V,-2.992112159729004,0.927027053423501,4.0,139,48,L,1.0,0.0,-0.0,1.0,24.0,msa_v1_remapped
206,207,219,S,V,-2.995579957962036,1.9801861946644976,,0,0,,,,,0.0,0.0,msa_v1_remapped
36,37,49,T,K,-2.9972004890441895,1.338824690411741,9.0,139,48,T,1.0,0.0,-0.0,1.0,30.0,msa_v1_remapped
171,172,184,W,A,-2.9992754459381104,-0.2234044460083737,,0,0,,,,,0.0,0.0,msa_v1_remapped
127,128,140,A,L,-3.0000762939453125,0.6454675366381366,70.0,139,139,A,0.9568345323741008,0.0,0.07187746744710335,0.9281225325528967,24.0,msa_v1_remapped
20,21,33,L,A,-3.0013270378112793,-0.0792030659945908,,0,0,,,,,0.0,0.0,msa_v1_remapped
153,154,166,S,A,-3.0019705295562744,2.701452444717404,96.0,139,139,S,1.0,0.0,-0.0,1.0,30.0,msa_v1_remapped
127,128,140,A,V,-3.0021235942840576,4.424033962697877,70.0,139,139,A,0.9568345323741008,0.02877697841726619,0.07187746744710335,0.9281225325528967,21.0,msa_v1_remapped
120,121,133,C,V,-3.002763271331787,1.295746455745757,63.0,139,139,C,1.0,0.0,-0.0,1.0,30.0,msa_v1_remapped
28,29,41,P,V,-3.004061460494995,-6.149427705262042,1.0,139,48,P,1.0,0.0,-0.0,1.0,30.0,msa_v1_remapped
53,54,66,Q,G,-3.007119655609131,1.4794009596523097,,0,0,,,,,0.0,0.0,msa_v1_remapped
19,20,32,F,W,-3.0082921981811523,1.0536660646229166,,0,0,,,,,0.0,0.0,msa_v1_remapped
39,40,52,N,C,-3.009631395339966,3.91234560247176,12.0,139,48,N,0.9791666666666666,0.0,0.033803026545712066,0.9661969734542879,30.0,msa_v1_remapped
136,137,149,C,A,-3.010565996170044,-0.1384562342148001,79.0,139,139,C,0.9928057553956835,0.0,0.0142429670997965,0.9857570329002034,30.0,msa_v1_remapped
171,172,184,W,G,-3.0122036933898926,3.6786063446751314,,0,0,,,,,0.0,0.0,msa_v1_remapped
125,126,138,T,V,-3.0137643814086914,2.639411408204296,68.0,139,139,T,0.9424460431654677,0.0,0.09221754866674471,0.9077824513332553,30.0,msa_v1_remapped
45,46,58,P,T,-3.0165982246398926,3.763555601778478,,0,0,,,,,0.0,0.0,msa_v1_remapped
163,164,176,E,F,-3.017244338989258,4.011356200105411,106.0,139,138,E,0.9347826086956522,0.0,0.1054924005299425,0.8945075994700575,30.0,msa_v1_remapped
191,192,204,L,N,-3.0174427032470703,2.900624000558196,,0,0,,,,,0.0,0.0,msa_v1_remapped
206,207,219,S,Y,-3.017611026763916,3.3007064080954933,,0,0,,,,,0.0,0.0,msa_v1_remapped
186,187,199,S,A,-3.0178990364074707,0.5943380569477199,,0,0,,,,,0.0,0.0,msa_v1_remapped
195,196,208,W,T,-3.0182135105133057,1.0720281199407395,,0,0,,,,,0.0,0.0,msa_v1_remapped
45,46,58,P,F,-3.01901912689209,3.905583672046987,,0,0,,,,,0.0,0.0,msa_v1_remapped
60,61,73,S,Q,-3.019165515899658,1.5497936123014142,,0,0,,,,,0.0,0.0,msa_v1_remapped
132,133,145,M,L,-3.0216143131256104,-0.0453823181778716,75.0,139,139,M,0.8992805755395683,0.03597122302158273,0.14573273292746614,0.8542672670725339,13.0,msa_v1_remapped
37,38,50,S,T,-3.0254435539245605,2.41381641165151,10.0,139,48,S,1.0,0.0,-0.0,1.0,24.0,msa_v1_remapped
105,106,118,V,F,-3.025866746902466,0.9500382252275016,48.0,139,137,V,1.0,0.0,-0.0,1.0,30.0,msa_v1_remapped
24,25,37,I,T,-3.026304006576538,0.7507415437536338,,0,0,,,,,0.0,0.0,msa_v1_remapped
110,111,123,P,Q,-3.02637243270874,4.167203868594868,53.0,139,139,P,0.9928057553956835,0.007194244604316547,0.0142429670997965,0.9857570329002034,27.0,msa_v1_remapped
166,167,179,S,A,-3.026456832885742,1.6279449702107058,109.0,139,139,S,1.0,0.0,-0.0,1.0,30.0,msa_v1_remapped
37,38,50,S,V,-3.0267529487609863,1.6084311026648948,10.0,139,48,S,1.0,0.0,-0.0,1.0,30.0,msa_v1_remapped
6,7,19,G,A,-3.0267984867095947,-1.185817896299568,,0,0,,,,,0.0,0.0,msa_v1_remapped
31,32,44,L,I,-3.028444766998291,0.4794372258816679,4.0,139,48,L,1.0,0.0,-0.0,1.0,24.0,msa_v1_remapped
206,207,219,S,G,-3.0284905433654785,2.651317398379433,,0,0,,,,,0.0,0.0,msa_v1_remapped
84,85,97,F,G,-3.0286319255828857,0.8336680549172115,27.0,139,55,F,1.0,0.0,-0.0,1.0,30.0,msa_v1_remapped
128,129,141,Q,N,-3.0304222106933594,3.204199384834965,71.0,139,139,Q,0.9496402877697842,0.0,0.08350091871401953,0.9164990812859805,24.0,msa_v1_remapped
81,82,94,I,R,-3.031381607055664,3.13639939673169,24.0,139,55,I,0.9818181818181818,0.0,0.0303351945483401,0.9696648054516599,30.0,msa_v1_remapped
207,208,220,I,A,-3.0324625968933105,0.1385633221363491,,0,0,,,,,0.0,0.0,msa_v1_remapped
45,46,58,P,C,-3.0326454639434814,2.9647030353551713,,0,0,,,,,0.0,0.0,msa_v1_remapped
27,28,40,I,R,-3.033209800720215,1.8768301718567384,0.0,139,48,I,0.9583333333333334,0.0,0.05781731841600614,0.9421826815839939,30.0,msa_v1_remapped
210,211,223,P,A,-3.0332584381103516,-3.316422488197759,,0,0,,,,,0.0,0.0,msa_v1_remapped
35,36,48,W,R,-3.033975601196289,0.0213698831888677,8.0,139,48,W,1.0,0.0,-0.0,1.0,30.0,msa_v1_remapped
102,103,115,M,W,-3.03541898727417,0.9694291824037008,45.0,139,124,M,0.9838709677419355,0.0,0.02756085340627416,0.9724391465937259,30.0,msa_v1_remapped
161,162,174,L,T,-3.0357069969177246,3.544248538236843,104.0,139,139,L,1.0,0.0,-0.0,1.0,30.0,msa_v1_remapped
197,198,210,M,T,-3.0381572246551514,3.4552918866241953,,0,0,,,,,0.0,0.0,msa_v1_remapped
74,75,87,M,A,-3.0383100509643555,4.98404153139478,17.0,139,55,M,1.0,0.0,-0.0,1.0,24.0,msa_v1_remapped
30,31,43,S,W,-3.039381265640259,1.3602077883650736,3.0,139,48,S,0.9791666666666666,0.0,0.033803026545712066,0.9661969734542879,30.0,msa_v1_remapped
187,188,200,P,T,-3.039881706237793,4.652518591809326,,0,0,,,,,0.0,0.0,msa_v1_remapped
26,27,39,T,N,-3.040154457092285,0.9450405102421088,,0,0,,,,,0.0,0.0,msa_v1_remapped
87,88,100,L,A,-3.0411477088928223,1.155942957133561,30.0,139,55,L,1.0,0.0,-0.0,1.0,24.0,msa_v1_remapped
124,125,137,T,Q,-3.041184425354004,-1.0849918111317152,67.0,139,139,T,0.9856115107913669,0.0,0.02513934896582038,0.9748606510341796,24.0,msa_v1_remapped
204,205,217,L,A,-3.0412325859069824,1.340971430172374,,0,0,,,,,0.0,0.0,msa_v1_remapped
36,37,49,T,D,-3.0444722175598145,3.0072970762859086,9.0,139,48,T,1.0,0.0,-0.0,1.0,30.0,msa_v1_remapped
78,79,91,R,G,-3.044483184814453,2.3063777595264696,21.0,139,55,R,1.0,0.0,-0.0,1.0,30.0,msa_v1_remapped
47,48,60,C,A,-3.0457916259765625,2.318867022273423,,0,0,,,,,0.0,0.0,msa_v1_remapped
174,175,187,L,T,-3.0459206104278564,2.0933634903032043,,0,0,,,,,0.0,0.0,msa_v1_remapped
218,219,231,F,S,-3.04593563079834,2.5696253126405395,,0,0,,,,,0.0,0.0,msa_v1_remapped
180,181,193,Q,I,-3.0459561347961426,2.8479142143337413,,0,0,,,,,0.0,0.0,msa_v1_remapped
122,123,135,T,A,-3.046203136444092,0.9323364859220646,65.0,139,139,T,0.9856115107913669,0.007194244604316547,0.028468531888982383,0.9715314681110176,27.0,msa_v1_remapped
181,182,194,W,T,-3.0467305183410645,0.378855211102632,,0,0,,,,,0.0,0.0,msa_v1_remapped
20,21,33,L,G,-3.04951548576355,3.421890118329543,,0,0,,,,,0.0,0.0,msa_v1_remapped
176,177,189,V,T,-3.049908399581909,1.8998341862916843,,0,0,,,,,0.0,0.0,msa_v1_remapped
163,164,176,E,N,-3.053455114364624,3.5198226567798656,106.0,139,138,E,0.9347826086956522,0.0,0.1054924005299425,0.8945075994700575,30.0,msa_v1_remapped
112,113,125,S,A,-3.0545902252197266,0.8058226691160257,55.0,139,139,S,0.9280575539568345,0.0,0.09414125000408767,0.9058587499959123,30.0,msa_v1_remapped
152,153,165,P,D,-3.0546669960021973,4.029060393437078,95.0,139,139,P,1.0,0.0,-0.0,1.0,30.0,msa_v1_remapped
210,211,223,P,T,-3.0551602840423584,-0.9850551983927858,,0,0,,,,,0.0,0.0,msa_v1_remapped
222,223,235,W,G,-3.0553832054138184,4.785294208881396,,0,0,,,,,0.0,0.0,msa_v1_remapped
7,8,20,F,T,-3.0556907653808594,3.397894146431554,,0,0,,,,,0.0,0.0,msa_v1_remapped
138,139,151,C,A,-3.057215690612793,0.4268401065871785,81.0,139,139,C,0.9928057553956835,0.0,0.0142429670997965,0.9857570329002034,30.0,msa_v1_remapped
147,148,160,T,I,-3.058190107345581,-0.903348763557574,90.0,139,139,T,1.0,0.0,-0.0,1.0,30.0,msa_v1_remapped
174,175,187,L,A,-3.058929443359375,0.6351090922149751,,0,0,,,,,0.0,0.0,msa_v1_remapped
194,195,207,I,T,-3.059206485748291,-4.253724435367872,,0,0,,,,,0.0,0.0,msa_v1_remapped
169,170,182,F,T,-3.0592501163482666,4.774563542317253,112.0,139,139,F,1.0,0.0,-0.0,1.0,30.0,msa_v1_remapped
60,61,73,S,N,-3.06326675415039,3.024894513359868,,0,0,,,,,0.0,0.0,msa_v1_remapped
99,100,112,Y,A,-3.0632777214050293,2.1247682608548644,42.0,139,55,Y,0.9636363636363636,0.0,0.06055798933828685,0.9394420106617132,30.0,msa_v1_remapped
84,85,97,F,A,-3.0634827613830566,-1.383972532814198,27.0,139,55,F,1.0,0.0,-0.0,1.0,30.0,msa_v1_remapped
225,226,238,I,C,-3.064183473587036,1.7671816374096352,,0,0,,,,,0.0,0.0,msa_v1_remapped
29,30,42,Q,I,-3.0661206245422363,2.250173794659986,2.0,139,48,Q,0.9166666666666666,0.0,0.09574820339865432,0.9042517966013457,30.0,msa_v1_remapped
98,99,111,D,Y,-3.0679826736450195,3.050213435790795,41.0,139,55,D,0.9818181818181818,0.0,0.0303351945483401,0.9696648054516599,30.0,msa_v1_remapped
25,26,38,L,I,-3.0680012702941895,3.5530731706473944,,0,0,,,,,0.0,0.0,msa_v1_remapped
116,117,129,S,A,-3.0681519508361816,2.3564380627350374,59.0,139,139,S,0.9856115107913669,0.0,0.028468531888982383,0.9715314681110176,30.0,msa_v1_remapped
67,68,80,I,R,-3.0687663555145264,2.5090543886200294,,0,0,,,,,0.0,0.0,msa_v1_remapped
210,211,223,P,G,-3.0703024864196777,0.3363198735955279,,0,0,,,,,0.0,0.0,msa_v1_remapped
33,34,46,S,G,-3.0716686248779297,1.901801405844651,6.0,139,48,S,1.0,0.0,-0.0,1.0,30.0,msa_v1_remapped
23,24,36,R,G,-3.0738372802734375,2.284804498500989,,0,0,,,,,0.0,0.0,msa_v1_remapped
202,203,215,P,A,-3.075972080230713,3.6900018254268616,,0,0,,,,,0.0,0.0,msa_v1_remapped
173,174,186,S,I,-3.0762882232666016,2.310093658944026,,0,0,,,,,0.0,0.0,msa_v1_remapped
31,32,44,L,Q,-3.077439785003662,0.4710007491383976,4.0,139,48,L,1.0,0.0,-0.0,1.0,30.0,msa_v1_remapped
137,138,150,C,L,-3.078794002532959,0.2490123020047576,80.0,139,139,C,1.0,0.0,-0.0,1.0,30.0,msa_v1_remapped
90,91,103,L,A,-3.0804595947265625,1.4326372480549026,33.0,139,55,L,1.0,0.0,-0.0,1.0,24.0,msa_v1_remapped
213,214,226,P,Y,-3.0813028812408447,4.555156195979862,,0,0,,,,,0.0,0.0,msa_v1_remapped
27,28,40,I,A,-3.0824480056762695,0.2413769514784576,0.0,139,48,I,0.9583333333333334,0.0,0.05781731841600614,0.9421826815839939,24.0,msa_v1_remapped
19,20,32,F,G,-3.0825185775756836,1.5032502141313555,,0,0,,,,,0.0,0.0,msa_v1_remapped
184,185,197,G,C,-3.0827670097351074,1.5240535483437725,,0,0,,,,,0.0,0.0,msa_v1_remapped
198,199,211,W,T,-3.0837903022766113,1.8683764326282244,,0,0,,,,,0.0,0.0,msa_v1_remapped
124,125,137,T,G,-3.084932327270508,4.559525305950729,67.0,139,139,T,0.9856115107913669,0.0,0.02513934896582038,0.9748606510341796,30.0,msa_v1_remapped
161,162,174,L,G,-3.0858373641967773,4.4072020356538815,104.0,139,139,L,1.0,0.0,-0.0,1.0,30.0,msa_v1_remapped
29,30,42,Q,R,-3.087117910385132,4.777534736450093,2.0,139,48,Q,0.9166666666666666,0.0,0.09574820339865432,0.9042517966013457,30.0,msa_v1_remapped
225,226,238,I,Y,-3.0876123905181885,3.3295782945406245,,0,0,,,,,0.0,0.0,msa_v1_remapped
34,35,47,W,A,-3.0876407623291016,-0.4921521330526275,7.0,139,48,W,1.0,0.0,-0.0,1.0,30.0,msa_v1_remapped
44,45,57,S,T,-3.090045928955078,1.7440966985836894,,0,0,,,,,0.0,0.0,msa_v1_remapped
131,132,144,S,A,-3.0912349224090576,1.4317095593399929,74.0,139,139,S,1.0,0.0,-0.0,1.0,30.0,msa_v1_remapped
160,161,173,Y,V,-3.0941805839538574,0.9162296205490748,103.0,139,139,F,0.4676258992805755,0.0,0.23067800643216174,0.7693219935678383,12.0,msa_v1_remapped
3,4,16,I,W,-3.0944766998291016,4.725399666997305,,0,0,,,,,0.0,0.0,msa_v1_remapped
32,33,45,D,G,-3.095226764678955,4.25000886425272,5.0,139,48,D,1.0,0.0,-0.0,1.0,30.0,msa_v1_remapped
33,34,46,S,N,-3.097248077392578,0.6910178279608772,6.0,139,48,S,1.0,0.0,-0.0,1.0,24.0,msa_v1_remapped
204,205,217,L,T,-3.0983800888061523,3.9540592080898023,,0,0,,,,,0.0,0.0,msa_v1_remapped
216,217,229,P,G,-3.0984621047973633,2.8441040039637073,,0,0,,,,,0.0,0.0,msa_v1_remapped
80,81,93,I,V,-3.0991744995117188,3.2681139176128795,23.0,139,55,I,1.0,0.0,-0.0,1.0,24.0,msa_v1_remapped
160,161,173,Y,Q,-3.099648714065552,0.6987904137239411,103.0,139,139,F,0.4676258992805755,0.0,0.23067800643216174,0.7693219935678383,12.0,msa_v1_remapped
28,29,41,P,R,-3.102583408355713,-6.69605286316073,1.0,139,48,P,1.0,0.0,-0.0,1.0,30.0,msa_v1_remapped
199,200,212,Y,W,-3.103452682495117,-5.0154028375333155,,0,0,,,,,0.0,0.0,msa_v1_remapped
177,178,190,P,I,-3.1041276454925537,-3.841360574680607,,0,0,,,,,0.0,0.0,msa_v1_remapped
56,57,69,T,Q,-3.104471206665039,1.9984433614883417,,0,0,,,,,0.0,0.0,msa_v1_remapped
27,28,40,I,V,-3.104893684387207,2.160233272806522,0.0,139,48,I,0.9583333333333334,0.0,0.05781731841600614,0.9421826815839939,24.0,msa_v1_remapped
6,7,19,G,Y,-3.108241081237793,0.8224722465869263,,0,0,,,,,0.0,0.0,msa_v1_remapped
72,73,85,R,T,-3.1084609031677246,0.4833043154897041,15.0,139,48,R,1.0,0.0,-0.0,1.0,30.0,msa_v1_remapped
17,18,30,G,T,-3.10879898071289,4.361256891789537,,0,0,,,,,0.0,0.0,msa_v1_remapped
160,161,173,Y,E,-3.1107003688812256,1.5111567302252524,103.0,139,139,F,0.4676258992805755,0.0,0.23067800643216174,0.7693219935678383,12.0,msa_v1_remapped
19,20,32,F,A,-3.1134748458862305,2.0379350015280124,,0,0,,,,,0.0,0.0,msa_v1_remapped
39,40,52,N,R,-3.113615036010742,3.951352305722594,12.0,139,48,N,0.9791666666666666,0.0,0.033803026545712066,0.9661969734542879,30.0,msa_v1_remapped
119,120,132,P,D,-3.115144729614258,0.4482125703398765,62.0,139,139,P,0.9568345323741008,0.0,0.06854828452394135,0.9314517154760587,30.0,msa_v1_remapped
145,146,158,N,A,-3.1165263652801514,2.6487287497814123,88.0,139,139,N,1.0,0.0,-0.0,1.0,30.0,msa_v1_remapped
150,151,163,P,A,-3.121356248855591,4.085863267135494,93.0,139,138,P,1.0,0.0,-0.0,1.0,30.0,msa_v1_remapped
84,85,97,F,T,-3.124078273773194,-1.5887938644426072,27.0,139,55,F,1.0,0.0,-0.0,1.0,30.0,msa_v1_remapped
6,7,19,G,W,-3.1256017684936523,3.1718728025409746,,0,0,,,,,0.0,0.0,msa_v1_remapped
27,28,40,I,N,-3.125699996948242,2.0036591195972733,0.0,139,48,I,0.9583333333333334,0.0,0.05781731841600614,0.9421826815839939,30.0,msa_v1_remapped
126,127,139,P,Q,-3.1268486976623535,3.483959128473032,69.0,139,139,P,0.7769784172661871,0.0,0.25392331028139054,0.7460766897186095,22.0,msa_v1_remapped
210,211,223,P,Y,-3.1313509941101074,2.0954816656197863,,0,0,,,,,0.0,0.0,msa_v1_remapped
90,91,103,L,T,-3.1324498653411865,2.572188044282825,33.0,139,55,L,1.0,0.0,-0.0,1.0,30.0,msa_v1_remapped
54,55,67,S,Q,-3.132941722869873,0.2866335721483324,,0,0,,,,,0.0,0.0,msa_v1_remapped
106,107,119,C,N,-3.13327693939209,-1.4947028036247616,49.0,139,137,C,1.0,0.0,-0.0,1.0,30.0,msa_v1_remapped
225,226,238,I,R,-3.13360595703125,1.1680857354455156,,0,0,,,,,0.0,0.0,msa_v1_remapped
34,35,47,W,C,-3.1337738037109375,2.155744235886573,7.0,139,48,W,1.0,0.0,-0.0,1.0,30.0,msa_v1_remapped
78,79,91,R,Y,-3.133955717086792,2.1702945155102498,21.0,139,55,R,1.0,0.0,-0.0,1.0,30.0,msa_v1_remapped
125,126,138,T,D,-3.1373157501220703,2.0540486067218353,68.0,139,139,T,0.9424460431654677,0.0,0.09221754866674471,0.9077824513332553,30.0,msa_v1_remapped
15,16,28,Q,T,-3.138561725616455,0.5636674129218591,,0,0,,,,,0.0,0.0,msa_v1_remapped
45,46,58,P,Q,-3.1424100399017334,3.0881474150590407,,0,0,,,,,0.0,0.0,msa_v1_remapped
198,199,211,W,Y,-3.1425628662109375,4.0907347612712215,,0,0,,,,,0.0,0.0,msa_v1_remapped
153,154,166,S,N,-3.143260955810547,0.3666243720360285,96.0,139,139,S,1.0,0.0,-0.0,1.0,24.0,msa_v1_remapped
79,80,92,F,C,-3.143268585205078,0.960482572824958,22.0,139,55,F,0.9818181818181818,0.0,0.0303351945483401,0.9696648054516599,30.0,msa_v1_remapped
10,11,23,P,T,-3.1442980766296387,-3.6340197294637737,,0,0,,,,,0.0,0.0,msa_v1_remapped
203,204,216,S,Y,-3.1460351943969727,-0.9532203735727194,,0,0,,,,,0.0,0.0,msa_v1_remapped
88,89,101,L,T,-3.1470794677734375,0.4882124507817025,31.0,139,55,L,0.9818181818181818,0.0,0.0303351945483401,0.9696648054516599,30.0,msa_v1_remapped
136,137,149,C,Q,-3.1508421897888184,-2.384653444898561,79.0,139,139,C,0.9928057553956835,0.0,0.0142429670997965,0.9857570329002034,30.0,msa_v1_remapped
173,174,186,S,T,-3.1510796546936035,3.3086455965506048,,0,0,,,,,0.0,0.0,msa_v1_remapped
87,88,100,L,C,-3.1516854763031006,3.1828006621286704,30.0,139,55,L,1.0,0.0,-0.0,1.0,30.0,msa_v1_remapped
117,118,130,T,Q,-3.1517043113708496,0.9275112142615852,60.0,139,139,T,0.935251798561151,0.0,0.10030905623943821,0.8996909437605618,24.0,msa_v1_remapped
103,104,116,L,N,-3.1527657508850098,3.917586135920942,46.0,139,128,L,1.0,0.0,-0.0,1.0,30.0,msa_v1_remapped
213,214,226,P,W,-3.152793884277344,-0.0106914032077725,,0,0,,,,,0.0,0.0,msa_v1_remapped
167,168,180,V,F,-3.153092384338379,2.01053843002029,110.0,139,139,V,0.5827338129496403,0.0,0.22678737171099395,0.773212628289006,17.0,msa_v1_remapped
216,217,229,P,W,-3.153294086456299,-0.8908178650516447,,0,0,,,,,0.0,0.0,msa_v1_remapped
143,144,156,D,N,-3.154716968536377,0.0392374960468941,86.0,139,139,D,0.9568345323741008,0.0,0.06586889073397864,0.9341311092660214,30.0,msa_v1_remapped
180,181,193,Q,T,-3.1571292877197266,2.7345501810188466,,0,0,,,,,0.0,0.0,msa_v1_remapped
134,135,147,P,Q,-3.1579489707946777,4.315865921410932,77.0,139,139,P,0.9856115107913669,0.0,0.028468531888982383,0.9715314681110176,30.0,msa_v1_remapped
123,124,136,C,A,-3.157970905303955,-0.8826015707792294,66.0,139,139,C,0.9928057553956835,0.0,0.0142429670997965,0.9857570329002034,30.0,msa_v1_remapped
221,222,234,L,C,-3.1619043350219727,4.353282675950709,,0,0,,,,,0.0,0.0,msa_v1_remapped
175,176,188,L,T,-3.1632614135742188,3.95301066931296,,0,0,,,,,0.0,0.0,msa_v1_remapped
34,35,47,W,G,-3.1640825271606445,2.1013522521369623,7.0,139,48,W,1.0,0.0,-0.0,1.0,30.0,msa_v1_remapped
138,139,151,C,N,-3.1664764881134033,2.908390087359976,81.0,139,139,C,0.9928057553956835,0.0,0.0142429670997965,0.9857570329002034,30.0,msa_v1_remapped
28,29,41,P,G,-3.168656349182129,-3.0198042463269985,1.0,139,48,P,1.0,0.0,-0.0,1.0,30.0,msa_v1_remapped
46,47,59,V,I,-3.1746315956115723,0.2216852488838867,,0,0,,,,,0.0,0.0,msa_v1_remapped
38,39,51,L,I,-3.1755590438842773,4.395797617292487,11.0,139,48,L,1.0,0.0,-0.0,1.0,24.0,msa_v1_remapped
25,26,38,L,R,-3.175701141357422,2.854017997485471,,0,0,,,,,0.0,0.0,msa_v1_remapped
28,29,41,P,W,-3.1771111488342285,0.2447589278526152,1.0,139,48,P,1.0,0.0,-0.0,1.0,30.0,msa_v1_remapped
134,135,147,P,A,-3.1772007942199707,3.3148238971074875,77.0,139,139,P,0.9856115107913669,0.0,0.028468531888982383,0.9715314681110176,30.0,msa_v1_remapped
77,78,90,R,T,-3.1774327754974365,2.276634945460046,20.0,139,55,R,1.0,0.0,-0.0,1.0,30.0,msa_v1_remapped
142,143,155,T,E,-3.178567409515381,1.245993950892057,85.0,139,139,T,0.5107913669064749,0.0,0.30916863440357406,0.690831365596426,17.0,msa_v1_remapped
46,47,59,V,F,-3.179121732711792,4.452476163519805,,0,0,,,,,0.0,0.0,msa_v1_remapped
137,138,150,C,I,-3.1792216300964355,-0.5985747528237653,80.0,139,139,C,1.0,0.0,-0.0,1.0,30.0,msa_v1_remapped
3,4,16,I,Q,-3.1798648834228516,-0.3513161132120785,,0,0,,,,,0.0,0.0,msa_v1_remapped
139,140,152,T,Q,-3.1799445152282715,0.29665759580746,82.0,139,139,T,0.9280575539568345,0.0,0.09414125000408767,0.9058587499959123,24.0,msa_v1_remapped
200,201,213,W,T,-3.1853654384613037,3.1199873485723515,,0,0,,,,,0.0,0.0,msa_v1_remapped
161,162,174,L,C,-3.185596466064453,4.015027866342166,104.0,139,139,L,1.0,0.0,-0.0,1.0,30.0,msa_v1_remapped
158,159,171,A,G,-3.1858327388763428,2.309170240106255,101.0,139,139,A,0.5827338129496403,0.38848920863309355,0.2617420822038793,0.7382579177961207,11.0,msa_v1_remapped
147,148,160,T,N,-3.1874279975891113,1.4317627981150167,90.0,139,139,T,1.0,0.0,-0.0,1.0,24.0,msa_v1_remapped
122,123,135,T,D,-3.1875157356262207,-2.2642735355623813,65.0,139,139,T,0.9856115107913669,0.0,0.028468531888982383,0.9715314681110176,30.0,msa_v1_remapped
147,148,160,T,Q,-3.188441038131714,1.5100296640615625,90.0,139,139,T,1.0,0.0,-0.0,1.0,24.0,msa_v1_remapped
82,83,95,F,G,-3.188694953918457,3.238264526033049,25.0,139,55,F,1.0,0.0,-0.0,1.0,30.0,msa_v1_remapped
197,198,210,M,W,-3.194462776184082,3.890922632577258,,0,0,,,,,0.0,0.0,msa_v1_remapped
63,64,76,S,N,-3.198737621307373,2.259552683720301,,0,0,,,,,0.0,0.0,msa_v1_remapped
26,27,39,T,A,-3.1991090774536133,4.367997458936543,,0,0,,,,,0.0,0.0,msa_v1_remapped
55,56,68,P,A,-3.199763298034668,3.2862239162694777,,0,0,,,,,0.0,0.0,msa_v1_remapped
113,114,126,T,A,-3.2009992599487305,-1.3969252119907196,56.0,139,139,S,0.050359712230215826,0.014388489208633094,0.11965303926645379,0.8803469607335462,9.0,msa_v1_remapped
107,108,120,P,A,-3.201557159423828,4.906286791339369,50.0,139,138,P,1.0,0.0,-0.0,1.0,30.0,msa_v1_remapped
13,14,26,V,T,-3.2029519081115723,4.336324032519656,,0,0,,,,,0.0,0.0,msa_v1_remapped
123,124,136,C,N,-3.204343318939209,2.0206055205177336,66.0,139,139,C,0.9928057553956835,0.0,0.0142429670997965,0.9857570329002034,30.0,msa_v1_remapped
60,61,73,S,H,-3.2046141624450684,2.4815048712079033,,0,0,,,,,0.0,0.0,msa_v1_remapped
119,120,132,P,I,-3.2057089805603027,3.691624525390011,62.0,139,139,P,0.9568345323741008,0.0,0.06854828452394135,0.9314517154760587,30.0,msa_v1_remapped
5,6,18,S,R,-3.209568738937378,1.949380768426124,,0,0,,,,,0.0,0.0,msa_v1_remapped
91,92,104,I,T,-3.209801197052002,3.8471394098349943,34.0,139,55,I,1.0,0.0,-0.0,1.0,30.0,msa_v1_remapped
121,122,134,K,A,-3.21059513092041,1.862104062003368,64.0,139,139,R,0.16546762589928057,0.0,0.1497551184645261,0.850244881535474,12.0,msa_v1_remapped
50,51,63,Q,A,-3.210806369781494,1.1901999406799746,,0,0,,,,,1.0,20.0,msa_v1_remapped
149,150,162,I,N,-3.212094783782959,2.2987730373808404,92.0,139,139,I,0.9928057553956835,0.0,0.0142429670997965,0.9857570329002034,30.0,msa_v1_remapped
18,19,31,F,W,-3.21242094039917,4.501112002792411,,0,0,,,,,0.0,0.0,msa_v1_remapped
215,216,228,L,A,-3.212611675262451,0.4523917543173184,,0,0,,,,,0.0,0.0,msa_v1_remapped
58,59,71,N,Q,-3.213833808898926,3.7216502677036942,,0,0,,,,,0.0,0.0,msa_v1_remapped
121,122,134,K,L,-3.2160897254943848,1.8724874697082328,64.0,139,139,R,0.16546762589928057,0.0,0.1497551184645261,0.850244881535474,12.0,msa_v1_remapped
53,54,66,Q,A,-3.2164816856384277,1.3494555735708786,,0,0,,,,,0.0,0.0,msa_v1_remapped
102,103,115,M,R,-3.2190098762512207,-1.0371723565584716,45.0,139,124,M,0.9838709677419355,0.0,0.02756085340627416,0.9724391465937259,30.0,msa_v1_remapped
177,178,190,P,R,-3.2239742279052734,-6.775904906342646,,0,0,,,,,0.0,0.0,msa_v1_remapped
112,113,125,S,Q,-3.2257909774780273,2.376986497646044,55.0,139,139,S,0.9280575539568345,0.0,0.09414125000408767,0.9058587499959123,24.0,msa_v1_remapped
62,63,75,T,V,-3.227440357208252,1.689273796806276,,0,0,,,,,0.0,0.0,msa_v1_remapped
148,149,161,C,N,-3.227686882019043,1.2572731085285795,91.0,139,139,C,1.0,0.0,-0.0,1.0,30.0,msa_v1_remapped
38,39,51,L,C,-3.2294154167175293,4.61556669782027,11.0,139,48,L,1.0,0.0,-0.0,1.0,30.0,msa_v1_remapped
80,81,93,I,W,-3.230327606201172,2.8780107838853155,23.0,139,55,I,1.0,0.0,-0.0,1.0,30.0,msa_v1_remapped
4,5,17,T,W,-3.231813430786133,1.7188567983479288,,0,0,,,,,0.0,0.0,msa_v1_remapped
106,107,119,C,A,-3.2326884269714355,0.3093561333981256,49.0,139,137,C,1.0,0.0,-0.0,1.0,30.0,msa_v1_remapped
73,74,86,W,K,-3.233365297317505,-0.9053278226175508,16.0,139,48,W,0.9583333333333334,0.0,0.06745807729766277,0.9325419227023373,30.0,msa_v1_remapped
165,166,178,A,M,-3.237147331237793,2.0670483135936593,108.0,139,139,A,0.9856115107913669,0.0,0.028468531888982383,0.9715314681110176,24.0,msa_v1_remapped
200,201,213,W,A,-3.2372851371765137,0.304201289283128,,0,0,,,,,0.0,0.0,msa_v1_remapped
66,67,79,P,W,-3.2382779121398926,4.612701506333508,,0,0,,,,,0.0,0.0,msa_v1_remapped
81,82,94,I,C,-3.2388627529144287,3.7408673712403697,24.0,139,55,I,0.9818181818181818,0.0,0.0303351945483401,0.9696648054516599,30.0,msa_v1_remapped
170,171,183,S,I,-3.238921642303467,3.065953652332155,,0,0,,,,,0.0,0.0,msa_v1_remapped
53,54,66,Q,H,-3.242682456970215,1.0112214628954348,,0,0,,,,,0.0,0.0,msa_v1_remapped
62,63,75,T,N,-3.2431163787841797,-0.4790917627636872,,0,0,,,,,0.0,0.0,msa_v1_remapped
220,221,233,C,T,-3.2469000816345215,0.2439298187748022,,0,0,,,,,0.0,0.0,msa_v1_remapped
86,87,99,L,T,-3.2485220432281494,4.977891274725835,29.0,139,55,L,1.0,0.0,-0.0,1.0,30.0,msa_v1_remapped
66,67,79,P,F,-3.2519967555999756,4.966284747123268,,0,0,,,,,0.0,0.0,msa_v1_remapped
136,137,149,C,D,-3.2582898139953613,0.1175835530963809,79.0,139,139,C,0.9928057553956835,0.0,0.0142429670997965,0.9857570329002034,30.0,msa_v1_remapped
10,11,23,P,W,-3.2584500312805176,-4.208627309710664,,0,0,,,,,0.0,0.0,msa_v1_remapped
102,103,115,M,K,-3.25893497467041,-2.030499480122103,45.0,139,124,M,0.9838709677419355,0.0,0.02756085340627416,0.9724391465937259,30.0,msa_v1_remapped
4,5,17,T,A,-3.260875940322876,1.3680956518844596,,0,0,,,,,0.0,0.0,msa_v1_remapped
214,215,227,L,T,-3.2663378715515137,3.611113740252506,,0,0,,,,,0.0,0.0,msa_v1_remapped
95,96,108,V,C,-3.2683699131011963,2.613995389322781,38.0,139,55,V,1.0,0.0,-0.0,1.0,30.0,msa_v1_remapped
79,80,92,F,A,-3.268725872039795,0.2179565530001355,22.0,139,55,F,0.9818181818181818,0.0,0.0303351945483401,0.9696648054516599,30.0,msa_v1_remapped
113,114,126,T,L,-3.2688164710998535,-1.1639395866870927,56.0,139,139,S,0.050359712230215826,0.0,0.11965303926645379,0.8803469607335462,12.0,msa_v1_remapped
138,139,151,C,Q,-3.2723546028137207,0.4551728744380625,81.0,139,139,C,0.9928057553956835,0.0,0.0142429670997965,0.9857570329002034,30.0,msa_v1_remapped
171,172,184,W,T,-3.2728424072265625,0.5352531625069901,,0,0,,,,,0.0,0.0,msa_v1_remapped
62,63,75,T,Q,-3.2770559787750244,2.7175870696316338,,0,0,,,,,0.0,0.0,msa_v1_remapped
183,184,196,V,A,-3.279414653778076,-0.5194219411528707,,0,0,,,,,0.0,0.0,msa_v1_remapped
121,122,134,K,V,-3.281039237976074,4.774437812797032,64.0,139,139,R,0.16546762589928057,0.0,0.1497551184645261,0.850244881535474,12.0,msa_v1_remapped
193,194,206,A,G,-3.2818899154663086,4.675794812121978,,0,0,,,,,0.0,0.0,msa_v1_remapped
28,29,41,P,Y,-3.283247947692871,-6.323895941042508,1.0,139,48,P,1.0,0.0,-0.0,1.0,30.0,msa_v1_remapped
218,219,231,F,A,-3.2836833000183105,-0.4328095097883988,,0,0,,,,,0.0,0.0,msa_v1_remapped
64,65,77,C,A,-3.284748077392578,0.754848507932536,,0,0,,,,,0.0,0.0,msa_v1_remapped
217,218,230,I,Y,-3.2862672805786133,1.4450536444863928,,0,0,,,,,0.0,0.0,msa_v1_remapped
105,106,118,V,N,-3.289377212524414,-0.290965792444581,48.0,139,137,V,1.0,0.0,-0.0,1.0,30.0,msa_v1_remapped
28,29,41,P,T,-3.2910008430480957,-5.836664619816588,1.0,139,48,P,1.0,0.0,-0.0,1.0,30.0,msa_v1_remapped
186,187,199,S,T,-3.2919576168060303,4.132205469771293,,0,0,,,,,0.0,0.0,msa_v1_remapped
85,86,98,I,C,-3.2946605682373047,4.795393329095077,28.0,139,55,I,1.0,0.0,-0.0,1.0,30.0,msa_v1_remapped
136,137,149,C,N,-3.29565167427063,-0.8729701123195923,79.0,139,139,C,0.9928057553956835,0.0,0.0142429670997965,0.9857570329002034,30.0,msa_v1_remapped
77,78,90,R,A,-3.297255516052246,3.144978633438427,20.0,139,55,R,1.0,0.0,-0.0,1.0,30.0,msa_v1_remapped
221,222,234,L,T,-3.2993011474609375,3.5642924577638837,,0,0,,,,,0.0,0.0,msa_v1_remapped
115,116,128,T,L,-3.300293445587158,4.564452854684873,58.0,139,139,T,0.9856115107913669,0.0,0.028468531888982383,0.9715314681110176,30.0,msa_v1_remapped
63,64,76,S,Q,-3.301058530807495,1.61440389670247,,0,0,,,,,0.0,0.0,msa_v1_remapped
219,220,232,F,A,-3.3042736053466797,2.792932692238878,,0,0,,,,,0.0,0.0,msa_v1_remapped
128,129,141,Q,V,-3.3112759590148926,1.4712135889890303,71.0,139,139,Q,0.9496402877697842,0.0,0.08350091871401953,0.9164990812859805,30.0,msa_v1_remapped
50,51,63,Q,D,-3.311624050140381,2.469443258961519,,0,0,,,,,1.0,20.0,msa_v1_remapped
213,214,226,P,C,-3.3134231567382812,-4.303527559876784,,0,0,,,,,0.0,0.0,msa_v1_remapped
192,193,205,S,M,-3.313789129257202,2.825264977163954,,0,0,,,,,0.0,0.0,msa_v1_remapped
131,132,144,S,N,-3.315490245819092,0.4285552492810893,74.0,139,139,S,1.0,0.0,-0.0,1.0,24.0,msa_v1_remapped
50,51,63,Q,R,-3.3170416355133057,2.7688163726439825,,0,0,,,,,1.0,20.0,msa_v1_remapped
213,214,226,P,G,-3.3271565437316895,-3.5350267472596784,,0,0,,,,,0.0,0.0,msa_v1_remapped
71,72,84,Y,F,-3.3284716606140137,1.051849245570338,14.0,139,48,Y,1.0,0.0,-0.0,1.0,24.0,msa_v1_remapped
81,82,94,I,A,-3.328744888305664,2.7472774211037745,24.0,139,55,I,0.9818181818181818,0.0,0.0303351945483401,0.9696648054516599,24.0,msa_v1_remapped
173,174,186,S,Y,-3.3359529972076416,2.6312989864488827,,0,0,,,,,0.0,0.0,msa_v1_remapped
8,9,21,L,A,-3.3368983268737793,1.5790432282348092,,0,0,,,,,0.0,0.0,msa_v1_remapped
130,131,143,N,Q,-3.337414026260376,2.693176103860935,73.0,139,139,T,0.1079136690647482,0.0,0.13879279543423226,0.8612072045657677,6.0,msa_v1_remapped
86,87,99,L,A,-3.3375468254089355,2.1617083971931947,29.0,139,55,L,1.0,0.0,-0.0,1.0,24.0,msa_v1_remapped
58,59,71,N,H,-3.338157415390014,1.901028597368054,,0,0,,,,,0.0,0.0,msa_v1_remapped
219,220,232,F,W,-3.339272975921631,1.028070242400986,,0,0,,,,,0.0,0.0,msa_v1_remapped
97,98,110,L,R,-3.3416061401367188,3.5950340372669416,40.0,139,55,L,1.0,0.0,-0.0,1.0,30.0,msa_v1_remapped
198,199,211,W,M,-3.3526864051818848,1.7277320014479756,,0,0,,,,,0.0,0.0,msa_v1_remapped
138,139,151,C,I,-3.354259490966797,0.4551728744380625,81.0,139,139,C,0.9928057553956835,0.0,0.0142429670997965,0.9857570329002034,30.0,msa_v1_remapped
95,96,108,V,W,-3.3578133583068848,1.13218066656691,38.0,139,55,V,1.0,0.0,-0.0,1.0,30.0,msa_v1_remapped
208,209,221,V,Y,-3.3578152656555176,-0.0137809078260602,,0,0,,,,,0.0,0.0,msa_v1_remapped
216,217,229,P,Y,-3.3584580421447754,3.3151810457691795,,0,0,,,,,0.0,0.0,msa_v1_remapped
123,124,136,C,L,-3.358781099319458,0.4578526367955646,66.0,139,139,C,0.9928057553956835,0.0,0.0142429670997965,0.9857570329002034,30.0,msa_v1_remapped
88,89,101,L,C,-3.3592405319213867,2.6579916972314663,31.0,139,55,L,0.9818181818181818,0.0,0.0303351945483401,0.9696648054516599,30.0,msa_v1_remapped
124,125,137,T,I,-3.3611602783203125,1.302039428769433,67.0,139,139,T,0.9856115107913669,0.0,0.02513934896582038,0.9748606510341796,30.0,msa_v1_remapped
132,133,145,M,A,-3.367527961730957,2.5947941841002944,75.0,139,139,M,0.8992805755395683,0.0,0.14573273292746614,0.8542672670725339,16.0,msa_v1_remapped
60,61,73,S,A,-3.36781644821167,0.8408006241418207,,0,0,,,,,0.0,0.0,msa_v1_remapped
149,150,162,I,Q,-3.3693904876708984,4.371099981091561,92.0,139,139,I,0.9928057553956835,0.0,0.0142429670997965,0.9857570329002034,30.0,msa_v1_remapped
8,9,21,L,Q,-3.3694748878479004,1.4751196350092073,,0,0,,,,,0.0,0.0,msa_v1_remapped
158,159,171,A,T,-3.371455430984497,3.5844534051775554,101.0,139,139,A,0.5827338129496403,0.0,0.2617420822038793,0.7382579177961207,17.0,msa_v1_remapped
132,133,145,M,G,-3.3728106021881104,4.5759211018437895,75.0,139,139,M,0.8992805755395683,0.0,0.14573273292746614,0.8542672670725339,22.0,msa_v1_remapped
203,204,216,S,G,-3.3742337226867676,2.3410919296449606,,0,0,,,,,0.0,0.0,msa_v1_remapped
174,175,187,L,I,-3.3754663467407227,3.1242928371959806,,0,0,,,,,0.0,0.0,msa_v1_remapped
95,96,108,V,Y,-3.3788723945617676,2.7422411938172786,38.0,139,55,V,1.0,0.0,-0.0,1.0,30.0,msa_v1_remapped
124,125,137,T,A,-3.3811399936676025,1.97336584229447,67.0,139,139,T,0.9856115107913669,0.0,0.02513934896582038,0.9748606510341796,30.0,msa_v1_remapped
20,21,33,L,Y,-3.388110637664795,0.9976793190507464,,0,0,,,,,0.0,0.0,msa_v1_remapped
116,117,129,S,V,-3.390895366668701,-0.4029383210535684,59.0,139,139,S,0.9856115107913669,0.0,0.028468531888982383,0.9715314681110176,30.0,msa_v1_remapped
171,172,184,W,Y,-3.392548084259033,-3.3382683027913345,,0,0,,,,,0.0,0.0,msa_v1_remapped
92,93,105,F,T,-3.3966102600097656,4.500729566655934,35.0,139,55,F,1.0,0.0,-0.0,1.0,30.0,msa_v1_remapped
4,5,17,T,C,-3.3975226879119873,2.017106279139398,,0,0,,,,,0.0,0.0,msa_v1_remapped
187,188,200,P,Y,-3.3976354598999023,2.2849141768820687,,0,0,,,,,0.0,0.0,msa_v1_remapped
207,208,220,I,Y,-3.397643804550171,2.2707293579449015,,0,0,,,,,0.0,0.0,msa_v1_remapped
217,218,230,I,W,-3.399498224258423,2.842798156816343,,0,0,,,,,0.0,0.0,msa_v1_remapped
194,195,207,I,C,-3.4035098552703857,-5.297490584228228,,0,0,,,,,0.0,0.0,msa_v1_remapped
96,97,109,L,T,-3.4115660190582275,4.78068781411838,39.0,139,55,L,0.9818181818181818,0.0,0.0303351945483401,0.9696648054516599,30.0,msa_v1_remapped
90,91,103,L,C,-3.4142215251922607,4.4818560909934035,33.0,139,55,L,1.0,0.0,-0.0,1.0,30.0,msa_v1_remapped
12,13,25,L,Q,-3.4168341159820557,1.2809084614232802,,0,0,,,,,0.0,0.0,msa_v1_remapped
207,208,220,I,G,-3.4185574054718018,3.771736833685793,,0,0,,,,,0.0,0.0,msa_v1_remapped
124,125,137,T,N,-3.4226632118225098,-0.1354087083195168,67.0,139,139,T,0.9856115107913669,0.0,0.02513934896582038,0.9748606510341796,24.0,msa_v1_remapped
169,170,182,F,Y,-3.4276812076568604,-0.3178428607087653,112.0,139,139,F,1.0,0.0,-0.0,1.0,24.0,msa_v1_remapped
139,140,152,T,D,-3.4303247928619385,1.9389612561443528,82.0,139,139,T,0.9280575539568345,0.0,0.09414125000408767,0.9058587499959123,30.0,msa_v1_remapped
90,91,103,L,W,-3.4319217205047607,3.7147131187405193,33.0,139,55,L,1.0,0.0,-0.0,1.0,30.0,msa_v1_remapped
41,42,54,L,A,-3.4336395263671875,0.7426073909674074,,0,0,,,,,0.0,0.0,msa_v1_remapped
179,180,192,V,Y,-3.4366745948791504,3.204634373826252,,0,0,,,,,0.0,0.0,msa_v1_remapped
120,121,133,C,Q,-3.4403481483459473,0.0,63.0,139,139,C,1.0,0.0,-0.0,1.0,30.0,msa_v1_remapped
13,14,26,V,C,-3.441258430480957,1.020052695603681,,0,0,,,,,0.0,0.0,msa_v1_remapped
23,24,36,R,C,-3.44584584236145,0.8937468184168438,,0,0,,,,,0.0,0.0,msa_v1_remapped
208,209,221,V,A,-3.4478702545166016,3.5909269101741756,,0,0,,,,,0.0,0.0,msa_v1_remapped
154,155,167,S,Y,-3.4586427211761475,4.787485311924058,97.0,139,139,S,1.0,0.0,-0.0,1.0,30.0,msa_v1_remapped
108,109,121,L,Q,-3.4627256393432617,0.1367815427619234,51.0,139,139,L,0.9712230215827338,0.0,0.05353776163862309,0.9464622383613769,30.0,msa_v1_remapped
85,86,98,I,T,-3.4641664028167725,1.867359192922379,28.0,139,55,I,1.0,0.0,-0.0,1.0,30.0,msa_v1_remapped
117,118,130,T,V,-3.4691765308380127,3.3658813348898775,60.0,139,139,T,0.935251798561151,0.03597122302158273,0.10030905623943821,0.8996909437605618,27.0,msa_v1_remapped
208,209,221,V,C,-3.4696028232574463,4.6622016813443,,0,0,,,,,0.0,0.0,msa_v1_remapped
117,118,130,T,N,-3.4794821739196777,1.0790425639701198,60.0,139,139,T,0.935251798561151,0.0,0.10030905623943821,0.8996909437605618,24.0,msa_v1_remapped
80,81,93,I,R,-3.4803080558776855,3.882093075305363,23.0,139,55,I,1.0,0.0,-0.0,1.0,30.0,msa_v1_remapped
212,213,225,I,Y,-3.484516143798828,4.139935191583788,,0,0,,,,,0.0,0.0,msa_v1_remapped
17,18,30,G,C,-3.488124370574951,2.1869285592441656,,0,0,,,,,0.0,0.0,msa_v1_remapped
61,62,74,P,H,-3.4909896850585938,3.246937006411883,,0,0,,,,,0.0,0.0,msa_v1_remapped
110,111,123,P,F,-3.492105484008789,4.804175244093074,53.0,139,139,P,0.9928057553956835,0.0,0.0142429670997965,0.9857570329002034,30.0,msa_v1_remapped
85,86,98,I,Y,-3.4963018894195557,4.4452453014985736,28.0,139,55,I,1.0,0.0,-0.0,1.0,30.0,msa_v1_remapped
123,124,136,C,I,-3.5066444873809814,0.4268401065871785,66.0,139,139,C,0.9928057553956835,0.0,0.0142429670997965,0.9857570329002034,30.0,msa_v1_remapped
178,179,191,F,Y,-3.5074567794799805,1.3793170112437565,,0,0,,,,,0.0,0.0,msa_v1_remapped
82,83,95,F,W,-3.508333921432495,1.3229351816257804,25.0,139,55,F,1.0,0.0,-0.0,1.0,24.0,msa_v1_remapped
204,205,217,L,Y,-3.511209011077881,0.8057552441749181,,0,0,,,,,0.0,0.0,msa_v1_remapped
53,54,66,Q,V,-3.5135583877563477,2.8447736340821734,,0,0,,,,,0.0,0.0,msa_v1_remapped
212,213,225,I,T,-3.51884388923645,3.1435504415604214,,0,0,,,,,0.0,0.0,msa_v1_remapped
10,11,23,P,C,-3.536102533340454,-4.667180886800168,,0,0,,,,,0.0,0.0,msa_v1_remapped
59,60,72,H,I,-3.538534879684448,1.0420258789833952,,0,0,,,,,0.0,0.0,msa_v1_remapped
208,209,221,V,W,-3.5394508838653564,1.0280794156822708,,0,0,,,,,0.0,0.0,msa_v1_remapped
93,94,106,L,C,-3.542048215866089,4.188801948113792,36.0,139,55,L,0.9636363636363636,0.0,0.052144236132477435,0.9478557638675226,30.0,msa_v1_remapped
16,17,29,A,W,-3.5473828315734863,1.638474932436452,,0,0,,,,,0.0,0.0,msa_v1_remapped
57,58,70,S,V,-3.548753261566162,-3.189442894301351,,0,0,,,,,0.0,0.0,msa_v1_remapped
132,133,145,M,N,-3.5611462593078613,-1.014511539877276,75.0,139,139,M,0.8992805755395683,0.0,0.14573273292746614,0.8542672670725339,22.0,msa_v1_remapped
218,219,231,F,Y,-3.568634033203125,1.783232277308343,,0,0,,,,,0.0,0.0,msa_v1_remapped
116,117,129,S,L,-3.5824737548828125,0.3289005476855209,59.0,139,139,S,0.9856115107913669,0.0,0.028468531888982383,0.9715314681110176,30.0,msa_v1_remapped
114,115,127,T,Q,-3.594639778137207,0.5953069263354109,57.0,139,139,T,0.9928057553956835,0.0,0.0142429670997965,0.9857570329002034,24.0,msa_v1_remapped
83,84,96,L,A,-3.5989298820495605,2.743919529499408,26.0,139,55,L,1.0,0.0,-0.0,1.0,24.0,msa_v1_remapped
115,116,128,T,I,-3.5995426177978516,3.925057260998756,58.0,139,139,T,0.9856115107913669,0.0,0.028468531888982383,0.9715314681110176,30.0,msa_v1_remapped
212,213,225,I,A,-3.6019418239593506,2.5930164728006844,,0,0,,,,,0.0,0.0,msa_v1_remapped
113,114,126,T,Q,-3.606966257095337,-3.354792442910309,56.0,139,139,S,0.050359712230215826,0.0,0.11965303926645379,0.8803469607335462,6.0,msa_v1_remapped
132,133,145,M,V,-3.607016324996948,0.3318899316560646,75.0,139,139,M,0.8992805755395683,0.0,0.14573273292746614,0.8542672670725339,16.0,msa_v1_remapped
116,117,129,S,N,-3.614041805267334,4.454147435267487,59.0,139,139,S,0.9856115107913669,0.007194244604316547,0.028468531888982383,0.9715314681110176,21.0,msa_v1_remapped
87,88,100,L,Y,-3.615821599960327,2.1053279866537196,30.0,139,55,L,1.0,0.0,-0.0,1.0,30.0,msa_v1_remapped
89,90,102,C,A,-3.6190128326416016,-0.3381413672064468,32.0,139,55,C,0.9818181818181818,0.01818181818181818,0.0303351945483401,0.9696648054516599,27.0,msa_v1_remapped
80,81,93,I,A,-3.635605335235596,1.338142699137677,23.0,139,55,I,1.0,0.0,-0.0,1.0,24.0,msa_v1_remapped
85,86,98,I,W,-3.6368019580841064,1.7510237202102985,28.0,139,55,I,1.0,0.0,-0.0,1.0,30.0,msa_v1_remapped
15,16,28,Q,C,-3.65283203125,1.6340951074531065,,0,0,,,,,0.0,0.0,msa_v1_remapped
218,219,231,F,T,-3.657599449157715,4.193075529963153,,0,0,,,,,0.0,0.0,msa_v1_remapped
89,90,102,C,G,-3.662617683410645,3.909155149867445,32.0,139,55,C,0.9818181818181818,0.0,0.0303351945483401,0.9696648054516599,30.0,msa_v1_remapped
188,189,201,T,Y,-3.6669669151306152,3.3458248135808617,,0,0,,,,,0.0,0.0,msa_v1_remapped
85,86,98,I,G,-3.680143117904663,2.32680086680989,28.0,139,55,I,1.0,0.0,-0.0,1.0,30.0,msa_v1_remapped
48,49,61,L,V,-3.686654090881348,4.281151563772426,,0,0,,,,,1.0,20.0,msa_v1_remapped
113,114,126,T,I,-3.696075916290283,2.0380634001710973,56.0,139,139,S,0.050359712230215826,0.0,0.11965303926645379,0.8803469607335462,12.0,msa_v1_remapped
84,85,97,F,W,-3.708916187286377,2.6393697354675396,27.0,139,55,F,1.0,0.0,-0.0,1.0,24.0,msa_v1_remapped
123,124,136,C,Q,-3.742828607559204,0.0283394673467682,66.0,139,139,C,0.9928057553956835,0.0,0.0142429670997965,0.9857570329002034,30.0,msa_v1_remapped
114,115,127,T,D,-3.750920295715332,3.054278354753251,57.0,139,139,T,0.9928057553956835,0.0,0.0142429670997965,0.9857570329002034,30.0,msa_v1_remapped
88,89,101,L,Y,-3.779207229614258,2.8330567984414188,31.0,139,55,L,0.9818181818181818,0.0,0.0303351945483401,0.9696648054516599,30.0,msa_v1_remapped
116,117,129,S,Q,-3.8712453842163086,3.173189317727406,59.0,139,139,S,0.9856115107913669,0.0,0.028468531888982383,0.9715314681110176,24.0,msa_v1_remapped
117,118,130,T,I,-3.8776156902313232,3.0312496144221655,60.0,139,139,T,0.935251798561151,0.0,0.10030905623943821,0.8996909437605618,30.0,msa_v1_remapped
83,84,96,L,M,-3.893196821212769,2.309427070525601,26.0,139,55,L,1.0,0.0,-0.0,1.0,24.0,msa_v1_remapped
89,90,102,C,T,-3.91864562034607,-2.233624416838836,32.0,139,55,C,0.9818181818181818,0.0,0.0303351945483401,0.9696648054516599,30.0,msa_v1_remapped
17,18,30,G,Y,-4.025654315948486,3.685887795614974,,0,0,,,,,0.0,0.0,msa_v1_remapped
92,93,105,F,W,-4.03664493560791,2.7185223276127317,35.0,139,55,F,1.0,0.0,-0.0,1.0,24.0,msa_v1_remapped
89,90,102,C,M,-4.325970649719238,-0.1415084530088393,32.0,139,55,C,0.9818181818181818,0.0,0.0303351945483401,0.9696648054516599,30.0,msa_v1_remapped
0,1,13,G,V,-5.147853851318359,3.824565008228319,,0,0,,,,,0.0,0.0,msa_v1_remapped
0,1,13,G,P,-5.3305768966674805,-1.9198274693064832,,0,0,,,,,0.0,0.0,msa_v1_remapped
0,1,13,G,A,-5.432412624359131,0.755779919240922,,0,0,,,,,0.0,0.0,msa_v1_remapped
0,1,13,G,T,-5.439389228820801,1.0661578632340252,,0,0,,,,,0.0,0.0,msa_v1_remapped
0,1,13,G,I,-5.627803325653076,2.34652419740803,,0,0,,,,,0.0,0.0,msa_v1_remapped
0,1,13,G,W,-5.776772975921631,3.917742533993305,,0,0,,,,,0.0,0.0,msa_v1_remapped
