pos,s_protein_pos,construct_pos,wt,mut,esm_score,ddg,alignment_column,msa_depth,msa_observed,msa_consensus,wt_frequency,mut_frequency,position_entropy,conservation_score_raw,conservation_penalty,conservation_mode,asa,rsa,surface_class,accessibility_penalty,pdb_residue,in_mhr,in_major_epitope,in_antibody_contact,wt_mhci_score,mut_mhci_score,mhci_delta,wt_mhci_allele,mut_mhci_allele,wt_mhci_peptide,mut_mhci_peptide,wt_mhcii_score,mut_mhcii_score,mhcii_delta,wt_mhcii_peptide,mut_mhcii_peptide,wt_tcell_epitope_score,mut_tcell_epitope_score,tcell_epitope_delta,wt_bcell_antigenicity,mut_bcell_antigenicity,bcell_antigenicity_delta,tcell_penalty,bcell_penalty,epitope_penalty,epitope_prediction_mode,bonding_penalty,interface_penalty,structural_context_penalty,structural_flags,expression_penalty,solubility_score,gravy_score,gravy_delta,charge_score,charge_delta,proteolytic_score,codon_score,cys_score
218,219,231,F,L,-1.0726032257080078,4.823050362090669,,0,0,,,,,0.0,0.0,msa_v1_remapped,130.28767814033375,0.542865325584724,surface,4,219,False,False,False,0.95,0.95,0.0,HLA-B07_like,HLA-B07_like,LPIFFCLWV,LPILFCLWV,0.64,0.64,0.0,VSPFIPLLPIFFCLW,VSPFIPLLPILFCLW,0.95,0.95,0.0,1.187,1.21,0.023,0.0,0.0,0.0,internal_motif_model_v2,0,0,4,surface_hydrophobic_gain,0,10.0,10,0.004424778761061954,10,0.0,10,10,10
212,213,225,I,L,-1.152437448501587,-6.306159160774882,,0,0,,,,,0.0,0.0,msa_v1_remapped,69.36159057042916,0.352089292235681,surface,4,213,False,False,False,0.8,0.8,0.0,HLA-A02_like,HLA-A02_like,SIVSPFIPL,SIVSPFLPL,0.64,0.64,0.0,VSPFIPLLPIFFCLW,VSPFLPLLPIFFCLW,0.8,0.8,0.0,1.126,1.14,0.014,0.0,0.0,0.0,internal_motif_model_v2,0,0,4,surface_hydrophobic_gain,0,10.0,10,-0.00309734513274329,10,0.0,10,10,10
116,117,129,S,T,-1.1565436124801636,2.2220291607022773,59.0,139,139,S,0.9856115107913668,0.0,0.0284685318889823,0.9715314681110176,24.0,msa_v1_remapped,96.1607707726883,0.6203920695012148,surface,0,117,True,False,False,0.8,0.8,0.0,HLA-A03_like,HLA-A03_like,TTTSTGPCK,TTTTTGPCK,0.28,0.28,0.0,MLPVCPLIPGSTTTS,MLPVCPLIPGSTTTT,0.8,0.8,0.0,0.941,0.926,-0.015,0.0,7.8,7.8,internal_motif_model_v2,0,0,0,,0,10.0,10,0.0004424778761062953,10,0.0,10,10,10
123,124,136,C,T,-1.1781716346740725,0.4551728744380625,66.0,139,139,C,0.9928057553956836,0.0,0.0142429670997965,0.9857570329002034,30.0,msa_v1_remapped,12.47212283475148,0.0746833702679729,buried,0,124,True,True,True,0.35,0.45,0.1,HLA-B07_like,HLA-B07_like,GPCKTCTTP,GPCKTTTTP,0.28,0.28,0.0,GPCKTCTTPAQGNSM,GPCKTTTTPAQGNSM,0.35,0.45,0.1,1.078,1.006,-0.072,12.0,36.0,48.0,internal_motif_model_v2,25,15,40,possible_disulfide_loss;antibody_interface_mutation,10,10.0,10,-0.01415929203539823,10,0.00990099009900991,10,10,10
15,16,28,Q,L,-1.1877378225326538,3.096297257082256,,0,0,,,,,0.0,0.0,msa_v1_remapped,130.4160813152713,0.5796270280678725,surface,4,16,False,False,False,0.9,0.95,0.05,HLA-A03_like,HLA-A03_like,QAGFFLLTR,LAGFFLLTR,0.72,0.72,0.0,PLLVLQAGFFLLTRI,PLLVLLAGFFLLTRI,0.9,0.95,0.05,1.132,1.166,0.034,0.0,0.0,0.0,internal_motif_model_v2,0,0,4,surface_hydrophobic_gain,0,10.0,10,0.03230088495575223,10,0.0,10,10,10
85,86,98,I,L,-1.1897644996643066,-8.147088148706871,28.0,139,55,I,1.0,0.0,-0.0,1.0,24.0,msa_v1_remapped,89.3644879869538,0.4536268425733695,surface,4,86,False,False,False,0.95,0.95,0.0,HLA-A02_like,HLA-A02_like,FIIFLFILL,FIIFLFLLL,0.72,0.72,0.0,YRWMCLRRFIIFLFI,YRWMCLRRFIIFLFL,0.95,0.95,0.0,1.191,1.205,0.014,0.0,0.0,0.0,internal_motif_model_v2,0,0,4,surface_hydrophobic_gain,0,10.0,10,-0.00309734513274329,10,0.0,10,10,10
17,18,30,G,L,-1.300022006034851,-2.866970291134294,,0,0,,,,,0.0,0.0,msa_v1_remapped,36.48329035339704,0.3508008687826638,surface,4,18,False,False,False,0.9,0.95,0.05,HLA-A03_like,HLA-A02_like,QAGFFLLTR,LVLQALFFL,0.72,0.72,0.0,PLLVLQAGFFLLTRI,SGFLGPLLVLQALFF,0.9,0.95,0.05,1.091,1.144,0.054,0.0,0.0,0.0,internal_motif_model_v2,0,0,4,surface_hydrophobic_gain,0,10.0,10,0.018584070796460184,10,0.0,10,10,10
23,24,36,R,L,-1.324655532836914,-1.831418554982406,,0,0,,,,,0.0,0.0,msa_v1_remapped,141.4414127684504,0.5162095356512788,surface,4,24,False,False,False,0.95,0.95,0.0,HLA-A02_like,HLA-A02_like,FLLTRILTI,FLLTLILTI,0.72,0.72,0.0,PLLVLQAGFFLLTRI,PLLVLQAGFFLLTLI,0.95,0.95,0.0,1.085,1.139,0.054,0.0,0.0,0.0,internal_motif_model_v2,0,0,4,surface_hydrophobic_gain,0,10.0,10,0.03672566371681418,10,-0.9999900000999986,10,10,10
132,133,145,M,T,-1.337791919708252,0.0320575171888322,75.0,139,139,M,0.8992805755395683,0.0503597122302158,0.1457327329274661,0.8542672670725339,16.0,msa_v1_remapped,153.94398391920046,0.6872499282107164,surface,0,133,True,True,True,0.8,0.8,0.0,HLA-B07_like,HLA-B07_like,TPAQGNSMF,TPAQGNSTF,0.28,0.18,-0.1,GPCKTCTTPAQGNSM,GPCKTCTTPAQGNST,0.8,0.8,0.0,0.951,0.963,0.012,12.0,41.0,53.0,internal_motif_model_v2,0,15,15,antibody_interface_mutation,0,10.0,10,-0.011504424778761124,10,0.0,10,10,10
84,85,97,F,L,-1.3494751453399658,-0.960124263287014,27.0,139,55,F,1.0,0.0,-0.0,1.0,30.0,msa_v1_remapped,121.97044982003156,0.5082102075834648,surface,4,85,False,False,False,0.95,0.95,0.0,HLA-A02_like,HLA-A02_like,FIIFLFILL,FIIFLLILL,0.72,0.72,0.0,GYRWMCLRRFIIFLF,GYRWMCLRRFIIFLL,0.95,0.95,0.0,1.177,1.199,0.023,0.0,0.0,0.0,internal_motif_model_v2,0,0,4,surface_hydrophobic_gain,0,10.0,10,0.004424778761061954,10,0.0,10,10,10
132,133,145,M,S,-1.3677241802215576,-0.4749941015597301,75.0,139,139,M,0.8992805755395683,0.0071942446043165,0.1457327329274661,0.8542672670725339,19.0,msa_v1_remapped,153.94398391920046,0.6872499282107164,surface,0,133,True,True,True,0.8,0.8,0.0,HLA-B07_like,HLA-B07_like,TPAQGNSMF,TPAQGNSSF,0.28,0.18,-0.1,GPCKTCTTPAQGNSM,GPCKTCTTPAQGNSS,0.8,0.8,0.0,0.951,0.977,0.027,12.0,41.0,53.0,internal_motif_model_v2,0,15,15,antibody_interface_mutation,0,10.0,10,-0.011946902654867197,10,0.0,10,10,10
217,218,230,I,L,-1.3890907764434814,1.5371559571025273,,0,0,,,,,0.0,0.0,msa_v1_remapped,91.77974441903363,0.4658870275077849,surface,4,218,False,False,False,0.95,0.95,0.0,HLA-B07_like,HLA-B07_like,LPIFFCLWV,LPLFFCLWV,0.64,0.64,0.0,VSPFIPLLPIFFCLW,VSPFIPLLPLFFCLW,0.95,0.95,0.0,1.187,1.201,0.014,0.0,0.0,0.0,internal_motif_model_v2,0,0,4,surface_hydrophobic_gain,0,10.0,10,-0.00309734513274329,10,0.0,10,10,10
183,184,196,V,L,-1.4322216510772705,3.4166000104491445,,0,0,,,,,0.0,0.0,msa_v1_remapped,113.48126328424244,0.6521911683002438,surface,4,184,False,False,False,0.95,0.95,0.0,HLA-A02_like,HLA-A02_like,LVPFVQWFV,LVPFVQWFL,0.64,0.64,0.0,FSWLSLLVPFVQWFV,FSWLSLLVPFVQWFL,0.95,0.95,0.0,1.074,1.055,-0.019,0.0,0.0,0.0,internal_motif_model_v2,0,0,4,surface_hydrophobic_gain,0,10.0,10,-0.001769911504424737,10,0.0,10,10,10
207,208,220,I,L,-1.4396358728408811,0.1308948678539536,,0,0,,,,,0.0,0.0,msa_v1_remapped,98.75317533131874,0.501285153966085,surface,4,208,False,False,False,0.8,0.85,0.05,HLA-A02_like,HLA-A02_like,SIVSPFIPL,LVSPFIPLL,0.54,0.54,0.0,AIWMMWYWGPSLYSI,AIWMMWYWGPSLYSL,0.8,0.85,0.05,1.148,1.162,0.014,0.0,0.0,0.0,internal_motif_model_v2,0,0,4,surface_hydrophobic_gain,0,10.0,10,-0.00309734513274329,10,0.0,10,10,10
158,159,171,A,L,-1.4428694248199463,0.1231375001774495,101.0,139,139,A,0.5827338129496403,0.0,0.2617420822038793,0.7382579177961207,11.0,msa_v1_remapped,50.039539113790504,0.3879034039828721,surface,4,159,True,False,False,0.95,0.95,0.0,HLA-A02_like,HLA-A02_like,FAKYLWEWA,FLKYLWEWA,0.72,0.72,0.0,IPSSWAFAKYLWEWA,IPSSWAFLKYLWEWA,0.95,0.95,0.0,1.065,1.091,0.027,0.0,7.8,7.8,internal_motif_model_v2,0,0,4,surface_hydrophobic_gain,0,10.0,10,0.008849557522123908,10,0.0,10,10,10
211,212,224,F,L,-1.4523497819900513,1.80213216153129,,0,0,,,,,0.0,0.0,msa_v1_remapped,115.65997035587758,0.4819165431494899,surface,4,212,False,False,False,0.8,0.9,0.1,HLA-A02_like,HLA-A02_like,SIVSPFIPL,SLYSIVSPL,0.64,0.64,0.0,VSPFIPLLPIFFCLW,VSPLIPLLPIFFCLW,0.8,0.9,0.1,1.145,1.168,0.023,0.0,0.0,0.0,internal_motif_model_v2,0,0,4,surface_hydrophobic_gain,0,10.0,10,0.004424778761061954,10,0.0,10,10,10
91,92,104,I,L,-1.4723002910614014,0.8253171522691218,34.0,139,55,I,1.0,0.0,-0.0,1.0,24.0,msa_v1_remapped,84.39780593081694,0.4284152585320657,surface,4,92,False,False,False,0.95,0.95,0.0,HLA-A02_like,HLA-A02_like,LLLCLIFLL,LLLCLLFLL,0.72,0.72,0.0,RRFIIFLFILLLCLI,RRFIIFLFILLLCLL,0.95,0.95,0.0,1.236,1.25,0.014,0.0,0.0,0.0,internal_motif_model_v2,0,0,4,surface_hydrophobic_gain,0,10.0,10,-0.00309734513274329,10,0.0,10,10,10
216,217,229,P,L,-1.4763802289962769,1.8422640313154377,,0,0,,,,,0.0,0.0,msa_v1_remapped,39.57939274536285,0.2489269983985085,partial,0,217,False,False,False,0.95,0.95,0.0,HLA-B07_like,HLA-A02_like,LPIFFCLWV,LLIFFCLWV,0.64,0.72,0.08,VSPFIPLLPIFFCLW,VSPFIPLLLIFFCLW,0.95,0.95,0.0,1.137,1.164,0.027,0.0,0.0,0.0,internal_motif_model_v2,0,0,0,,0,10.0,10,0.023893805309734506,10,0.0,10,10,10
13,14,26,V,L,-1.4871556758880615,0.0021964568788916,,0,0,,,,,0.0,0.0,msa_v1_remapped,100.89609337944418,0.5798626056289895,surface,4,14,False,False,False,0.85,0.85,0.0,HLA-A02_like,HLA-A02_like,LVLQAGFFL,LLLQAGFFL,0.72,0.72,0.0,PLLVLQAGFFLLTRI,PLLLLQAGFFLLTRI,0.85,0.85,0.0,1.182,1.163,-0.019,0.0,0.0,0.0,internal_motif_model_v2,0,0,4,surface_hydrophobic_gain,0,10.0,10,-0.001769911504424737,10,0.0,10,10,10
200,201,213,W,L,-1.4941375255584717,2.8608876435634443,,0,0,,,,,0.0,0.0,msa_v1_remapped,119.2130739479758,0.4182914875367572,surface,4,201,False,False,False,0.85,0.9,0.05,HLA-A02_like,HLA-A02_like,MMWYWGPSL,SAIWMMWYL,0.72,0.72,0.0,SPTVWLSAIWMMWYW,SPTVWLSAIWMMWYL,0.85,0.9,0.05,0.96,1.011,0.051,0.0,0.0,0.0,internal_motif_model_v2,0,0,4,surface_hydrophobic_gain,0,10.0,10,0.020796460176991216,10,0.0,10,10,10
9,10,22,G,L,-1.500393629074097,1.665092389464462,,0,0,,,,,0.0,0.0,msa_v1_remapped,32.197454257146155,0.309590906318713,partial,0,10,False,False,False,0.5,0.95,0.45,HLA-A02_like,HLA-A02_like,LGPLLVLQA,LLPLLVLQA,0.64,0.64,0.0,NITSGFLGPLLVLQA,NITSGFLLPLLVLQA,0.64,0.95,0.31,1.093,1.147,0.054,4.0,0.0,4.0,internal_motif_model_v2,0,0,0,,0,10.0,10,0.018584070796460184,10,0.0,10,10,10
220,221,233,C,L,-1.5068223476409912,1.3282049050714022,,0,0,,,,,0.0,0.0,msa_v1_remapped,86.36117567560444,0.5171327884766733,surface,4,221,False,False,False,0.95,0.95,0.0,HLA-B07_like,HLA-B07_like,LPIFFCLWV,LPIFFLLWV,0.64,0.72,0.08,VSPFIPLLPIFFCLW,SPFIPLLPIFFLLWV,0.95,0.95,0.0,1.182,1.159,-0.023,0.0,0.0,0.0,internal_motif_model_v2,25,0,29,possible_disulfide_loss;surface_hydrophobic_gain,10,10.0,10,0.005752212389380507,10,0.00990099009900991,10,10,10
179,180,192,V,L,-1.5202497243881226,1.5069512865530896,,0,0,,,,,0.0,0.0,msa_v1_remapped,76.08057761051472,0.4372446989110041,surface,4,180,False,False,False,0.95,0.95,0.0,HLA-A02_like,HLA-A02_like,LVPFVQWFV,LVPFLQWFV,0.64,0.64,0.0,ASVRFSWLSLLVPFV,ASVRFSWLSLLVPFL,0.95,0.95,0.0,1.131,1.112,-0.019,0.0,0.0,0.0,internal_motif_model_v2,0,0,4,surface_hydrophobic_gain,0,10.0,10,-0.001769911504424737,10,0.0,10,10,10
82,83,95,F,L,-1.5263842344284058,1.40050139663731,25.0,139,55,F,1.0,0.0,-0.0,1.0,30.0,msa_v1_remapped,123.17807803607144,0.5132419918169644,surface,4,83,False,False,False,0.95,0.95,0.0,HLA-A02_like,HLA-A02_like,FIIFLFILL,FIILLFILL,0.72,0.72,0.0,CPGYRWMCLRRFIIF,CPGYRWMCLRRFIIL,0.95,0.95,0.0,1.14,1.163,0.023,0.0,0.0,0.0,internal_motif_model_v2,0,0,4,surface_hydrophobic_gain,0,10.0,10,0.004424778761061954,10,0.0,10,10,10
222,223,235,W,L,-1.5266371965408323,1.6334938966722916,,0,0,,,,,0.0,0.0,msa_v1_remapped,175.3333038728661,0.6152045749925127,surface,4,223,False,False,False,0.95,0.95,0.0,HLA-B07_like,HLA-A02_like,LPIFFCLWV,LLPIFFCLL,0.64,0.64,0.0,VSPFIPLLPIFFCLW,VSPFIPLLPIFFCLL,0.95,0.95,0.0,1.192,1.243,0.051,0.0,0.0,0.0,internal_motif_model_v2,0,0,4,surface_hydrophobic_gain,0,10.0,10,0.020796460176991216,10,0.0,10,10,10
16,17,29,A,L,-1.5467277765274048,1.6981253472069966,,0,0,,,,,0.0,0.0,msa_v1_remapped,45.50349401223712,0.3527402636607528,surface,4,17,False,False,False,0.9,0.85,-0.05,HLA-A03_like,HLA-A02_like,QAGFFLLTR,LVLQLGFFL,0.72,0.72,0.0,PLLVLQAGFFLLTRI,PLLVLQLGFFLLTRI,0.9,0.85,-0.05,1.11,1.136,0.027,0.0,0.0,0.0,internal_motif_model_v2,0,0,4,surface_hydrophobic_gain,0,10.0,10,0.008849557522123908,10,0.0,10,10,10
58,59,71,N,S,-1.558476448059082,2.810758476086903,,0,0,,,,,0.0,0.0,msa_v1_remapped,140.17325234516107,0.7188371915136466,surface,0,59,False,False,False,0.45,0.45,0.0,HLA-A03_like,HLA-A03_like,QSPTSNHSP,QSPTSSHSP,0.18,0.18,0.0,SPVCLGQNSQSPTSN,SPVCLGQNSQSPTSS,0.45,0.45,0.0,0.992,1.025,0.034,0.0,0.0,0.0,internal_motif_model_v2,0,0,0,,0,10.0,10,0.011946902654867309,10,0.0,10,10,10
95,96,108,V,L,-1.55885648727417,0.82844884654304,38.0,139,55,V,1.0,0.0,-0.0,1.0,24.0,msa_v1_remapped,85.60543414685687,0.4919852537175682,surface,4,96,False,False,False,0.95,0.95,0.0,HLA-A02_like,HLA-A02_like,LLCLIFLLV,LLCLIFLLL,0.72,0.72,0.0,IFLFILLLCLIFLLV,IFLFILLLCLIFLLL,0.95,0.95,0.0,1.191,1.172,-0.019,0.0,0.0,0.0,internal_motif_model_v2,0,0,4,surface_hydrophobic_gain,0,10.0,10,-0.001769911504424737,10,0.0,10,10,10
10,11,23,P,L,-1.561232328414917,0.4400387691277387,,0,0,,,,,0.0,0.0,msa_v1_remapped,79.2949546827029,0.4987104068094521,surface,4,11,False,False,False,0.5,0.8,0.3,HLA-A02_like,HLA-A02_like,LGPLLVLQA,NITSGFLGL,0.72,0.72,0.0,PLLVLQAGFFLLTRI,NITSGFLGLLLVLQA,0.72,0.8,0.08,1.166,1.193,0.027,0.0,0.0,0.0,internal_motif_model_v2,0,0,4,surface_hydrophobic_gain,0,10.0,10,0.023893805309734506,10,0.0,10,10,10
55,56,68,P,S,-1.5709632635116575,3.3120336016423835,,0,0,,,,,0.0,0.0,msa_v1_remapped,128.93022108745885,0.8108818936318166,surface,0,56,False,False,False,0.45,0.45,0.0,HLA-A02_like,HLA-A02_like,CLGQNSQSP,CLGQNSQSS,0.28,0.28,0.0,LGGSPVCLGQNSQSP,LGGSPVCLGQNSQSS,0.45,0.45,0.0,0.971,0.964,-0.007,0.0,0.0,0.0,internal_motif_model_v2,0,0,0,,0,10.0,10,0.0035398230088495852,10,0.0,10,10,10
182,183,195,F,L,-1.571154236793518,-1.91217534141407,,0,0,,,,,0.0,0.0,msa_v1_remapped,74.73678020249761,0.31140325084374,partial,0,183,False,False,False,0.95,0.95,0.0,HLA-A02_like,HLA-A02_like,LVPFVQWFV,LVPFVQWLV,0.64,0.64,0.0,RFSWLSLLVPFVQWF,RFSWLSLLVPFVQWL,0.95,0.95,0.0,1.127,1.15,0.023,0.0,0.0,0.0,internal_motif_model_v2,0,0,0,,0,10.0,10,0.004424778761061954,10,0.0,10,10,10
28,29,41,P,L,-1.6010547876358032,-0.8440106751578469,1.0,139,48,P,1.0,0.0,-0.0,1.0,30.0,msa_v1_remapped,71.6406778105318,0.4505703006951685,surface,4,29,False,False,False,0.9,0.95,0.05,HLA-B07_like,HLA-A02_like,IPQSLDSWW,LLTRILTIL,0.72,0.72,0.0,LQAGFFLLTRILTIP,LQAGFFLLTRILTIL,0.9,0.95,0.05,1.093,1.12,0.027,0.0,0.0,0.0,internal_motif_model_v2,0,0,4,surface_hydrophobic_gain,0,10.0,10,0.023893805309734506,10,0.0,10,10,10
125,126,138,T,C,-1.6108421087265017,2.0719537145255345,68.0,139,139,T,0.9424460431654677,0.0,0.0922175486667447,0.9077824513332552,30.0,msa_v1_remapped,90.1099250917976,0.5238949133244046,surface,0,126,True,True,True,0.8,0.8,0.0,HLA-B07_like,HLA-B07_like,TPAQGNSMF,CPAQGNSMF,0.28,0.28,0.0,GPCKTCTTPAQGNSM,GPCKTCTCPAQGNSM,0.8,0.8,0.0,1.04,1.112,0.072,12.0,41.0,53.0,internal_motif_model_v2,10,15,25,new_cysteine;antibody_interface_mutation,10,9.299999999999999,10,0.01415929203539823,10,-0.00990099009900991,8,10,7
122,123,135,T,N,-1.614355444908142,2.5571098935303667,65.0,139,139,T,0.9856115107913668,0.0,0.0284685318889823,0.9715314681110176,24.0,msa_v1_remapped,97.23741970781474,0.5653338355105508,surface,0,123,True,False,True,0.35,0.35,0.0,HLA-A03_like,HLA-A03_like,TTSTGPCKT,TTSTGPCKN,0.28,0.28,0.0,GPCKTCTTPAQGNSM,GPCKNCTTPAQGNSM,0.35,0.35,0.0,1.078,1.059,-0.019,0.0,19.8,19.8,internal_motif_model_v2,0,15,15,antibody_interface_mutation,0,10.0,10,-0.012389380530973382,10,0.0,10,10,10
81,82,94,I,L,-1.6286615133285522,0.5795320502035111,24.0,139,55,I,0.9818181818181818,0.0181818181818181,0.0303351945483401,0.96966480545166,21.0,msa_v1_remapped,71.25006474635506,0.3616754555652541,surface,4,82,False,False,False,0.95,0.95,0.0,HLA-A02_like,HLA-A02_like,WMCLRRFII,WMCLRRFIL,0.72,0.72,0.0,ICPGYRWMCLRRFII,ICPGYRWMCLRRFIL,0.95,0.95,0.0,1.1,1.114,0.014,0.0,0.0,0.0,internal_motif_model_v2,0,0,4,surface_hydrophobic_gain,0,10.0,10,-0.00309734513274329,10,0.0,10,10,10
19,20,32,F,L,-1.6318035125732422,-0.1967934215020932,,0,0,,,,,0.0,0.0,msa_v1_remapped,125.22908564952348,0.5217878568730145,surface,4,20,False,False,False,0.95,0.95,0.0,HLA-A02_like,HLA-A02_like,FLLTRILTI,LLLTRILTI,0.72,0.72,0.0,PLLVLQAGFFLLTRI,PLLVLQAGFLLLTRI,0.95,0.95,0.0,1.076,1.098,0.023,0.0,0.0,0.0,internal_motif_model_v2,0,0,4,surface_hydrophobic_gain,0,10.0,10,0.004424778761061954,10,0.0,10,10,10
61,62,74,P,S,-1.6426712274551392,0.8838332613637476,,0,0,,,,,0.0,0.0,msa_v1_remapped,95.28858925382806,0.5992993034831954,surface,0,62,False,False,False,0.45,0.45,0.0,HLA-A03_like,HLA-A03_like,QSPTSNHSP,QSPTSNHSS,0.28,0.28,0.0,SPTSCPPICPGYRWM,SSTSCPPICPGYRWM,0.45,0.45,0.0,1.041,1.034,-0.007,0.0,0.0,0.0,internal_motif_model_v2,0,0,0,,0,10.0,10,0.0035398230088495852,10,0.0,10,10,10
186,187,199,S,L,-1.6517610549926758,1.0345173064168875,,0,0,,,,,0.0,0.0,msa_v1_remapped,54.90065109039614,0.3541977489702976,surface,4,187,False,False,False,0.9,0.95,0.05,HLA-B07_like,HLA-A02_like,SPTVWLSAI,LLPTVWLSA,0.72,0.72,0.0,GLSPTVWLSAIWMMW,QWFVGLLPTVWLSAI,0.9,0.95,0.05,1.125,1.159,0.034,0.0,0.0,0.0,internal_motif_model_v2,0,0,4,surface_hydrophobic_gain,0,10.0,10,0.020353982300885032,10,0.0,10,10,10
201,202,214,G,L,-1.654205322265625,3.821861168552686,,0,0,,,,,0.0,0.0,msa_v1_remapped,28.302231225072013,0.2721368387026155,partial,0,202,False,False,False,0.85,0.95,0.1,HLA-A02_like,HLA-A02_like,MMWYWGPSL,WLPSLYSIV,0.72,0.72,0.0,PTVWLSAIWMMWYWG,PTVWLSAIWMMWYWL,0.85,0.95,0.1,1.021,1.075,0.054,0.0,0.0,0.0,internal_motif_model_v2,0,0,0,,0,10.0,10,0.018584070796460184,10,0.0,10,10,10
34,35,47,W,L,-1.6561474800109863,1.543139617638701,7.0,139,48,W,1.0,0.0,-0.0,1.0,30.0,msa_v1_remapped,142.29247021830784,0.4992718253273959,surface,4,35,False,False,False,0.9,0.9,0.0,HLA-B07_like,HLA-A02_like,IPQSLDSWW,TIPQSLDSL,0.54,0.54,0.0,QSLDSWWTSLNFLGG,QSLDSLWTSLNFLGG,0.9,0.9,0.0,0.976,1.027,0.051,0.0,0.0,0.0,internal_motif_model_v2,0,0,4,surface_hydrophobic_gain,0,10.0,10,0.020796460176991216,10,0.0,10,10,10
56,57,69,T,S,-1.6883150339126587,1.765239477322211,,0,0,,,,,0.0,0.0,msa_v1_remapped,64.61356336298215,0.3756602521103613,surface,0,57,False,False,False,0.45,0.45,0.0,HLA-A03_like,HLA-A03_like,QSPTSNHSP,QSPSSNHSP,0.28,0.28,0.0,GGSPVCLGQNSQSPT,GGSPVCLGQNSQSPS,0.45,0.45,0.0,0.985,0.999,0.015,0.0,0.0,0.0,internal_motif_model_v2,0,0,0,,0,10.0,10,-0.0004424778761061843,10,0.0,10,10,10
35,36,48,W,L,-1.7015727758407593,0.2330346331452233,8.0,139,48,W,1.0,0.0,-0.0,1.0,30.0,msa_v1_remapped,68.72076850094993,0.241125503512105,partial,0,36,False,False,False,0.9,0.9,0.0,HLA-B07_like,HLA-B07_like,IPQSLDSWW,IPQSLDSWL,0.54,0.54,0.0,QSLDSWWTSLNFLGG,QSLDSWLTSLNFLGG,0.9,0.9,0.0,0.976,1.027,0.051,0.0,0.0,0.0,internal_motif_model_v2,0,0,0,,0,10.0,10,0.020796460176991216,10,0.0,10,10,10
168,169,181,R,L,-1.7100673913955688,0.9493566392362708,111.0,139,139,R,0.9928057553956836,0.0,0.0142429670997965,0.9857570329002034,30.0,msa_v1_remapped,163.53693761790183,0.5968501372916125,surface,4,169,True,False,False,0.95,0.95,0.0,HLA-A02_like,HLA-A02_like,WASVRFSWL,YLWEWASVL,0.72,0.72,0.0,SWAFAKYLWEWASVR,SWAFAKYLWEWASVL,0.95,0.95,0.0,1.047,1.101,0.054,0.0,13.0,13.0,internal_motif_model_v2,0,0,4,surface_hydrophobic_gain,0,10.0,10,0.03672566371681418,10,-0.9999900000999986,10,10,10
137,138,150,C,N,-1.7211995124816897,2.8195755746736495,80.0,139,139,C,1.0,0.0,-0.0,1.0,30.0,msa_v1_remapped,84.83355739824049,0.5079853736421586,surface,0,138,True,True,True,0.4,0.4,0.0,HLA-A03_like,HLA-A03_like,MFPSCCCTK,MFPSCNCTK,0.28,0.28,0.0,CTTPAQGNSMFPSCC,CTTPAQGNSMFPSCN,0.4,0.4,0.0,1.164,1.074,-0.091,12.0,41.0,53.0,internal_motif_model_v2,25,15,40,possible_disulfide_loss;antibody_interface_mutation,10,10.0,10,-0.026548672566371723,10,0.00990099009900991,10,10,10
114,115,127,T,C,-1.7302383184432983,2.8129130969369385,57.0,139,139,T,0.9928057553956836,0.0,0.0142429670997965,0.9857570329002034,30.0,msa_v1_remapped,141.46170745699257,0.8224517875406545,surface,0,115,True,False,False,0.8,0.45,-0.35,HLA-A03_like,HLA-B07_like,TTTSTGPCK,IPGSTCTST,0.46,0.46,0.0,QGMLPVCPLIPGSTT,QGMLPVCPLIPGSTC,0.8,0.46,-0.34,0.933,1.005,0.072,18.0,13.0,31.0,internal_motif_model_v2,10,0,10,new_cysteine,10,9.299999999999999,10,0.01415929203539823,10,-0.00990099009900991,8,10,7
178,179,191,F,L,-1.746544599533081,-1.1978674474635227,,0,0,,,,,0.0,0.0,msa_v1_remapped,112.30942409171222,0.4679559337154675,surface,4,179,False,False,False,0.95,0.95,0.0,HLA-A02_like,HLA-A02_like,LVPFVQWFV,LVPLVQWFV,0.72,0.72,0.0,WASVRFSWLSLLVPF,WASVRFSWLSLLVPL,0.95,0.95,0.0,1.154,1.177,0.023,0.0,0.0,0.0,internal_motif_model_v2,0,0,4,surface_hydrophobic_gain,0,10.0,10,0.004424778761061954,10,0.0,10,10,10
6,7,19,G,L,-1.7467918395996094,-1.4087556103002044,,0,0,,,,,0.0,0.0,msa_v1_remapped,58.77374474381839,0.5651321609982538,surface,4,7,False,False,False,0.35,0.8,0.45,HLA-A02_like,HLA-A02_like,GENITSGFL,SLFLGPLLV,0.64,0.64,0.0,NITSGFLGPLLVLQA,GENITSLFLGPLLVL,0.64,0.8,0.16,1.023,1.077,0.054,0.0,0.0,0.0,internal_motif_model_v2,0,0,4,surface_hydrophobic_gain,0,10.0,10,0.018584070796460184,10,0.0,10,10,10
210,211,223,P,L,-1.7547802925109863,-7.247239991119216,,0,0,,,,,0.0,0.0,msa_v1_remapped,76.72563454689102,0.4825511606722705,surface,4,211,False,False,False,0.8,0.9,0.1,HLA-A02_like,HLA-A02_like,SIVSPFIPL,SIVSLFIPL,0.64,0.64,0.0,VSPFIPLLPIFFCLW,GPSLYSIVSLFIPLL,0.8,0.9,0.1,1.131,1.158,0.027,0.0,0.0,0.0,internal_motif_model_v2,0,0,4,surface_hydrophobic_gain,0,10.0,10,0.023893805309734506,10,0.0,10,10,10
77,78,90,R,L,-1.7604379653930664,2.816938524218358,20.0,139,55,R,1.0,0.0,-0.0,1.0,30.0,msa_v1_remapped,110.34264886048828,0.402710397301052,surface,4,78,False,False,False,0.95,0.95,0.0,HLA-A02_like,HLA-A02_like,WMCLRRFII,WMCLLRFII,0.72,0.72,0.0,PPICPGYRWMCLRRF,PPICPGYRWMCLLRF,0.95,0.95,0.0,1.068,1.122,0.054,0.0,0.0,0.0,internal_motif_model_v2,0,0,4,surface_hydrophobic_gain,0,10.0,10,0.03672566371681418,10,-0.9999900000999986,10,10,10
117,118,130,T,S,-1.7632601261138916,1.0303034310949215,60.0,139,139,T,0.935251798561151,0.0,0.1003090562394382,0.8996909437605618,24.0,msa_v1_remapped,101.67212959673392,0.5911170325391507,surface,0,118,True,False,False,0.8,0.8,0.0,HLA-A03_like,HLA-A03_like,TTTSTGPCK,TTTSSGPCK,0.28,0.28,0.0,LPVCPLIPGSTTTST,LPVCPLIPGSTTTSS,0.8,0.8,0.0,1.013,1.027,0.015,0.0,7.8,7.8,internal_motif_model_v2,0,0,0,,0,10.0,10,-0.0004424778761061843,10,0.0,10,10,10
114,115,127,T,S,-1.801933765411377,1.7721357142012266,57.0,139,139,T,0.9928057553956836,0.0,0.0142429670997965,0.9857570329002034,24.0,msa_v1_remapped,141.46170745699257,0.8224517875406545,surface,0,115,True,False,False,0.8,0.8,0.0,HLA-A03_like,HLA-A03_like,TTTSTGPCK,TSTSTGPCK,0.46,0.46,0.0,QGMLPVCPLIPGSTT,QGMLPVCPLIPGSTS,0.8,0.8,0.0,0.933,0.948,0.015,0.0,7.8,7.8,internal_motif_model_v2,0,0,0,,0,10.0,10,-0.0004424778761061843,10,0.0,10,10,10
206,207,219,S,L,-1.8278276920318604,-0.371688721710143,,0,0,,,,,0.0,0.0,msa_v1_remapped,76.10937973196283,0.4910282563352441,surface,4,207,False,False,False,0.8,0.85,0.05,HLA-A02_like,HLA-A02_like,SIVSPFIPL,LIVSPFIPL,0.54,0.54,0.0,SAIWMMWYWGPSLYS,SAIWMMWYWGPSLYL,0.8,0.85,0.05,1.14,1.174,0.034,0.0,0.0,0.0,internal_motif_model_v2,0,0,4,surface_hydrophobic_gain,0,10.0,10,0.020353982300885032,10,0.0,10,10,10
167,168,180,V,S,-1.8397836685180664,-0.0669843246633377,110.0,139,139,V,0.5827338129496403,0.0,0.2267873717109939,0.773212628289006,17.0,msa_v1_remapped,111.18428153238494,0.6389901237493387,surface,0,168,True,False,False,0.95,0.95,0.0,HLA-A02_like,HLA-A02_like,WASVRFSWL,WASSRFSWL,0.72,0.72,0.0,SSWAFAKYLWEWASV,SSWAFAKYLWEWASS,0.95,0.95,0.0,1.047,0.994,-0.053,0.0,13.0,13.0,internal_motif_model_v2,0,0,0,,0,10.0,10,-0.02212389380530977,10,0.0,10,10,10
99,100,112,Y,L,-1.8435794115066528,3.846623983610982,42.0,139,55,Y,0.9636363636363636,0.0,0.0605579893382868,0.9394420106617132,30.0,msa_v1_remapped,174.16381459164077,0.6622198273446417,surface,4,100,True,False,False,0.95,0.95,0.0,HLA-A02_like,HLA-A02_like,LVLLDYQGM,LVLLDLQGM,0.72,0.72,0.0,ILLLCLIFLLVLLDY,ILLLCLIFLLVLLDL,0.95,0.95,0.0,1.035,1.047,0.013,0.0,13.0,13.0,internal_motif_model_v2,0,0,4,surface_hydrophobic_gain,0,10.0,10,0.022566371681415953,10,0.000999000999000188,10,10,10
46,47,59,V,S,-1.8507957458496096,4.107669567758592,,0,0,,,,,0.0,0.0,msa_v1_remapped,74.58271649876558,0.4286363017170435,surface,0,47,False,False,False,0.85,0.85,0.0,HLA-A02_like,HLA-A02_like,FLGGSPVCL,FLGGSPSCL,0.54,0.54,0.0,DSWWTSLNFLGGSPV,DSWWTSLNFLGGSPS,0.85,0.85,0.0,1.124,1.071,-0.053,0.0,0.0,0.0,internal_motif_model_v2,0,0,0,,0,10.0,10,-0.02212389380530977,10,0.0,10,10,10
197,198,210,M,L,-1.8516727685928345,1.8742891882152437,,0,0,,,,,0.0,0.0,msa_v1_remapped,126.22557370650097,0.5635070254754507,surface,4,198,False,False,False,0.85,0.85,0.0,HLA-A02_like,HLA-A02_like,MMWYWGPSL,MLWYWGPSL,0.72,0.72,0.0,GLSPTVWLSAIWMMW,GLSPTVWLSAIWMLW,0.85,0.85,0.0,0.949,1.01,0.061,0.0,0.0,0.0,internal_motif_model_v2,0,0,4,surface_hydrophobic_gain,0,10.0,10,0.008407079646017723,10,0.0,10,10,10
169,170,182,F,L,-1.8556889295578003,2.0613651464108216,112.0,139,139,F,1.0,0.0,-0.0,1.0,30.0,msa_v1_remapped,111.10179587567232,0.462924149481968,surface,4,170,False,False,False,0.95,0.95,0.0,HLA-A02_like,HLA-A02_like,WASVRFSWL,WASVRLSWL,0.72,0.72,0.0,WAFAKYLWEWASVRF,WAFAKYLWEWASVRL,0.95,0.95,0.0,1.073,1.096,0.023,0.0,0.0,0.0,internal_motif_model_v2,0,0,4,surface_hydrophobic_gain,0,10.0,10,0.004424778761061954,10,0.0,10,10,10
202,203,215,P,L,-1.8695510625839231,3.748696208208002,,0,0,,,,,0.0,0.0,msa_v1_remapped,95.11239617144416,0.5981911708895858,surface,4,203,False,False,False,0.85,0.85,0.0,HLA-A02_like,HLA-A02_like,MMWYWGPSL,MMWYWGLSL,0.72,0.72,0.0,TVWLSAIWMMWYWGP,TVWLSAIWMMWYWGL,0.85,0.85,0.0,1.059,1.086,0.027,0.0,0.0,0.0,internal_motif_model_v2,0,0,4,surface_hydrophobic_gain,0,10.0,10,0.023893805309734506,10,0.0,10,10,10
173,174,186,S,L,-1.8702199459075928,1.0457954729644143,,0,0,,,,,0.0,0.0,msa_v1_remapped,66.09352996297646,0.4264098707288803,surface,4,174,False,False,False,0.9,0.9,0.0,HLA-A02_like,HLA-A02_like,SVRFSWLSL,SVRFSWLLL,0.72,0.72,0.0,KYLWEWASVRFSWLS,KYLWEWASVRFSWLL,0.9,0.9,0.0,1.15,1.184,0.034,0.0,0.0,0.0,internal_motif_model_v2,0,0,4,surface_hydrophobic_gain,0,10.0,10,0.020353982300885032,10,0.0,10,10,10
80,81,93,I,F,-1.875370979309082,3.049847463875608,23.0,139,55,I,1.0,0.0,-0.0,1.0,30.0,msa_v1_remapped,57.96615436991598,0.2942444384259694,partial,0,81,False,False,False,0.95,0.95,0.0,HLA-A02_like,HLA-A02_like,WMCLRRFII,WMCLRRFFI,0.72,0.72,0.0,PICPGYRWMCLRRFI,PICPGYRWMCLRRFF,0.95,0.95,0.0,1.069,1.06,-0.009,0.0,0.0,0.0,internal_motif_model_v2,0,0,0,,0,10.0,10,-0.007522123893805244,10,0.0,10,10,10
100,101,113,Q,F,-1.876120924949646,2.3909913384939045,43.0,139,105,Q,0.961904761904762,0.0,0.0540244319945852,0.9459755680054148,30.0,msa_v1_remapped,106.8915464986668,0.4750735399940746,surface,4,101,True,False,True,0.95,0.95,0.0,HLA-A02_like,HLA-A02_like,LVLLDYQGM,LVLLDYFGM,0.72,0.72,0.0,LLLCLIFLLVLLDYQ,LLLCLIFLLVLLDYF,0.95,0.95,0.0,1.035,1.045,0.011,0.0,33.0,33.0,internal_motif_model_v2,0,15,19,surface_hydrophobic_gain;antibody_interface_mutation,0,10.0,10,0.027876106194690276,10,0.0,10,10,10
83,84,96,L,I,-1.876678466796875,1.7225256176938617,26.0,139,55,L,1.0,0.0,-0.0,1.0,24.0,msa_v1_remapped,79.95790613083403,0.3978005280140996,surface,4,84,False,False,False,0.95,0.95,0.0,HLA-A02_like,HLA-A02_like,FIIFLFILL,FIIFIFILL,0.72,0.72,0.0,PGYRWMCLRRFIIFL,PGYRWMCLRRFIIFI,0.95,0.95,0.0,1.163,1.149,-0.014,0.0,0.0,0.0,internal_motif_model_v2,0,0,4,surface_hydrophobic_gain,0,10.0,10,0.003097345132743401,10,0.0,10,10,10
78,79,91,R,L,-1.8821477890014648,4.664641331038865,21.0,139,55,R,1.0,0.0,-0.0,1.0,30.0,msa_v1_remapped,124.31419103694508,0.4537014271421353,surface,4,79,False,False,False,0.95,0.95,0.0,HLA-A02_like,HLA-A02_like,WMCLRRFII,WMCLRLFII,0.72,0.72,0.0,PPICPGYRWMCLRRF,PPICPGYRWMCLRLF,0.95,0.95,0.0,1.115,1.169,0.054,0.0,0.0,0.0,internal_motif_model_v2,0,0,4,surface_hydrophobic_gain,0,10.0,10,0.03672566371681418,10,-0.9999900000999986,10,10,10
113,114,126,T,S,-1.8908412456512451,-1.4036235507340962,56.0,139,139,S,0.0503597122302158,0.920863309352518,0.1196530392664537,0.8803469607335462,0.0,msa_v1_remapped,119.72016470137704,0.6960474691940525,surface,0,114,True,False,False,0.8,0.8,0.0,HLA-A03_like,HLA-A03_like,TTTSTGPCK,STTSTGPCK,0.46,0.46,0.0,YQGMLPVCPLIPGST,YQGMLPVCPLIPGSS,0.8,0.8,0.0,0.956,0.97,0.015,0.0,7.8,7.8,internal_motif_model_v2,0,0,0,,0,10.0,10,-0.0004424778761061843,10,0.0,10,10,10
137,138,150,C,T,-1.897111654281616,0.2136708045907767,80.0,139,139,C,1.0,0.0,-0.0,1.0,30.0,msa_v1_remapped,84.83355739824049,0.5079853736421586,surface,0,138,True,True,True,0.4,0.4,0.0,HLA-A03_like,HLA-A03_like,MFPSCCCTK,MFPSCTCTK,0.28,0.28,0.0,CTTPAQGNSMFPSCC,CTTPAQGNSMFPSCT,0.4,0.4,0.0,1.164,1.093,-0.072,12.0,41.0,53.0,internal_motif_model_v2,25,15,40,possible_disulfide_loss;antibody_interface_mutation,10,10.0,10,-0.01415929203539823,10,0.00990099009900991,10,10,10
127,128,140,A,C,-1.898742198944092,3.5822867115068107,70.0,139,139,A,0.9568345323741008,0.0,0.0718774674471033,0.9281225325528968,30.0,msa_v1_remapped,102.68746720963291,0.7960268775940537,surface,0,128,True,True,True,0.8,0.8,0.0,HLA-B07_like,HLA-B07_like,TPAQGNSMF,TPCQGNSMF,0.28,0.18,-0.1,GPCKTCTTPAQGNSM,CQGNSMFPSCCCTKP,0.8,0.8,0.0,0.944,0.994,0.05,12.0,41.0,53.0,internal_motif_model_v2,10,15,25,new_cysteine;antibody_interface_mutation,10,9.299999999999999,10,0.003097345132743401,10,-0.00990099009900991,8,10,7
138,139,151,C,P,-1.9012168645858765,1.1553888982646183,81.0,139,139,C,0.9928057553956836,0.0,0.0142429670997965,0.9857570329002034,30.0,msa_v1_remapped,49.33748112030749,0.295434018684476,partial,0,139,True,True,True,0.4,0.35,-0.05,HLA-A03_like,HLA-B07_like,MFPSCCCTK,CPTKPTDGN,0.28,0.28,0.0,TTPAQGNSMFPSCCC,TTPAQGNSMFPSCCP,0.4,0.35,-0.05,1.164,1.115,-0.05,12.0,36.0,48.0,internal_motif_model_v2,25,15,48,possible_disulfide_loss;new_proline;antibody_interface_mutation,15,9.2,10,-0.018141592920354,10,0.00990099009900991,6,10,10
47,48,60,C,S,-1.9021170139312744,2.9983548167011236,,0,0,,,,,0.0,0.0,msa_v1_remapped,64.65557273994597,0.3871591182032692,surface,0,48,False,False,False,0.85,0.85,0.0,HLA-A02_like,HLA-A02_like,FLGGSPVCL,FLGGSPVSL,0.54,0.54,0.0,SWWTSLNFLGGSPVC,SWWTSLNFLGGSPVS,0.85,0.85,0.0,1.144,1.087,-0.057,0.0,0.0,0.0,internal_motif_model_v2,25,0,25,possible_disulfide_loss,10,10.0,10,-0.014601769911504414,10,0.00990099009900991,10,10,10
50,51,63,Q,S,-1.902264952659607,1.9036821826530288,,0,0,,,,,1.0,20.0,msa_v1_remapped,172.1953554667545,0.7653126909633534,surface,0,51,False,False,False,0.45,0.45,0.0,HLA-A02_like,HLA-A02_like,CLGQNSQSP,CLGSNSQSP,0.46,0.46,0.0,TSLNFLGGSPVCLGQ,TSLNFLGGSPVCLGS,0.46,0.46,0.0,1.051,1.05,-0.0,0.0,0.0,0.0,internal_motif_model_v2,0,0,0,,0,10.0,10,0.011946902654867309,10,0.0,10,10,10
198,199,211,W,L,-1.9030436277389529,-0.2662866928646963,,0,0,,,,,0.0,0.0,msa_v1_remapped,211.93063403958848,0.7436162597880298,surface,4,199,False,False,False,0.85,0.95,0.1,HLA-A02_like,HLA-A02_like,MMWYWGPSL,WLSAIWMML,0.72,0.72,0.0,GLSPTVWLSAIWMMW,GLSPTVWLSAIWMML,0.85,0.95,0.1,0.909,0.96,0.051,0.0,0.0,0.0,internal_motif_model_v2,0,0,4,surface_hydrophobic_gain,0,10.0,10,0.020796460176991216,10,0.0,10,10,10
208,209,221,V,F,-1.9049780368804932,0.0075377222486281,,0,0,,,,,0.0,0.0,msa_v1_remapped,66.41955188219539,0.3817215625413528,surface,4,209,False,False,False,0.8,0.8,0.0,HLA-A02_like,HLA-A02_like,SIVSPFIPL,SIFSPFIPL,0.64,0.64,0.0,VSPFIPLLPIFFCLW,FSPFIPLLPIFFCLW,0.8,0.8,0.0,1.125,1.083,-0.042,0.0,0.0,0.0,internal_motif_model_v2,0,0,4,surface_hydrophobic_gain,0,10.0,10,-0.006194690265486691,10,0.0,10,10,10
170,171,183,S,P,-1.9210268259048464,-2.619210459144199,,0,0,,,,,0.0,0.0,msa_v1_remapped,87.97547677746624,0.5675837211449435,surface,0,171,False,False,False,0.95,0.85,-0.1,HLA-A02_like,HLA-A02_like,WASVRFSWL,WASVRFPWL,0.72,0.72,0.0,AFAKYLWEWASVRFS,AFAKYLWEWASVRFP,0.95,0.85,-0.1,1.073,1.081,0.007,0.0,0.0,0.0,internal_motif_model_v2,0,0,8,new_proline,5,9.2,10,-0.003539823008849474,10,0.0,6,10,10
217,218,230,I,F,-1.9218218326568604,1.9376975405764936,,0,0,,,,,0.0,0.0,msa_v1_remapped,91.77974441903363,0.4658870275077849,surface,4,218,False,False,False,0.95,0.95,0.0,HLA-B07_like,HLA-B07_like,LPIFFCLWV,LPFFFCLWV,0.64,0.64,0.0,VSPFIPLLPIFFCLW,VSPFIPLLPFFFCLW,0.95,0.95,0.0,1.187,1.178,-0.009,0.0,0.0,0.0,internal_motif_model_v2,0,0,4,surface_hydrophobic_gain,0,10.0,10,-0.007522123893805244,10,0.0,10,10,10
119,120,132,P,T,-1.9300565719604492,3.0240794269971047,62.0,139,139,P,0.9568345323741008,0.0287769784172661,0.0685482845239413,0.9314517154760588,27.0,msa_v1_remapped,84.19185568281821,0.5295085263070328,surface,0,120,True,False,True,0.8,0.8,0.0,HLA-A03_like,HLA-A03_like,TTTSTGPCK,TTTSTGTCK,0.28,0.28,0.0,VCPLIPGSTTTSTGP,VCPLIPGSTTTSTGT,0.8,0.8,0.0,1.016,0.994,-0.022,0.0,33.0,33.0,internal_motif_model_v2,0,15,15,antibody_interface_mutation,0,10.0,10,0.0039823008849557695,10,0.0,10,10,10
98,99,111,D,L,-1.9388976097106936,1.9966130989801627,41.0,139,55,D,0.9818181818181818,0.0,0.0303351945483401,0.96966480545166,30.0,msa_v1_remapped,40.32482985020663,0.2089369422290499,partial,0,99,True,False,False,0.95,0.95,0.0,HLA-A02_like,HLA-A02_like,LVLLDYQGM,LIFLLVLLL,0.72,0.72,0.0,FILLLCLIFLLVLLD,FILLLCLIFLLVLLL,0.95,0.95,0.0,1.114,1.169,0.055,0.0,8.0,8.0,internal_motif_model_v2,0,0,0,,0,10.0,10,0.03230088495575223,10,0.9988792390601553,10,10,10
213,214,226,P,F,-1.941429853439331,-2.3605013482190316,,0,0,,,,,0.0,0.0,msa_v1_remapped,71.3683394265774,0.4488574806702982,surface,4,214,False,False,False,0.8,0.9,0.1,HLA-A02_like,HLA-B07_like,SIVSPFIPL,SPFIFLLPI,0.64,0.64,0.0,VSPFIPLLPIFFCLW,VSPFIFLLPIFFCLW,0.8,0.9,0.1,1.134,1.137,0.004,0.0,0.0,0.0,internal_motif_model_v2,0,0,4,surface_hydrophobic_gain,0,10.0,10,0.019469026548672552,10,0.0,10,10,10
176,177,189,V,L,-1.94761323928833,-7.859066850145155,,0,0,,,,,0.0,0.0,msa_v1_remapped,60.24524161001862,0.3462370207472334,partial,0,177,False,False,False,0.95,0.95,0.0,HLA-A02_like,HLA-A02_like,LVPFVQWFV,LLPFVQWFV,0.72,0.72,0.0,WEWASVRFSWLSLLV,WEWASVRFSWLSLLL,0.95,0.95,0.0,1.205,1.186,-0.019,0.0,0.0,0.0,internal_motif_model_v2,0,0,0,,0,10.0,10,-0.001769911504424737,10,0.0,10,10,10
67,68,80,I,S,-1.9503185749053955,0.6987384783381003,,0,0,,,,,0.0,0.0,msa_v1_remapped,148.48458703764516,0.7537288682113967,surface,0,68,False,False,False,0.8,0.8,0.0,HLA-B07_like,HLA-B07_like,PPICPGYRW,PPSCPGYRW,0.72,0.72,0.0,PPICPGYRWMCLRRF,PPSCPGYRWMCLRRF,0.8,0.8,0.0,1.149,1.129,-0.02,0.0,0.0,0.0,internal_motif_model_v2,0,0,0,,0,10.0,10,-0.02345132743362832,10,0.0,10,10,10
123,124,136,C,S,-1.9510653018951416,0.4551728744380625,66.0,139,139,C,0.9928057553956836,0.0,0.0142429670997965,0.9857570329002034,30.0,msa_v1_remapped,12.47212283475148,0.0746833702679729,buried,0,124,True,True,True,0.35,0.45,0.1,HLA-B07_like,HLA-B07_like,GPCKTCTTP,GPCKTSTTP,0.28,0.28,0.0,GPCKTCTTPAQGNSM,GPCKTSTTPAQGNSM,0.35,0.45,0.1,1.078,1.021,-0.057,12.0,36.0,48.0,internal_motif_model_v2,25,15,40,possible_disulfide_loss;antibody_interface_mutation,10,10.0,10,-0.014601769911504414,10,0.00990099009900991,10,10,10
113,114,126,T,N,-1.954566478729248,-2.398053351088151,56.0,139,139,S,0.0503597122302158,0.0,0.1196530392664537,0.8803469607335462,6.0,msa_v1_remapped,119.72016470137704,0.6960474691940525,surface,0,114,True,False,False,0.8,0.8,0.0,HLA-A03_like,HLA-A03_like,TTTSTGPCK,NTTSTGPCK,0.46,0.46,0.0,YQGMLPVCPLIPGST,YQGMLPVCPLIPGSN,0.8,0.8,0.0,0.956,0.937,-0.019,0.0,7.8,7.8,internal_motif_model_v2,0,0,0,,0,10.0,10,-0.012389380530973382,10,0.0,10,10,10
74,75,87,M,S,-1.955883741378784,3.039566930775436,17.0,139,55,M,1.0,0.0,-0.0,1.0,30.0,msa_v1_remapped,44.92917317604907,0.2005766659645047,partial,0,75,False,False,False,0.95,0.8,-0.15,HLA-A02_like,HLA-B07_like,WMCLRRFII,CPGYRWSCL,0.72,0.72,0.0,PPICPGYRWMCLRRF,GYRWSCLRRFIIFLF,0.95,0.8,-0.15,1.041,1.068,0.027,10.0,0.0,10.0,internal_motif_model_v2,0,0,0,,0,10.0,10,-0.011946902654867197,10,0.0,10,10,10
212,213,225,I,F,-1.9590251445770264,3.969699686396325,,0,0,,,,,0.0,0.0,msa_v1_remapped,69.36159057042916,0.352089292235681,surface,4,213,False,False,False,0.8,0.8,0.0,HLA-A02_like,HLA-A02_like,SIVSPFIPL,SIVSPFFPL,0.64,0.64,0.0,VSPFIPLLPIFFCLW,VSPFFPLLPIFFCLW,0.8,0.8,0.0,1.126,1.117,-0.009,0.0,0.0,0.0,internal_motif_model_v2,0,0,4,surface_hydrophobic_gain,0,10.0,10,-0.007522123893805244,10,0.0,10,10,10
106,107,119,C,L,-1.966683268547058,4.924030196482704,49.0,139,137,C,1.0,0.0,-0.0,1.0,30.0,msa_v1_remapped,89.81939060319363,0.5378406622945726,surface,4,107,True,False,False,0.8,0.8,0.0,HLA-A02_like,HLA-A02_like,GMLPVCPLI,GMLPVLPLI,0.72,0.72,0.0,FLLVLLDYQGMLPVC,FLLVLLDYQGMLPVL,0.8,0.8,0.0,1.225,1.202,-0.023,0.0,13.0,13.0,internal_motif_model_v2,25,0,29,possible_disulfide_loss;surface_hydrophobic_gain,10,10.0,10,0.005752212389380507,10,0.00990099009900991,10,10,10
152,153,165,P,S,-1.9685537815093992,4.536011898616039,95.0,139,139,P,1.0,0.0,-0.0,1.0,30.0,msa_v1_remapped,55.669172618058504,0.3501205825035126,surface,0,153,True,False,False,0.9,0.9,0.0,HLA-A02_like,HLA-A02_like,PIPSSWAFA,CIPISSSWA,0.72,0.72,0.0,IPSSWAFAKYLWEWA,ISSSWAFAKYLWEWA,0.9,0.9,0.0,1.05,1.042,-0.007,0.0,13.0,13.0,internal_motif_model_v2,0,0,0,,0,10.0,10,0.0035398230088495852,10,0.0,10,10,10
105,106,118,V,S,-1.9866886138916016,3.026246081480963,48.0,139,137,V,1.0,0.0,-0.0,1.0,30.0,msa_v1_remapped,84.28376611749164,0.4843894604453542,surface,0,106,True,False,True,0.8,0.8,0.0,HLA-A02_like,HLA-A02_like,GMLPVCPLI,GMLPSCPLI,0.72,0.72,0.0,IFLLVLLDYQGMLPV,IFLLVLLDYQGMLPS,0.8,0.8,0.0,1.178,1.125,-0.053,0.0,33.0,33.0,internal_motif_model_v2,0,15,15,antibody_interface_mutation,0,10.0,10,-0.02212389380530977,10,0.0,10,10,10
174,175,187,L,S,-1.9925837516784668,-1.94449418374046,,0,0,,,,,0.0,0.0,msa_v1_remapped,134.691788916807,0.6701084025711792,surface,0,175,False,False,False,0.9,0.85,-0.05,HLA-A02_like,HLA-A02_like,SVRFSWLSL,WLSSLVPFV,0.72,0.72,0.0,YLWEWASVRFSWLSL,YLWEWASVRFSWLSS,0.9,0.85,-0.05,1.157,1.123,-0.034,0.0,0.0,0.0,internal_motif_model_v2,0,0,0,,0,10.0,10,-0.02035398230088492,10,0.0,10,10,10
216,217,229,P,F,-2.000666618347168,1.1794427210304548,,0,0,,,,,0.0,0.0,msa_v1_remapped,39.57939274536285,0.2489269983985085,partial,0,217,False,False,False,0.95,0.9,-0.05,HLA-B07_like,HLA-A02_like,LPIFFCLWV,PLLFIFFCL,0.64,0.72,0.08,VSPFIPLLPIFFCLW,VSPFIPLLFIFFCLW,0.95,0.9,-0.05,1.137,1.141,0.004,0.0,0.0,0.0,internal_motif_model_v2,0,0,0,,0,10.0,10,0.019469026548672552,10,0.0,10,10,10
210,211,223,P,F,-2.0081396102905273,-6.544593437789615,,0,0,,,,,0.0,0.0,msa_v1_remapped,76.72563454689102,0.4825511606722705,surface,4,211,False,False,False,0.8,0.9,0.1,HLA-A02_like,HLA-A02_like,SIVSPFIPL,SIVSFFIPL,0.64,0.64,0.0,VSPFIPLLPIFFCLW,GPSLYSIVSFFIPLL,0.8,0.9,0.1,1.131,1.135,0.004,0.0,0.0,0.0,internal_motif_model_v2,0,0,4,surface_hydrophobic_gain,0,10.0,10,0.019469026548672552,10,0.0,10,10,10
160,161,173,Y,S,-2.0088534355163574,3.787463856762088,103.0,139,139,F,0.4676258992805755,0.0,0.2306780064321617,0.7693219935678383,12.0,msa_v1_remapped,134.63810538154243,0.5119319596256366,surface,0,161,True,False,False,0.95,0.95,0.0,HLA-A02_like,HLA-A02_like,FAKYLWEWA,FAKSLWEWA,0.72,0.72,0.0,IPSSWAFAKYLWEWA,AKSLWEWASVRFSWL,0.95,0.95,0.0,1.034,1.013,-0.021,0.0,13.0,13.0,internal_motif_model_v2,0,0,0,,0,10.0,10,0.0022123893805309214,10,0.000999000999000188,10,10,10
184,185,197,G,L,-2.0092580318450928,-0.6083365558444029,,0,0,,,,,0.0,0.0,msa_v1_remapped,65.41268400309048,0.6289681154143315,surface,4,185,False,False,False,0.45,0.9,0.45,HLA-B07_like,HLA-B07_like,VPFVQWFVG,VPFVQWFVL,0.72,0.72,0.0,GLSPTVWLSAIWMMW,SWLSLLVPFVQWFVL,0.72,0.9,0.18,1.081,1.135,0.054,0.0,0.0,0.0,internal_motif_model_v2,0,0,4,surface_hydrophobic_gain,0,10.0,10,0.018584070796460184,10,0.0,10,10,10
189,190,202,V,L,-2.0204274654388428,3.0093227802087767,,0,0,,,,,0.0,0.0,msa_v1_remapped,75.80823922656033,0.4356795357848295,surface,4,190,False,False,False,0.9,0.9,0.0,HLA-B07_like,HLA-B07_like,SPTVWLSAI,SPTLWLSAI,0.72,0.72,0.0,GLSPTVWLSAIWMMW,GLSPTLWLSAIWMMW,0.9,0.9,0.0,1.075,1.056,-0.019,0.0,0.0,0.0,internal_motif_model_v2,0,0,4,surface_hydrophobic_gain,0,10.0,10,-0.001769911504424737,10,0.0,10,10,10
110,111,123,P,S,-2.0210976600646973,2.83720809576738,53.0,139,139,P,0.9928057553956836,0.0,0.0142429670997965,0.9857570329002034,30.0,msa_v1_remapped,123.27845820453896,0.7753362151228865,surface,0,111,True,False,False,0.45,0.45,0.0,HLA-B07_like,HLA-A03_like,IPGSTTTST,ISGSTTTST,0.46,0.46,0.0,LLDYQGMLPVCPLIP,LLDYQGMLPVCPLIS,0.46,0.46,0.0,1.046,1.039,-0.007,0.0,13.0,13.0,internal_motif_model_v2,0,0,0,,0,10.0,10,0.0035398230088495852,10,0.0,10,10,10
3,4,16,I,L,-2.0243334770202637,1.8085097907887755,,0,0,,,,,0.0,0.0,msa_v1_remapped,158.29967646969652,0.8035516572065813,surface,4,4,False,False,False,0.35,0.4,0.05,HLA-A02_like,HLA-A02_like,GENITSGFL,LTSGFLGPL,0.64,0.64,0.0,NITSGFLGPLLVLQA,NLTSGFLGPLLVLQA,0.64,0.64,0.0,0.921,0.935,0.014,0.0,0.0,0.0,internal_motif_model_v2,0,0,4,surface_hydrophobic_gain,0,10.0,10,-0.00309734513274329,10,0.0,10,10,10
128,129,141,Q,S,-2.025979995727539,0.2573122492674429,71.0,139,139,Q,0.9496402877697842,0.0,0.0835009187140195,0.9164990812859805,24.0,msa_v1_remapped,172.83533558940258,0.7681570470640114,surface,0,129,True,True,True,0.8,0.8,0.0,HLA-B07_like,HLA-B07_like,TPAQGNSMF,TPASGNSMF,0.28,0.28,0.0,GPCKTCTTPAQGNSM,GPCKTCTTPASGNSM,0.8,0.8,0.0,0.959,0.959,-0.0,7.2,24.6,31.8,internal_motif_model_v2,0,15,15,antibody_interface_mutation,0,10.0,10,0.011946902654867309,10,0.0,10,10,10
156,157,169,A,S,-2.029944896697998,3.1198867414065035,99.0,139,139,A,0.9928057553956836,0.0,0.0142429670997965,0.9857570329002034,30.0,msa_v1_remapped,39.44322355338566,0.3057614228944624,partial,0,157,True,False,False,0.9,0.9,0.0,HLA-A02_like,HLA-A02_like,PIPSSWAFA,PIPSSWSFA,0.72,0.72,0.0,IPSSWAFAKYLWEWA,IPSSWSFAKYLWEWA,0.9,0.9,0.0,1.009,1.002,-0.007,0.0,8.0,8.0,internal_motif_model_v2,0,0,0,,0,10.0,10,-0.011504424778761124,10,0.0,10,10,10
119,120,132,P,S,-2.034749984741211,3.950749887460802,62.0,139,139,P,0.9568345323741008,0.014388489208633,0.0685482845239413,0.9314517154760588,27.0,msa_v1_remapped,84.19185568281821,0.5295085263070328,surface,0,120,True,False,True,0.8,0.8,0.0,HLA-A03_like,HLA-A03_like,TTTSTGPCK,TTTSTGSCK,0.28,0.28,0.0,VCPLIPGSTTTSTGP,VCPLIPGSTTTSTGS,0.8,0.8,0.0,1.016,1.008,-0.007,0.0,33.0,33.0,internal_motif_model_v2,0,15,15,antibody_interface_mutation,0,10.0,10,0.0035398230088495852,10,0.0,10,10,10
27,28,40,I,S,-2.036527156829834,2.6212502254190326,0.0,139,48,I,0.9583333333333334,0.0,0.0578173184160061,0.942182681583994,30.0,msa_v1_remapped,89.36448798695382,0.4536268425733696,surface,0,28,False,False,False,0.95,0.9,-0.05,HLA-A02_like,HLA-B07_like,FLLTRILTI,SPQSLDSWW,0.72,0.72,0.0,VLQAGFFLLTRILTI,VLQAGFFLLTRILTS,0.95,0.9,-0.05,1.079,1.059,-0.02,0.0,0.0,0.0,internal_motif_model_v2,0,0,0,,0,10.0,10,-0.02345132743362832,10,0.0,10,10,10
128,129,141,Q,T,-2.0371899604797363,-0.6442985844060445,71.0,139,139,Q,0.9496402877697842,0.0,0.0835009187140195,0.9164990812859805,24.0,msa_v1_remapped,172.83533558940258,0.7681570470640114,surface,0,129,True,True,True,0.8,0.8,0.0,HLA-B07_like,HLA-B07_like,TPAQGNSMF,TPATGNSMF,0.28,0.28,0.0,GPCKTCTTPAQGNSM,GPCKTCTTPATGNSM,0.8,0.8,0.0,0.959,0.944,-0.015,7.2,24.6,31.8,internal_motif_model_v2,0,15,15,antibody_interface_mutation,0,10.0,10,0.012389380530973493,10,0.0,10,10,10
84,85,97,F,I,-2.0459697246551514,0.2427358363431722,27.0,139,55,F,1.0,0.0,-0.0,1.0,30.0,msa_v1_remapped,121.97044982003156,0.5082102075834648,surface,4,85,False,False,False,0.95,0.95,0.0,HLA-A02_like,HLA-A02_like,FIIFLFILL,FIIFLIILL,0.72,0.72,0.0,GYRWMCLRRFIIFLF,GYRWMCLRRFIIFLI,0.95,0.95,0.0,1.177,1.185,0.009,0.0,0.0,0.0,internal_motif_model_v2,0,0,4,surface_hydrophobic_gain,0,10.0,10,0.007522123893805355,10,0.0,10,10,10
140,141,153,K,S,-2.047354221343994,3.214390553199564,83.0,139,139,K,1.0,0.0,-0.0,1.0,30.0,msa_v1_remapped,165.6680181449085,0.7019831277326631,surface,0,141,True,True,True,0.4,0.4,0.0,HLA-A03_like,HLA-B07_like,MFPSCCCTK,FPSCCCTSP,0.28,0.28,0.0,PAQGNSMFPSCCCTK,PAQGNSMFPSCCCTS,0.4,0.4,0.0,1.072,1.083,0.012,12.0,41.0,53.0,internal_motif_model_v2,0,15,15,antibody_interface_mutation,0,10.0,10,0.013716814159292157,10,-0.9990009990009989,10,10,10
115,116,128,T,S,-2.0477614402770996,-0.3612082359198894,58.0,139,139,T,0.9856115107913668,0.0,0.0284685318889823,0.9715314681110176,24.0,msa_v1_remapped,105.65926306348148,0.6142980410667529,surface,0,116,True,False,False,0.8,0.8,0.0,HLA-A03_like,HLA-A03_like,TTTSTGPCK,TTSSTGPCK,0.28,0.28,0.0,GMLPVCPLIPGSTTT,GMLPVCPLIPGSTTS,0.8,0.8,0.0,0.933,0.948,0.015,0.0,7.8,7.8,internal_motif_model_v2,0,0,0,,0,10.0,10,-0.0004424778761061843,10,0.0,10,10,10
48,49,61,L,S,-2.049304485321045,3.6436996639017702,,0,0,,,,,1.0,20.0,msa_v1_remapped,144.3970734024301,0.7183934000120901,surface,0,49,False,False,False,0.85,0.45,-0.4,HLA-A02_like,HLA-A03_like,FLGGSPVCL,CSGQNSQSP,0.54,0.54,0.0,WWTSLNFLGGSPVCL,WWTSLNFLGGSPVCS,0.85,0.54,-0.31,1.111,1.077,-0.034,18.0,0.0,18.0,internal_motif_model_v2,0,0,0,,0,10.0,10,-0.02035398230088492,10,0.0,10,10,10
108,109,121,L,S,-2.050854206085205,2.51274465850031,51.0,139,139,L,0.9712230215827338,0.0,0.053537761638623,0.9464622383613768,30.0,msa_v1_remapped,171.24146740615967,0.8519475990356202,surface,0,109,True,False,False,0.8,0.8,0.0,HLA-A02_like,HLA-A02_like,GMLPVCPLI,GMLPVCPSI,0.72,0.72,0.0,LVLLDYQGMLPVCPL,LVLLDYQGMLPVCPS,0.8,0.8,0.0,1.171,1.137,-0.034,0.0,13.0,13.0,internal_motif_model_v2,0,0,0,,0,10.0,10,-0.02035398230088492,10,0.0,10,10,10
10,11,23,P,F,-2.0560317039489746,-5.335310508080568,,0,0,,,,,0.0,0.0,msa_v1_remapped,79.2949546827029,0.4987104068094521,surface,4,11,False,False,False,0.5,0.5,0.0,HLA-A02_like,HLA-A02_like,LGPLLVLQA,FLGFLLVLQ,0.72,0.72,0.0,PLLVLQAGFFLLTRI,NITSGFLGFLLVLQA,0.72,0.72,0.0,1.166,1.17,0.004,0.0,0.0,0.0,internal_motif_model_v2,0,0,4,surface_hydrophobic_gain,0,10.0,10,0.019469026548672552,10,0.0,10,10,10
27,28,40,I,L,-2.0563745498657227,-4.743587257492436,0.0,139,48,I,0.9583333333333334,0.0,0.0578173184160061,0.942182681583994,24.0,msa_v1_remapped,89.36448798695382,0.4536268425733696,surface,4,28,False,False,False,0.95,0.95,0.0,HLA-A02_like,HLA-A02_like,FLLTRILTI,FLLTRILTL,0.72,0.72,0.0,VLQAGFFLLTRILTI,VLQAGFFLLTRILTL,0.95,0.95,0.0,1.079,1.093,0.014,0.0,0.0,0.0,internal_motif_model_v2,0,0,4,surface_hydrophobic_gain,0,10.0,10,-0.00309734513274329,10,0.0,10,10,10
115,116,128,T,N,-2.059929370880127,-1.3800594327985891,58.0,139,139,T,0.9856115107913668,0.0071942446043165,0.0284685318889823,0.9715314681110176,21.0,msa_v1_remapped,105.65926306348148,0.6142980410667529,surface,0,116,True,False,False,0.8,0.8,0.0,HLA-A03_like,HLA-A03_like,TTTSTGPCK,TTNSTGPCK,0.28,0.28,0.0,GMLPVCPLIPGSTTT,GMLPVCPLIPGSTTN,0.8,0.8,0.0,0.933,0.914,-0.019,0.0,7.8,7.8,internal_motif_model_v2,0,0,0,,0,10.0,10,-0.012389380530973382,10,0.0,10,10,10
127,128,140,A,S,-2.0609946250915527,1.2921583902010525,70.0,139,139,A,0.9568345323741008,0.0,0.0718774674471033,0.9281225325528968,30.0,msa_v1_remapped,102.68746720963291,0.7960268775940537,surface,0,128,True,True,True,0.8,0.8,0.0,HLA-B07_like,HLA-B07_like,TPAQGNSMF,TPSQGNSMF,0.28,0.18,-0.1,GPCKTCTTPAQGNSM,SQGNSMFPSCCCTKP,0.8,0.8,0.0,0.944,0.937,-0.007,12.0,41.0,53.0,internal_motif_model_v2,0,15,15,antibody_interface_mutation,0,10.0,10,-0.011504424778761124,10,0.0,10,10,10
135,136,148,S,G,-2.067393064498902,1.563513471464944,78.0,139,139,S,1.0,0.0,-0.0,1.0,30.0,msa_v1_remapped,67.17345872083328,0.4333771530376341,surface,0,136,True,True,True,0.4,0.4,0.0,HLA-A03_like,HLA-B07_like,MFPSCCCTK,FPGCCCTKP,0.28,0.28,0.0,KTCTTPAQGNSMFPS,KTCTTPAQGNSMFPG,0.4,0.4,0.0,1.176,1.156,-0.02,12.0,41.0,53.0,internal_motif_model_v2,0,15,19,new_glycine;antibody_interface_mutation,0,10.0,10,0.001769911504424737,10,0.0,10,10,10
199,200,212,Y,L,-2.071489095687866,0.8559387711615614,,0,0,,,,,0.0,0.0,msa_v1_remapped,145.31690659865998,0.5525357665348288,surface,4,200,False,False,False,0.85,0.85,0.0,HLA-A02_like,HLA-A02_like,MMWYWGPSL,MMWLWGPSL,0.72,0.72,0.0,LSPTVWLSAIWMMWY,LSPTVWLSAIWMMWL,0.85,0.85,0.0,0.934,0.947,0.013,0.0,0.0,0.0,internal_motif_model_v2,0,0,4,surface_hydrophobic_gain,0,10.0,10,0.022566371681415953,10,0.000999000999000188,10,10,10
113,114,126,T,C,-2.075137138366699,1.101763818804784,56.0,139,139,S,0.0503597122302158,0.0,0.1196530392664537,0.8803469607335462,12.0,msa_v1_remapped,119.72016470137704,0.6960474691940525,surface,0,114,True,False,False,0.8,0.7,-0.1,HLA-A03_like,HLA-A03_like,TTTSTGPCK,CTTSTGPCK,0.46,0.46,0.0,YQGMLPVCPLIPGST,YQGMLPVCPLIPGSC,0.8,0.7,-0.1,0.956,1.027,0.072,0.0,13.0,13.0,internal_motif_model_v2,10,0,10,new_cysteine,10,9.299999999999999,10,0.01415929203539823,10,-0.00990099009900991,8,10,7
66,67,79,P,S,-2.075577974319458,2.540486078801621,,0,0,,,,,0.0,0.0,msa_v1_remapped,98.58121711583186,0.6200076548165526,surface,0,67,False,False,False,0.8,0.8,0.0,HLA-B07_like,HLA-A02_like,PPICPGYRW,SICPGYRWM,0.72,0.72,0.0,PPICPGYRWMCLRRF,PSICPGYRWMCLRRF,0.8,0.8,0.0,1.169,1.161,-0.007,0.0,0.0,0.0,internal_motif_model_v2,0,0,0,,0,10.0,10,0.0035398230088495852,10,0.0,10,10,10
142,143,155,T,S,-2.080872058868408,1.3982375588917648,85.0,139,139,T,0.5107913669064749,0.4316546762589928,0.309168634403574,0.690831365596426,5.0,msa_v1_remapped,106.9988256046016,0.6220861953755906,surface,0,143,True,True,True,0.35,0.35,0.0,HLA-A03_like,HLA-A03_like,PSCCCTKPT,PSCCCTKPS,0.28,0.28,0.0,KPTDGNCTCIPIPSS,KPSDGNCTCIPIPSS,0.35,0.35,0.0,0.904,0.919,0.015,7.2,24.6,31.8,internal_motif_model_v2,0,15,15,antibody_interface_mutation,0,10.0,10,-0.0004424778761061843,10,0.0,10,10,10
17,18,30,G,I,-2.081083297729492,4.6520568549523205,,0,0,,,,,0.0,0.0,msa_v1_remapped,36.48329035339704,0.3508008687826638,surface,4,18,False,False,False,0.9,0.95,0.05,HLA-A03_like,HLA-A02_like,QAGFFLLTR,LVLQAIFFL,0.72,0.72,0.0,PLLVLQAGFFLLTRI,SGFLGPLLVLQAIFF,0.9,0.95,0.05,1.091,1.13,0.04,0.0,0.0,0.0,internal_motif_model_v2,0,0,4,surface_hydrophobic_gain,0,10.0,10,0.021681415929203585,10,0.0,10,10,10
157,158,170,F,L,-2.081254720687866,0.352329770042104,100.0,139,139,F,0.9784172661870504,0.0071942446043165,0.0393473844179827,0.9606526155820172,27.0,msa_v1_remapped,136.11986897253462,0.5671661207188943,surface,4,158,True,False,False,0.95,0.95,0.0,HLA-A02_like,HLA-A02_like,FAKYLWEWA,LAKYLWEWA,0.72,0.72,0.0,IPSSWAFAKYLWEWA,IPSSWALAKYLWEWA,0.95,0.95,0.0,1.031,1.053,0.023,0.0,13.0,13.0,internal_motif_model_v2,0,0,4,surface_hydrophobic_gain,0,10.0,10,0.004424778761061954,10,0.0,10,10,10
52,53,65,S,N,-2.0817880630493164,3.496854796369007,,0,0,,,,,0.0,0.0,msa_v1_remapped,55.55936767163023,0.3584475333653563,surface,0,53,False,False,False,0.45,0.45,0.0,HLA-A02_like,HLA-A02_like,CLGQNSQSP,CLGQNNQSP,0.46,0.46,0.0,LNFLGGSPVCLGQNS,LNFLGGSPVCLGQNN,0.46,0.46,0.0,0.967,0.933,-0.034,0.0,0.0,0.0,internal_motif_model_v2,0,0,0,,0,10.0,10,-0.011946902654867197,10,0.0,10,10,10
158,159,171,A,W,-2.082785129547119,2.1265871731317816,101.0,139,139,A,0.5827338129496403,0.0,0.2617420822038793,0.7382579177961207,17.0,msa_v1_remapped,50.039539113790504,0.3879034039828721,surface,4,159,True,False,False,0.95,0.5,-0.45,HLA-A02_like,HLA-A02_like,FAKYLWEWA,WAFWKYLWE,0.72,0.72,0.0,IPSSWAFAKYLWEWA,IPSSWAFWKYLWEWA,0.95,0.72,-0.23,1.065,1.04,-0.024,18.0,13.0,31.0,internal_motif_model_v2,0,0,4,surface_hydrophobic_gain,0,10.0,10,-0.011946902654867197,10,0.0,10,10,10
177,178,190,P,L,-2.0860207080841064,0.039706580696702,,0,0,,,,,0.0,0.0,msa_v1_remapped,78.75027791479411,0.4952847667597114,surface,4,178,False,False,False,0.95,0.95,0.0,HLA-A02_like,HLA-A02_like,LVPFVQWFV,WLSLLVLFV,0.72,0.72,0.0,EWASVRFSWLSLLVP,EWASVRFSWLSLLVL,0.95,0.95,0.0,1.205,1.232,0.027,0.0,0.0,0.0,internal_motif_model_v2,0,0,4,surface_hydrophobic_gain,0,10.0,10,0.023893805309734506,10,0.0,10,10,10
93,94,106,L,F,-2.0939722061157227,2.5227038169850857,36.0,139,55,L,0.9636363636363636,0.0,0.0521442361324774,0.9478557638675226,30.0,msa_v1_remapped,108.1418626756837,0.5380192172919587,surface,4,94,False,False,False,0.95,0.95,0.0,HLA-A02_like,HLA-A02_like,LLLCLIFLL,LLLCLIFFL,0.72,0.72,0.0,FIIFLFILLLCLIFL,FIIFLFILLLCLIFF,0.95,0.95,0.0,1.232,1.21,-0.023,0.0,0.0,0.0,internal_motif_model_v2,0,0,4,surface_hydrophobic_gain,0,10.0,10,-0.004424778761061954,10,0.0,10,10,10
47,48,60,C,P,-2.1038527488708496,3.522288042910816,,0,0,,,,,0.0,0.0,msa_v1_remapped,64.65557273994597,0.3871591182032692,surface,0,48,False,False,False,0.85,0.85,0.0,HLA-A02_like,HLA-A02_like,FLGGSPVCL,FLGGSPVPL,0.54,0.54,0.0,SWWTSLNFLGGSPVC,SWWTSLNFLGGSPVP,0.85,0.85,0.0,1.144,1.095,-0.05,0.0,0.0,0.0,internal_motif_model_v2,25,0,33,possible_disulfide_loss;new_proline,15,9.2,10,-0.018141592920354,10,0.00990099009900991,6,10,10
88,89,101,L,I,-2.108192443847656,0.1342426773605325,31.0,139,55,L,0.9818181818181818,0.0,0.0303351945483401,0.96966480545166,24.0,msa_v1_remapped,114.9791243959916,0.5720354447561771,surface,4,89,False,False,False,0.95,0.95,0.0,HLA-A02_like,HLA-A02_like,FLFILLLCL,FLFILLICL,0.72,0.72,0.0,MCLRRFIIFLFILLL,MCLRRFIIFLFILLI,0.95,0.95,0.0,1.245,1.231,-0.014,0.0,0.0,0.0,internal_motif_model_v2,0,0,4,surface_hydrophobic_gain,0,10.0,10,0.003097345132743401,10,0.0,10,10,10
216,217,229,P,I,-2.1125941276550293,1.463078577862234,,0,0,,,,,0.0,0.0,msa_v1_remapped,39.57939274536285,0.2489269983985085,partial,0,217,False,False,False,0.95,0.95,0.0,HLA-B07_like,HLA-A02_like,LPIFFCLWV,LIIFFCLWV,0.64,0.72,0.08,VSPFIPLLPIFFCLW,VSPFIPLLIIFFCLW,0.95,0.95,0.0,1.137,1.15,0.013,0.0,0.0,0.0,internal_motif_model_v2,0,0,0,,0,10.0,10,0.026991150442477907,10,0.0,10,10,10
32,33,45,D,S,-2.114874839782715,1.5537977573901571,5.0,139,48,D,1.0,0.0,-0.0,1.0,30.0,msa_v1_remapped,73.69412329988302,0.3818348357506892,surface,0,33,False,False,False,0.9,0.9,0.0,HLA-B07_like,HLA-B07_like,IPQSLDSWW,IPQSLSSWW,0.54,0.54,0.0,FFLLTRILTIPQSLD,FFLLTRILTIPQSLS,0.9,0.9,0.0,0.992,1.012,0.021,0.0,0.0,0.0,internal_motif_model_v2,0,0,0,,0,10.0,10,0.011946902654867309,10,0.9988792390601553,10,10,10
106,107,119,C,P,-2.1155261993408203,2.336123418640966,49.0,139,137,C,1.0,0.0,-0.0,1.0,30.0,msa_v1_remapped,89.81939060319363,0.5378406622945726,surface,0,107,True,False,False,0.8,0.8,0.0,HLA-A02_like,HLA-A02_like,GMLPVCPLI,GMLPVPPLI,0.72,0.72,0.0,FLLVLLDYQGMLPVC,FLLVLLDYQGMLPVP,0.8,0.8,0.0,1.225,1.175,-0.05,0.0,13.0,13.0,internal_motif_model_v2,25,0,33,possible_disulfide_loss;new_proline,15,9.2,10,-0.018141592920354,10,0.00990099009900991,6,10,10
88,89,101,L,F,-2.116477727890014,-0.8483746682377387,31.0,139,55,L,0.9818181818181818,0.0,0.0303351945483401,0.96966480545166,30.0,msa_v1_remapped,114.9791243959916,0.5720354447561771,surface,4,89,False,False,False,0.95,0.95,0.0,HLA-A02_like,HLA-A02_like,FLFILLLCL,FLFILLFCL,0.72,0.72,0.0,MCLRRFIIFLFILLL,MCLRRFIIFLFILLF,0.95,0.95,0.0,1.245,1.222,-0.023,0.0,0.0,0.0,internal_motif_model_v2,0,0,4,surface_hydrophobic_gain,0,10.0,10,-0.004424778761061954,10,0.0,10,10,10
36,37,49,T,S,-2.1218247413635254,4.8570794022371615,9.0,139,48,T,1.0,0.0,-0.0,1.0,24.0,msa_v1_remapped,63.71829742130337,0.3704552175657172,surface,0,37,False,False,False,0.9,0.9,0.0,HLA-A02_like,HLA-A02_like,SLDSWWTSL,SLDSWWSSL,0.54,0.54,0.0,QSLDSWWTSLNFLGG,QSLDSWWSSLNFLGG,0.9,0.9,0.0,0.964,0.978,0.015,0.0,0.0,0.0,internal_motif_model_v2,0,0,0,,0,10.0,10,-0.0004424778761061843,10,0.0,10,10,10
157,158,170,F,W,-2.1227593421936035,1.0863036202876517,100.0,139,139,F,0.9784172661870504,0.0,0.0393473844179827,0.9606526155820172,24.0,msa_v1_remapped,136.11986897253462,0.5671661207188943,surface,4,158,True,False,False,0.95,0.95,0.0,HLA-A02_like,HLA-A02_like,FAKYLWEWA,WAKYLWEWA,0.72,0.72,0.0,IPSSWAFAKYLWEWA,IPSSWAWAKYLWEWA,0.95,0.95,0.0,1.031,1.002,-0.028,0.0,7.8,7.8,internal_motif_model_v2,0,0,4,surface_hydrophobic_gain,0,10.0,10,-0.01637168141592915,10,0.0,10,10,10
64,65,77,C,N,-2.123709201812744,3.364118250046033,,0,0,,,,,0.0,0.0,msa_v1_remapped,31.08799452834562,0.186155655858357,partial,0,65,False,False,False,0.35,0.35,0.0,HLA-A03_like,HLA-A03_like,TSNHSPTSC,TSNHSPTSN,0.46,0.46,0.0,TSCPPICPGYRWMCL,TSNPPICPGYRWMCL,0.46,0.46,0.0,1.097,1.006,-0.091,0.0,0.0,0.0,internal_motif_model_v2,25,0,25,possible_disulfide_loss,10,10.0,10,-0.026548672566371723,10,0.00990099009900991,10,10,10
127,128,140,A,T,-2.1250219345092773,2.5725211640976795,70.0,139,139,A,0.9568345323741008,0.0,0.0718774674471033,0.9281225325528968,30.0,msa_v1_remapped,102.68746720963291,0.7960268775940537,surface,0,128,True,True,True,0.8,0.8,0.0,HLA-B07_like,HLA-B07_like,TPAQGNSMF,TPTQGNSMF,0.28,0.18,-0.1,GPCKTCTTPAQGNSM,TQGNSMFPSCCCTKP,0.8,0.8,0.0,0.944,0.922,-0.022,12.0,41.0,53.0,internal_motif_model_v2,0,15,15,antibody_interface_mutation,0,10.0,10,-0.01106194690265494,10,0.0,10,10,10
159,160,172,K,S,-2.1283175945281982,1.0605062587778775,102.0,139,139,K,0.935251798561151,0.0,0.0800596389608133,0.9199403610391866,30.0,msa_v1_remapped,99.47570394253258,0.421507220095477,surface,0,160,True,False,False,0.95,0.95,0.0,HLA-A02_like,HLA-A02_like,FAKYLWEWA,FASYLWEWA,0.72,0.72,0.0,IPSSWAFAKYLWEWA,IPSSWAFASYLWEWA,0.95,0.95,0.0,1.065,1.076,0.012,0.0,13.0,13.0,internal_motif_model_v2,0,0,0,,0,10.0,10,0.013716814159292157,10,-0.9990009990009989,10,10,10
75,76,88,C,S,-2.128592014312744,2.039310274909326,18.0,139,55,C,0.9636363636363636,0.0,0.0605579893382868,0.9394420106617132,30.0,msa_v1_remapped,53.55048253247756,0.3206615720507638,partial,0,76,False,False,False,0.95,0.95,0.0,HLA-A02_like,HLA-A02_like,WMCLRRFII,WMSLRRFII,0.72,0.72,0.0,PPICPGYRWMCLRRF,PPICPGYRWMSLRRF,0.95,0.95,0.0,1.0,0.943,-0.057,0.0,0.0,0.0,internal_motif_model_v2,25,0,25,possible_disulfide_loss,10,10.0,10,-0.014601769911504414,10,0.00990099009900991,10,10,10
170,171,183,S,L,-2.1308116912841797,1.864488382633624,,0,0,,,,,0.0,0.0,msa_v1_remapped,87.97547677746624,0.5675837211449435,surface,4,171,False,False,False,0.95,0.95,0.0,HLA-A02_like,HLA-A02_like,WASVRFSWL,WASVRFLWL,0.72,0.72,0.0,AFAKYLWEWASVRFS,AFAKYLWEWASVRFL,0.95,0.95,0.0,1.073,1.107,0.034,0.0,0.0,0.0,internal_motif_model_v2,0,0,4,surface_hydrophobic_gain,0,10.0,10,0.020353982300885032,10,0.0,10,10,10
147,148,160,T,S,-2.1347155570983887,2.266781055887634,90.0,139,139,T,1.0,0.0,-0.0,1.0,24.0,msa_v1_remapped,78.73238340303925,0.4577464151339491,surface,0,148,True,False,False,0.35,0.35,0.0,HLA-A02_like,HLA-A02_like,DGNCTCIPI,DGNCSCIPI,0.54,0.54,0.0,CTCIPIPSSWAFAKY,CSCIPIPSSWAFAKY,0.54,0.54,0.0,1.086,1.1,0.015,0.0,7.8,7.8,internal_motif_model_v2,0,0,0,,0,10.0,10,-0.0004424778761061843,10,0.0,10,10,10
41,42,54,L,S,-2.1359703540802,2.294733380808509,,0,0,,,,,0.0,0.0,msa_v1_remapped,165.98455245431362,0.8257937933050429,surface,0,42,False,False,False,0.85,0.5,-0.35,HLA-A02_like,HLA-A03_like,FLGGSPVCL,WTSLNFSGG,0.54,0.54,0.0,QSLDSWWTSLNFLGG,QSLDSWWTSLNFSGG,0.85,0.54,-0.31,1.018,0.984,-0.034,18.0,0.0,18.0,internal_motif_model_v2,0,0,0,,0,10.0,10,-0.02035398230088492,10,0.0,10,10,10
121,122,134,K,S,-2.140949249267578,2.3266065122626287,64.0,139,139,R,0.1654676258992805,0.0,0.1497551184645261,0.850244881535474,12.0,msa_v1_remapped,190.8520175993628,0.8086949898278086,surface,0,122,True,False,True,0.8,0.35,-0.45,HLA-A03_like,HLA-A03_like,TTTSTGPCK,TTTSTGPCS,0.28,0.28,0.0,GPCKTCTTPAQGNSM,GPCSTCTTPAQGNSM,0.8,0.35,-0.45,1.073,1.085,0.012,18.0,33.0,51.0,internal_motif_model_v2,0,15,15,antibody_interface_mutation,0,10.0,10,0.013716814159292157,10,-0.9990009990009989,10,10,10
90,91,103,L,F,-2.1433286666870117,1.8887655356607524,33.0,139,55,L,1.0,0.0,-0.0,1.0,30.0,msa_v1_remapped,88.04281995758858,0.4380239798885004,surface,4,91,False,False,False,0.95,0.95,0.0,HLA-A02_like,HLA-A02_like,FLFILLLCL,LLLCFIFLL,0.72,0.72,0.0,LRRFIIFLFILLLCL,LRRFIIFLFILLLCF,0.95,0.95,0.0,1.236,1.214,-0.023,0.0,0.0,0.0,internal_motif_model_v2,0,0,4,surface_hydrophobic_gain,0,10.0,10,-0.004424778761061954,10,0.0,10,10,10
138,139,151,C,S,-2.1434519290924072,-0.0804972411359585,81.0,139,139,C,0.9928057553956836,0.0,0.0142429670997965,0.9857570329002034,30.0,msa_v1_remapped,49.33748112030749,0.295434018684476,partial,0,139,True,True,True,0.4,0.4,0.0,HLA-A03_like,HLA-A03_like,MFPSCCCTK,MFPSCCSTK,0.28,0.28,0.0,TTPAQGNSMFPSCCC,TTPAQGNSMFPSCCS,0.4,0.4,0.0,1.164,1.107,-0.057,12.0,36.0,48.0,internal_motif_model_v2,25,15,40,possible_disulfide_loss;antibody_interface_mutation,10,10.0,10,-0.014601769911504414,10,0.00990099009900991,10,10,10
121,122,134,K,T,-2.1480395793914795,2.652371833657128,64.0,139,139,R,0.1654676258992805,0.0,0.1497551184645261,0.850244881535474,12.0,msa_v1_remapped,190.8520175993628,0.8086949898278086,surface,0,122,True,False,True,0.8,0.35,-0.45,HLA-A03_like,HLA-A03_like,TTTSTGPCK,TTTSTGPCT,0.28,0.28,0.0,GPCKTCTTPAQGNSM,GPCTTCTTPAQGNSM,0.8,0.35,-0.45,1.073,1.07,-0.003,18.0,33.0,51.0,internal_motif_model_v2,0,15,15,antibody_interface_mutation,0,10.0,10,0.01415929203539823,10,-0.9990009990009989,10,10,10
120,121,133,C,P,-2.1490330696105957,2.4702313999605394,63.0,139,139,C,1.0,0.0,-0.0,1.0,30.0,msa_v1_remapped,35.76532333471624,0.214163612782732,partial,0,121,True,False,True,0.8,0.8,0.0,HLA-A03_like,HLA-A03_like,TTTSTGPCK,TTTSTGPPK,0.28,0.28,0.0,GPCKTCTTPAQGNSM,GPPKTCTTPAQGNSM,0.8,0.8,0.0,1.073,1.023,-0.05,0.0,28.0,28.0,internal_motif_model_v2,25,15,48,possible_disulfide_loss;new_proline;antibody_interface_mutation,15,9.2,10,-0.018141592920354,10,0.00990099009900991,6,10,10
37,38,50,S,L,-2.1524527072906494,0.985138041825735,10.0,139,48,S,1.0,0.0,-0.0,1.0,30.0,msa_v1_remapped,65.58887708547442,0.4231540457127382,surface,4,38,False,False,False,0.9,0.9,0.0,HLA-A02_like,HLA-A02_like,SLDSWWTSL,SLDSWWTLL,0.54,0.54,0.0,QSLDSWWTSLNFLGG,QSLDSWWTLLNFLGG,0.9,0.9,0.0,0.975,1.009,0.034,0.0,0.0,0.0,internal_motif_model_v2,0,0,4,surface_hydrophobic_gain,0,10.0,10,0.020353982300885032,10,0.0,10,10,10
184,185,197,G,S,-2.15680193901062,-2.5910894132696853,,0,0,,,,,0.0,0.0,msa_v1_remapped,65.41268400309048,0.6289681154143315,surface,0,185,False,False,False,0.45,0.5,0.05,HLA-B07_like,HLA-A02_like,VPFVQWFVG,FVQWFVSLS,0.72,0.72,0.0,GLSPTVWLSAIWMMW,SLSPTVWLSAIWMMW,0.72,0.72,0.0,1.081,1.101,0.02,0.0,0.0,0.0,internal_motif_model_v2,0,0,0,,0,10.0,10,-0.001769911504424737,10,0.0,10,10,10
16,17,29,A,V,-2.16088342666626,2.1122007365247555,,0,0,,,,,0.0,0.0,msa_v1_remapped,45.50349401223712,0.3527402636607528,surface,4,17,False,False,False,0.9,0.9,0.0,HLA-A03_like,HLA-A03_like,QAGFFLLTR,QVGFFLLTR,0.72,0.72,0.0,PLLVLQAGFFLLTRI,PLLVLQVGFFLLTRI,0.9,0.9,0.0,1.11,1.155,0.046,0.0,0.0,0.0,internal_motif_model_v2,0,0,4,surface_hydrophobic_gain,0,10.0,10,0.010619469026548645,10,0.0,10,10,10
69,70,82,P,S,-2.164851665496826,3.3656783130744543,,0,0,,,,,0.0,0.0,msa_v1_remapped,110.26688621205427,0.6935024290066307,surface,0,70,False,False,False,0.8,0.8,0.0,HLA-B07_like,HLA-B07_like,PPICPGYRW,PPICSGYRW,0.72,0.72,0.0,PPICPGYRWMCLRRF,PPICSGYRWMCLRRF,0.8,0.8,0.0,1.086,1.078,-0.007,0.0,0.0,0.0,internal_motif_model_v2,0,0,0,,0,10.0,10,0.0035398230088495852,10,0.0,10,10,10
146,147,159,C,S,-2.165090560913086,3.814591342845461,89.0,139,139,C,0.9928057553956836,0.0,0.0142429670997965,0.9857570329002034,30.0,msa_v1_remapped,10.93515517765044,0.0654799711236553,buried,0,147,True,True,True,0.35,0.45,0.1,HLA-A02_like,HLA-A02_like,DGNCTCIPI,DGNSTCIPI,0.54,0.54,0.0,CTCIPIPSSWAFAKY,STCIPIPSSWAFAKY,0.54,0.54,0.0,1.057,1.0,-0.057,12.0,36.0,48.0,internal_motif_model_v2,25,15,40,possible_disulfide_loss;antibody_interface_mutation,10,10.0,10,-0.014601769911504414,10,0.00990099009900991,10,10,10
128,129,141,Q,C,-2.166903018951416,4.634864219766655,71.0,139,139,Q,0.9496402877697842,0.0,0.0835009187140195,0.9164990812859805,30.0,msa_v1_remapped,172.83533558940258,0.7681570470640114,surface,0,129,True,True,True,0.8,0.8,0.0,HLA-B07_like,HLA-B07_like,TPAQGNSMF,TPACGNSMF,0.28,0.28,0.0,GPCKTCTTPAQGNSM,GPCKTCTTPACGNSM,0.8,0.8,0.0,0.959,1.016,0.057,12.0,41.0,53.0,internal_motif_model_v2,10,15,25,new_cysteine;antibody_interface_mutation,10,9.299999999999999,10,0.02654867256637161,10,-0.00990099009900991,8,10,7
137,138,150,C,S,-2.1713991165161133,1.8929834946318351,80.0,139,139,C,1.0,0.0,-0.0,1.0,30.0,msa_v1_remapped,84.83355739824049,0.5079853736421586,surface,0,138,True,True,True,0.4,0.4,0.0,HLA-A03_like,HLA-A03_like,MFPSCCCTK,MFPSCSCTK,0.28,0.28,0.0,CTTPAQGNSMFPSCC,CTTPAQGNSMFPSCS,0.4,0.4,0.0,1.164,1.107,-0.057,12.0,41.0,53.0,internal_motif_model_v2,25,15,40,possible_disulfide_loss;antibody_interface_mutation,10,10.0,10,-0.014601769911504414,10,0.00990099009900991,10,10,10
124,125,137,T,S,-2.1783580780029297,0.1647222117453566,67.0,139,139,T,0.9856115107913668,0.0,0.0251393489658203,0.9748606510341796,24.0,msa_v1_remapped,95.07660714793444,0.5527709717903165,surface,0,125,True,True,True,0.35,0.35,0.0,HLA-B07_like,HLA-B07_like,GPCKTCTTP,GPCKTCSTP,0.28,0.28,0.0,GPCKTCTTPAQGNSM,GPCKTCSTPAQGNSM,0.35,0.35,0.0,1.028,1.043,0.015,7.2,24.6,31.8,internal_motif_model_v2,0,15,15,antibody_interface_mutation,0,10.0,10,-0.0004424778761061843,10,0.0,10,10,10
221,222,234,L,F,-2.179373264312744,2.8208104618688026,,0,0,,,,,0.0,0.0,msa_v1_remapped,112.03708570775784,0.5573984363570041,surface,4,222,False,False,False,0.95,0.95,0.0,HLA-B07_like,HLA-B07_like,LPIFFCLWV,LPIFFCFWV,0.64,0.64,0.0,VSPFIPLLPIFFCLW,VSPFIPLLPIFFCFW,0.95,0.95,0.0,1.183,1.16,-0.023,0.0,0.0,0.0,internal_motif_model_v2,0,0,4,surface_hydrophobic_gain,0,10.0,10,-0.004424778761061954,10,0.0,10,10,10
15,16,28,Q,V,-2.1827054023742676,1.876206898947089,,0,0,,,,,0.0,0.0,msa_v1_remapped,130.4160813152713,0.5796270280678725,surface,4,16,False,False,False,0.9,0.9,0.0,HLA-A03_like,HLA-A03_like,QAGFFLLTR,VAGFFLLTR,0.72,0.72,0.0,PLLVLQAGFFLLTRI,PLLVLVAGFFLLTRI,0.9,0.9,0.0,1.132,1.185,0.053,0.0,0.0,0.0,internal_motif_model_v2,0,0,4,surface_hydrophobic_gain,0,10.0,10,0.03407079646017708,10,0.0,10,10,10
3,4,16,I,S,-2.183102607727051,0.9020349756019072,,0,0,,,,,0.0,0.0,msa_v1_remapped,158.29967646969652,0.8035516572065813,surface,0,4,False,False,False,0.35,0.35,0.0,HLA-A02_like,HLA-A02_like,GENITSGFL,GENSTSGFL,0.64,0.64,0.0,NITSGFLGPLLVLQA,NSTSGFLGPLLVLQA,0.64,0.64,0.0,0.921,0.901,-0.02,0.0,0.0,0.0,internal_motif_model_v2,0,0,0,,0,10.0,10,-0.02345132743362832,10,0.0,10,10,10
14,15,27,L,F,-2.185652256011963,4.397336816432471,,0,0,,,,,0.0,0.0,msa_v1_remapped,112.83620634786617,0.5613741609346575,surface,4,15,False,False,False,0.85,0.85,0.0,HLA-A02_like,HLA-A02_like,LVLQAGFFL,LVFQAGFFL,0.72,0.72,0.0,PLLVLQAGFFLLTRI,PLLVFQAGFFLLTRI,0.85,0.85,0.0,1.155,1.132,-0.023,0.0,0.0,0.0,internal_motif_model_v2,0,0,4,surface_hydrophobic_gain,0,10.0,10,-0.004424778761061954,10,0.0,10,10,10
148,149,161,C,P,-2.1884164810180664,3.333776110036979,91.0,139,139,C,1.0,0.0,-0.0,1.0,30.0,msa_v1_remapped,52.85914365312858,0.316521818282207,partial,0,149,True,False,False,0.8,0.8,0.0,HLA-A02_like,HLA-B07_like,CIPIPSSWA,TPIPIPSSW,0.54,0.54,0.0,CTCIPIPSSWAFAKY,CTPIPIPSSWAFAKY,0.8,0.8,0.0,1.125,1.076,-0.05,0.0,8.0,8.0,internal_motif_model_v2,25,0,33,possible_disulfide_loss;new_proline,15,9.2,10,-0.018141592920354,10,0.00990099009900991,6,10,10
86,87,99,L,I,-2.193608045578003,3.3209481979571365,29.0,139,55,L,1.0,0.0,-0.0,1.0,24.0,msa_v1_remapped,90.29977781903932,0.4492526259653698,surface,4,87,False,False,False,0.95,0.95,0.0,HLA-A02_like,HLA-A02_like,FIIFLFILL,FIIFLFIIL,0.72,0.72,0.0,RWMCLRRFIIFLFIL,RWMCLRRFIIFLFII,0.95,0.95,0.0,1.236,1.222,-0.014,0.0,0.0,0.0,internal_motif_model_v2,0,0,4,surface_hydrophobic_gain,0,10.0,10,0.003097345132743401,10,0.0,10,10,10
92,93,105,F,I,-2.1967835426330566,4.886615864387807,35.0,139,55,F,1.0,0.0,-0.0,1.0,30.0,msa_v1_remapped,138.76320503126507,0.5781800209636044,surface,4,93,False,False,False,0.95,0.95,0.0,HLA-A02_like,HLA-A02_like,LLLCLIFLL,FILLLCLII,0.72,0.72,0.0,RFIIFLFILLLCLIF,RFIIFLFILLLCLII,0.95,0.95,0.0,1.255,1.264,0.009,0.0,0.0,0.0,internal_motif_model_v2,0,0,4,surface_hydrophobic_gain,0,10.0,10,0.007522123893805355,10,0.0,10,10,10
148,149,161,C,S,-2.1985249519348145,0.4578526367955646,91.0,139,139,C,1.0,0.0,-0.0,1.0,30.0,msa_v1_remapped,52.85914365312858,0.316521818282207,partial,0,149,True,False,False,0.8,0.8,0.0,HLA-A02_like,HLA-A02_like,CIPIPSSWA,SIPIPSSWA,0.54,0.54,0.0,CTCIPIPSSWAFAKY,CTSIPIPSSWAFAKY,0.8,0.8,0.0,1.125,1.068,-0.057,0.0,8.0,8.0,internal_motif_model_v2,25,0,25,possible_disulfide_loss,10,10.0,10,-0.014601769911504414,10,0.00990099009900991,10,10,10
220,221,233,C,I,-2.1999292373657227,0.8824925777382191,,0,0,,,,,0.0,0.0,msa_v1_remapped,86.36117567560444,0.5171327884766733,surface,4,221,False,False,False,0.95,0.95,0.0,HLA-B07_like,HLA-B07_like,LPIFFCLWV,LPIFFILWV,0.64,0.72,0.08,VSPFIPLLPIFFCLW,SPFIPLLPIFFILWV,0.95,0.95,0.0,1.182,1.145,-0.037,0.0,0.0,0.0,internal_motif_model_v2,25,0,29,possible_disulfide_loss;surface_hydrophobic_gain,10,10.0,10,0.008849557522123908,10,0.00990099009900991,10,10,10
197,198,210,M,V,-2.22704815864563,1.4626012441344756,,0,0,,,,,0.0,0.0,msa_v1_remapped,126.22557370650097,0.5635070254754507,surface,4,198,False,False,False,0.85,0.85,0.0,HLA-A02_like,HLA-A02_like,MMWYWGPSL,MVWYWGPSL,0.72,0.72,0.0,GLSPTVWLSAIWMMW,GLSPTVWLSAIWMVW,0.85,0.85,0.0,0.949,1.029,0.08,0.0,0.0,0.0,internal_motif_model_v2,0,0,4,surface_hydrophobic_gain,0,10.0,10,0.01017699115044246,10,0.0,10,10,10
146,147,159,C,G,-2.227210521697998,4.700122553281233,89.0,139,139,C,0.9928057553956836,0.0071942446043165,0.0142429670997965,0.9857570329002034,27.0,msa_v1_remapped,10.93515517765044,0.0654799711236553,buried,0,147,True,True,True,0.35,0.35,0.0,HLA-A02_like,HLA-A03_like,DGNCTCIPI,CTKPTDGNG,0.54,0.54,0.0,CTCIPIPSSWAFAKY,GTCIPIPSSWAFAKY,0.54,0.54,0.0,1.057,0.98,-0.077,12.0,36.0,48.0,internal_motif_model_v2,25,15,44,possible_disulfide_loss;new_glycine;antibody_interface_mutation,10,10.0,10,-0.012831858407079566,10,0.00990099009900991,10,10,10
177,178,190,P,S,-2.228614330291748,-7.203812703459164,,0,0,,,,,0.0,0.0,msa_v1_remapped,78.75027791479411,0.4952847667597114,surface,0,178,False,False,False,0.95,0.95,0.0,HLA-A02_like,HLA-A02_like,LVPFVQWFV,WLSLLVSFV,0.72,0.72,0.0,EWASVRFSWLSLLVP,EWASVRFSWLSLLVS,0.95,0.95,0.0,1.205,1.198,-0.007,0.0,0.0,0.0,internal_motif_model_v2,0,0,0,,0,10.0,10,0.0035398230088495852,10,0.0,10,10,10
20,21,33,L,F,-2.2293457984924316,2.4414234308127334,,0,0,,,,,0.0,0.0,msa_v1_remapped,107.34274203557536,0.5340434927143053,surface,4,21,False,False,False,0.95,0.9,-0.05,HLA-A02_like,HLA-A03_like,FLLTRILTI,QAGFFFLTR,0.72,0.72,0.0,PLLVLQAGFFLLTRI,PLLVLQAGFFFLTRI,0.95,0.9,-0.05,1.048,1.026,-0.023,0.0,0.0,0.0,internal_motif_model_v2,0,0,4,surface_hydrophobic_gain,0,10.0,10,-0.004424778761061954,10,0.0,10,10,10
149,150,162,I,T,-2.238992691040039,1.810397923160053,92.0,139,139,I,0.9928057553956836,0.0071942446043165,0.0142429670997965,0.9857570329002034,27.0,msa_v1_remapped,89.64106123780525,0.4550307677045951,surface,0,150,True,False,False,0.8,0.8,0.0,HLA-A02_like,HLA-B07_like,CIPIPSSWA,TPIPSSWAF,0.54,0.54,0.0,CTCIPIPSSWAFAKY,CTCTPIPSSWAFAKY,0.8,0.8,0.0,1.166,1.132,-0.035,0.0,13.0,13.0,internal_motif_model_v2,0,0,0,,0,10.0,10,-0.023008849557522137,10,0.0,10,10,10
115,116,128,T,C,-2.242532968521118,2.210054976728202,58.0,139,139,T,0.9856115107913668,0.0,0.0284685318889823,0.9715314681110176,30.0,msa_v1_remapped,105.65926306348148,0.6142980410667529,surface,0,116,True,False,False,0.8,0.7,-0.1,HLA-A03_like,HLA-A03_like,TTTSTGPCK,TTCSTGPCK,0.28,0.28,0.0,GMLPVCPLIPGSTTT,GMLPVCPLIPGSTTC,0.8,0.7,-0.1,0.933,1.005,0.072,0.0,13.0,13.0,internal_motif_model_v2,10,0,10,new_cysteine,10,9.299999999999999,10,0.01415929203539823,10,-0.00990099009900991,8,10,7
104,105,117,P,S,-2.2432000637054443,4.136711154178386,47.0,139,134,P,1.0,0.0,-0.0,1.0,30.0,msa_v1_remapped,104.61935819603144,0.6579833848807009,surface,0,105,True,False,True,0.8,0.8,0.0,HLA-A02_like,HLA-A02_like,GMLPVCPLI,GMLSVCPLI,0.72,0.72,0.0,LIFLLVLLDYQGMLP,LIFLLVLLDYQGMLS,0.8,0.8,0.0,1.125,1.117,-0.007,0.0,33.0,33.0,internal_motif_model_v2,0,15,15,antibody_interface_mutation,0,10.0,10,0.0035398230088495852,10,0.0,10,10,10
34,35,47,W,S,-2.245579719543457,0.4167088412841622,7.0,139,48,W,1.0,0.0,-0.0,1.0,30.0,msa_v1_remapped,142.29247021830784,0.4992718253273959,surface,0,35,False,False,False,0.9,0.9,0.0,HLA-B07_like,HLA-B07_like,IPQSLDSWW,IPQSLDSSW,0.54,0.54,0.0,QSLDSWWTSLNFLGG,QSLDSSWTSLNFLGG,0.9,0.9,0.0,0.976,0.993,0.017,0.0,0.0,0.0,internal_motif_model_v2,0,0,0,,0,10.0,10,0.0004424778761062953,10,0.0,10,10,10
200,201,213,W,F,-2.251255512237549,3.978734978614853,,0,0,,,,,0.0,0.0,msa_v1_remapped,119.2130739479758,0.4182914875367572,surface,4,201,False,False,False,0.85,0.85,0.0,HLA-A02_like,HLA-A02_like,MMWYWGPSL,MMWYFGPSL,0.72,0.72,0.0,SPTVWLSAIWMMWYW,SPTVWLSAIWMMWYF,0.85,0.85,0.0,0.96,0.989,0.028,0.0,0.0,0.0,internal_motif_model_v2,0,0,4,surface_hydrophobic_gain,0,10.0,10,0.016371681415929262,10,0.0,10,10,10
149,150,162,I,S,-2.2543439865112305,4.404306485478401,92.0,139,139,I,0.9928057553956836,0.0,0.0142429670997965,0.9857570329002034,30.0,msa_v1_remapped,89.64106123780525,0.4550307677045951,surface,0,150,True,False,False,0.8,0.8,0.0,HLA-A02_like,HLA-B07_like,CIPIPSSWA,SPIPSSWAF,0.54,0.54,0.0,CTCIPIPSSWAFAKY,CTCSPIPSSWAFAKY,0.8,0.8,0.0,1.166,1.146,-0.02,0.0,13.0,13.0,internal_motif_model_v2,0,0,0,,0,10.0,10,-0.02345132743362832,10,0.0,10,10,10
133,134,146,F,S,-2.2546305656433105,2.5873107056510207,76.0,139,139,F,0.6258992805755396,0.0,0.3030003340421455,0.6969996659578545,17.0,msa_v1_remapped,149.88630284782386,0.6245262618659327,surface,0,134,True,True,True,0.8,0.85,0.05,HLA-B07_like,HLA-A03_like,TPAQGNSMF,MSPSCCCTK,0.28,0.28,0.0,PCKTCTTPAQGNSMF,PCKTCTTPAQGNSMS,0.8,0.85,0.05,1.028,1.016,-0.011,12.0,41.0,53.0,internal_motif_model_v2,0,15,15,antibody_interface_mutation,0,10.0,10,-0.015929203539822967,10,0.0,10,10,10
28,29,41,P,F,-2.254882574081421,-5.046755405254316,1.0,139,48,P,1.0,0.0,-0.0,1.0,30.0,msa_v1_remapped,71.6406778105318,0.4505703006951685,surface,4,29,False,False,False,0.9,0.9,0.0,HLA-B07_like,HLA-A02_like,IPQSLDSWW,RILTIFQSL,0.72,0.72,0.0,LQAGFFLLTRILTIP,LQAGFFLLTRILTIF,0.9,0.9,0.0,1.093,1.097,0.004,0.0,0.0,0.0,internal_motif_model_v2,0,0,4,surface_hydrophobic_gain,0,10.0,10,0.019469026548672552,10,0.0,10,10,10
91,92,104,I,F,-2.2575411796569824,2.8006525427445013,34.0,139,55,I,1.0,0.0,-0.0,1.0,30.0,msa_v1_remapped,84.39780593081694,0.4284152585320657,surface,4,92,False,False,False,0.95,0.95,0.0,HLA-A02_like,HLA-A02_like,LLLCLIFLL,LLLCLFFLL,0.72,0.72,0.0,RRFIIFLFILLLCLI,RRFIIFLFILLLCLF,0.95,0.95,0.0,1.236,1.228,-0.009,0.0,0.0,0.0,internal_motif_model_v2,0,0,4,surface_hydrophobic_gain,0,10.0,10,-0.007522123893805244,10,0.0,10,10,10
208,209,221,V,I,-2.2582406997680664,4.25027474884746,,0,0,,,,,0.0,0.0,msa_v1_remapped,66.41955188219539,0.3817215625413528,surface,4,209,False,False,False,0.8,0.8,0.0,HLA-A02_like,HLA-A02_like,SIVSPFIPL,SIISPFIPL,0.64,0.64,0.0,VSPFIPLLPIFFCLW,ISPFIPLLPIFFCLW,0.8,0.8,0.0,1.125,1.092,-0.033,0.0,0.0,0.0,internal_motif_model_v2,0,0,4,surface_hydrophobic_gain,0,10.0,10,0.0013274336283185528,10,0.0,10,10,10
88,89,101,L,V,-2.258749485015869,2.9445596737788264,31.0,139,55,L,0.9818181818181818,0.0,0.0303351945483401,0.96966480545166,24.0,msa_v1_remapped,114.9791243959916,0.5720354447561771,surface,4,89,False,False,False,0.95,0.95,0.0,HLA-A02_like,HLA-A02_like,FLFILLLCL,FLFILLVCL,0.72,0.72,0.0,MCLRRFIIFLFILLL,MCLRRFIIFLFILLV,0.95,0.95,0.0,1.245,1.264,0.019,0.0,0.0,0.0,internal_motif_model_v2,0,0,4,surface_hydrophobic_gain,0,10.0,10,0.001769911504424737,10,0.0,10,10,10
142,143,155,T,G,-2.272536277770996,1.9163581961053635,85.0,139,139,T,0.5107913669064749,0.0,0.309168634403574,0.690831365596426,17.0,msa_v1_remapped,106.9988256046016,0.6220861953755906,surface,0,143,True,True,True,0.35,0.35,0.0,HLA-A03_like,HLA-A03_like,PSCCCTKPT,PSCCCTKPG,0.28,0.28,0.0,KPTDGNCTCIPIPSS,KPGDGNCTCIPIPSS,0.35,0.35,0.0,0.904,0.899,-0.005,12.0,41.0,53.0,internal_motif_model_v2,0,15,19,new_glycine;antibody_interface_mutation,0,10.0,10,0.0013274336283185528,10,0.0,10,10,10
224,225,237,Y,F,-2.2732653617858887,0.780438927388218,,0,0,,,,,0.0,0.0,msa_v1_remapped,200.32312776858737,0.761684896458507,surface,4,225,False,False,False,0.45,0.45,0.0,HLA-A02_like,HLA-A02_like,PIFFCLWVY,PIFFCLWVF,0.64,0.64,0.0,PFIPLLPIFFCLWVY,PFIPLLPIFFCLWVF,0.64,0.64,0.0,1.168,1.154,-0.014,0.0,0.0,0.0,internal_motif_model_v2,0,0,4,surface_hydrophobic_gain,0,10.0,10,0.018141592920354,10,0.000999000999000188,10,10,10
189,190,202,V,S,-2.2747979164123535,2.153585228252382,,0,0,,,,,0.0,0.0,msa_v1_remapped,75.80823922656033,0.4356795357848295,surface,0,190,False,False,False,0.9,0.9,0.0,HLA-B07_like,HLA-B07_like,SPTVWLSAI,SPTSWLSAI,0.72,0.72,0.0,GLSPTVWLSAIWMMW,GLSPTSWLSAIWMMW,0.9,0.9,0.0,1.075,1.022,-0.053,0.0,0.0,0.0,internal_motif_model_v2,0,0,0,,0,10.0,10,-0.02212389380530977,10,0.0,10,10,10
87,88,100,L,I,-2.28330135345459,1.8162624908553653,30.0,139,55,L,1.0,0.0,-0.0,1.0,24.0,msa_v1_remapped,89.36448798695382,0.4445994427211632,surface,4,88,False,False,False,0.95,0.95,0.0,HLA-A02_like,HLA-A02_like,FIIFLFILL,FIIFLFILI,0.72,0.72,0.0,WMCLRRFIIFLFILL,WMCLRRFIIFLFILI,0.95,0.95,0.0,1.236,1.222,-0.014,0.0,0.0,0.0,internal_motif_model_v2,0,0,4,surface_hydrophobic_gain,0,10.0,10,0.003097345132743401,10,0.0,10,10,10
164,165,177,W,L,-2.2841367721557617,-1.7223096070576958,107.0,139,139,W,0.9856115107913668,0.0071942446043165,0.0284685318889823,0.9715314681110176,27.0,msa_v1_remapped,149.76631914119795,0.5254958566357822,surface,4,165,True,False,False,0.95,0.95,0.0,HLA-A02_like,HLA-A02_like,FAKYLWEWA,FAKYLWELA,0.72,0.72,0.0,IPSSWAFAKYLWEWA,IPSSWAFAKYLWELA,0.95,0.95,0.0,1.049,1.1,0.051,0.0,13.0,13.0,internal_motif_model_v2,0,0,4,surface_hydrophobic_gain,0,10.0,10,0.020796460176991216,10,0.0,10,10,10
139,140,152,T,S,-2.287264585494995,4.487150923446279,82.0,139,139,T,0.9280575539568344,0.0647482014388489,0.0941412500040876,0.9058587499959124,18.0,msa_v1_remapped,97.50975809176911,0.56691719820796,surface,0,140,True,True,True,0.4,0.4,0.0,HLA-A03_like,HLA-A03_like,MFPSCCCTK,MFPSCCCSK,0.28,0.28,0.0,TPAQGNSMFPSCCCT,TPAQGNSMFPSCCCS,0.4,0.4,0.0,1.15,1.164,0.015,7.2,24.6,31.8,internal_motif_model_v2,0,15,15,antibody_interface_mutation,0,10.0,10,-0.0004424778761061843,10,0.0,10,10,10
78,79,91,R,I,-2.2900118827819824,-0.7640512300564524,21.0,139,55,R,1.0,0.0,-0.0,1.0,30.0,msa_v1_remapped,124.31419103694508,0.4537014271421353,surface,4,79,False,False,False,0.95,0.95,0.0,HLA-A02_like,HLA-A02_like,WMCLRRFII,WMCLRIFII,0.72,0.72,0.0,PPICPGYRWMCLRRF,PPICPGYRWMCLRIF,0.95,0.95,0.0,1.115,1.155,0.04,0.0,0.0,0.0,internal_motif_model_v2,0,0,4,surface_hydrophobic_gain,0,10.0,10,0.03982300884955747,10,-0.9999900000999986,10,10,10
84,85,97,F,V,-2.2907493114471436,0.1644105669623172,27.0,139,55,F,1.0,0.0,-0.0,1.0,30.0,msa_v1_remapped,121.97044982003156,0.5082102075834648,surface,4,85,False,False,False,0.95,0.95,0.0,HLA-A02_like,HLA-A02_like,FIIFLFILL,FIIFLVILL,0.72,0.72,0.0,GYRWMCLRRFIIFLF,GYRWMCLRRFIIFLV,0.95,0.95,0.0,1.177,1.218,0.042,0.0,0.0,0.0,internal_motif_model_v2,0,0,4,surface_hydrophobic_gain,0,10.0,10,0.006194690265486691,10,0.0,10,10,10
176,177,189,V,S,-2.290881633758545,2.397852486345414,,0,0,,,,,0.0,0.0,msa_v1_remapped,60.24524161001862,0.3462370207472334,partial,0,177,False,False,False,0.95,0.85,-0.1,HLA-A02_like,HLA-A02_like,LVPFVQWFV,WLSLLSPFV,0.72,0.72,0.0,WEWASVRFSWLSLLV,WEWASVRFSWLSLLS,0.95,0.85,-0.1,1.205,1.152,-0.053,0.0,0.0,0.0,internal_motif_model_v2,0,0,0,,0,10.0,10,-0.02212389380530977,10,0.0,10,10,10
38,39,51,L,S,-2.291135787963867,3.3590779988269333,11.0,139,48,L,1.0,0.0,-0.0,1.0,30.0,msa_v1_remapped,75.53590084260594,0.3758005017045072,surface,0,39,False,False,False,0.9,0.5,-0.4,HLA-A02_like,HLA-A03_like,SLDSWWTSL,WTSSNFLGG,0.54,0.36,-0.18,QSLDSWWTSLNFLGG,LTIPQSLDSWWTSSN,0.9,0.5,-0.4,1.026,0.992,-0.034,18.0,0.0,18.0,internal_motif_model_v2,0,0,0,,0,10.0,10,-0.02035398230088492,10,0.0,10,10,10
57,58,70,S,T,-2.2922966480255127,1.1018526199777623,,0,0,,,,,0.0,0.0,msa_v1_remapped,88.4282431107016,0.5705047942625909,surface,0,58,False,False,False,0.45,0.45,0.0,HLA-A03_like,HLA-A03_like,QSPTSNHSP,QSPTTNHSP,0.28,0.28,0.0,GSPVCLGQNSQSPTS,GSPVCLGQNSQSPTT,0.45,0.45,0.0,0.984,0.97,-0.015,0.0,0.0,0.0,internal_motif_model_v2,0,0,0,,0,10.0,10,0.0004424778761062953,10,0.0,10,10,10
168,169,181,R,V,-2.2959401607513428,1.424543886859453,111.0,139,139,R,0.9928057553956836,0.0,0.0142429670997965,0.9857570329002034,30.0,msa_v1_remapped,163.53693761790183,0.5968501372916125,surface,4,169,True,False,False,0.95,0.95,0.0,HLA-A02_like,HLA-A02_like,WASVRFSWL,YLWEWASVV,0.72,0.72,0.0,SWAFAKYLWEWASVR,SWAFAKYLWEWASVV,0.95,0.95,0.0,1.047,1.12,0.073,0.0,13.0,13.0,internal_motif_model_v2,0,0,4,surface_hydrophobic_gain,0,10.0,10,0.03849557522123903,10,-0.9999900000999986,10,10,10
203,204,216,S,F,-2.30301284790039,-0.4378512445392744,,0,0,,,,,0.0,0.0,msa_v1_remapped,54.83849782133752,0.3537967601376614,surface,4,204,False,False,False,0.85,0.85,0.0,HLA-A02_like,HLA-A02_like,MMWYWGPSL,MMWYWGPFL,0.72,0.72,0.0,VWLSAIWMMWYWGPS,VWLSAIWMMWYWGPF,0.85,0.85,0.0,1.038,1.049,0.011,0.0,0.0,0.0,internal_motif_model_v2,0,0,4,surface_hydrophobic_gain,0,10.0,10,0.015929203539823078,10,0.0,10,10,10
178,179,191,F,W,-2.30305814743042,-0.0105076632730174,,0,0,,,,,0.0,0.0,msa_v1_remapped,112.30942409171222,0.4679559337154675,surface,4,179,False,False,False,0.95,0.95,0.0,HLA-A02_like,HLA-A02_like,LVPFVQWFV,LVPWVQWFV,0.72,0.72,0.0,WASVRFSWLSLLVPF,WASVRFSWLSLLVPW,0.95,0.95,0.0,1.154,1.126,-0.028,0.0,0.0,0.0,internal_motif_model_v2,0,0,4,surface_hydrophobic_gain,0,10.0,10,-0.01637168141592915,10,0.0,10,10,10
171,172,184,W,F,-2.310811996459961,4.114903520487303,,0,0,,,,,0.0,0.0,msa_v1_remapped,149.88290992775796,0.5259049471149402,surface,4,172,False,False,False,0.95,0.95,0.0,HLA-A02_like,HLA-A02_like,WASVRFSWL,WASVRFSFL,0.72,0.72,0.0,FAKYLWEWASVRFSW,FAKYLWEWASVRFSF,0.95,0.95,0.0,1.054,1.083,0.028,0.0,0.0,0.0,internal_motif_model_v2,0,0,4,surface_hydrophobic_gain,0,10.0,10,0.016371681415929262,10,0.0,10,10,10
58,59,71,N,C,-2.314645290374756,4.833485445230849,,0,0,,,,,0.0,0.0,msa_v1_remapped,140.17325234516107,0.7188371915136466,surface,0,59,False,False,False,0.45,0.45,0.0,HLA-A03_like,HLA-A03_like,QSPTSNHSP,QSPTSCHSP,0.18,0.18,0.0,SPVCLGQNSQSPTSN,SPVCLGQNSQSPTSC,0.45,0.45,0.0,0.992,1.083,0.091,0.0,0.0,0.0,internal_motif_model_v2,10,0,10,new_cysteine,10,9.299999999999999,10,0.02654867256637161,10,-0.00990099009900991,8,10,7
15,16,28,Q,I,-2.3207132816314697,3.3763396175912135,,0,0,,,,,0.0,0.0,msa_v1_remapped,130.4160813152713,0.5796270280678725,surface,4,16,False,False,False,0.9,0.9,0.0,HLA-A03_like,HLA-A03_like,QAGFFLLTR,IAGFFLLTR,0.72,0.72,0.0,PLLVLQAGFFLLTRI,PLLVLIAGFFLLTRI,0.9,0.9,0.0,1.132,1.152,0.02,0.0,0.0,0.0,internal_motif_model_v2,0,0,4,surface_hydrophobic_gain,0,10.0,10,0.03539823008849552,10,0.0,10,10,10
10,11,23,P,I,-2.3238773345947266,0.0533484972843325,,0,0,,,,,0.0,0.0,msa_v1_remapped,79.2949546827029,0.4987104068094521,surface,4,11,False,False,False,0.5,0.8,0.3,HLA-A02_like,HLA-A02_like,LGPLLVLQA,NITSGFLGI,0.72,0.72,0.0,PLLVLQAGFFLLTRI,NITSGFLGILLVLQA,0.72,0.8,0.08,1.166,1.179,0.013,0.0,0.0,0.0,internal_motif_model_v2,0,0,4,surface_hydrophobic_gain,0,10.0,10,0.026991150442477907,10,0.0,10,10,10
148,149,161,C,T,-2.3331947326660156,0.7260033715925829,91.0,139,139,C,1.0,0.0,-0.0,1.0,30.0,msa_v1_remapped,52.85914365312858,0.316521818282207,partial,0,149,True,False,False,0.8,0.8,0.0,HLA-A02_like,HLA-A02_like,CIPIPSSWA,TIPIPSSWA,0.54,0.54,0.0,CTCIPIPSSWAFAKY,CTTIPIPSSWAFAKY,0.8,0.8,0.0,1.125,1.053,-0.072,0.0,8.0,8.0,internal_motif_model_v2,25,0,25,possible_disulfide_loss,10,10.0,10,-0.01415929203539823,10,0.00990099009900991,10,10,10
112,113,125,S,C,-2.3341240882873535,1.771222253770361,55.0,139,139,S,0.9280575539568344,0.0,0.0941412500040876,0.9058587499959124,30.0,msa_v1_remapped,84.37472150799837,0.5443530419870862,surface,0,113,True,False,False,0.45,0.45,0.0,HLA-B07_like,HLA-B07_like,IPGSTTTST,IPGCTTTST,0.46,0.46,0.0,DYQGMLPVCPLIPGS,DYQGMLPVCPLIPGC,0.46,0.46,0.0,0.976,1.033,0.057,0.0,13.0,13.0,internal_motif_model_v2,10,0,10,new_cysteine,10,9.299999999999999,10,0.014601769911504414,10,-0.00990099009900991,8,10,7
59,60,72,H,T,-2.3360469341278076,-0.2525043764057386,,0,0,,,,,0.0,0.0,msa_v1_remapped,91.56181841983944,0.4087581179457117,surface,0,60,False,False,False,0.45,0.45,0.0,HLA-A03_like,HLA-A03_like,QSPTSNHSP,QSPTSNTSP,0.18,0.18,0.0,PVCLGQNSQSPTSNH,PVCLGQNSQSPTSNT,0.45,0.45,0.0,0.97,0.942,-0.028,0.0,0.0,0.0,internal_motif_model_v2,0,0,0,,0,10.0,10,0.011061946902654829,10,-0.08717418825458623,10,10,10
213,214,226,P,I,-2.340024709701538,-4.731338652950171,,0,0,,,,,0.0,0.0,msa_v1_remapped,71.3683394265774,0.4488574806702982,surface,4,214,False,False,False,0.8,0.9,0.1,HLA-A02_like,HLA-B07_like,SIVSPFIPL,SPFIILLPI,0.64,0.64,0.0,VSPFIPLLPIFFCLW,VSPFIILLPIFFCLW,0.8,0.9,0.1,1.134,1.146,0.013,0.0,0.0,0.0,internal_motif_model_v2,0,0,4,surface_hydrophobic_gain,0,10.0,10,0.026991150442477907,10,0.0,10,10,10
197,198,210,M,A,-2.345921516418457,0.3634144060393396,,0,0,,,,,0.0,0.0,msa_v1_remapped,126.22557370650097,0.5635070254754507,surface,0,198,False,False,False,0.85,0.85,0.0,HLA-A02_like,HLA-A02_like,MMWYWGPSL,MAWYWGPSL,0.72,0.72,0.0,GLSPTVWLSAIWMMW,GLSPTVWLSAIWMAW,0.85,0.85,0.0,0.949,0.983,0.034,0.0,0.0,0.0,internal_motif_model_v2,0,0,4,surface_hydrophobic_gain,0,10.0,10,-0.0004424778761061843,10,0.0,10,10,10
204,205,217,L,V,-2.3488616943359375,1.0642091323699103,,0,0,,,,,0.0,0.0,msa_v1_remapped,90.57211620299373,0.4506075432984762,surface,4,205,False,False,False,0.85,0.85,0.0,HLA-A02_like,HLA-A02_like,MMWYWGPSL,MMWYWGPSV,0.72,0.72,0.0,WLSAIWMMWYWGPSL,WLSAIWMMWYWGPSV,0.85,0.85,0.0,1.075,1.094,0.019,0.0,0.0,0.0,internal_motif_model_v2,0,0,4,surface_hydrophobic_gain,0,10.0,10,0.001769911504424737,10,0.0,10,10,10
67,68,80,I,C,-2.3522024154663086,1.5290205512106354,,0,0,,,,,0.0,0.0,msa_v1_remapped,148.48458703764516,0.7537288682113967,surface,0,68,False,False,False,0.8,0.7,-0.1,HLA-B07_like,HLA-B07_like,PPICPGYRW,PPCCPGYRW,0.72,0.72,0.0,PPICPGYRWMCLRRF,PPCCPGYRWMCLRRF,0.8,0.72,-0.08,1.149,1.186,0.037,0.0,0.0,0.0,internal_motif_model_v2,10,0,10,new_cysteine,10,9.299999999999999,10,-0.008849557522123908,10,-0.00990099009900991,8,10,7
193,194,206,A,I,-2.352587938308716,-0.1030909439326706,,0,0,,,,,0.0,0.0,msa_v1_remapped,43.22440677213448,0.3350729207142208,partial,0,194,False,False,False,0.9,0.9,0.0,HLA-B07_like,HLA-B07_like,SPTVWLSAI,SPTVWLSII,0.72,0.72,0.0,GLSPTVWLSAIWMMW,GLSPTVWLSIIWMMW,0.9,0.9,0.0,1.013,1.025,0.013,0.0,0.0,0.0,internal_motif_model_v2,0,0,0,,0,10.0,10,0.011946902654867309,10,0.0,10,10,10
159,160,172,K,L,-2.3527684211730957,1.6200042168898676,102.0,139,139,K,0.935251798561151,0.0,0.0800596389608133,0.9199403610391866,30.0,msa_v1_remapped,99.47570394253258,0.421507220095477,surface,4,160,True,False,False,0.95,0.95,0.0,HLA-A02_like,HLA-A02_like,FAKYLWEWA,FALYLWEWA,0.72,0.72,0.0,IPSSWAFAKYLWEWA,PIPSSWAFALYLWEW,0.95,0.95,0.0,1.065,1.11,0.046,0.0,13.0,13.0,internal_motif_model_v2,0,0,4,surface_hydrophobic_gain,0,10.0,10,0.03407079646017708,10,-0.9990009990009989,10,10,10
10,11,23,P,V,-2.354422092437744,0.6206419770379057,,0,0,,,,,0.0,0.0,msa_v1_remapped,79.2949546827029,0.4987104068094521,surface,4,11,False,False,False,0.5,0.8,0.3,HLA-A02_like,HLA-A02_like,LGPLLVLQA,NITSGFLGV,0.72,0.72,0.0,PLLVLQAGFFLLTRI,NITSGFLGVLLVLQA,0.72,0.8,0.08,1.166,1.212,0.046,0.0,0.0,0.0,internal_motif_model_v2,0,0,4,surface_hydrophobic_gain,0,10.0,10,0.025663716814159354,10,0.0,10,10,10
89,90,102,C,V,-2.354538679122925,-1.7567234668011338,32.0,139,55,C,0.9818181818181818,0.0,0.0303351945483401,0.96966480545166,30.0,msa_v1_remapped,72.39737438344608,0.4335172118769226,surface,4,90,False,False,False,0.95,0.95,0.0,HLA-A02_like,HLA-A02_like,FLFILLLCL,FLFILLLVL,0.72,0.72,0.0,CLRRFIIFLFILLLC,CLRRFIIFLFILLLV,0.95,0.95,0.0,1.236,1.232,-0.004,0.0,0.0,0.0,internal_motif_model_v2,25,0,29,possible_disulfide_loss;surface_hydrophobic_gain,10,10.0,10,0.007522123893805355,10,0.00990099009900991,10,10,10
26,27,39,T,S,-2.3587214946746826,3.949855015751666,,0,0,,,,,0.0,0.0,msa_v1_remapped,53.25391618597866,0.3096157917789457,partial,0,27,False,False,False,0.95,0.95,0.0,HLA-A02_like,HLA-A02_like,FLLTRILTI,FLLTRILSI,0.72,0.72,0.0,LVLQAGFFLLTRILT,LVLQAGFFLLTRILS,0.95,0.95,0.0,1.059,1.074,0.015,0.0,0.0,0.0,internal_motif_model_v2,0,0,0,,0,10.0,10,-0.0004424778761061843,10,0.0,10,10,10
165,166,178,A,F,-2.363312005996704,3.5842319331916883,108.0,139,139,A,0.9856115107913668,0.0,0.0284685318889823,0.9715314681110176,30.0,msa_v1_remapped,26.56782075287816,0.2059520988595206,partial,0,166,True,False,False,0.95,0.5,-0.45,HLA-A02_like,HLA-A02_like,FAKYLWEWA,FAKYLWEWF,0.72,0.72,0.0,IPSSWAFAKYLWEWA,IPSSWAFAKYLWEWF,0.95,0.72,-0.23,0.996,0.999,0.004,18.0,8.0,26.0,internal_motif_model_v2,0,0,0,,0,10.0,10,0.004424778761061954,10,0.0,10,10,10
193,194,206,A,W,-2.364865303039551,1.5052296495102837,,0,0,,,,,0.0,0.0,msa_v1_remapped,43.22440677213448,0.3350729207142208,partial,0,194,False,False,False,0.9,0.9,0.0,HLA-B07_like,HLA-B07_like,SPTVWLSAI,SPTVWLSWI,0.72,0.72,0.0,GLSPTVWLSAIWMMW,GLSPTVWLSWIWMMW,0.9,0.9,0.0,1.013,0.988,-0.024,0.0,0.0,0.0,internal_motif_model_v2,0,0,0,,0,10.0,10,-0.011946902654867197,10,0.0,10,10,10
30,31,43,S,L,-2.365506649017334,0.6386205454260221,3.0,139,48,S,0.9791666666666666,0.0,0.033803026545712,0.966196973454288,30.0,msa_v1_remapped,63.44595903734898,0.4093287679828966,surface,4,31,False,False,False,0.9,0.95,0.05,HLA-B07_like,HLA-A02_like,IPQSLDSWW,LLDSWWTSL,0.72,0.72,0.0,AGFFLLTRILTIPQS,AGFFLLTRILTIPQL,0.9,0.95,0.05,1.053,1.087,0.034,0.0,0.0,0.0,internal_motif_model_v2,0,0,4,surface_hydrophobic_gain,0,10.0,10,0.020353982300885032,10,0.0,10,10,10
193,194,206,A,F,-2.366605043411255,0.2102866923015085,,0,0,,,,,0.0,0.0,msa_v1_remapped,43.22440677213448,0.3350729207142208,partial,0,194,False,False,False,0.9,0.9,0.0,HLA-B07_like,HLA-B07_like,SPTVWLSAI,SPTVWLSFI,0.72,0.72,0.0,GLSPTVWLSAIWMMW,GLSPTVWLSFIWMMW,0.9,0.9,0.0,1.013,1.017,0.004,0.0,0.0,0.0,internal_motif_model_v2,0,0,0,,0,10.0,10,0.004424778761061954,10,0.0,10,10,10
195,196,208,W,S,-2.368824005126953,1.731117217317319,,0,0,,,,,0.0,0.0,msa_v1_remapped,143.50009843434776,0.5035091173135009,surface,0,196,False,False,False,0.9,0.9,0.0,HLA-A02_like,HLA-A02_like,TVWLSAIWM,TVWLSAISM,0.72,0.72,0.0,GLSPTVWLSAIWMMW,LSPTVWLSAISMMWY,0.9,0.9,0.0,0.952,0.969,0.017,0.0,0.0,0.0,internal_motif_model_v2,0,0,0,,0,10.0,10,0.0004424778761062953,10,0.0,10,10,10
136,137,149,C,T,-2.3694238662719727,3.316637452974362,79.0,139,139,C,0.9928057553956836,0.0,0.0142429670997965,0.9857570329002034,30.0,msa_v1_remapped,24.389113681243025,0.1460425968936708,buried,0,137,True,True,True,0.4,0.4,0.0,HLA-A03_like,HLA-A03_like,MFPSCCCTK,MFPSTCCTK,0.28,0.28,0.0,TCTTPAQGNSMFPSC,TCTTPAQGNSMFPST,0.4,0.4,0.0,1.187,1.116,-0.072,12.0,36.0,48.0,internal_motif_model_v2,25,15,40,possible_disulfide_loss;antibody_interface_mutation,10,10.0,10,-0.01415929203539823,10,0.00990099009900991,10,10,10
76,77,89,L,R,-2.3694772720336914,1.532740320999153,19.0,139,55,L,1.0,0.0,-0.0,1.0,30.0,msa_v1_remapped,72.45769296239497,0.360486034638781,surface,0,77,False,False,False,0.95,0.95,0.0,HLA-A02_like,HLA-A02_like,WMCLRRFII,WMCRRRFII,0.72,0.72,0.0,PPICPGYRWMCLRRF,WMCRRRFIIFLFILL,0.95,0.95,0.0,1.031,0.977,-0.054,0.0,0.0,0.0,internal_motif_model_v2,0,0,0,,0,9.6,10,-0.03672566371681407,10,0.9999900000999986,8,10,10
187,188,200,P,V,-2.3732059001922607,3.41439161707774,,0,0,,,,,0.0,0.0,msa_v1_remapped,98.88934452329592,0.621945563039597,surface,4,188,False,False,False,0.9,0.9,0.0,HLA-B07_like,HLA-A02_like,SPTVWLSAI,SVTVWLSAI,0.72,0.72,0.0,GLSPTVWLSAIWMMW,GLSVTVWLSAIWMMW,0.9,0.9,0.0,1.055,1.101,0.046,0.0,0.0,0.0,internal_motif_model_v2,0,0,4,surface_hydrophobic_gain,0,10.0,10,0.025663716814159354,10,0.0,10,10,10
90,91,103,L,I,-2.373893022537231,2.192399527462669,33.0,139,55,L,1.0,0.0,-0.0,1.0,24.0,msa_v1_remapped,88.04281995758858,0.4380239798885004,surface,4,91,False,False,False,0.95,0.95,0.0,HLA-A02_like,HLA-A02_like,FLFILLLCL,FLFILLLCI,0.72,0.72,0.0,LRRFIIFLFILLLCL,LRRFIIFLFILLLCI,0.95,0.95,0.0,1.236,1.222,-0.014,0.0,0.0,0.0,internal_motif_model_v2,0,0,4,surface_hydrophobic_gain,0,10.0,10,0.003097345132743401,10,0.0,10,10,10
190,191,203,W,F,-2.378241062164306,3.1014964459714633,,0,0,,,,,0.0,0.0,msa_v1_remapped,102.07819929676634,0.358169120339531,surface,4,191,False,False,False,0.9,0.9,0.0,HLA-B07_like,HLA-B07_like,SPTVWLSAI,SPTVFLSAI,0.72,0.72,0.0,GLSPTVWLSAIWMMW,GLSPTVFLSAIWMMW,0.9,0.9,0.0,1.082,1.11,0.028,0.0,0.0,0.0,internal_motif_model_v2,0,0,4,surface_hydrophobic_gain,0,10.0,10,0.016371681415929262,10,0.0,10,10,10
87,88,100,L,S,-2.3789894580841064,2.2575631456347764,30.0,139,55,L,1.0,0.0,-0.0,1.0,30.0,msa_v1_remapped,89.36448798695382,0.4445994427211632,surface,0,88,False,False,False,0.95,0.95,0.0,HLA-A02_like,HLA-A02_like,FIIFLFILL,FLFILSLCL,0.72,0.72,0.0,WMCLRRFIIFLFILL,WMCLRRFIIFLFILS,0.95,0.95,0.0,1.236,1.202,-0.034,0.0,0.0,0.0,internal_motif_model_v2,0,0,0,,0,10.0,10,-0.02035398230088492,10,0.0,10,10,10
199,200,212,Y,V,-2.383256196975708,2.327494616193917,,0,0,,,,,0.0,0.0,msa_v1_remapped,145.31690659865998,0.5525357665348288,surface,4,200,False,False,False,0.85,0.85,0.0,HLA-A02_like,HLA-A02_like,MMWYWGPSL,MMWVWGPSL,0.72,0.72,0.0,LSPTVWLSAIWMMWY,LSPTVWLSAIWMMWV,0.85,0.85,0.0,0.934,0.966,0.032,0.0,0.0,0.0,internal_motif_model_v2,0,0,4,surface_hydrophobic_gain,0,10.0,10,0.02433628318584069,10,0.000999000999000188,10,10,10
34,35,47,W,F,-2.3878133296966553,-1.3216970072088543,7.0,139,48,W,1.0,0.0,-0.0,1.0,24.0,msa_v1_remapped,142.29247021830784,0.4992718253273959,surface,4,35,False,False,False,0.9,0.9,0.0,HLA-B07_like,HLA-B07_like,IPQSLDSWW,IPQSLDSFW,0.54,0.54,0.0,QSLDSWWTSLNFLGG,QSLDSFWTSLNFLGG,0.9,0.9,0.0,0.976,1.005,0.028,0.0,0.0,0.0,internal_motif_model_v2,0,0,4,surface_hydrophobic_gain,0,10.0,10,0.016371681415929262,10,0.0,10,10,10
26,27,39,T,L,-2.3894028663635254,3.60694196994632,,0,0,,,,,0.0,0.0,msa_v1_remapped,53.25391618597866,0.3096157917789457,partial,0,27,False,False,False,0.95,0.95,0.0,HLA-A02_like,HLA-A02_like,FLLTRILTI,FLLTRILLI,0.72,0.72,0.0,LVLQAGFFLLTRILT,LVLQAGFFLLTRILL,0.95,0.95,0.0,1.059,1.108,0.049,0.0,0.0,0.0,internal_motif_model_v2,0,0,0,,0,10.0,10,0.019911504424778736,10,0.0,10,10,10
22,23,35,T,S,-2.3949031829833984,0.8731826883641247,,0,0,,,,,0.0,0.0,msa_v1_remapped,70.68749346669142,0.4109737992249501,surface,0,23,False,False,False,0.95,0.95,0.0,HLA-A02_like,HLA-A02_like,FLLTRILTI,FLLSRILTI,0.72,0.72,0.0,PLLVLQAGFFLLTRI,PLLVLQAGFFLLSRI,0.95,0.95,0.0,1.111,1.125,0.015,0.0,0.0,0.0,internal_motif_model_v2,0,0,0,,0,10.0,10,-0.0004424778761061843,10,0.0,10,10,10
19,20,32,F,S,-2.395773410797119,0.0588831952733244,,0,0,,,,,0.0,0.0,msa_v1_remapped,125.22908564952348,0.5217878568730145,surface,0,20,False,False,False,0.95,0.9,-0.05,HLA-A02_like,HLA-A03_like,FLLTRILTI,QAGFSLLTR,0.72,0.64,-0.08,PLLVLQAGFFLLTRI,SGFLGPLLVLQAGFS,0.95,0.9,-0.05,1.076,1.064,-0.011,0.0,0.0,0.0,internal_motif_model_v2,0,0,0,,0,10.0,10,-0.015929203539822967,10,0.0,10,10,10
205,206,218,Y,F,-2.396195411682129,1.1386715625426405,,0,0,,,,,0.0,0.0,msa_v1_remapped,141.1068834163255,0.5365280738263327,surface,4,206,False,False,False,0.5,0.5,0.0,HLA-A02_like,HLA-A02_like,WGPSLYSIV,WGPSLFSIV,0.72,0.72,0.0,LSAIWMMWYWGPSLY,LSAIWMMWYWGPSLF,0.72,0.72,0.0,1.148,1.138,-0.01,0.0,0.0,0.0,internal_motif_model_v2,0,0,4,surface_hydrophobic_gain,0,10.0,10,0.018141592920354,10,0.000999000999000188,10,10,10
73,74,86,W,R,-2.397904396057129,2.711051476420721,16.0,139,48,W,0.9583333333333334,0.0,0.0674580772976627,0.9325419227023372,30.0,msa_v1_remapped,110.98604703594344,0.3894247264419068,surface,0,74,False,False,False,0.95,0.9,-0.05,HLA-A02_like,HLA-A02_like,WMCLRRFII,RMCLRRFII,0.72,0.72,0.0,PPICPGYRWMCLRRF,PPICPGYRRMCLRRF,0.95,0.9,-0.05,1.041,1.038,-0.003,0.0,0.0,0.0,internal_motif_model_v2,0,0,0,,0,9.6,10,-0.015929203539822967,10,0.9999900000999986,8,10,10
158,159,171,A,F,-2.3997678756713867,4.234604247676316,101.0,139,139,A,0.5827338129496403,0.0,0.2617420822038793,0.7382579177961207,17.0,msa_v1_remapped,50.039539113790504,0.3879034039828721,surface,4,159,True,False,False,0.95,0.5,-0.45,HLA-A02_like,HLA-A02_like,FAKYLWEWA,WAFFKYLWE,0.72,0.72,0.0,IPSSWAFAKYLWEWA,IPSSWAFFKYLWEWA,0.95,0.72,-0.23,1.065,1.069,0.004,18.0,13.0,31.0,internal_motif_model_v2,0,0,4,surface_hydrophobic_gain,0,10.0,10,0.004424778761061954,10,0.0,10,10,10
223,224,236,V,F,-2.4017975330352783,3.7508049288553593,,0,0,,,,,0.0,0.0,msa_v1_remapped,127.42812510881264,0.7323455466023716,surface,4,224,False,False,False,0.95,0.95,0.0,HLA-B07_like,HLA-B07_like,LPIFFCLWV,LPIFFCLWF,0.64,0.64,0.0,SPFIPLLPIFFCLWV,SPFIPLLPIFFCLWF,0.95,0.95,0.0,1.208,1.16,-0.049,0.0,0.0,0.0,internal_motif_model_v2,0,0,4,surface_hydrophobic_gain,0,10.0,10,-0.006194690265486691,10,0.0,10,10,10
194,195,207,I,V,-2.402200937271118,1.0529731757447962,,0,0,,,,,0.0,0.0,msa_v1_remapped,95.2664598751762,0.483586090736935,surface,4,195,False,False,False,0.9,0.9,0.0,HLA-B07_like,HLA-B07_like,SPTVWLSAI,SPTVWLSAV,0.72,0.72,0.0,GLSPTVWLSAIWMMW,GLSPTVWLSAVWMMW,0.9,0.9,0.0,1.003,1.036,0.033,0.0,0.0,0.0,internal_motif_model_v2,0,0,4,surface_hydrophobic_gain,0,10.0,10,-0.0013274336283185528,10,0.0,10,10,10
210,211,223,P,I,-2.402444362640381,-7.103774312220821,,0,0,,,,,0.0,0.0,msa_v1_remapped,76.72563454689102,0.4825511606722705,surface,4,211,False,False,False,0.8,0.9,0.1,HLA-A02_like,HLA-A02_like,SIVSPFIPL,SIVSIFIPL,0.64,0.64,0.0,VSPFIPLLPIFFCLW,GPSLYSIVSIFIPLL,0.8,0.9,0.1,1.131,1.144,0.013,0.0,0.0,0.0,internal_motif_model_v2,0,0,4,surface_hydrophobic_gain,0,10.0,10,0.026991150442477907,10,0.0,10,10,10
214,215,227,L,I,-2.404603958129883,2.5449328464150653,,0,0,,,,,0.0,0.0,msa_v1_remapped,96.20174970726173,0.4786156701853817,surface,4,215,False,False,False,0.8,0.8,0.0,HLA-A02_like,HLA-A02_like,SIVSPFIPL,SIVSPFIPI,0.64,0.64,0.0,VSPFIPLLPIFFCLW,VSPFIPILPIFFCLW,0.8,0.8,0.0,1.146,1.132,-0.014,0.0,0.0,0.0,internal_motif_model_v2,0,0,4,surface_hydrophobic_gain,0,10.0,10,0.003097345132743401,10,0.0,10,10,10
24,25,37,I,F,-2.40708589553833,1.891101097625892,,0,0,,,,,0.0,0.0,msa_v1_remapped,105.45426785964946,0.5353008520794389,surface,4,25,False,False,False,0.95,0.95,0.0,HLA-A02_like,HLA-A02_like,FLLTRILTI,FLLTRFLTI,0.72,0.72,0.0,PLLVLQAGFFLLTRI,PLLVLQAGFFLLTRF,0.95,0.95,0.0,1.071,1.062,-0.009,0.0,0.0,0.0,internal_motif_model_v2,0,0,4,surface_hydrophobic_gain,0,10.0,10,-0.007522123893805244,10,0.0,10,10,10
168,169,181,R,I,-2.4074323177337646,2.1948959527347824,111.0,139,139,R,0.9928057553956836,0.0,0.0142429670997965,0.9857570329002034,30.0,msa_v1_remapped,163.53693761790183,0.5968501372916125,surface,4,169,True,False,False,0.95,0.95,0.0,HLA-A02_like,HLA-A02_like,WASVRFSWL,YLWEWASVI,0.72,0.72,0.0,SWAFAKYLWEWASVR,SWAFAKYLWEWASVI,0.95,0.95,0.0,1.047,1.087,0.04,0.0,13.0,13.0,internal_motif_model_v2,0,0,4,surface_hydrophobic_gain,0,10.0,10,0.03982300884955747,10,-0.9999900000999986,10,10,10
207,208,220,I,S,-2.4091756343841553,3.7272191049404455,,0,0,,,,,0.0,0.0,msa_v1_remapped,98.75317533131874,0.501285153966085,surface,0,208,False,False,False,0.8,0.8,0.0,HLA-A02_like,HLA-A02_like,SIVSPFIPL,SVSPFIPLL,0.54,0.54,0.0,AIWMMWYWGPSLYSI,AIWMMWYWGPSLYSS,0.8,0.8,0.0,1.148,1.128,-0.02,0.0,0.0,0.0,internal_motif_model_v2,0,0,0,,0,10.0,10,-0.02345132743362832,10,0.0,10,10,10
1,2,14,E,A,-2.4098429679870605,3.39762469957401,,0,0,,,,,0.0,0.0,msa_v1_remapped,166.0703179337566,0.7447099458912851,surface,0,2,False,False,False,0.35,0.8,0.45,HLA-A02_like,HLA-A02_like,GENITSGFL,GANITSGFL,0.46,0.46,0.0,GENITSGFLGPLLVL,GANITSGFLGPLLVL,0.46,0.8,0.34,0.912,0.955,0.043,4.0,0.0,4.0,internal_motif_model_v2,0,0,4,surface_hydrophobic_gain,0,10.0,10,0.02345132743362832,10,0.9971895380267899,10,10,10
143,144,156,D,G,-2.410581111907959,4.175121355788349,86.0,139,139,D,0.9568345323741008,0.0071942446043165,0.0658688907339786,0.9341311092660214,27.0,msa_v1_remapped,158.39391168293363,0.8206938429167546,surface,0,144,True,True,True,0.35,0.35,0.0,HLA-A02_like,HLA-A02_like,DGNCTCIPI,GGNCTCIPI,0.28,0.28,0.0,KPTDGNCTCIPIPSS,KPTGGNCTCIPIPSS,0.35,0.35,0.0,0.976,0.977,0.001,12.0,41.0,53.0,internal_motif_model_v2,0,15,19,new_glycine;antibody_interface_mutation,0,10.0,10,0.013716814159292157,10,0.9988792390601553,10,10,10
188,189,201,T,F,-2.4106009006500244,1.816924020577062,,0,0,,,,,0.0,0.0,msa_v1_remapped,99.09010486023097,0.5761052608152962,surface,4,189,False,False,False,0.9,0.95,0.05,HLA-B07_like,HLA-A02_like,SPTVWLSAI,FVWLSAIWM,0.72,0.72,0.0,GLSPTVWLSAIWMMW,FVGLSPFVWLSAIWM,0.9,0.95,0.05,1.109,1.135,0.026,0.0,0.0,0.0,internal_motif_model_v2,0,0,4,surface_hydrophobic_gain,0,10.0,10,0.015486725663716783,10,0.0,10,10,10
120,121,133,C,G,-2.412272691726685,0.4268401065871785,63.0,139,139,C,1.0,0.0,-0.0,1.0,30.0,msa_v1_remapped,35.76532333471624,0.214163612782732,partial,0,121,True,False,True,0.8,0.8,0.0,HLA-A03_like,HLA-A03_like,TTTSTGPCK,TTTSTGPGK,0.28,0.28,0.0,GPCKTCTTPAQGNSM,GPGKTCTTPAQGNSM,0.8,0.8,0.0,1.073,0.996,-0.077,0.0,28.0,28.0,internal_motif_model_v2,25,15,44,possible_disulfide_loss;new_glycine;antibody_interface_mutation,10,10.0,10,-0.012831858407079566,10,0.00990099009900991,10,10,10
211,212,224,F,I,-2.4122838973999023,-0.0492673828735519,,0,0,,,,,0.0,0.0,msa_v1_remapped,115.65997035587758,0.4819165431494899,surface,4,212,False,False,False,0.8,0.9,0.1,HLA-A02_like,HLA-A02_like,SIVSPFIPL,SLYSIVSPI,0.64,0.64,0.0,VSPFIPLLPIFFCLW,VSPIIPLLPIFFCLW,0.8,0.9,0.1,1.145,1.154,0.009,0.0,0.0,0.0,internal_motif_model_v2,0,0,4,surface_hydrophobic_gain,0,10.0,10,0.007522123893805355,10,0.0,10,10,10
1,2,14,E,S,-2.4177284240722656,2.3092148197702045,,0,0,,,,,0.0,0.0,msa_v1_remapped,166.0703179337566,0.7447099458912851,surface,0,2,False,False,False,0.35,0.35,0.0,HLA-A02_like,HLA-A02_like,GENITSGFL,GSNITSGFL,0.46,0.46,0.0,GENITSGFLGPLLVL,GSNITSGFLGPLLVL,0.46,0.46,0.0,0.912,0.945,0.032,0.0,0.0,0.0,internal_motif_model_v2,0,0,0,,0,10.0,10,0.011946902654867309,10,0.9971895380267899,10,10,10
24,25,37,I,S,-2.4178988933563232,-0.0515264848771153,,0,0,,,,,0.0,0.0,msa_v1_remapped,105.45426785964946,0.5353008520794389,surface,0,25,False,False,False,0.95,0.95,0.0,HLA-A02_like,HLA-A02_like,FLLTRILTI,FLLTRSLTI,0.72,0.64,-0.08,PLLVLQAGFFLLTRI,PLLVLQAGFFLLTRS,0.95,0.95,0.0,1.071,1.051,-0.02,0.0,0.0,0.0,internal_motif_model_v2,0,0,0,,0,10.0,10,-0.02345132743362832,10,0.0,10,10,10
105,106,118,V,L,-2.4184205532073975,3.3325476645655954,48.0,139,137,V,1.0,0.0,-0.0,1.0,24.0,msa_v1_remapped,84.28376611749164,0.4843894604453542,surface,4,106,True,False,True,0.8,0.8,0.0,HLA-A02_like,HLA-A02_like,GMLPVCPLI,GMLPLCPLI,0.72,0.72,0.0,IFLLVLLDYQGMLPV,IFLLVLLDYQGMLPL,0.8,0.8,0.0,1.178,1.159,-0.019,0.0,19.8,19.8,internal_motif_model_v2,0,15,19,surface_hydrophobic_gain;antibody_interface_mutation,0,10.0,10,-0.001769911504424737,10,0.0,10,10,10
151,152,164,I,L,-2.4196882247924805,3.4299217844281884,94.0,139,139,I,1.0,0.0,-0.0,1.0,24.0,msa_v1_remapped,55.83594092248167,0.2834311721953384,partial,0,152,True,False,False,0.9,0.9,0.0,HLA-A02_like,HLA-A02_like,PIPSSWAFA,PLPSSWAFA,0.72,0.72,0.0,IPSSWAFAKYLWEWA,LPSSWAFAKYLWEWA,0.9,0.9,0.0,1.124,1.138,0.014,0.0,4.8,4.8,internal_motif_model_v2,0,0,0,,0,10.0,10,-0.00309734513274329,10,0.0,10,10,10
198,199,211,W,I,-2.4197494983673096,-3.3411520824496392,,0,0,,,,,0.0,0.0,msa_v1_remapped,211.93063403958848,0.7436162597880298,surface,4,199,False,False,False,0.85,0.95,0.1,HLA-A02_like,HLA-A02_like,MMWYWGPSL,WLSAIWMMI,0.72,0.72,0.0,GLSPTVWLSAIWMMW,GLSPTVWLSAIWMMI,0.85,0.95,0.1,0.909,0.946,0.037,0.0,0.0,0.0,internal_motif_model_v2,0,0,4,surface_hydrophobic_gain,0,10.0,10,0.023893805309734506,10,0.0,10,10,10
127,128,140,A,G,-2.4232239723205566,2.513450723751987,70.0,139,139,A,0.9568345323741008,0.0071942446043165,0.0718774674471033,0.9281225325528968,27.0,msa_v1_remapped,102.68746720963291,0.7960268775940537,surface,0,128,True,True,True,0.8,0.8,0.0,HLA-B07_like,HLA-B07_like,TPAQGNSMF,TPGQGNSMF,0.28,0.18,-0.1,GPCKTCTTPAQGNSM,GQGNSMFPSCCCTKP,0.8,0.8,0.0,0.944,0.917,-0.027,12.0,41.0,53.0,internal_motif_model_v2,0,15,19,new_glycine;antibody_interface_mutation,0,10.0,10,-0.009734513274336276,10,0.0,10,10,10
132,133,145,M,C,-2.4245731830596924,2.2676012542433455,75.0,139,139,M,0.8992805755395683,0.0,0.1457327329274661,0.8542672670725339,22.0,msa_v1_remapped,153.94398391920046,0.6872499282107164,surface,0,133,True,True,True,0.8,0.8,0.0,HLA-B07_like,HLA-B07_like,TPAQGNSMF,TPAQGNSCF,0.28,0.18,-0.1,GPCKTCTTPAQGNSM,GPCKTCTTPAQGNSC,0.8,0.8,0.0,0.951,1.034,0.084,12.0,41.0,53.0,internal_motif_model_v2,10,15,25,new_cysteine;antibody_interface_mutation,10,9.299999999999999,10,0.0026548672566372167,10,-0.00990099009900991,8,10,7
8,9,21,L,S,-2.425980567932129,1.919036613003641,,0,0,,,,,0.0,0.0,msa_v1_remapped,104.9496149821474,0.5221373879708826,surface,0,9,False,False,False,0.5,0.45,-0.05,HLA-A02_like,HLA-A02_like,LGPLLVLQA,SGPLLVLQA,0.64,0.64,0.0,NITSGFLGPLLVLQA,SGFSGPLLVLQAGFF,0.64,0.64,0.0,1.059,1.025,-0.034,0.0,0.0,0.0,internal_motif_model_v2,0,0,0,,0,10.0,10,-0.02035398230088492,10,0.0,10,10,10
111,112,124,G,N,-2.4283957481384277,3.1999895656716717,54.0,139,139,G,0.9928057553956836,0.0,0.0142429670997965,0.9857570329002034,30.0,msa_v1_remapped,71.44743216322419,0.6869945400310018,surface,0,112,True,False,False,0.45,0.5,0.05,HLA-B07_like,HLA-A02_like,IPGSTTTST,LIPNSTTTS,0.46,0.46,0.0,LDYQGMLPVCPLIPG,LDYQGMLPVCPLIPN,0.46,0.5,0.04,1.024,1.01,-0.014,0.0,13.0,13.0,internal_motif_model_v2,0,0,0,,0,10.0,10,-0.013716814159292046,10,0.0,10,10,10
60,61,73,S,C,-2.4319446086883545,3.2016337332380544,,0,0,,,,,0.0,0.0,msa_v1_remapped,54.46238634884975,0.351370234508708,surface,0,61,False,False,False,0.45,0.45,0.0,HLA-A03_like,HLA-A03_like,QSPTSNHSP,QSPTSNHCP,0.28,0.28,0.0,SPTSCPPICPGYRWM,CPTSCPPICPGYRWM,0.45,0.45,0.0,0.984,1.041,0.057,0.0,0.0,0.0,internal_motif_model_v2,10,0,10,new_cysteine,10,9.299999999999999,10,0.014601769911504414,10,-0.00990099009900991,8,10,7
136,137,149,C,G,-2.433026075363159,3.6898885837763378,79.0,139,139,C,0.9928057553956836,0.0,0.0142429670997965,0.9857570329002034,30.0,msa_v1_remapped,24.389113681243025,0.1460425968936708,buried,0,137,True,True,True,0.4,0.35,-0.05,HLA-A03_like,HLA-A03_like,MFPSCCCTK,PSGCCTKPT,0.28,0.28,0.0,TCTTPAQGNSMFPSC,TCTTPAQGNSMFPSG,0.4,0.35,-0.05,1.187,1.111,-0.077,12.0,36.0,48.0,internal_motif_model_v2,25,15,44,possible_disulfide_loss;new_glycine;antibody_interface_mutation,10,10.0,10,-0.012831858407079566,10,0.00990099009900991,10,10,10
4,5,17,T,I,-2.4394302368164062,2.725190281854509,,0,0,,,,,0.0,0.0,msa_v1_remapped,106.88055092437924,0.6213985518859257,surface,4,5,False,False,False,0.35,0.8,0.45,HLA-A02_like,HLA-A02_like,GENITSGFL,IISGFLGPL,0.64,0.64,0.0,NITSGFLGPLLVLQA,NIISGFLGPLLVLQA,0.64,0.8,0.16,0.952,0.987,0.035,0.0,0.0,0.0,internal_motif_model_v2,0,0,4,surface_hydrophobic_gain,0,10.0,10,0.023008849557522137,10,0.0,10,10,10
214,215,227,L,S,-2.440859794616699,2.5695766813066143,,0,0,,,,,0.0,0.0,msa_v1_remapped,96.20174970726173,0.4786156701853817,surface,0,215,False,False,False,0.8,0.8,0.0,HLA-A02_like,HLA-A02_like,SIVSPFIPL,IVSPFIPSL,0.64,0.54,-0.1,VSPFIPLLPIFFCLW,SPFIPSLPIFFCLWV,0.8,0.8,0.0,1.146,1.112,-0.034,0.0,0.0,0.0,internal_motif_model_v2,0,0,0,,0,10.0,10,-0.02035398230088492,10,0.0,10,10,10
210,211,223,P,S,-2.4429931640625,-7.181903330774958,,0,0,,,,,0.0,0.0,msa_v1_remapped,76.72563454689102,0.4825511606722705,surface,0,211,False,False,False,0.8,0.9,0.1,HLA-A02_like,HLA-A02_like,SIVSPFIPL,SIVSSFIPL,0.64,0.64,0.0,VSPFIPLLPIFFCLW,VSSFIPLLPIFFCLW,0.8,0.9,0.1,1.131,1.124,-0.007,0.0,0.0,0.0,internal_motif_model_v2,0,0,0,,0,10.0,10,0.0035398230088495852,10,0.0,10,10,10
28,29,41,P,S,-2.4437217712402344,-7.4334492782589905,1.0,139,48,P,1.0,0.0,-0.0,1.0,30.0,msa_v1_remapped,71.6406778105318,0.4505703006951685,surface,0,29,False,False,False,0.9,0.9,0.0,HLA-B07_like,HLA-A02_like,IPQSLDSWW,RILTISQSL,0.72,0.72,0.0,LQAGFFLLTRILTIP,LQAGFFLLTRILTIS,0.9,0.9,0.0,1.093,1.086,-0.007,0.0,0.0,0.0,internal_motif_model_v2,0,0,0,,0,10.0,10,0.0035398230088495852,10,0.0,10,10,10
207,208,220,I,F,-2.445828914642334,1.8920317043352952,,0,0,,,,,0.0,0.0,msa_v1_remapped,98.75317533131874,0.501285153966085,surface,4,208,False,False,False,0.8,0.85,0.05,HLA-A02_like,HLA-A02_like,SIVSPFIPL,FVSPFIPLL,0.54,0.54,0.0,AIWMMWYWGPSLYSI,AIWMMWYWGPSLYSF,0.8,0.85,0.05,1.148,1.139,-0.009,0.0,0.0,0.0,internal_motif_model_v2,0,0,4,surface_hydrophobic_gain,0,10.0,10,-0.007522123893805244,10,0.0,10,10,10
104,105,117,P,L,-2.4487719535827637,3.940860747326554,47.0,139,134,P,1.0,0.0,-0.0,1.0,30.0,msa_v1_remapped,104.61935819603144,0.6579833848807009,surface,4,105,True,False,True,0.8,0.85,0.05,HLA-A02_like,HLA-A02_like,GMLPVCPLI,LLDYQGMLL,0.72,0.72,0.0,LIFLLVLLDYQGMLP,LIFLLVLLDYQGMLL,0.8,0.85,0.05,1.125,1.151,0.027,0.0,33.0,33.0,internal_motif_model_v2,0,15,19,surface_hydrophobic_gain;antibody_interface_mutation,0,10.0,10,0.023893805309734506,10,0.0,10,10,10
102,103,115,M,I,-2.4488399028778076,2.6833121382871923,45.0,139,124,M,0.9838709677419356,0.0161290322580645,0.0275608534062741,0.972439146593726,21.0,msa_v1_remapped,130.11034151822395,0.5808497389206426,surface,4,103,True,False,True,0.95,0.95,0.0,HLA-A02_like,HLA-A02_like,LVLLDYQGM,LVLLDYQGI,0.72,0.72,0.0,LCLIFLLVLLDYQGM,LCLIFLLVLLDYQGI,0.95,0.95,0.0,1.082,1.128,0.047,0.0,19.8,19.8,internal_motif_model_v2,0,15,19,surface_hydrophobic_gain;antibody_interface_mutation,0,10.0,10,0.011504424778761124,10,0.0,10,10,10
181,182,194,W,F,-2.4488742351531982,-0.3189641837366821,,0,0,,,,,0.0,0.0,msa_v1_remapped,147.92210372257586,0.5190249253423714,surface,4,182,False,False,False,0.95,0.95,0.0,HLA-A02_like,HLA-A02_like,LVPFVQWFV,LVPFVQFFV,0.64,0.64,0.0,VRFSWLSLLVPFVQW,VRFSWLSLLVPFVQF,0.95,0.95,0.0,1.104,1.133,0.028,0.0,0.0,0.0,internal_motif_model_v2,0,0,4,surface_hydrophobic_gain,0,10.0,10,0.016371681415929262,10,0.0,10,10,10
185,186,198,L,F,-2.4491875171661377,4.732800550633499,,0,0,,,,,0.0,0.0,msa_v1_remapped,54.73388278597297,0.2723078745570794,partial,0,186,False,False,False,0.5,0.5,0.0,HLA-A02_like,HLA-A02_like,LSPTVWLSA,FSPTVWLSA,0.72,0.72,0.0,GLSPTVWLSAIWMMW,GFSPTVWLSAIWMMW,0.72,0.72,0.0,1.083,1.061,-0.023,0.0,0.0,0.0,internal_motif_model_v2,0,0,0,,0,10.0,10,-0.004424778761061954,10,0.0,10,10,10
54,55,67,S,T,-2.451204299926758,-0.2620550251510281,,0,0,,,,,0.0,0.0,msa_v1_remapped,63.40593514694224,0.4090705493351112,surface,0,55,False,False,False,0.45,0.45,0.0,HLA-A02_like,HLA-A02_like,CLGQNSQSP,CLGQNSQTP,0.28,0.28,0.0,FLGGSPVCLGQNSQS,FLGGSPVCLGQNSQT,0.45,0.45,0.0,0.971,0.957,-0.015,0.0,0.0,0.0,internal_motif_model_v2,0,0,0,,0,10.0,10,0.0004424778761062953,10,0.0,10,10,10
124,125,137,T,C,-2.452627182006836,2.5590088236476163,67.0,139,139,T,0.9856115107913668,0.0,0.0251393489658203,0.9748606510341796,30.0,msa_v1_remapped,95.07660714793444,0.5527709717903165,surface,0,125,True,True,True,0.35,0.35,0.0,HLA-B07_like,HLA-B07_like,GPCKTCTTP,GPCKTCCTP,0.28,0.28,0.0,GPCKTCTTPAQGNSM,GPCKTCCTPAQGNSM,0.35,0.35,0.0,1.028,1.1,0.072,12.0,41.0,53.0,internal_motif_model_v2,10,15,25,new_cysteine;antibody_interface_mutation,10,9.299999999999999,10,0.01415929203539823,10,-0.00990099009900991,8,10,7
163,164,176,E,L,-2.4526474475860596,4.549836029290589,106.0,139,138,E,0.9347826086956522,0.0,0.1054924005299425,0.8945075994700575,30.0,msa_v1_remapped,95.54970586882384,0.4284740173489859,surface,4,164,True,False,False,0.95,0.95,0.0,HLA-A02_like,HLA-A02_like,FAKYLWEWA,WAFAKYLWL,0.72,0.72,0.0,IPSSWAFAKYLWEWA,IPIPSSWAFAKYLWL,0.95,0.95,0.0,1.018,1.075,0.057,0.0,13.0,13.0,internal_motif_model_v2,0,0,4,surface_hydrophobic_gain,0,10.0,10,0.03230088495575223,10,0.9971895380267899,10,10,10
197,198,210,M,G,-2.461118221282959,2.992739248257294,,0,0,,,,,0.0,0.0,msa_v1_remapped,126.22557370650097,0.5635070254754507,surface,0,198,False,False,False,0.85,0.5,-0.35,HLA-A02_like,HLA-A02_like,MMWYWGPSL,WLSAIWMGW,0.72,0.72,0.0,GLSPTVWLSAIWMMW,GLSPTVWLSAIWMGW,0.85,0.72,-0.13,0.949,0.956,0.007,0.0,0.0,0.0,internal_motif_model_v2,0,0,4,new_glycine,0,10.0,10,-0.01017699115044246,10,0.0,10,10,10
169,170,182,F,S,-2.4612436294555664,3.613082724924027,112.0,139,139,F,1.0,0.0,-0.0,1.0,30.0,msa_v1_remapped,111.10179587567232,0.462924149481968,surface,0,170,False,False,False,0.95,0.95,0.0,HLA-A02_like,HLA-A02_like,WASVRFSWL,WASVRSSWL,0.72,0.72,0.0,WAFAKYLWEWASVRF,WAFAKYLWEWASVRS,0.95,0.95,0.0,1.073,1.062,-0.011,0.0,0.0,0.0,internal_motif_model_v2,0,0,0,,0,10.0,10,-0.015929203539822967,10,0.0,10,10,10
188,189,201,T,V,-2.4625723361968994,0.1396005318221114,,0,0,,,,,0.0,0.0,msa_v1_remapped,99.09010486023097,0.5761052608152962,surface,4,189,False,False,False,0.9,0.9,0.0,HLA-B07_like,HLA-B07_like,SPTVWLSAI,SPVVWLSAI,0.72,0.72,0.0,GLSPTVWLSAIWMMW,FVGLSPVVWLSAIWM,0.9,0.9,0.0,1.109,1.176,0.068,0.0,0.0,0.0,internal_motif_model_v2,0,0,4,surface_hydrophobic_gain,0,10.0,10,0.021681415929203585,10,0.0,10,10,10
179,180,192,V,I,-2.4649500846862793,4.932921074435683,,0,0,,,,,0.0,0.0,msa_v1_remapped,76.08057761051472,0.4372446989110041,surface,4,180,False,False,False,0.95,0.95,0.0,HLA-A02_like,HLA-A02_like,LVPFVQWFV,LVPFIQWFV,0.64,0.64,0.0,ASVRFSWLSLLVPFV,ASVRFSWLSLLVPFI,0.95,0.95,0.0,1.131,1.098,-0.033,0.0,0.0,0.0,internal_motif_model_v2,0,0,4,surface_hydrophobic_gain,0,10.0,10,0.0013274336283185528,10,0.0,10,10,10
154,155,167,S,F,-2.465078353881836,3.3627544643359215,97.0,139,139,S,1.0,0.0,-0.0,1.0,30.0,msa_v1_remapped,45.551987636437936,0.2938837912028254,partial,0,155,True,False,False,0.9,0.9,0.0,HLA-A02_like,HLA-A02_like,PIPSSWAFA,PIPSFWAFA,0.72,0.72,0.0,IPSSWAFAKYLWEWA,IPSFWAFAKYLWEWA,0.9,0.9,0.0,1.041,1.052,0.011,0.0,8.0,8.0,internal_motif_model_v2,0,0,0,,0,10.0,10,0.015929203539823078,10,0.0,10,10,10
171,172,184,W,S,-2.4706287384033203,-1.2724969104070285,,0,0,,,,,0.0,0.0,msa_v1_remapped,149.88290992775796,0.5259049471149402,surface,0,172,False,False,False,0.95,0.95,0.0,HLA-A02_like,HLA-A02_like,WASVRFSWL,WASVRFSSL,0.72,0.72,0.0,FAKYLWEWASVRFSW,FAKYLWEWASVRFSS,0.95,0.95,0.0,1.054,1.071,0.017,0.0,0.0,0.0,internal_motif_model_v2,0,0,0,,0,10.0,10,0.0004424778761062953,10,0.0,10,10,10
213,214,226,P,S,-2.4727907180786133,-3.597519242763098,,0,0,,,,,0.0,0.0,msa_v1_remapped,71.3683394265774,0.4488574806702982,surface,0,214,False,False,False,0.8,0.9,0.1,HLA-A02_like,HLA-B07_like,SIVSPFIPL,SPFISLLPI,0.64,0.64,0.0,VSPFIPLLPIFFCLW,VSPFISLLPIFFCLW,0.8,0.9,0.1,1.134,1.126,-0.007,0.0,0.0,0.0,internal_motif_model_v2,0,0,0,,0,10.0,10,0.0035398230088495852,10,0.0,10,10,10
79,80,92,F,W,-2.475039005279541,0.1488914321609513,22.0,139,55,F,0.9818181818181818,0.0,0.0303351945483401,0.96966480545166,24.0,msa_v1_remapped,121.97044982003156,0.5082102075834648,surface,4,80,False,False,False,0.95,0.95,0.0,HLA-A02_like,HLA-A02_like,WMCLRRFII,WMCLRRWII,0.72,0.72,0.0,PPICPGYRWMCLRRF,PPICPGYRWMCLRRW,0.95,0.95,0.0,1.069,1.041,-0.028,0.0,0.0,0.0,internal_motif_model_v2,0,0,4,surface_hydrophobic_gain,0,10.0,10,-0.01637168141592915,10,0.0,10,10,10
95,96,108,V,I,-2.478640556335449,-0.5485745774932411,38.0,139,55,V,1.0,0.0,-0.0,1.0,24.0,msa_v1_remapped,85.60543414685687,0.4919852537175682,surface,4,96,False,False,False,0.95,0.95,0.0,HLA-A02_like,HLA-A02_like,LLCLIFLLV,LLCLIFLLI,0.72,0.72,0.0,IFLFILLLCLIFLLV,IFLFILLLCLIFLLI,0.95,0.95,0.0,1.191,1.158,-0.033,0.0,0.0,0.0,internal_motif_model_v2,0,0,4,surface_hydrophobic_gain,0,10.0,10,0.0013274336283185528,10,0.0,10,10,10
161,162,174,L,V,-2.4795827865600586,4.28992163316866,104.0,139,139,L,1.0,0.0,-0.0,1.0,24.0,msa_v1_remapped,74.46444181854322,0.3704698597937473,surface,4,162,True,False,False,0.95,0.95,0.0,HLA-A02_like,HLA-A02_like,FAKYLWEWA,FAKYVWEWA,0.72,0.72,0.0,IPSSWAFAKYLWEWA,IPSSWAFAKYVWEWA,0.95,0.95,0.0,1.006,1.025,0.019,0.0,7.8,7.8,internal_motif_model_v2,0,0,4,surface_hydrophobic_gain,0,10.0,10,0.001769911504424737,10,0.0,10,10,10
15,16,28,Q,A,-2.4831228256225586,0.1396486319088694,,0,0,,,,,0.0,0.0,msa_v1_remapped,130.4160813152713,0.5796270280678725,surface,0,16,False,False,False,0.9,0.9,0.0,HLA-A03_like,HLA-A03_like,QAGFFLLTR,AAGFFLLTR,0.72,0.72,0.0,PLLVLQAGFFLLTRI,PLLVLAAGFFLLTRI,0.9,0.9,0.0,1.132,1.139,0.007,0.0,0.0,0.0,internal_motif_model_v2,0,0,4,surface_hydrophobic_gain,0,10.0,10,0.02345132743362832,10,0.0,10,10,10
225,226,238,I,S,-2.483520984649658,3.0300525586817457,,0,0,,,,,0.0,0.0,msa_v1_remapped,184.15086223917905,0.9347759504526854,surface,0,226,False,False,False,0.45,0.0,-0.45,HLA-A02_like,,IFFCLWVYI,,0.64,0.64,0.0,FIPLLPIFFCLWVYI,FIPLLPIFFCLWVYS,0.64,0.64,0.0,1.147,1.112,-0.035,0.0,0.0,0.0,internal_motif_model_v2,0,0,0,,0,10.0,10,-0.02345132743362832,10,0.0,10,10,10
13,14,26,V,G,-2.484318256378174,2.014207924582365,,0,0,,,,,0.0,0.0,msa_v1_remapped,100.89609337944418,0.5798626056289895,surface,0,14,False,False,False,0.85,0.8,-0.05,HLA-A02_like,HLA-A02_like,LVLQAGFFL,GLQAGFFLL,0.72,0.72,0.0,PLLVLQAGFFLLTRI,PLLGLQAGFFLLTRI,0.85,0.8,-0.05,1.182,1.11,-0.073,0.0,0.0,0.0,internal_motif_model_v2,0,0,4,new_glycine,0,10.0,10,-0.02035398230088492,10,0.0,10,10,10
46,47,59,V,L,-2.4885456562042236,4.039333706290449,,0,0,,,,,0.0,0.0,msa_v1_remapped,74.58271649876558,0.4286363017170435,surface,4,47,False,False,False,0.85,0.85,0.0,HLA-A02_like,HLA-A02_like,FLGGSPVCL,FLGGSPLCL,0.54,0.54,0.0,DSWWTSLNFLGGSPV,DSWWTSLNFLGGSPL,0.85,0.85,0.0,1.124,1.105,-0.019,0.0,0.0,0.0,internal_motif_model_v2,0,0,4,surface_hydrophobic_gain,0,10.0,10,-0.001769911504424737,10,0.0,10,10,10
167,168,180,V,L,-2.4892265796661377,2.039890266801706,110.0,139,139,V,0.5827338129496403,0.0,0.2267873717109939,0.773212628289006,11.0,msa_v1_remapped,111.18428153238494,0.6389901237493387,surface,4,168,True,False,False,0.95,0.95,0.0,HLA-A02_like,HLA-A02_like,WASVRFSWL,WASLRFSWL,0.72,0.72,0.0,SSWAFAKYLWEWASV,SSWAFAKYLWEWASL,0.95,0.95,0.0,1.047,1.028,-0.019,0.0,7.8,7.8,internal_motif_model_v2,0,0,4,surface_hydrophobic_gain,0,10.0,10,-0.001769911504424737,10,0.0,10,10,10
202,203,215,P,F,-2.4926140308380127,0.4180369007768263,,0,0,,,,,0.0,0.0,msa_v1_remapped,95.11239617144416,0.5981911708895858,surface,4,203,False,False,False,0.85,0.85,0.0,HLA-A02_like,HLA-A02_like,MMWYWGPSL,MMWYWGFSL,0.72,0.72,0.0,TVWLSAIWMMWYWGP,TVWLSAIWMMWYWGF,0.85,0.85,0.0,1.059,1.063,0.004,0.0,0.0,0.0,internal_motif_model_v2,0,0,4,surface_hydrophobic_gain,0,10.0,10,0.019469026548672552,10,0.0,10,10,10
63,64,76,S,C,-2.493117570877075,2.4169224202792634,,0,0,,,,,0.0,0.0,msa_v1_remapped,75.58259747580891,0.487629661134251,surface,0,64,False,False,False,0.35,0.35,0.0,HLA-A03_like,HLA-A03_like,PTSNHSPTS,PTSNHSPTC,0.46,0.46,0.0,TSCPPICPGYRWMCL,TCCPPICPGYRWMCL,0.46,0.46,0.0,1.077,1.134,0.057,0.0,0.0,0.0,internal_motif_model_v2,10,0,10,new_cysteine,10,9.299999999999999,10,0.014601769911504414,10,-0.00990099009900991,8,10,7
177,178,190,P,G,-2.5033769607543945,1.6625519512702454,,0,0,,,,,0.0,0.0,msa_v1_remapped,78.75027791479411,0.4952847667597114,surface,0,178,False,False,False,0.95,0.95,0.0,HLA-A02_like,HLA-A02_like,LVPFVQWFV,LVGFVQWFV,0.72,0.72,0.0,EWASVRFSWLSLLVP,EWASVRFSWLSLLVG,0.95,0.95,0.0,1.205,1.178,-0.027,0.0,0.0,0.0,internal_motif_model_v2,0,0,4,new_glycine,0,10.0,10,0.005309734513274433,10,0.0,10,10,10
4,5,17,T,S,-2.505783796310425,0.6898147730419169,,0,0,,,,,0.0,0.0,msa_v1_remapped,106.88055092437924,0.6213985518859257,surface,0,5,False,False,False,0.35,0.35,0.0,HLA-A02_like,HLA-A02_like,GENITSGFL,GENISSGFL,0.64,0.64,0.0,NITSGFLGPLLVLQA,NISSGFLGPLLVLQA,0.64,0.64,0.0,0.952,0.967,0.015,0.0,0.0,0.0,internal_motif_model_v2,0,0,0,,0,10.0,10,-0.0004424778761061843,10,0.0,10,10,10
188,189,201,T,S,-2.507202625274658,-0.4905828021535399,,0,0,,,,,0.0,0.0,msa_v1_remapped,99.09010486023097,0.5761052608152962,surface,0,189,False,False,False,0.9,0.9,0.0,HLA-B07_like,HLA-B07_like,SPTVWLSAI,SPSVWLSAI,0.72,0.72,0.0,GLSPTVWLSAIWMMW,GLSPSVWLSAIWMMW,0.9,0.9,0.0,1.109,1.123,0.015,0.0,0.0,0.0,internal_motif_model_v2,0,0,0,,0,10.0,10,-0.0004424778761061843,10,0.0,10,10,10
119,120,132,P,C,-2.508359670639038,4.425133553398041,62.0,139,139,P,0.9568345323741008,0.0,0.0685482845239413,0.9314517154760588,30.0,msa_v1_remapped,84.19185568281821,0.5295085263070328,surface,0,120,True,False,True,0.8,0.7,-0.1,HLA-A03_like,HLA-A03_like,TTTSTGPCK,TTTSTGCCK,0.28,0.28,0.0,VCPLIPGSTTTSTGP,VCPLIPGSTTTSTGC,0.8,0.7,-0.1,1.016,1.065,0.05,0.0,33.0,33.0,internal_motif_model_v2,10,15,25,new_cysteine;antibody_interface_mutation,10,9.299999999999999,10,0.018141592920354,10,-0.00990099009900991,8,10,7
105,106,118,V,T,-2.5086002349853516,0.553821536792384,48.0,139,137,V,1.0,0.0,-0.0,1.0,30.0,msa_v1_remapped,84.28376611749164,0.4843894604453542,surface,0,106,True,False,True,0.8,0.8,0.0,HLA-A02_like,HLA-A02_like,GMLPVCPLI,GMLPTCPLI,0.72,0.72,0.0,IFLLVLLDYQGMLPV,IFLLVLLDYQGMLPT,0.8,0.8,0.0,1.178,1.111,-0.068,0.0,33.0,33.0,internal_motif_model_v2,0,15,15,antibody_interface_mutation,0,10.0,10,-0.021681415929203474,10,0.0,10,10,10
77,78,90,R,F,-2.511047124862671,3.697277106807519,20.0,139,55,R,1.0,0.0,-0.0,1.0,30.0,msa_v1_remapped,110.34264886048828,0.402710397301052,surface,4,78,False,False,False,0.95,0.95,0.0,HLA-A02_like,HLA-A02_like,WMCLRRFII,WMCLFRFII,0.72,0.72,0.0,PPICPGYRWMCLRRF,PPICPGYRWMCLFRF,0.95,0.95,0.0,1.068,1.099,0.031,0.0,0.0,0.0,internal_motif_model_v2,0,0,4,surface_hydrophobic_gain,0,10.0,10,0.03230088495575223,10,-0.9999900000999986,10,10,10
91,92,104,I,V,-2.513051986694336,1.804308050246732,34.0,139,55,I,1.0,0.0,-0.0,1.0,24.0,msa_v1_remapped,84.39780593081694,0.4284152585320657,surface,4,92,False,False,False,0.95,0.95,0.0,HLA-A02_like,HLA-A02_like,LLLCLIFLL,LLLCLVFLL,0.72,0.72,0.0,RRFIIFLFILLLCLI,RRFIIFLFILLLCLV,0.95,0.95,0.0,1.236,1.269,0.033,0.0,0.0,0.0,internal_motif_model_v2,0,0,4,surface_hydrophobic_gain,0,10.0,10,-0.0013274336283185528,10,0.0,10,10,10
172,173,185,L,S,-2.516202449798584,2.5029027840997173,,0,0,,,,,0.0,0.0,msa_v1_remapped,21.737307888718497,0.1081458103916343,buried,0,173,False,False,False,0.95,0.9,-0.05,HLA-A02_like,HLA-A02_like,WASVRFSWL,SVRFSWSSL,0.72,0.64,-0.08,AKYLWEWASVRFSWL,ASVRFSWSSLLVPFV,0.95,0.9,-0.05,1.108,1.074,-0.034,0.0,0.0,0.0,internal_motif_model_v2,0,0,10,buried_hydrophobic_loss,0,10.0,10,-0.02035398230088492,10,0.0,10,10,10
220,221,233,C,S,-2.5170817375183105,2.221009009253237,,0,0,,,,,0.0,0.0,msa_v1_remapped,86.36117567560444,0.5171327884766733,surface,0,221,False,False,False,0.95,0.95,0.0,HLA-B07_like,HLA-B07_like,LPIFFCLWV,LPIFFSLWV,0.64,0.64,0.0,VSPFIPLLPIFFCLW,VSPFIPLLPIFFSLW,0.95,0.95,0.0,1.182,1.125,-0.057,0.0,0.0,0.0,internal_motif_model_v2,25,0,25,possible_disulfide_loss,10,10.0,10,-0.014601769911504414,10,0.00990099009900991,10,10,10
2,3,15,N,S,-2.5173323154449463,0.3343853470994986,,0,0,,,,,0.0,0.0,msa_v1_remapped,133.33683257168434,0.6837786285727402,surface,0,3,False,False,False,0.35,0.35,0.0,HLA-A02_like,HLA-A02_like,GENITSGFL,GESITSGFL,0.64,0.64,0.0,NITSGFLGPLLVLQA,SITSGFLGPLLVLQA,0.64,0.64,0.0,0.929,0.968,0.039,0.0,0.0,0.0,internal_motif_model_v2,0,0,0,,0,10.0,10,0.011946902654867309,10,0.0,10,10,10
181,182,194,W,S,-2.5178215503692627,2.04663694435817,,0,0,,,,,0.0,0.0,msa_v1_remapped,147.92210372257586,0.5190249253423714,surface,0,182,False,False,False,0.95,0.95,0.0,HLA-A02_like,HLA-A02_like,LVPFVQWFV,LVPFVQSFV,0.64,0.64,0.0,VRFSWLSLLVPFVQW,VRFSWLSLLVPFVQS,0.95,0.95,0.0,1.104,1.121,0.017,0.0,0.0,0.0,internal_motif_model_v2,0,0,0,,0,10.0,10,0.0004424778761062953,10,0.0,10,10,10
164,165,177,W,S,-2.523991584777832,1.1493329909829413,107.0,139,139,W,0.9856115107913668,0.0,0.0284685318889823,0.9715314681110176,30.0,msa_v1_remapped,149.76631914119795,0.5254958566357822,surface,0,165,True,False,False,0.95,0.95,0.0,HLA-A02_like,HLA-A02_like,FAKYLWEWA,FAKYLWESA,0.72,0.72,0.0,IPSSWAFAKYLWEWA,IPSSWAFAKYLWESA,0.95,0.95,0.0,1.049,1.066,0.017,0.0,13.0,13.0,internal_motif_model_v2,0,0,0,,0,10.0,10,0.0004424778761062953,10,0.0,10,10,10
194,195,207,I,S,-2.524728298187256,-4.284084641376694,,0,0,,,,,0.0,0.0,msa_v1_remapped,95.2664598751762,0.483586090736935,surface,0,195,False,False,False,0.9,0.9,0.0,HLA-B07_like,HLA-A02_like,SPTVWLSAI,TVWLSASWM,0.72,0.72,0.0,GLSPTVWLSAIWMMW,GLSPTVWLSASWMMW,0.9,0.9,0.0,1.003,0.983,-0.02,0.0,0.0,0.0,internal_motif_model_v2,0,0,0,,0,10.0,10,-0.02345132743362832,10,0.0,10,10,10
222,223,235,W,S,-2.5248255729675293,1.87572551208018,,0,0,,,,,0.0,0.0,msa_v1_remapped,175.3333038728661,0.6152045749925127,surface,0,223,False,False,False,0.95,0.95,0.0,HLA-B07_like,HLA-B07_like,LPIFFCLWV,LPIFFCLSV,0.64,0.54,-0.1,VSPFIPLLPIFFCLW,SPFIPLLPIFFCLSV,0.95,0.95,0.0,1.192,1.209,0.017,0.0,0.0,0.0,internal_motif_model_v2,0,0,0,,0,10.0,10,0.0004424778761062953,10,0.0,10,10,10
23,24,36,R,V,-2.52583646774292,2.391527952727131,,0,0,,,,,0.0,0.0,msa_v1_remapped,141.4414127684504,0.5162095356512788,surface,4,24,False,False,False,0.95,0.95,0.0,HLA-A02_like,HLA-A02_like,FLLTRILTI,FLLTVILTI,0.72,0.72,0.0,PLLVLQAGFFLLTRI,PLLVLQAGFFLLTVI,0.95,0.95,0.0,1.085,1.158,0.073,0.0,0.0,0.0,internal_motif_model_v2,0,0,4,surface_hydrophobic_gain,0,10.0,10,0.03849557522123903,10,-0.9999900000999986,10,10,10
114,115,127,T,N,-2.5297279357910156,3.690380858725121,57.0,139,139,T,0.9928057553956836,0.0071942446043165,0.0142429670997965,0.9857570329002034,21.0,msa_v1_remapped,141.46170745699257,0.8224517875406545,surface,0,115,True,False,False,0.8,0.45,-0.35,HLA-A03_like,HLA-B07_like,TTTSTGPCK,IPGSTNTST,0.46,0.46,0.0,QGMLPVCPLIPGSTT,QGMLPVCPLIPGSTN,0.8,0.46,-0.34,0.933,0.914,-0.019,10.8,7.8,18.6,internal_motif_model_v2,0,0,0,,0,10.0,10,-0.012389380530973382,10,0.0,10,10,10
122,123,135,T,S,-2.531820774078369,0.1047036327088903,65.0,139,139,T,0.9856115107913668,0.0,0.0284685318889823,0.9715314681110176,24.0,msa_v1_remapped,97.23741970781474,0.5653338355105508,surface,0,123,True,False,True,0.35,0.35,0.0,HLA-A03_like,HLA-A03_like,TTSTGPCKT,TTSTGPCKS,0.28,0.28,0.0,GPCKTCTTPAQGNSM,GPCKSCTTPAQGNSM,0.35,0.35,0.0,1.078,1.093,0.015,0.0,19.8,19.8,internal_motif_model_v2,0,15,15,antibody_interface_mutation,0,10.0,10,-0.0004424778761061843,10,0.0,10,10,10
131,132,144,S,T,-2.5320937633514404,3.1828664112581464,74.0,139,139,S,1.0,0.0,-0.0,1.0,24.0,msa_v1_remapped,80.04039178754668,0.5163896244357851,surface,0,132,True,True,True,0.8,0.8,0.0,HLA-B07_like,HLA-B07_like,TPAQGNSMF,TPAQGNTMF,0.28,0.28,0.0,GPCKTCTTPAQGNSM,GPCKTCTTPAQGNTM,0.8,0.8,0.0,0.951,0.936,-0.015,7.2,24.6,31.8,internal_motif_model_v2,0,15,15,antibody_interface_mutation,0,10.0,10,0.0004424778761062953,10,0.0,10,10,10
196,197,209,M,S,-2.5342648029327393,0.4568370490620737,,0,0,,,,,0.0,0.0,msa_v1_remapped,96.88671743670922,0.4325299885567376,surface,0,197,False,False,False,0.9,0.8,-0.1,HLA-A02_like,HLA-A02_like,TVWLSAIWM,SMWYWGPSL,0.72,0.72,0.0,GLSPTVWLSAIWMMW,GLSPTVWLSAIWSMW,0.9,0.8,-0.1,0.974,1.0,0.027,0.0,0.0,0.0,internal_motif_model_v2,0,0,0,,0,10.0,10,-0.011946902654867197,10,0.0,10,10,10
92,93,105,F,V,-2.535823106765747,3.5148182344855172,35.0,139,55,F,1.0,0.0,-0.0,1.0,30.0,msa_v1_remapped,138.76320503126507,0.5781800209636044,surface,4,93,False,False,False,0.95,0.95,0.0,HLA-A02_like,HLA-A02_like,LLLCLIFLL,FILLLCLIV,0.72,0.72,0.0,RFIIFLFILLLCLIF,RFIIFLFILLLCLIV,0.95,0.95,0.0,1.255,1.297,0.042,0.0,0.0,0.0,internal_motif_model_v2,0,0,4,surface_hydrophobic_gain,0,10.0,10,0.006194690265486691,10,0.0,10,10,10
191,192,204,L,A,-2.536738395690918,3.0726877817485843,,0,0,,,,,0.0,0.0,msa_v1_remapped,118.73817823608854,0.5907372051546693,surface,0,192,False,False,False,0.9,0.9,0.0,HLA-B07_like,HLA-B07_like,SPTVWLSAI,SPTVWASAI,0.72,0.72,0.0,GLSPTVWLSAIWMMW,GLSPTVWASAIWMMW,0.9,0.9,0.0,1.095,1.068,-0.027,0.0,0.0,0.0,internal_motif_model_v2,0,0,4,surface_hydrophobic_gain,0,10.0,10,-0.008849557522123908,10,0.0,10,10,10
196,197,209,M,G,-2.5396482944488525,3.862117942130339,,0,0,,,,,0.0,0.0,msa_v1_remapped,96.88671743670922,0.4325299885567376,surface,0,197,False,False,False,0.9,0.8,-0.1,HLA-A02_like,HLA-A02_like,TVWLSAIWM,GMWYWGPSL,0.72,0.64,-0.08,GLSPTVWLSAIWMMW,GLSPTVWLSAIWGMW,0.9,0.8,-0.1,0.974,0.98,0.007,0.0,0.0,0.0,internal_motif_model_v2,0,0,4,new_glycine,0,10.0,10,-0.01017699115044246,10,0.0,10,10,10
28,29,41,P,I,-2.540132522583008,-4.476171226648603,1.0,139,48,P,1.0,0.0,-0.0,1.0,30.0,msa_v1_remapped,71.6406778105318,0.4505703006951685,surface,4,29,False,False,False,0.9,0.95,0.05,HLA-B07_like,HLA-A02_like,IPQSLDSWW,LLTRILTII,0.72,0.72,0.0,LQAGFFLLTRILTIP,LQAGFFLLTRILTII,0.9,0.95,0.05,1.093,1.106,0.013,0.0,0.0,0.0,internal_motif_model_v2,0,0,4,surface_hydrophobic_gain,0,10.0,10,0.026991150442477907,10,0.0,10,10,10
157,158,170,F,S,-2.540377378463745,-0.1321363347130386,100.0,139,139,F,0.9784172661870504,0.014388489208633,0.0393473844179827,0.9606526155820172,27.0,msa_v1_remapped,136.11986897253462,0.5671661207188943,surface,0,158,True,False,False,0.95,0.9,-0.05,HLA-A02_like,HLA-A02_like,FAKYLWEWA,PIPSSWASA,0.72,0.54,-0.18,IPSSWAFAKYLWEWA,TCIPIPSSWASAKYL,0.95,0.9,-0.05,1.031,1.019,-0.011,0.0,13.0,13.0,internal_motif_model_v2,0,0,0,,0,10.0,10,-0.015929203539822967,10,0.0,10,10,10
151,152,164,I,T,-2.542210817337036,4.2292200004445135,94.0,139,139,I,1.0,0.0,-0.0,1.0,30.0,msa_v1_remapped,55.83594092248167,0.2834311721953384,partial,0,152,True,False,False,0.9,0.8,-0.1,HLA-A02_like,HLA-A02_like,PIPSSWAFA,CIPTPSSWA,0.72,0.72,0.0,IPSSWAFAKYLWEWA,TPSSWAFAKYLWEWA,0.9,0.8,-0.1,1.124,1.089,-0.035,0.0,8.0,8.0,internal_motif_model_v2,0,0,0,,0,10.0,10,-0.023008849557522137,10,0.0,10,10,10
91,92,104,I,S,-2.5449464321136475,2.2879694895773923,34.0,139,55,I,1.0,0.0,-0.0,1.0,30.0,msa_v1_remapped,84.39780593081694,0.4284152585320657,surface,0,92,False,False,False,0.95,0.95,0.0,HLA-A02_like,HLA-A02_like,LLLCLIFLL,LLLCLSFLL,0.72,0.72,0.0,RRFIIFLFILLLCLI,RRFIIFLFILLLCLS,0.95,0.95,0.0,1.236,1.216,-0.02,0.0,0.0,0.0,internal_motif_model_v2,0,0,0,,0,10.0,10,-0.02345132743362832,10,0.0,10,10,10
35,36,48,W,I,-2.549493312835694,1.8871872987926963,8.0,139,48,W,1.0,0.0,-0.0,1.0,30.0,msa_v1_remapped,68.72076850094993,0.241125503512105,partial,0,36,False,False,False,0.9,0.9,0.0,HLA-B07_like,HLA-B07_like,IPQSLDSWW,IPQSLDSWI,0.54,0.54,0.0,QSLDSWWTSLNFLGG,QSLDSWITSLNFLGG,0.9,0.9,0.0,0.976,1.013,0.037,0.0,0.0,0.0,internal_motif_model_v2,0,0,0,,0,10.0,10,0.023893805309734506,10,0.0,10,10,10
194,195,207,I,F,-2.549851894378662,2.0825834648347836,,0,0,,,,,0.0,0.0,msa_v1_remapped,95.2664598751762,0.483586090736935,surface,4,195,False,False,False,0.9,0.9,0.0,HLA-B07_like,HLA-B07_like,SPTVWLSAI,SPTVWLSAF,0.72,0.72,0.0,GLSPTVWLSAIWMMW,GLSPTVWLSAFWMMW,0.9,0.9,0.0,1.003,0.995,-0.009,0.0,0.0,0.0,internal_motif_model_v2,0,0,4,surface_hydrophobic_gain,0,10.0,10,-0.007522123893805244,10,0.0,10,10,10
180,181,193,Q,V,-2.554079532623291,2.118467061243507,,0,0,,,,,0.0,0.0,msa_v1_remapped,136.68653688901856,0.6074957195067492,surface,4,181,False,False,False,0.95,0.95,0.0,HLA-A02_like,HLA-A02_like,LVPFVQWFV,LVPFVVWFV,0.64,0.64,0.0,SVRFSWLSLLVPFVQ,SVRFSWLSLLVPFVV,0.95,0.95,0.0,1.131,1.184,0.053,0.0,0.0,0.0,internal_motif_model_v2,0,0,4,surface_hydrophobic_gain,0,10.0,10,0.03407079646017708,10,0.0,10,10,10
82,83,95,F,S,-2.5645928382873535,1.5865229619249703,25.0,139,55,F,1.0,0.0,-0.0,1.0,30.0,msa_v1_remapped,123.17807803607144,0.5132419918169644,surface,0,83,False,False,False,0.95,0.95,0.0,HLA-A02_like,HLA-A02_like,FIIFLFILL,FIISLFILL,0.72,0.72,0.0,CPGYRWMCLRRFIIF,CPGYRWMCLRRFIIS,0.95,0.95,0.0,1.14,1.129,-0.011,0.0,0.0,0.0,internal_motif_model_v2,0,0,0,,0,10.0,10,-0.015929203539822967,10,0.0,10,10,10
29,30,42,Q,F,-2.564647912979126,3.58395021107566,2.0,139,48,Q,0.9166666666666666,0.0,0.0957482033986543,0.9042517966013456,30.0,msa_v1_remapped,131.09692727515727,0.5826530101118101,surface,4,30,False,False,False,0.9,0.9,0.0,HLA-B07_like,HLA-B07_like,IPQSLDSWW,IPFSLDSWW,0.72,0.72,0.0,QAGFFLLTRILTIPQ,QAGFFLLTRILTIPF,0.9,0.9,0.0,1.038,1.049,0.011,0.0,0.0,0.0,internal_motif_model_v2,0,0,4,surface_hydrophobic_gain,0,10.0,10,0.027876106194690276,10,0.0,10,10,10
146,147,159,C,T,-2.564791440963745,2.939165204442702,89.0,139,139,C,0.9928057553956836,0.0,0.0142429670997965,0.9857570329002034,30.0,msa_v1_remapped,10.93515517765044,0.0654799711236553,buried,0,147,True,True,True,0.35,0.45,0.1,HLA-A02_like,HLA-A02_like,DGNCTCIPI,DGNTTCIPI,0.54,0.54,0.0,CTCIPIPSSWAFAKY,TTCIPIPSSWAFAKY,0.54,0.54,0.0,1.057,0.985,-0.072,12.0,36.0,48.0,internal_motif_model_v2,25,15,40,possible_disulfide_loss;antibody_interface_mutation,10,10.0,10,-0.01415929203539823,10,0.00990099009900991,10,10,10
135,136,148,S,T,-2.5668179988861084,1.9778775626924696,78.0,139,139,S,1.0,0.0,-0.0,1.0,24.0,msa_v1_remapped,67.17345872083328,0.4333771530376341,surface,0,136,True,True,True,0.4,0.4,0.0,HLA-A03_like,HLA-A03_like,MFPSCCCTK,MFPTCCCTK,0.28,0.28,0.0,KTCTTPAQGNSMFPS,KTCTTPAQGNSMFPT,0.4,0.4,0.0,1.176,1.161,-0.015,7.2,24.6,31.8,internal_motif_model_v2,0,15,15,antibody_interface_mutation,0,10.0,10,0.0004424778761062953,10,0.0,10,10,10
13,14,26,V,I,-2.56856918334961,0.0006735618264883,,0,0,,,,,0.0,0.0,msa_v1_remapped,100.89609337944418,0.5798626056289895,surface,4,14,False,False,False,0.85,0.85,0.0,HLA-A02_like,HLA-A02_like,LVLQAGFFL,LILQAGFFL,0.72,0.72,0.0,PLLVLQAGFFLLTRI,PLLILQAGFFLLTRI,0.85,0.85,0.0,1.182,1.149,-0.033,0.0,0.0,0.0,internal_motif_model_v2,0,0,4,surface_hydrophobic_gain,0,10.0,10,0.0013274336283185528,10,0.0,10,10,10
166,167,179,S,W,-2.569275140762329,0.5206882349616535,109.0,139,139,S,1.0,0.0,-0.0,1.0,30.0,msa_v1_remapped,33.777801025607964,0.2179212969394062,partial,0,167,True,False,False,0.95,0.95,0.0,HLA-A02_like,HLA-A02_like,WASVRFSWL,WAWVRFSWL,0.72,0.72,0.0,PSSWAFAKYLWEWAS,PSSWAFAKYLWEWAW,0.95,0.95,0.0,1.024,1.007,-0.017,0.0,8.0,8.0,internal_motif_model_v2,0,0,0,,0,10.0,10,-0.0004424778761061843,10,0.0,10,10,10
13,14,26,V,A,-2.569861888885498,0.3219585658292772,,0,0,,,,,0.0,0.0,msa_v1_remapped,100.89609337944418,0.5798626056289895,surface,0,14,False,False,False,0.85,0.85,0.0,HLA-A02_like,HLA-A02_like,LVLQAGFFL,LALQAGFFL,0.72,0.72,0.0,PLLVLQAGFFLLTRI,PLLALQAGFFLLTRI,0.85,0.85,0.0,1.182,1.137,-0.046,0.0,0.0,0.0,internal_motif_model_v2,0,0,4,surface_hydrophobic_gain,0,10.0,10,-0.010619469026548645,10,0.0,10,10,10
19,20,32,F,I,-2.573639154434204,1.010750419024646,,0,0,,,,,0.0,0.0,msa_v1_remapped,125.22908564952348,0.5217878568730145,surface,4,20,False,False,False,0.95,0.9,-0.05,HLA-A02_like,HLA-A03_like,FLLTRILTI,QAGFILLTR,0.72,0.72,0.0,PLLVLQAGFFLLTRI,PLLVLQAGFILLTRI,0.95,0.9,-0.05,1.076,1.084,0.009,0.0,0.0,0.0,internal_motif_model_v2,0,0,4,surface_hydrophobic_gain,0,10.0,10,0.007522123893805355,10,0.0,10,10,10
173,174,186,S,F,-2.5739593505859375,2.6073421352207333,,0,0,,,,,0.0,0.0,msa_v1_remapped,66.09352996297646,0.4264098707288803,surface,4,174,False,False,False,0.9,0.9,0.0,HLA-A02_like,HLA-A02_like,SVRFSWLSL,SVRFSWLFL,0.72,0.72,0.0,KYLWEWASVRFSWLS,KYLWEWASVRFSWLF,0.9,0.9,0.0,1.15,1.161,0.011,0.0,0.0,0.0,internal_motif_model_v2,0,0,4,surface_hydrophobic_gain,0,10.0,10,0.015929203539823078,10,0.0,10,10,10
52,53,65,S,T,-2.5742640495300293,2.3457930903365423,,0,0,,,,,0.0,0.0,msa_v1_remapped,55.55936767163023,0.3584475333653563,surface,0,53,False,False,False,0.45,0.45,0.0,HLA-A02_like,HLA-A02_like,CLGQNSQSP,CLGQNTQSP,0.46,0.46,0.0,LNFLGGSPVCLGQNS,LNFLGGSPVCLGQNT,0.46,0.46,0.0,0.967,0.952,-0.015,0.0,0.0,0.0,internal_motif_model_v2,0,0,0,,0,10.0,10,0.0004424778761062953,10,0.0,10,10,10
108,109,121,L,G,-2.5754528045654297,4.188847507281764,51.0,139,139,L,0.9712230215827338,0.0,0.053537761638623,0.9464622383613768,30.0,msa_v1_remapped,171.24146740615967,0.8519475990356202,surface,0,109,True,False,False,0.8,0.8,0.0,HLA-A02_like,HLA-A02_like,GMLPVCPLI,GMLPVCPGI,0.72,0.72,0.0,LVLLDYQGMLPVCPL,LVLLDYQGMLPVCPG,0.8,0.8,0.0,1.171,1.118,-0.054,0.0,13.0,13.0,internal_motif_model_v2,0,0,4,new_glycine,0,10.0,10,-0.018584070796460184,10,0.0,10,10,10
179,180,192,V,S,-2.5782928466796875,4.8864771588544045,,0,0,,,,,0.0,0.0,msa_v1_remapped,76.08057761051472,0.4372446989110041,surface,0,180,False,False,False,0.95,0.95,0.0,HLA-A02_like,HLA-A02_like,LVPFVQWFV,LVPFSQWFV,0.64,0.54,-0.1,ASVRFSWLSLLVPFV,ASVRFSWLSLLVPFS,0.95,0.95,0.0,1.131,1.078,-0.053,0.0,0.0,0.0,internal_motif_model_v2,0,0,0,,0,10.0,10,-0.02212389380530977,10,0.0,10,10,10
197,198,210,M,S,-2.579737663269043,1.1018350662404828,,0,0,,,,,0.0,0.0,msa_v1_remapped,126.22557370650097,0.5635070254754507,surface,0,198,False,False,False,0.85,0.5,-0.35,HLA-A02_like,HLA-A02_like,MMWYWGPSL,WLSAIWMSW,0.72,0.72,0.0,GLSPTVWLSAIWMMW,GLSPTVWLSAIWMSW,0.85,0.72,-0.13,0.949,0.976,0.027,0.0,0.0,0.0,internal_motif_model_v2,0,0,0,,0,10.0,10,-0.011946902654867197,10,0.0,10,10,10
36,37,49,T,L,-2.5805678367614746,3.4534835347839703,9.0,139,48,T,1.0,0.0,-0.0,1.0,30.0,msa_v1_remapped,63.71829742130337,0.3704552175657172,surface,4,37,False,False,False,0.9,0.9,0.0,HLA-A02_like,HLA-A02_like,SLDSWWTSL,SLDSWWLSL,0.54,0.54,0.0,QSLDSWWTSLNFLGG,LTIPQSLDSWWLSLN,0.9,0.9,0.0,0.964,1.012,0.049,0.0,0.0,0.0,internal_motif_model_v2,0,0,4,surface_hydrophobic_gain,0,10.0,10,0.019911504424778736,10,0.0,10,10,10
66,67,79,P,T,-2.580907106399536,4.100479064923263,,0,0,,,,,0.0,0.0,msa_v1_remapped,98.58121711583186,0.6200076548165526,surface,0,67,False,False,False,0.8,0.8,0.0,HLA-B07_like,HLA-A02_like,PPICPGYRW,TICPGYRWM,0.72,0.72,0.0,PPICPGYRWMCLRRF,PTICPGYRWMCLRRF,0.8,0.8,0.0,1.169,1.146,-0.022,0.0,0.0,0.0,internal_motif_model_v2,0,0,0,,0,10.0,10,0.0039823008849557695,10,0.0,10,10,10
202,203,215,P,V,-2.58162784576416,0.6590932566107881,,0,0,,,,,0.0,0.0,msa_v1_remapped,95.11239617144416,0.5981911708895858,surface,4,203,False,False,False,0.85,0.85,0.0,HLA-A02_like,HLA-A02_like,MMWYWGPSL,MMWYWGVSL,0.72,0.72,0.0,TVWLSAIWMMWYWGP,TVWLSAIWMMWYWGV,0.85,0.85,0.0,1.059,1.105,0.046,0.0,0.0,0.0,internal_motif_model_v2,0,0,4,surface_hydrophobic_gain,0,10.0,10,0.025663716814159354,10,0.0,10,10,10
75,76,88,C,T,-2.5835156440734863,0.3554170733657997,18.0,139,55,C,0.9636363636363636,0.0,0.0605579893382868,0.9394420106617132,30.0,msa_v1_remapped,53.55048253247756,0.3206615720507638,partial,0,76,False,False,False,0.95,0.95,0.0,HLA-A02_like,HLA-A02_like,WMCLRRFII,WMTLRRFII,0.72,0.72,0.0,PPICPGYRWMCLRRF,PPICPGYRWMTLRRF,0.95,0.95,0.0,1.0,0.928,-0.072,0.0,0.0,0.0,internal_motif_model_v2,25,0,25,possible_disulfide_loss,10,10.0,10,-0.01415929203539823,10,0.00990099009900991,10,10,10
217,218,230,I,S,-2.5847036838531494,3.6695641365203073,,0,0,,,,,0.0,0.0,msa_v1_remapped,91.77974441903363,0.4658870275077849,surface,0,218,False,False,False,0.95,0.95,0.0,HLA-B07_like,HLA-B07_like,LPIFFCLWV,LPSFFCLWV,0.64,0.54,-0.1,VSPFIPLLPIFFCLW,SPFIPLLPSFFCLWV,0.95,0.95,0.0,1.187,1.167,-0.02,0.0,0.0,0.0,internal_motif_model_v2,0,0,0,,0,10.0,10,-0.02345132743362832,10,0.0,10,10,10
98,99,111,D,S,-2.5847039222717285,1.7084689039460272,41.0,139,55,D,0.9818181818181818,0.0,0.0303351945483401,0.96966480545166,30.0,msa_v1_remapped,40.32482985020663,0.2089369422290499,partial,0,99,True,False,False,0.95,0.95,0.0,HLA-A02_like,HLA-A02_like,LVLLDYQGM,LVLLSYQGM,0.72,0.72,0.0,FILLLCLIFLLVLLD,FILLLCLIFLLVLLS,0.95,0.95,0.0,1.114,1.135,0.021,0.0,8.0,8.0,internal_motif_model_v2,0,0,0,,0,10.0,10,0.011946902654867309,10,0.9988792390601553,10,10,10
52,53,65,S,C,-2.5853681564331055,4.825727348093949,,0,0,,,,,0.0,0.0,msa_v1_remapped,55.55936767163023,0.3584475333653563,surface,0,53,False,False,False,0.45,0.35,-0.1,HLA-A02_like,HLA-A02_like,CLGQNSQSP,CLGQNCQSP,0.46,0.46,0.0,LNFLGGSPVCLGQNS,LNFLGGSPVCLGQNC,0.46,0.46,0.0,0.967,1.024,0.057,0.0,0.0,0.0,internal_motif_model_v2,10,0,10,new_cysteine,10,9.299999999999999,10,0.014601769911504414,10,-0.00990099009900991,8,10,7
171,172,184,W,V,-2.588096618652344,-0.6755373369284143,,0,0,,,,,0.0,0.0,msa_v1_remapped,149.88290992775796,0.5259049471149402,surface,4,172,False,False,False,0.95,0.95,0.0,HLA-A02_like,HLA-A02_like,WASVRFSWL,WASVRFSVL,0.72,0.72,0.0,FAKYLWEWASVRFSW,FAKYLWEWASVRFSV,0.95,0.95,0.0,1.054,1.124,0.07,0.0,0.0,0.0,internal_motif_model_v2,0,0,4,surface_hydrophobic_gain,0,10.0,10,0.022566371681415953,10,0.0,10,10,10
78,79,91,R,S,-2.590327024459839,2.185959824719646,21.0,139,55,R,1.0,0.0,-0.0,1.0,30.0,msa_v1_remapped,124.31419103694508,0.4537014271421353,surface,0,79,False,False,False,0.95,0.95,0.0,HLA-A02_like,HLA-A02_like,WMCLRRFII,WMCLRSFII,0.72,0.72,0.0,PPICPGYRWMCLRRF,PPICPGYRWMCLRSF,0.95,0.95,0.0,1.115,1.135,0.02,0.0,0.0,0.0,internal_motif_model_v2,0,0,0,,0,10.0,10,0.016371681415929262,10,-0.9999900000999986,10,10,10
177,178,190,P,F,-2.5910167694091797,1.9139732944981915,,0,0,,,,,0.0,0.0,msa_v1_remapped,78.75027791479411,0.4952847667597114,surface,4,178,False,False,False,0.95,0.95,0.0,HLA-A02_like,HLA-A02_like,LVPFVQWFV,WLSLLVFFV,0.72,0.72,0.0,EWASVRFSWLSLLVP,EWASVRFSWLSLLVF,0.95,0.95,0.0,1.205,1.209,0.004,0.0,0.0,0.0,internal_motif_model_v2,0,0,4,surface_hydrophobic_gain,0,10.0,10,0.019469026548672552,10,0.0,10,10,10
210,211,223,P,V,-2.5924220085144043,-6.748131524950452,,0,0,,,,,0.0,0.0,msa_v1_remapped,76.72563454689102,0.4825511606722705,surface,4,211,False,False,False,0.8,0.9,0.1,HLA-A02_like,HLA-A02_like,SIVSPFIPL,SIVSVFIPL,0.64,0.64,0.0,VSPFIPLLPIFFCLW,GPSLYSIVSVFIPLL,0.8,0.9,0.1,1.131,1.177,0.046,0.0,0.0,0.0,internal_motif_model_v2,0,0,4,surface_hydrophobic_gain,0,10.0,10,0.025663716814159354,10,0.0,10,10,10
200,201,213,W,I,-2.5927627086639404,1.353050386498353,,0,0,,,,,0.0,0.0,msa_v1_remapped,119.2130739479758,0.4182914875367572,surface,4,201,False,False,False,0.85,0.9,0.05,HLA-A02_like,HLA-A02_like,MMWYWGPSL,SAIWMMWYI,0.72,0.72,0.0,SPTVWLSAIWMMWYW,SPTVWLSAIWMMWYI,0.85,0.9,0.05,0.96,0.997,0.037,0.0,0.0,0.0,internal_motif_model_v2,0,0,4,surface_hydrophobic_gain,0,10.0,10,0.023893805309734506,10,0.0,10,10,10
217,218,230,I,V,-2.5951435565948486,0.8666382557027532,,0,0,,,,,0.0,0.0,msa_v1_remapped,91.77974441903363,0.4658870275077849,surface,4,218,False,False,False,0.95,0.95,0.0,HLA-B07_like,HLA-B07_like,LPIFFCLWV,LPVFFCLWV,0.64,0.64,0.0,VSPFIPLLPIFFCLW,VSPFIPLLPVFFCLW,0.95,0.95,0.0,1.187,1.22,0.033,0.0,0.0,0.0,internal_motif_model_v2,0,0,4,surface_hydrophobic_gain,0,10.0,10,-0.0013274336283185528,10,0.0,10,10,10
161,162,174,L,F,-2.5970945358276367,3.3272334358729267,104.0,139,139,L,1.0,0.0,-0.0,1.0,30.0,msa_v1_remapped,74.46444181854322,0.3704698597937473,surface,4,162,True,False,False,0.95,0.95,0.0,HLA-A02_like,HLA-A02_like,FAKYLWEWA,FAKYFWEWA,0.72,0.72,0.0,IPSSWAFAKYLWEWA,IPSSWAFAKYFWEWA,0.95,0.95,0.0,1.006,0.983,-0.023,0.0,13.0,13.0,internal_motif_model_v2,0,0,4,surface_hydrophobic_gain,0,10.0,10,-0.004424778761061954,10,0.0,10,10,10
67,68,80,I,T,-2.599717140197754,1.71294457003944,,0,0,,,,,0.0,0.0,msa_v1_remapped,148.48458703764516,0.7537288682113967,surface,0,68,False,False,False,0.8,0.8,0.0,HLA-B07_like,HLA-B07_like,PPICPGYRW,PPTCPGYRW,0.72,0.72,0.0,PPICPGYRWMCLRRF,PPTCPGYRWMCLRRF,0.8,0.8,0.0,1.149,1.114,-0.035,0.0,0.0,0.0,internal_motif_model_v2,0,0,0,,0,10.0,10,-0.023008849557522137,10,0.0,10,10,10
135,136,148,S,C,-2.5998940467834473,2.722865044313892,78.0,139,139,S,1.0,0.0,-0.0,1.0,30.0,msa_v1_remapped,67.17345872083328,0.4333771530376341,surface,0,136,True,True,True,0.4,0.4,0.0,HLA-A03_like,HLA-A03_like,MFPSCCCTK,MFPCCCCTK,0.28,0.28,0.0,KTCTTPAQGNSMFPS,KTCTTPAQGNSMFPC,0.4,0.4,0.0,1.176,1.233,0.057,12.0,41.0,53.0,internal_motif_model_v2,10,15,25,new_cysteine;antibody_interface_mutation,10,9.299999999999999,10,0.014601769911504414,10,-0.00990099009900991,8,10,7
207,208,220,I,W,-2.603020668029785,3.1100656930063906,,0,0,,,,,0.0,0.0,msa_v1_remapped,98.75317533131874,0.501285153966085,surface,4,208,False,False,False,0.8,0.85,0.05,HLA-A02_like,HLA-A02_like,SIVSPFIPL,WVSPFIPLL,0.54,0.54,0.0,AIWMMWYWGPSLYSI,AIWMMWYWGPSLYSW,0.8,0.85,0.05,1.148,1.111,-0.037,0.0,0.0,0.0,internal_motif_model_v2,0,0,4,surface_hydrophobic_gain,0,10.0,10,-0.023893805309734395,10,0.0,10,10,10
25,26,38,L,F,-2.6098179817199707,4.296656994580644,,0,0,,,,,0.0,0.0,msa_v1_remapped,97.00087034737004,0.4825913947630351,surface,4,26,False,False,False,0.95,0.95,0.0,HLA-A02_like,HLA-A02_like,FLLTRILTI,FLLTRIFTI,0.72,0.72,0.0,LLVLQAGFFLLTRIL,LLVLQAGFFLLTRIF,0.95,0.95,0.0,1.044,1.021,-0.023,0.0,0.0,0.0,internal_motif_model_v2,0,0,4,surface_hydrophobic_gain,0,10.0,10,-0.004424778761061954,10,0.0,10,10,10
220,221,233,C,V,-2.612356662750244,2.0227699231917313,,0,0,,,,,0.0,0.0,msa_v1_remapped,86.36117567560444,0.5171327884766733,surface,4,221,False,False,False,0.95,0.95,0.0,HLA-B07_like,HLA-B07_like,LPIFFCLWV,LPIFFVLWV,0.64,0.72,0.08,VSPFIPLLPIFFCLW,SPFIPLLPIFFVLWV,0.95,0.95,0.0,1.182,1.178,-0.004,0.0,0.0,0.0,internal_motif_model_v2,25,0,29,possible_disulfide_loss;surface_hydrophobic_gain,10,10.0,10,0.007522123893805355,10,0.00990099009900991,10,10,10
222,223,235,W,I,-2.614285469055176,4.0706196269707675,,0,0,,,,,0.0,0.0,msa_v1_remapped,175.3333038728661,0.6152045749925127,surface,4,223,False,False,False,0.95,0.95,0.0,HLA-B07_like,HLA-A02_like,LPIFFCLWV,LLPIFFCLI,0.64,0.64,0.0,VSPFIPLLPIFFCLW,VSPFIPLLPIFFCLI,0.95,0.95,0.0,1.192,1.229,0.037,0.0,0.0,0.0,internal_motif_model_v2,0,0,4,surface_hydrophobic_gain,0,10.0,10,0.023893805309734506,10,0.0,10,10,10
60,61,73,S,L,-2.614365339279175,1.2182358098590385,,0,0,,,,,0.0,0.0,msa_v1_remapped,54.46238634884975,0.351370234508708,surface,4,61,False,False,False,0.45,0.8,0.35,HLA-A03_like,HLA-A02_like,QSPTSNHSP,HLPTSCPPI,0.28,0.28,0.0,SPTSCPPICPGYRWM,LPTSCPPICPGYRWM,0.45,0.8,0.35,0.984,1.018,0.034,4.0,0.0,4.0,internal_motif_model_v2,0,0,4,surface_hydrophobic_gain,0,10.0,10,0.020353982300885032,10,0.0,10,10,10
206,207,219,S,W,-2.614955425262451,2.5713273566665293,,0,0,,,,,0.0,0.0,msa_v1_remapped,76.10937973196283,0.4910282563352441,surface,4,207,False,False,False,0.8,0.85,0.05,HLA-A02_like,HLA-A02_like,SIVSPFIPL,WIVSPFIPL,0.54,0.54,0.0,SAIWMMWYWGPSLYS,SAIWMMWYWGPSLYW,0.8,0.85,0.05,1.14,1.123,-0.017,0.0,0.0,0.0,internal_motif_model_v2,0,0,4,surface_hydrophobic_gain,0,10.0,10,-0.0004424778761061843,10,0.0,10,10,10
86,87,99,L,V,-2.615729808807373,1.8014464303843736,29.0,139,55,L,1.0,0.0,-0.0,1.0,24.0,msa_v1_remapped,90.29977781903932,0.4492526259653698,surface,4,87,False,False,False,0.95,0.95,0.0,HLA-A02_like,HLA-A02_like,FIIFLFILL,FIIFLFIVL,0.72,0.72,0.0,RWMCLRRFIIFLFIL,RWMCLRRFIIFLFIV,0.95,0.95,0.0,1.236,1.255,0.019,0.0,0.0,0.0,internal_motif_model_v2,0,0,4,surface_hydrophobic_gain,0,10.0,10,0.001769911504424737,10,0.0,10,10,10
136,137,149,C,L,-2.615878105163574,1.6793147558857413,79.0,139,139,C,0.9928057553956836,0.0,0.0142429670997965,0.9857570329002034,30.0,msa_v1_remapped,24.389113681243025,0.1460425968936708,buried,0,137,True,True,True,0.4,0.4,0.0,HLA-A03_like,HLA-A03_like,MFPSCCCTK,MFPSLCCTK,0.28,0.36,0.08,TCTTPAQGNSMFPSC,AQGNSMFPSLCCTKP,0.4,0.4,0.0,1.187,1.164,-0.023,12.0,36.0,48.0,internal_motif_model_v2,25,15,40,possible_disulfide_loss;antibody_interface_mutation,10,10.0,10,0.005752212389380507,10,0.00990099009900991,10,10,10
98,99,111,D,F,-2.6166865825653076,3.572434913165353,41.0,139,55,D,0.9818181818181818,0.0,0.0303351945483401,0.96966480545166,30.0,msa_v1_remapped,40.32482985020663,0.2089369422290499,partial,0,99,True,False,False,0.95,0.95,0.0,HLA-A02_like,HLA-A02_like,LVLLDYQGM,LVLLFYQGM,0.72,0.72,0.0,FILLLCLIFLLVLLD,FILLLCLIFLLVLLF,0.95,0.95,0.0,1.114,1.146,0.032,0.0,8.0,8.0,internal_motif_model_v2,0,0,0,,0,10.0,10,0.027876106194690276,10,0.9988792390601553,10,10,10
92,93,105,F,S,-2.617614984512329,0.3777292527779536,35.0,139,55,F,1.0,0.0,-0.0,1.0,30.0,msa_v1_remapped,138.76320503126507,0.5781800209636044,surface,0,93,False,False,False,0.95,0.95,0.0,HLA-A02_like,HLA-A02_like,LLLCLIFLL,LLLCLISLL,0.72,0.72,0.0,RFIIFLFILLLCLIF,RFIIFLFILLLCLIS,0.95,0.95,0.0,1.255,1.244,-0.011,0.0,0.0,0.0,internal_motif_model_v2,0,0,0,,0,10.0,10,-0.015929203539822967,10,0.0,10,10,10
6,7,19,G,I,-2.61795425415039,4.180797376420287,,0,0,,,,,0.0,0.0,msa_v1_remapped,58.77374474381839,0.5651321609982538,surface,4,7,False,False,False,0.35,0.8,0.45,HLA-A02_like,HLA-A02_like,GENITSGFL,SIFLGPLLV,0.64,0.64,0.0,NITSGFLGPLLVLQA,GENITSIFLGPLLVL,0.64,0.8,0.16,1.023,1.063,0.04,0.0,0.0,0.0,internal_motif_model_v2,0,0,4,surface_hydrophobic_gain,0,10.0,10,0.021681415929203585,10,0.0,10,10,10
31,32,44,L,W,-2.619819402694702,1.916137284535239,4.0,139,48,L,1.0,0.0,-0.0,1.0,30.0,msa_v1_remapped,100.09697273933588,0.4979948892504272,surface,4,32,False,False,False,0.9,0.9,0.0,HLA-B07_like,HLA-B07_like,IPQSLDSWW,IPQSWDSWW,0.54,0.54,0.0,GFFLLTRILTIPQSL,GFFLLTRILTIPQSW,0.9,0.9,0.0,1.016,0.965,-0.051,0.0,0.0,0.0,internal_motif_model_v2,0,0,4,surface_hydrophobic_gain,0,10.0,10,-0.020796460176991105,10,0.0,10,10,10
173,174,186,S,G,-2.621748208999634,4.545443962227353,,0,0,,,,,0.0,0.0,msa_v1_remapped,66.09352996297646,0.4264098707288803,surface,0,174,False,False,False,0.9,0.9,0.0,HLA-A02_like,HLA-A02_like,SVRFSWLSL,SVRFSWLGL,0.72,0.72,0.0,KYLWEWASVRFSWLS,KYLWEWASVRFSWLG,0.9,0.9,0.0,1.15,1.13,-0.02,0.0,0.0,0.0,internal_motif_model_v2,0,0,4,new_glycine,0,10.0,10,0.001769911504424737,10,0.0,10,10,10
202,203,215,P,I,-2.62377405166626,0.3717888206456905,,0,0,,,,,0.0,0.0,msa_v1_remapped,95.11239617144416,0.5981911708895858,surface,4,203,False,False,False,0.85,0.85,0.0,HLA-A02_like,HLA-A02_like,MMWYWGPSL,MMWYWGISL,0.72,0.72,0.0,TVWLSAIWMMWYWGP,TVWLSAIWMMWYWGI,0.85,0.85,0.0,1.059,1.072,0.013,0.0,0.0,0.0,internal_motif_model_v2,0,0,4,surface_hydrophobic_gain,0,10.0,10,0.026991150442477907,10,0.0,10,10,10
139,140,152,T,L,-2.624000310897827,-0.7077579915936667,82.0,139,139,T,0.9280575539568344,0.0,0.0941412500040876,0.9058587499959124,30.0,msa_v1_remapped,97.50975809176911,0.56691719820796,surface,4,140,True,True,True,0.4,0.7,0.3,HLA-A03_like,HLA-A02_like,MFPSCCCTK,SMFPSCCCL,0.28,0.28,0.0,TPAQGNSMFPSCCCT,TPAQGNSMFPSCCCL,0.4,0.7,0.3,1.15,1.198,0.049,12.0,41.0,53.0,internal_motif_model_v2,0,15,19,surface_hydrophobic_gain;antibody_interface_mutation,0,10.0,10,0.019911504424778736,10,0.0,10,10,10
142,143,155,T,C,-2.624058723449707,3.937528644516192,85.0,139,139,T,0.5107913669064749,0.0,0.309168634403574,0.690831365596426,17.0,msa_v1_remapped,106.9988256046016,0.6220861953755906,surface,0,143,True,True,True,0.35,0.35,0.0,HLA-A03_like,HLA-A03_like,PSCCCTKPT,PSCCCTKPC,0.28,0.28,0.0,KPTDGNCTCIPIPSS,KPCDGNCTCIPIPSS,0.35,0.35,0.0,0.904,0.976,0.072,12.0,41.0,53.0,internal_motif_model_v2,10,15,25,new_cysteine;antibody_interface_mutation,10,9.299999999999999,10,0.01415929203539823,10,-0.00990099009900991,8,10,7
187,188,200,P,S,-2.624281883239746,3.2634514960546994,,0,0,,,,,0.0,0.0,msa_v1_remapped,98.88934452329592,0.621945563039597,surface,0,188,False,False,False,0.9,0.5,-0.4,HLA-B07_like,HLA-A02_like,SPTVWLSAI,FVGLSSTVW,0.72,0.72,0.0,GLSPTVWLSAIWMMW,GLSSTVWLSAIWMMW,0.9,0.72,-0.18,1.055,1.048,-0.007,10.0,0.0,10.0,internal_motif_model_v2,0,0,0,,0,10.0,10,0.0035398230088495852,10,0.0,10,10,10
61,62,74,P,C,-2.626413583755493,4.831516027673729,,0,0,,,,,0.0,0.0,msa_v1_remapped,95.28858925382806,0.5992993034831954,surface,0,62,False,False,False,0.45,0.45,0.0,HLA-A03_like,HLA-A03_like,QSPTSNHSP,QSPTSNHSC,0.28,0.28,0.0,SPTSCPPICPGYRWM,SCTSCPPICPGYRWM,0.45,0.45,0.0,1.041,1.091,0.05,0.0,0.0,0.0,internal_motif_model_v2,10,0,10,new_cysteine,10,9.299999999999999,10,0.018141592920354,10,-0.00990099009900991,8,10,7
175,176,188,L,S,-2.6264781951904297,2.767075984578696,,0,0,,,,,0.0,0.0,msa_v1_remapped,61.58903901803573,0.3064131294429638,partial,0,176,False,False,False,0.95,0.9,-0.05,HLA-A02_like,HLA-A02_like,LVPFVQWFV,SVPFVQWFV,0.72,0.72,0.0,LWEWASVRFSWLSLL,LWEWASVRFSWLSLS,0.95,0.9,-0.05,1.186,1.152,-0.034,0.0,0.0,0.0,internal_motif_model_v2,0,0,0,,0,10.0,10,-0.02035398230088492,10,0.0,10,10,10
3,4,16,I,G,-2.6274476051330566,2.9183245583947155,,0,0,,,,,0.0,0.0,msa_v1_remapped,158.29967646969652,0.8035516572065813,surface,0,4,False,False,False,0.35,0.35,0.0,HLA-A02_like,HLA-A02_like,GENITSGFL,GENGTSGFL,0.64,0.64,0.0,NITSGFLGPLLVLQA,NGTSGFLGPLLVLQA,0.64,0.64,0.0,0.921,0.881,-0.04,0.0,0.0,0.0,internal_motif_model_v2,0,0,4,new_glycine,0,10.0,10,-0.021681415929203474,10,0.0,10,10,10
95,96,108,V,S,-2.628010511398315,3.649234821649827,38.0,139,55,V,1.0,0.0,-0.0,1.0,30.0,msa_v1_remapped,85.60543414685687,0.4919852537175682,surface,0,96,False,False,False,0.95,0.9,-0.05,HLA-A02_like,HLA-A02_like,LLCLIFLLV,CLIFLLSLL,0.72,0.72,0.0,IFLFILLLCLIFLLV,IFLFILLLCLIFLLS,0.95,0.9,-0.05,1.191,1.138,-0.053,0.0,0.0,0.0,internal_motif_model_v2,0,0,0,,0,10.0,10,-0.02212389380530977,10,0.0,10,10,10
190,191,203,W,S,-2.628281593322754,3.847180802703519,,0,0,,,,,0.0,0.0,msa_v1_remapped,102.07819929676634,0.358169120339531,surface,0,191,False,False,False,0.9,0.9,0.0,HLA-B07_like,HLA-B07_like,SPTVWLSAI,SPTVSLSAI,0.72,0.72,0.0,GLSPTVWLSAIWMMW,LSPTVSLSAIWMMWY,0.9,0.9,0.0,1.082,1.099,0.017,0.0,0.0,0.0,internal_motif_model_v2,0,0,0,,0,10.0,10,0.0004424778761062953,10,0.0,10,10,10
224,225,237,Y,S,-2.628742933273315,3.8523601343483738,,0,0,,,,,0.0,0.0,msa_v1_remapped,200.32312776858737,0.761684896458507,surface,0,225,False,False,False,0.45,0.45,0.0,HLA-A02_like,HLA-A02_like,PIFFCLWVY,PIFFCLWVS,0.64,0.64,0.0,PFIPLLPIFFCLWVY,PFIPLLPIFFCLWVS,0.64,0.64,0.0,1.168,1.138,-0.03,0.0,0.0,0.0,internal_motif_model_v2,0,0,0,,0,10.0,10,0.0022123893805309214,10,0.000999000999000188,10,10,10
60,61,73,S,T,-2.6296305656433105,0.13973338868891,,0,0,,,,,0.0,0.0,msa_v1_remapped,54.46238634884975,0.351370234508708,surface,0,61,False,False,False,0.45,0.45,0.0,HLA-A03_like,HLA-A03_like,QSPTSNHSP,QSPTSNHTP,0.28,0.28,0.0,SPTSCPPICPGYRWM,TPTSCPPICPGYRWM,0.45,0.45,0.0,0.984,0.97,-0.015,0.0,0.0,0.0,internal_motif_model_v2,0,0,0,,0,10.0,10,0.0004424778761062953,10,0.0,10,10,10
161,162,174,L,S,-2.632715940475464,2.2853446787077587,104.0,139,139,L,1.0,0.0,-0.0,1.0,30.0,msa_v1_remapped,74.46444181854322,0.3704698597937473,surface,0,162,True,False,False,0.95,0.95,0.0,HLA-A02_like,HLA-A02_like,FAKYLWEWA,FAKYSWEWA,0.72,0.72,0.0,IPSSWAFAKYLWEWA,IPSSWAFAKYSWEWA,0.95,0.95,0.0,1.006,0.972,-0.034,0.0,13.0,13.0,internal_motif_model_v2,0,0,0,,0,10.0,10,-0.02035398230088492,10,0.0,10,10,10
97,98,110,L,A,-2.633491039276123,1.3236156947942843,40.0,139,55,L,1.0,0.0,-0.0,1.0,24.0,msa_v1_remapped,77.17416601322934,0.3839510746926833,surface,0,98,False,False,False,0.95,0.95,0.0,HLA-A02_like,HLA-A02_like,LVLLDYQGM,LVLADYQGM,0.72,0.72,0.0,LFILLLCLIFLLVLL,LFILLLCLIFLLVLA,0.95,0.95,0.0,1.168,1.141,-0.027,0.0,0.0,0.0,internal_motif_model_v2,0,0,4,surface_hydrophobic_gain,0,10.0,10,-0.008849557522123908,10,0.0,10,10,10
167,168,180,V,T,-2.63376522064209,0.0442828191816602,110.0,139,139,V,0.5827338129496403,0.0,0.2267873717109939,0.773212628289006,17.0,msa_v1_remapped,111.18428153238494,0.6389901237493387,surface,0,168,True,False,False,0.95,0.95,0.0,HLA-A02_like,HLA-A02_like,WASVRFSWL,WASTRFSWL,0.72,0.72,0.0,SSWAFAKYLWEWASV,SSWAFAKYLWEWAST,0.95,0.95,0.0,1.047,0.979,-0.068,0.0,13.0,13.0,internal_motif_model_v2,0,0,0,,0,10.0,10,-0.021681415929203474,10,0.0,10,10,10
183,184,196,V,W,-2.634988307952881,-3.2423005271641614,,0,0,,,,,0.0,0.0,msa_v1_remapped,113.48126328424244,0.6521911683002438,surface,4,184,False,False,False,0.95,0.5,-0.45,HLA-A02_like,HLA-A02_like,LVPFVQWFV,LVPFVQWFW,0.64,0.64,0.0,FSWLSLLVPFVQWFV,FSWLSLLVPFVQWFW,0.95,0.64,-0.31,1.074,1.004,-0.07,18.0,0.0,18.0,internal_motif_model_v2,0,0,4,surface_hydrophobic_gain,0,10.0,10,-0.022566371681415953,10,0.0,10,10,10
50,51,63,Q,T,-2.6365537643432617,1.1251918997602957,,0,0,,,,,1.0,20.0,msa_v1_remapped,172.1953554667545,0.7653126909633534,surface,0,51,False,False,False,0.45,0.45,0.0,HLA-A02_like,HLA-A02_like,CLGQNSQSP,CLGTNSQSP,0.46,0.46,0.0,TSLNFLGGSPVCLGQ,TSLNFLGGSPVCLGT,0.46,0.46,0.0,1.051,1.035,-0.015,0.0,0.0,0.0,internal_motif_model_v2,0,0,0,,0,10.0,10,0.012389380530973493,10,0.0,10,10,10
172,173,185,L,A,-2.6368887424468994,1.1635564797686584,,0,0,,,,,0.0,0.0,msa_v1_remapped,21.737307888718497,0.1081458103916343,buried,0,173,False,False,False,0.95,0.95,0.0,HLA-A02_like,HLA-A02_like,WASVRFSWL,WASVRFSWA,0.72,0.72,0.0,AKYLWEWASVRFSWL,AKYLWEWASVRFSWA,0.95,0.95,0.0,1.108,1.082,-0.027,0.0,0.0,0.0,internal_motif_model_v2,0,0,0,,0,10.0,10,-0.008849557522123908,10,0.0,10,10,10
163,164,176,E,T,-2.6384754180908203,3.4605711729413997,106.0,139,138,E,0.9347826086956522,0.0,0.1054924005299425,0.8945075994700575,30.0,msa_v1_remapped,95.54970586882384,0.4284740173489859,surface,0,164,True,False,False,0.95,0.95,0.0,HLA-A02_like,HLA-A02_like,FAKYLWEWA,FAKYLWTWA,0.72,0.72,0.0,IPSSWAFAKYLWEWA,IPSSWAFAKYLWTWA,0.95,0.95,0.0,1.018,1.026,0.008,0.0,13.0,13.0,internal_motif_model_v2,0,0,0,,0,10.0,10,0.012389380530973493,10,0.9971895380267899,10,10,10
56,57,69,T,C,-2.638510227203369,1.4935159396944755,,0,0,,,,,0.0,0.0,msa_v1_remapped,64.61356336298215,0.3756602521103613,surface,0,57,False,False,False,0.45,0.45,0.0,HLA-A03_like,HLA-A03_like,QSPTSNHSP,QSPCSNHSP,0.28,0.28,0.0,GGSPVCLGQNSQSPT,GGSPVCLGQNSQSPC,0.45,0.45,0.0,0.985,1.057,0.072,0.0,0.0,0.0,internal_motif_model_v2,10,0,10,new_cysteine,10,9.299999999999999,10,0.01415929203539823,10,-0.00990099009900991,8,10,7
85,86,98,I,V,-2.6405997276306152,0.2131117264690374,28.0,139,55,I,1.0,0.0,-0.0,1.0,24.0,msa_v1_remapped,89.3644879869538,0.4536268425733695,surface,4,86,False,False,False,0.95,0.95,0.0,HLA-A02_like,HLA-A02_like,FIIFLFILL,FIIFLFVLL,0.72,0.72,0.0,YRWMCLRRFIIFLFI,YRWMCLRRFIIFLFV,0.95,0.95,0.0,1.191,1.224,0.033,0.0,0.0,0.0,internal_motif_model_v2,0,0,4,surface_hydrophobic_gain,0,10.0,10,-0.0013274336283185528,10,0.0,10,10,10
16,17,29,A,F,-2.6416523456573486,3.3296612447773555,,0,0,,,,,0.0,0.0,msa_v1_remapped,45.50349401223712,0.3527402636607528,surface,4,17,False,False,False,0.9,0.85,-0.05,HLA-A03_like,HLA-A02_like,QAGFFLLTR,LVLQFGFFL,0.72,0.72,0.0,PLLVLQAGFFLLTRI,PLLVLQFGFFLLTRI,0.9,0.85,-0.05,1.11,1.114,0.004,0.0,0.0,0.0,internal_motif_model_v2,0,0,4,surface_hydrophobic_gain,0,10.0,10,0.004424778761061954,10,0.0,10,10,10
172,173,185,L,F,-2.64385724067688,1.7950493259421592,,0,0,,,,,0.0,0.0,msa_v1_remapped,21.737307888718497,0.1081458103916343,buried,0,173,False,False,False,0.95,0.9,-0.05,HLA-A02_like,HLA-A02_like,WASVRFSWL,SVRFSWFSL,0.72,0.72,0.0,AKYLWEWASVRFSWL,AKYLWEWASVRFSWF,0.95,0.9,-0.05,1.108,1.086,-0.023,0.0,0.0,0.0,internal_motif_model_v2,0,0,0,,0,10.0,10,-0.004424778761061954,10,0.0,10,10,10
204,205,217,L,S,-2.6449227333068848,3.2455912824790403,,0,0,,,,,0.0,0.0,msa_v1_remapped,90.57211620299373,0.4506075432984762,surface,0,205,False,False,False,0.85,0.5,-0.35,HLA-A02_like,HLA-A02_like,MMWYWGPSL,WGPSSYSIV,0.72,0.72,0.0,WLSAIWMMWYWGPSL,WLSAIWMMWYWGPSS,0.85,0.72,-0.13,1.075,1.041,-0.034,0.0,0.0,0.0,internal_motif_model_v2,0,0,0,,0,10.0,10,-0.02035398230088492,10,0.0,10,10,10
4,5,17,T,V,-2.6466712951660156,2.164143914337785,,0,0,,,,,0.0,0.0,msa_v1_remapped,106.88055092437924,0.6213985518859257,surface,4,5,False,False,False,0.35,0.8,0.45,HLA-A02_like,HLA-A02_like,GENITSGFL,IVSGFLGPL,0.64,0.64,0.0,NITSGFLGPLLVLQA,NIVSGFLGPLLVLQA,0.64,0.8,0.16,0.952,1.02,0.068,0.0,0.0,0.0,internal_motif_model_v2,0,0,4,surface_hydrophobic_gain,0,10.0,10,0.021681415929203585,10,0.0,10,10,10
72,73,85,R,F,-2.647374153137207,1.6072782834619377,15.0,139,48,R,1.0,0.0,-0.0,1.0,30.0,msa_v1_remapped,197.5871649920585,0.7211210401170018,surface,4,73,False,False,False,0.8,0.8,0.0,HLA-B07_like,HLA-B07_like,PPICPGYRW,PPICPGYFW,0.72,0.72,0.0,PPICPGYRWMCLRRF,PPICPGYFWMCLRRF,0.8,0.8,0.0,1.015,1.046,0.031,0.0,0.0,0.0,internal_motif_model_v2,0,0,4,surface_hydrophobic_gain,0,10.0,10,0.03230088495575223,10,-0.9999900000999986,10,10,10
211,212,224,F,W,-2.6507091522216797,1.6925562923921689,,0,0,,,,,0.0,0.0,msa_v1_remapped,115.65997035587758,0.4819165431494899,surface,4,212,False,False,False,0.8,0.8,0.0,HLA-A02_like,HLA-A02_like,SIVSPFIPL,SIVSPWIPL,0.64,0.64,0.0,VSPFIPLLPIFFCLW,VSPWIPLLPIFFCLW,0.8,0.8,0.0,1.145,1.117,-0.028,0.0,0.0,0.0,internal_motif_model_v2,0,0,4,surface_hydrophobic_gain,0,10.0,10,-0.01637168141592915,10,0.0,10,10,10
187,188,200,P,F,-2.6516427993774414,4.019923603210486,,0,0,,,,,0.0,0.0,msa_v1_remapped,98.88934452329592,0.621945563039597,surface,4,188,False,False,False,0.9,0.5,-0.4,HLA-B07_like,HLA-A02_like,SPTVWLSAI,FVGLSFTVW,0.72,0.72,0.0,GLSPTVWLSAIWMMW,GLSFTVWLSAIWMMW,0.9,0.72,-0.18,1.055,1.059,0.004,10.0,0.0,10.0,internal_motif_model_v2,0,0,4,surface_hydrophobic_gain,0,10.0,10,0.019469026548672552,10,0.0,10,10,10
110,111,123,P,N,-2.6524548530578613,4.928810915386805,53.0,139,139,P,0.9928057553956836,0.0,0.0142429670997965,0.9857570329002034,30.0,msa_v1_remapped,123.27845820453896,0.7753362151228865,surface,0,111,True,False,False,0.45,0.4,-0.05,HLA-B07_like,HLA-A02_like,IPGSTTTST,MLPVCPLIN,0.46,0.46,0.0,LLDYQGMLPVCPLIP,LLDYQGMLPVCPLIN,0.46,0.46,0.0,1.046,1.005,-0.041,0.0,13.0,13.0,internal_motif_model_v2,0,0,0,,0,10.0,10,-0.008407079646017612,10,0.0,10,10,10
198,199,211,W,G,-2.652723789215088,-0.8248637790222801,,0,0,,,,,0.0,0.0,msa_v1_remapped,211.93063403958848,0.7436162597880298,surface,0,199,False,False,False,0.85,0.85,0.0,HLA-A02_like,HLA-A02_like,MMWYWGPSL,MMGYWGPSL,0.72,0.72,0.0,GLSPTVWLSAIWMMW,LSPTVWLSAIWMMGY,0.85,0.85,0.0,0.909,0.907,-0.003,0.0,0.0,0.0,internal_motif_model_v2,0,0,4,new_glycine,0,10.0,10,0.0022123893805309214,10,0.0,10,10,10
198,199,211,W,F,-2.653848171234131,1.5570986731815992,,0,0,,,,,0.0,0.0,msa_v1_remapped,211.93063403958848,0.7436162597880298,surface,4,199,False,False,False,0.85,0.85,0.0,HLA-A02_like,HLA-A02_like,MMWYWGPSL,MMFYWGPSL,0.72,0.72,0.0,GLSPTVWLSAIWMMW,GLSPTVWLSAIWMMF,0.85,0.85,0.0,0.909,0.938,0.028,0.0,0.0,0.0,internal_motif_model_v2,0,0,4,surface_hydrophobic_gain,0,10.0,10,0.016371681415929262,10,0.0,10,10,10
189,190,202,V,F,-2.663171768188477,2.7237025215872563,,0,0,,,,,0.0,0.0,msa_v1_remapped,75.80823922656033,0.4356795357848295,surface,4,190,False,False,False,0.9,0.9,0.0,HLA-B07_like,HLA-B07_like,SPTVWLSAI,SPTFWLSAI,0.72,0.72,0.0,GLSPTVWLSAIWMMW,GLSPTFWLSAIWMMW,0.9,0.9,0.0,1.075,1.033,-0.042,0.0,0.0,0.0,internal_motif_model_v2,0,0,4,surface_hydrophobic_gain,0,10.0,10,-0.006194690265486691,10,0.0,10,10,10
169,170,182,F,V,-2.663811683654785,1.691713204602593,112.0,139,139,F,1.0,0.0,-0.0,1.0,30.0,msa_v1_remapped,111.10179587567232,0.462924149481968,surface,4,170,False,False,False,0.95,0.95,0.0,HLA-A02_like,HLA-A02_like,WASVRFSWL,WASVRVSWL,0.72,0.72,0.0,WAFAKYLWEWASVRF,WAFAKYLWEWASVRV,0.95,0.95,0.0,1.073,1.115,0.042,0.0,0.0,0.0,internal_motif_model_v2,0,0,4,surface_hydrophobic_gain,0,10.0,10,0.006194690265486691,10,0.0,10,10,10
57,58,70,S,Q,-2.6649723052978516,1.4421458274543395,,0,0,,,,,0.0,0.0,msa_v1_remapped,88.4282431107016,0.5705047942625909,surface,0,58,False,False,False,0.45,0.45,0.0,HLA-A03_like,HLA-A03_like,QSPTSNHSP,QSPTQNHSP,0.28,0.28,0.0,GSPVCLGQNSQSPTS,GSPVCLGQNSQSPTQ,0.45,0.45,0.0,0.984,0.985,0.0,0.0,0.0,0.0,internal_motif_model_v2,0,0,0,,0,10.0,10,-0.011946902654867197,10,0.0,10,10,10
209,210,222,S,G,-2.6672048568725586,1.3869073171439936,,0,0,,,,,0.0,0.0,msa_v1_remapped,56.53288440312464,0.3647282864717718,surface,0,210,False,False,False,0.8,0.8,0.0,HLA-A02_like,HLA-A02_like,SIVSPFIPL,SIVGPFIPL,0.64,0.64,0.0,VSPFIPLLPIFFCLW,VGPFIPLLPIFFCLW,0.8,0.8,0.0,1.124,1.104,-0.02,0.0,0.0,0.0,internal_motif_model_v2,0,0,4,new_glycine,0,10.0,10,0.001769911504424737,10,0.0,10,10,10
164,165,177,W,Q,-2.6693034172058105,-0.8028938167962565,107.0,139,139,W,0.9856115107913668,0.0,0.0284685318889823,0.9715314681110176,30.0,msa_v1_remapped,149.76631914119795,0.5254958566357822,surface,0,165,True,False,False,0.95,0.95,0.0,HLA-A02_like,HLA-A02_like,FAKYLWEWA,FAKYLWEQA,0.72,0.72,0.0,IPSSWAFAKYLWEWA,IPSSWAFAKYLWEQA,0.95,0.95,0.0,1.049,1.067,0.017,0.0,13.0,13.0,internal_motif_model_v2,0,0,0,,0,10.0,10,-0.011504424778761124,10,0.0,10,10,10
10,11,23,P,G,-2.6703920364379883,-4.789481168513419,,0,0,,,,,0.0,0.0,msa_v1_remapped,79.2949546827029,0.4987104068094521,surface,0,11,False,False,False,0.5,0.5,0.0,HLA-A02_like,HLA-A02_like,LGPLLVLQA,LGGLLVLQA,0.72,0.72,0.0,PLLVLQAGFFLLTRI,GLLVLQAGFFLLTRI,0.72,0.72,0.0,1.166,1.139,-0.027,0.0,0.0,0.0,internal_motif_model_v2,0,0,4,new_glycine,0,10.0,10,0.005309734513274433,10,0.0,10,10,10
75,76,88,C,R,-2.6709582805633545,1.9320008746605597,18.0,139,55,C,0.9636363636363636,0.0,0.0605579893382868,0.9394420106617132,30.0,msa_v1_remapped,53.55048253247756,0.3206615720507638,partial,0,76,False,False,False,0.95,0.95,0.0,HLA-A02_like,HLA-A02_like,WMCLRRFII,WMRLRRFII,0.72,0.72,0.0,PPICPGYRWMCLRRF,PPICPGYRWMRLRRF,0.95,0.95,0.0,1.0,0.923,-0.077,0.0,0.0,0.0,internal_motif_model_v2,25,0,25,possible_disulfide_loss,10,9.6,10,-0.030973451327433676,10,1.0098909901990085,8,10,10
88,89,101,L,S,-2.672633647918701,4.59547179176252,31.0,139,55,L,0.9818181818181818,0.0,0.0303351945483401,0.96966480545166,30.0,msa_v1_remapped,114.9791243959916,0.5720354447561771,surface,0,89,False,False,False,0.95,0.95,0.0,HLA-A02_like,HLA-A02_like,FLFILLLCL,FLFILLSCL,0.72,0.72,0.0,MCLRRFIIFLFILLL,MCLRRFIIFLFILLS,0.95,0.95,0.0,1.245,1.211,-0.034,0.0,0.0,0.0,internal_motif_model_v2,0,0,0,,0,10.0,10,-0.02035398230088492,10,0.0,10,10,10
195,196,208,W,V,-2.6760168075561523,3.2117069067338093,,0,0,,,,,0.0,0.0,msa_v1_remapped,143.50009843434776,0.5035091173135009,surface,4,196,False,False,False,0.9,0.9,0.0,HLA-A02_like,HLA-A02_like,TVWLSAIWM,TVWLSAIVM,0.72,0.72,0.0,GLSPTVWLSAIWMMW,GLSPTVWLSAIVMMW,0.9,0.9,0.0,0.952,1.022,0.07,0.0,0.0,0.0,internal_motif_model_v2,0,0,4,surface_hydrophobic_gain,0,10.0,10,0.022566371681415953,10,0.0,10,10,10
149,150,162,I,L,-2.676214694976806,2.2564926871909847,92.0,139,139,I,0.9928057553956836,0.0,0.0142429670997965,0.9857570329002034,24.0,msa_v1_remapped,89.64106123780525,0.4550307677045951,surface,4,150,True,False,False,0.8,0.85,0.05,HLA-A02_like,HLA-B07_like,CIPIPSSWA,LPIPSSWAF,0.54,0.54,0.0,CTCIPIPSSWAFAKY,CTCLPIPSSWAFAKY,0.8,0.85,0.05,1.166,1.18,0.014,0.0,7.8,7.8,internal_motif_model_v2,0,0,4,surface_hydrophobic_gain,0,10.0,10,-0.00309734513274329,10,0.0,10,10,10
83,84,96,L,V,-2.6767218112945557,1.3870435260130307,26.0,139,55,L,1.0,0.0,-0.0,1.0,24.0,msa_v1_remapped,79.95790613083403,0.3978005280140996,surface,4,84,False,False,False,0.95,0.95,0.0,HLA-A02_like,HLA-A02_like,FIIFLFILL,FIIFVFILL,0.72,0.72,0.0,PGYRWMCLRRFIIFL,PGYRWMCLRRFIIFV,0.95,0.95,0.0,1.163,1.182,0.019,0.0,0.0,0.0,internal_motif_model_v2,0,0,4,surface_hydrophobic_gain,0,10.0,10,0.001769911504424737,10,0.0,10,10,10
128,129,141,Q,A,-2.677767276763916,1.977873765568404,71.0,139,139,Q,0.9496402877697842,0.0,0.0835009187140195,0.9164990812859805,30.0,msa_v1_remapped,172.83533558940258,0.7681570470640114,surface,0,129,True,True,True,0.8,0.8,0.0,HLA-B07_like,HLA-B07_like,TPAQGNSMF,TPAAGNSMF,0.28,0.28,0.0,GPCKTCTTPAQGNSM,GPCKTCTTPAAGNSM,0.8,0.8,0.0,0.959,0.966,0.007,12.0,41.0,53.0,internal_motif_model_v2,0,15,19,surface_hydrophobic_gain;antibody_interface_mutation,0,10.0,10,0.02345132743362832,10,0.0,10,10,10
13,14,26,V,S,-2.6778242588043213,0.0907201251466744,,0,0,,,,,0.0,0.0,msa_v1_remapped,100.89609337944418,0.5798626056289895,surface,0,14,False,False,False,0.85,0.8,-0.05,HLA-A02_like,HLA-A02_like,LVLQAGFFL,SLQAGFFLL,0.72,0.72,0.0,PLLVLQAGFFLLTRI,PLLSLQAGFFLLTRI,0.85,0.8,-0.05,1.182,1.129,-0.053,0.0,0.0,0.0,internal_motif_model_v2,0,0,0,,0,10.0,10,-0.02212389380530977,10,0.0,10,10,10
198,199,211,W,A,-2.6782546043395996,1.683873230618758,,0,0,,,,,0.0,0.0,msa_v1_remapped,211.93063403958848,0.7436162597880298,surface,0,199,False,False,False,0.85,0.95,0.1,HLA-A02_like,HLA-A02_like,MMWYWGPSL,WLSAIWMMA,0.72,0.72,0.0,GLSPTVWLSAIWMMW,GLSPTVWLSAIWMMA,0.85,0.95,0.1,0.909,0.934,0.024,0.0,0.0,0.0,internal_motif_model_v2,0,0,4,surface_hydrophobic_gain,0,10.0,10,0.011946902654867309,10,0.0,10,10,10
205,206,218,Y,A,-2.6784021854400635,0.5728102824640473,,0,0,,,,,0.0,0.0,msa_v1_remapped,141.1068834163255,0.5365280738263327,surface,0,206,False,False,False,0.5,0.85,0.35,HLA-A02_like,HLA-A02_like,WGPSLYSIV,LASIVSPFI,0.72,0.72,0.0,LSAIWMMWYWGPSLY,LSAIWMMWYWGPSLA,0.72,0.85,0.13,1.148,1.134,-0.014,0.0,0.0,0.0,internal_motif_model_v2,0,0,4,surface_hydrophobic_gain,0,10.0,10,0.013716814159292157,10,0.000999000999000188,10,10,10
36,37,49,T,G,-2.6808664798736572,4.190382666031667,9.0,139,48,T,1.0,0.0,-0.0,1.0,30.0,msa_v1_remapped,63.71829742130337,0.3704552175657172,surface,0,37,False,False,False,0.9,0.8,-0.1,HLA-A02_like,HLA-A02_like,SLDSWWTSL,SLDSWWGSL,0.54,0.54,0.0,QSLDSWWTSLNFLGG,QSLDSWWGSLNFLGG,0.9,0.8,-0.1,0.964,0.959,-0.005,0.0,0.0,0.0,internal_motif_model_v2,0,0,4,new_glycine,0,10.0,10,0.0013274336283185528,10,0.0,10,10,10
103,104,116,L,V,-2.683227062225342,2.46901819531206,46.0,139,128,L,1.0,0.0,-0.0,1.0,24.0,msa_v1_remapped,52.98157780202427,0.2635899393135536,partial,0,104,True,False,True,0.8,0.8,0.0,HLA-A02_like,HLA-A02_like,VLLDYQGML,VLLDYQGMV,0.72,0.72,0.0,CLIFLLVLLDYQGML,CLIFLLVLLDYQGMV,0.8,0.8,0.0,1.118,1.137,0.019,0.0,16.8,16.8,internal_motif_model_v2,0,15,15,antibody_interface_mutation,0,10.0,10,0.001769911504424737,10,0.0,10,10,10
178,179,191,F,G,-2.683452606201172,3.374353427428048,,0,0,,,,,0.0,0.0,msa_v1_remapped,112.30942409171222,0.4679559337154675,surface,0,179,False,False,False,0.95,0.85,-0.1,HLA-A02_like,HLA-A02_like,LVPFVQWFV,WLSLLVPGV,0.72,0.72,0.0,WASVRFSWLSLLVPF,WASVRFSWLSLLVPG,0.95,0.85,-0.1,1.154,1.123,-0.031,0.0,0.0,0.0,internal_motif_model_v2,0,0,4,new_glycine,0,10.0,10,-0.01415929203539823,10,0.0,10,10,10
41,42,54,L,C,-2.684359550476074,2.753884335642738,,0,0,,,,,0.0,0.0,msa_v1_remapped,165.98455245431362,0.8257937933050429,surface,0,42,False,False,False,0.85,0.5,-0.35,HLA-A02_like,HLA-A03_like,FLGGSPVCL,WTSLNFCGG,0.54,0.54,0.0,QSLDSWWTSLNFLGG,QSLDSWWTSLNFCGG,0.85,0.54,-0.31,1.018,1.041,0.023,18.0,0.0,18.0,internal_motif_model_v2,10,0,10,new_cysteine,10,9.299999999999999,10,-0.005752212389380507,10,-0.00990099009900991,8,10,7
176,177,189,V,G,-2.690807342529297,1.1500493807968724,,0,0,,,,,0.0,0.0,msa_v1_remapped,60.24524161001862,0.3462370207472334,partial,0,177,False,False,False,0.95,0.85,-0.1,HLA-A02_like,HLA-A02_like,LVPFVQWFV,WLSLLGPFV,0.72,0.72,0.0,WEWASVRFSWLSLLV,WEWASVRFSWLSLLG,0.95,0.85,-0.1,1.205,1.132,-0.073,0.0,0.0,0.0,internal_motif_model_v2,0,0,4,new_glycine,0,10.0,10,-0.02035398230088492,10,0.0,10,10,10
62,63,75,T,L,-2.6945648193359375,0.9018355335554702,,0,0,,,,,0.0,0.0,msa_v1_remapped,84.32622788379754,0.4902687667662648,surface,4,63,False,False,False,0.45,0.9,0.45,HLA-B07_like,HLA-B07_like,SPTSNHSPT,SPTSNHSPL,0.46,0.46,0.0,TSCPPICPGYRWMCL,LSCPPICPGYRWMCL,0.46,0.9,0.44,1.083,1.131,0.049,4.0,0.0,4.0,internal_motif_model_v2,0,0,4,surface_hydrophobic_gain,0,10.0,10,0.019911504424778736,10,0.0,10,10,10
2,3,15,N,V,-2.695294141769409,3.733980788510735,,0,0,,,,,0.0,0.0,msa_v1_remapped,133.33683257168434,0.6837786285727402,surface,4,3,False,False,False,0.35,0.35,0.0,HLA-A02_like,HLA-A02_like,GENITSGFL,GEVITSGFL,0.64,0.64,0.0,NITSGFLGPLLVLQA,VITSGFLGPLLVLQA,0.64,0.64,0.0,0.929,1.03,0.101,0.0,0.0,0.0,internal_motif_model_v2,0,0,4,surface_hydrophobic_gain,0,10.0,10,0.03407079646017708,10,0.0,10,10,10
10,11,23,P,S,-2.695671558380127,-8.326513477580988,,0,0,,,,,0.0,0.0,msa_v1_remapped,79.2949546827029,0.4987104068094521,surface,0,11,False,False,False,0.5,0.5,0.0,HLA-A02_like,HLA-A02_like,LGPLLVLQA,FLGSLLVLQ,0.72,0.72,0.0,PLLVLQAGFFLLTRI,NITSGFLGSLLVLQA,0.72,0.72,0.0,1.166,1.159,-0.007,0.0,0.0,0.0,internal_motif_model_v2,0,0,0,,0,10.0,10,0.0035398230088495852,10,0.0,10,10,10
15,16,28,Q,G,-2.6984705924987793,2.5121617040595083,,0,0,,,,,0.0,0.0,msa_v1_remapped,130.4160813152713,0.5796270280678725,surface,0,16,False,False,False,0.9,0.9,0.0,HLA-A03_like,HLA-A03_like,QAGFFLLTR,GAGFFLLTR,0.72,0.72,0.0,PLLVLQAGFFLLTRI,PLLVLGAGFFLLTRI,0.9,0.9,0.0,1.132,1.112,-0.02,0.0,0.0,0.0,internal_motif_model_v2,0,0,4,new_glycine,0,10.0,10,0.013716814159292157,10,0.0,10,10,10
185,186,198,L,W,-2.6996943950653076,4.521122389013328,,0,0,,,,,0.0,0.0,msa_v1_remapped,54.73388278597297,0.2723078745570794,partial,0,186,False,False,False,0.5,0.5,0.0,HLA-A02_like,HLA-A02_like,LSPTVWLSA,WSPTVWLSA,0.72,0.72,0.0,GLSPTVWLSAIWMMW,GWSPTVWLSAIWMMW,0.72,0.72,0.0,1.083,1.032,-0.051,0.0,0.0,0.0,internal_motif_model_v2,0,0,0,,0,10.0,10,-0.020796460176991105,10,0.0,10,10,10
181,182,194,W,A,-2.701834201812744,2.3125506734475607,,0,0,,,,,0.0,0.0,msa_v1_remapped,147.92210372257586,0.5190249253423714,surface,0,182,False,False,False,0.95,0.95,0.0,HLA-A02_like,HLA-A02_like,LVPFVQWFV,LVPFVQAFV,0.64,0.64,0.0,VRFSWLSLLVPFVQW,VRFSWLSLLVPFVQA,0.95,0.95,0.0,1.104,1.129,0.024,0.0,0.0,0.0,internal_motif_model_v2,0,0,4,surface_hydrophobic_gain,0,10.0,10,0.011946902654867309,10,0.0,10,10,10
161,162,174,L,W,-2.7071683406829834,4.2751710284148885,104.0,139,139,L,1.0,0.0,-0.0,1.0,30.0,msa_v1_remapped,74.46444181854322,0.3704698597937473,surface,4,162,True,False,False,0.95,0.95,0.0,HLA-A02_like,HLA-A02_like,FAKYLWEWA,FAKYWWEWA,0.72,0.72,0.0,IPSSWAFAKYLWEWA,IPSSWAFAKYWWEWA,0.95,0.95,0.0,1.006,0.955,-0.051,0.0,13.0,13.0,internal_motif_model_v2,0,0,4,surface_hydrophobic_gain,0,10.0,10,-0.020796460176991105,10,0.0,10,10,10
114,115,127,T,G,-2.7075984477996826,3.042146601385525,57.0,139,139,T,0.9928057553956836,0.0,0.0142429670997965,0.9857570329002034,30.0,msa_v1_remapped,141.46170745699257,0.8224517875406545,surface,0,115,True,False,False,0.8,0.4,-0.4,HLA-A03_like,HLA-A02_like,TTTSTGPCK,LIPGSTGTS,0.46,0.46,0.0,QGMLPVCPLIPGSTT,QGMLPVCPLIPGSTG,0.8,0.46,-0.34,0.933,0.928,-0.005,18.0,13.0,31.0,internal_motif_model_v2,0,0,4,new_glycine,0,10.0,10,0.0013274336283185528,10,0.0,10,10,10
35,36,48,W,F,-2.709129810333252,1.893665977564524,8.0,139,48,W,1.0,0.0,-0.0,1.0,24.0,msa_v1_remapped,68.72076850094993,0.241125503512105,partial,0,36,False,False,False,0.9,0.9,0.0,HLA-B07_like,HLA-B07_like,IPQSLDSWW,IPQSLDSWF,0.54,0.54,0.0,QSLDSWWTSLNFLGG,QSLDSWFTSLNFLGG,0.9,0.9,0.0,0.976,1.005,0.028,0.0,0.0,0.0,internal_motif_model_v2,0,0,0,,0,10.0,10,0.016371681415929262,10,0.0,10,10,10
102,103,115,M,S,-2.709883689880371,1.1088392672671148,45.0,139,124,M,0.9838709677419356,0.0,0.0275608534062741,0.972439146593726,30.0,msa_v1_remapped,130.11034151822395,0.5808497389206426,surface,0,103,True,False,True,0.95,0.8,-0.15,HLA-A02_like,HLA-A02_like,LVLLDYQGM,VLLDYQGSL,0.72,0.72,0.0,LCLIFLLVLLDYQGM,LCLIFLLVLLDYQGS,0.95,0.8,-0.15,1.082,1.108,0.027,10.0,33.0,43.0,internal_motif_model_v2,0,15,15,antibody_interface_mutation,0,10.0,10,-0.011946902654867197,10,0.0,10,10,10
30,31,43,S,T,-2.7104175090789795,0.7341171961484179,3.0,139,48,S,0.9791666666666666,0.0,0.033803026545712,0.966196973454288,24.0,msa_v1_remapped,63.44595903734898,0.4093287679828966,surface,0,31,False,False,False,0.9,0.9,0.0,HLA-B07_like,HLA-B07_like,IPQSLDSWW,IPQTLDSWW,0.72,0.72,0.0,AGFFLLTRILTIPQS,AGFFLLTRILTIPQT,0.9,0.9,0.0,1.053,1.038,-0.015,0.0,0.0,0.0,internal_motif_model_v2,0,0,0,,0,10.0,10,0.0004424778761062953,10,0.0,10,10,10
109,110,122,I,T,-2.71274733543396,2.2895241747071395,52.0,139,139,I,0.8705035971223022,0.0,0.1379338564278194,0.8620661435721806,22.0,msa_v1_remapped,91.24777225181596,0.4631866611767308,surface,0,110,True,False,False,0.8,0.45,-0.35,HLA-A02_like,HLA-B07_like,GMLPVCPLI,TPGSTTTST,0.46,0.46,0.0,VLLDYQGMLPVCPLI,VLLDYQGMLPVCPLT,0.8,0.46,-0.34,1.118,1.084,-0.035,18.0,13.0,31.0,internal_motif_model_v2,0,0,0,,0,10.0,10,-0.023008849557522137,10,0.0,10,10,10
187,188,200,P,I,-2.713189601898194,4.9535613084027545,,0,0,,,,,0.0,0.0,msa_v1_remapped,98.88934452329592,0.621945563039597,surface,4,188,False,False,False,0.9,0.9,0.0,HLA-B07_like,HLA-A02_like,SPTVWLSAI,SITVWLSAI,0.72,0.72,0.0,GLSPTVWLSAIWMMW,GLSITVWLSAIWMMW,0.9,0.9,0.0,1.055,1.068,0.013,0.0,0.0,0.0,internal_motif_model_v2,0,0,4,surface_hydrophobic_gain,0,10.0,10,0.026991150442477907,10,0.0,10,10,10
83,84,96,L,S,-2.71439790725708,4.543369871338427,26.0,139,55,L,1.0,0.0,-0.0,1.0,30.0,msa_v1_remapped,79.95790613083403,0.3978005280140996,surface,0,84,False,False,False,0.95,0.95,0.0,HLA-A02_like,HLA-A02_like,FIIFLFILL,FIIFSFILL,0.72,0.72,0.0,PGYRWMCLRRFIIFL,PGYRWMCLRRFIIFS,0.95,0.95,0.0,1.163,1.129,-0.034,0.0,0.0,0.0,internal_motif_model_v2,0,0,0,,0,10.0,10,-0.02035398230088492,10,0.0,10,10,10
12,13,25,L,G,-2.715379238128662,4.351397186420456,,0,0,,,,,0.0,0.0,msa_v1_remapped,108.0056934837065,0.5373417586254055,surface,0,13,False,False,False,0.85,0.8,-0.05,HLA-A02_like,HLA-A02_like,LVLQAGFFL,GVLQAGFFL,0.72,0.72,0.0,PLLVLQAGFFLLTRI,PLGVLQAGFFLLTRI,0.85,0.8,-0.05,1.155,1.101,-0.054,0.0,0.0,0.0,internal_motif_model_v2,0,0,4,new_glycine,0,10.0,10,-0.018584070796460184,10,0.0,10,10,10
170,171,183,S,F,-2.716750383377075,1.2477780688589064,,0,0,,,,,0.0,0.0,msa_v1_remapped,87.97547677746624,0.5675837211449435,surface,4,171,False,False,False,0.95,0.95,0.0,HLA-A02_like,HLA-A02_like,WASVRFSWL,WASVRFFWL,0.72,0.72,0.0,AFAKYLWEWASVRFS,AFAKYLWEWASVRFF,0.95,0.95,0.0,1.073,1.085,0.011,0.0,0.0,0.0,internal_motif_model_v2,0,0,4,surface_hydrophobic_gain,0,10.0,10,0.015929203539823078,10,0.0,10,10,10
97,98,110,L,F,-2.717433452606201,2.371704817556804,40.0,139,55,L,1.0,0.0,-0.0,1.0,30.0,msa_v1_remapped,77.17416601322934,0.3839510746926833,surface,4,98,False,False,False,0.95,0.95,0.0,HLA-A02_like,HLA-A02_like,LVLLDYQGM,LVLFDYQGM,0.72,0.72,0.0,LFILLLCLIFLLVLL,LFILLLCLIFLLVLF,0.95,0.95,0.0,1.168,1.145,-0.023,0.0,0.0,0.0,internal_motif_model_v2,0,0,4,surface_hydrophobic_gain,0,10.0,10,-0.004424778761061954,10,0.0,10,10,10
164,165,177,W,T,-2.7178735733032227,-2.0806468664700333,107.0,139,139,W,0.9856115107913668,0.0,0.0284685318889823,0.9715314681110176,30.0,msa_v1_remapped,149.76631914119795,0.5254958566357822,surface,0,165,True,False,False,0.95,0.95,0.0,HLA-A02_like,HLA-A02_like,FAKYLWEWA,FAKYLWETA,0.72,0.72,0.0,IPSSWAFAKYLWEWA,IPSSWAFAKYLWETA,0.95,0.95,0.0,1.049,1.052,0.002,0.0,13.0,13.0,internal_motif_model_v2,0,0,0,,0,10.0,10,0.0008849557522124796,10,0.0,10,10,10
196,197,209,M,T,-2.718071937561035,1.4598970309855304,,0,0,,,,,0.0,0.0,msa_v1_remapped,96.88671743670922,0.4325299885567376,surface,0,197,False,False,False,0.9,0.8,-0.1,HLA-A02_like,HLA-A02_like,TVWLSAIWM,TMWYWGPSL,0.72,0.72,0.0,GLSPTVWLSAIWMMW,GLSPTVWLSAIWTMW,0.9,0.8,-0.1,0.974,0.985,0.012,0.0,0.0,0.0,internal_motif_model_v2,0,0,0,,0,10.0,10,-0.011504424778761124,10,0.0,10,10,10
199,200,212,Y,I,-2.7189981937408447,1.73790056979891,,0,0,,,,,0.0,0.0,msa_v1_remapped,145.31690659865998,0.5525357665348288,surface,4,200,False,False,False,0.85,0.85,0.0,HLA-A02_like,HLA-A02_like,MMWYWGPSL,MMWIWGPSL,0.72,0.72,0.0,LSPTVWLSAIWMMWY,LSPTVWLSAIWMMWI,0.85,0.85,0.0,0.934,0.933,-0.001,0.0,0.0,0.0,internal_motif_model_v2,0,0,4,surface_hydrophobic_gain,0,10.0,10,0.025663716814159354,10,0.000999000999000188,10,10,10
163,164,176,E,G,-2.7206833362579346,4.634888122282348,106.0,139,138,E,0.9347826086956522,0.036231884057971,0.1054924005299425,0.8945075994700575,27.0,msa_v1_remapped,95.54970586882384,0.4284740173489859,surface,0,164,True,False,False,0.95,0.85,-0.1,HLA-A02_like,HLA-A02_like,FAKYLWEWA,FAKYLWGWA,0.72,0.72,0.0,IPSSWAFAKYLWEWA,AKYLWGWASVRFSWL,0.95,0.85,-0.1,1.018,1.021,0.003,0.0,13.0,13.0,internal_motif_model_v2,0,0,4,new_glycine,0,10.0,10,0.013716814159292157,10,0.9971895380267899,10,10,10
8,9,21,L,W,-2.7241010665893555,3.223066998402828,,0,0,,,,,0.0,0.0,msa_v1_remapped,104.9496149821474,0.5221373879708826,surface,4,9,False,False,False,0.5,0.5,0.0,HLA-A02_like,HLA-A02_like,LGPLLVLQA,WGPLLVLQA,0.64,0.64,0.0,NITSGFLGPLLVLQA,NITSGFWGPLLVLQA,0.64,0.64,0.0,1.059,1.008,-0.051,0.0,0.0,0.0,internal_motif_model_v2,0,0,4,surface_hydrophobic_gain,0,10.0,10,-0.020796460176991105,10,0.0,10,10,10
54,55,67,S,N,-2.724942207336426,-0.7827092251146723,,0,0,,,,,0.0,0.0,msa_v1_remapped,63.40593514694224,0.4090705493351112,surface,0,55,False,False,False,0.45,0.45,0.0,HLA-A02_like,HLA-A02_like,CLGQNSQSP,CLGQNSQNP,0.28,0.28,0.0,FLGGSPVCLGQNSQS,FLGGSPVCLGQNSQN,0.45,0.45,0.0,0.971,0.938,-0.034,0.0,0.0,0.0,internal_motif_model_v2,0,0,0,,0,10.0,10,-0.011946902654867197,10,0.0,10,10,10
29,30,42,Q,T,-2.725170135498047,3.394571269643393,2.0,139,48,Q,0.9166666666666666,0.0,0.0957482033986543,0.9042517966013456,24.0,msa_v1_remapped,131.09692727515727,0.5826530101118101,surface,0,30,False,False,False,0.9,0.9,0.0,HLA-B07_like,HLA-B07_like,IPQSLDSWW,IPTSLDSWW,0.72,0.72,0.0,QAGFFLLTRILTIPQ,QAGFFLLTRILTIPT,0.9,0.9,0.0,1.038,1.023,-0.015,0.0,0.0,0.0,internal_motif_model_v2,0,0,0,,0,10.0,10,0.012389380530973493,10,0.0,10,10,10
120,121,133,C,A,-2.725297451019287,1.295746455745757,63.0,139,139,C,1.0,0.0,-0.0,1.0,30.0,msa_v1_remapped,35.76532333471624,0.214163612782732,partial,0,121,True,False,True,0.8,0.9,0.1,HLA-A03_like,HLA-A02_like,TTTSTGPCK,PAKTCTTPA,0.28,0.28,0.0,GPCKTCTTPAQGNSM,GPAKTCTTPAQGNSM,0.8,0.9,0.1,1.073,1.023,-0.05,0.0,28.0,28.0,internal_motif_model_v2,25,15,40,possible_disulfide_loss;antibody_interface_mutation,10,10.0,10,-0.00309734513274329,10,0.00990099009900991,10,10,10
204,205,217,L,W,-2.725348472595215,0.5405294479977556,,0,0,,,,,0.0,0.0,msa_v1_remapped,90.57211620299373,0.4506075432984762,surface,4,205,False,False,False,0.85,0.5,-0.35,HLA-A02_like,HLA-A02_like,MMWYWGPSL,WGPSWYSIV,0.72,0.72,0.0,WLSAIWMMWYWGPSL,WLSAIWMMWYWGPSW,0.85,0.72,-0.13,1.075,1.024,-0.051,0.0,0.0,0.0,internal_motif_model_v2,0,0,4,surface_hydrophobic_gain,0,10.0,10,-0.020796460176991105,10,0.0,10,10,10
154,155,167,S,V,-2.7268505096435547,2.628481934992294,97.0,139,139,S,1.0,0.0,-0.0,1.0,30.0,msa_v1_remapped,45.551987636437936,0.2938837912028254,partial,0,155,True,False,False,0.9,0.9,0.0,HLA-A02_like,HLA-A02_like,PIPSSWAFA,PIPSVWAFA,0.72,0.72,0.0,IPSSWAFAKYLWEWA,IPSVWAFAKYLWEWA,0.9,0.9,0.0,1.041,1.094,0.053,0.0,8.0,8.0,internal_motif_model_v2,0,0,0,,0,10.0,10,0.022123893805309658,10,0.0,10,10,10
194,195,207,I,A,-2.7278590202331543,-7.1971536465475765,,0,0,,,,,0.0,0.0,msa_v1_remapped,95.2664598751762,0.483586090736935,surface,0,195,False,False,False,0.9,0.9,0.0,HLA-B07_like,HLA-A02_like,SPTVWLSAI,TVWLSAAWM,0.72,0.72,0.0,GLSPTVWLSAIWMMW,GLSPTVWLSAAWMMW,0.9,0.9,0.0,1.003,0.991,-0.013,0.0,0.0,0.0,internal_motif_model_v2,0,0,4,surface_hydrophobic_gain,0,10.0,10,-0.011946902654867197,10,0.0,10,10,10
192,193,205,S,A,-2.7297139167785645,0.2961785461229738,,0,0,,,,,0.0,0.0,msa_v1_remapped,56.98141586946296,0.3676220378675029,surface,0,193,False,False,False,0.9,0.9,0.0,HLA-B07_like,HLA-B07_like,SPTVWLSAI,SPTVWLAAI,0.72,0.72,0.0,GLSPTVWLSAIWMMW,VGLSPTVWLAAIWMM,0.9,0.9,0.0,1.092,1.1,0.007,0.0,0.0,0.0,internal_motif_model_v2,0,0,4,surface_hydrophobic_gain,0,10.0,10,0.011504424778761124,10,0.0,10,10,10
147,148,160,T,L,-2.7297608852386475,1.2361989354772618,90.0,139,139,T,1.0,0.0,-0.0,1.0,30.0,msa_v1_remapped,78.73238340303925,0.4577464151339491,surface,4,148,True,False,False,0.35,0.4,0.05,HLA-A02_like,HLA-B07_like,DGNCTCIPI,LCIPIPSSW,0.54,0.54,0.0,CTCIPIPSSWAFAKY,CLCIPIPSSWAFAKY,0.54,0.54,0.0,1.086,1.134,0.049,0.0,13.0,13.0,internal_motif_model_v2,0,0,4,surface_hydrophobic_gain,0,10.0,10,0.019911504424778736,10,0.0,10,10,10
108,109,121,L,V,-2.7299964427948,3.233066799047606,51.0,139,139,L,0.9712230215827338,0.0,0.053537761638623,0.9464622383613768,24.0,msa_v1_remapped,171.24146740615967,0.8519475990356202,surface,4,109,True,False,False,0.8,0.8,0.0,HLA-A02_like,HLA-A02_like,GMLPVCPLI,GMLPVCPVI,0.72,0.72,0.0,LVLLDYQGMLPVCPL,LVLLDYQGMLPVCPV,0.8,0.8,0.0,1.171,1.19,0.019,0.0,7.8,7.8,internal_motif_model_v2,0,0,4,surface_hydrophobic_gain,0,10.0,10,0.001769911504424737,10,0.0,10,10,10
44,45,57,S,F,-2.7319374084472656,3.416019562445342,,0,0,,,,,0.0,0.0,msa_v1_remapped,70.3504508404437,0.4538738763899593,surface,4,45,False,False,False,0.85,0.85,0.0,HLA-A02_like,HLA-A02_like,FLGGSPVCL,FLGGFPVCL,0.54,0.54,0.0,SLDSWWTSLNFLGGS,SLDSWWTSLNFLGGF,0.85,0.85,0.0,1.124,1.135,0.011,0.0,0.0,0.0,internal_motif_model_v2,0,0,4,surface_hydrophobic_gain,0,10.0,10,0.015929203539823078,10,0.0,10,10,10
78,79,91,R,V,-2.732295036315918,-0.1707768460324814,21.0,139,55,R,1.0,0.0,-0.0,1.0,30.0,msa_v1_remapped,124.31419103694508,0.4537014271421353,surface,4,79,False,False,False,0.95,0.95,0.0,HLA-A02_like,HLA-A02_like,WMCLRRFII,WMCLRVFII,0.72,0.72,0.0,PPICPGYRWMCLRRF,PPICPGYRWMCLRVF,0.95,0.95,0.0,1.115,1.188,0.073,0.0,0.0,0.0,internal_motif_model_v2,0,0,4,surface_hydrophobic_gain,0,10.0,10,0.03849557522123903,10,-0.9999900000999986,10,10,10
5,6,18,S,F,-2.735525131225586,3.797780746990042,,0,0,,,,,0.0,0.0,msa_v1_remapped,80.95778710787735,0.5223083039217894,surface,4,6,False,False,False,0.35,0.4,0.05,HLA-A02_like,HLA-A02_like,GENITSGFL,FGFLGPLLV,0.64,0.64,0.0,NITSGFLGPLLVLQA,NITFGFLGPLLVLQA,0.64,0.64,0.0,1.009,1.02,0.011,0.0,0.0,0.0,internal_motif_model_v2,0,0,4,surface_hydrophobic_gain,0,10.0,10,0.015929203539823078,10,0.0,10,10,10
76,77,89,L,C,-2.7356197834014893,3.9360948231493462,19.0,139,55,L,1.0,0.0,-0.0,1.0,30.0,msa_v1_remapped,72.45769296239497,0.360486034638781,surface,0,77,False,False,False,0.95,0.85,-0.1,HLA-A02_like,HLA-A02_like,WMCLRRFII,WMCCRRFII,0.72,0.72,0.0,PPICPGYRWMCLRRF,WMCCRRFIIFLFILL,0.95,0.85,-0.1,1.031,1.054,0.023,0.0,0.0,0.0,internal_motif_model_v2,10,0,10,new_cysteine,10,9.299999999999999,10,-0.005752212389380507,10,-0.00990099009900991,8,10,7
194,195,207,I,W,-2.735748291015625,1.0307630682366948,,0,0,,,,,0.0,0.0,msa_v1_remapped,95.2664598751762,0.483586090736935,surface,4,195,False,False,False,0.9,0.9,0.0,HLA-B07_like,HLA-B07_like,SPTVWLSAI,SPTVWLSAW,0.72,0.72,0.0,GLSPTVWLSAIWMMW,GLSPTVWLSAWWMMW,0.9,0.9,0.0,1.003,0.966,-0.037,0.0,0.0,0.0,internal_motif_model_v2,0,0,4,surface_hydrophobic_gain,0,10.0,10,-0.023893805309734395,10,0.0,10,10,10
57,58,70,S,G,-2.737436532974243,3.594080059316014,,0,0,,,,,0.0,0.0,msa_v1_remapped,88.4282431107016,0.5705047942625909,surface,0,58,False,False,False,0.45,0.35,-0.1,HLA-A03_like,HLA-A03_like,QSPTSNHSP,NSQSPTGNH,0.28,0.28,0.0,GSPVCLGQNSQSPTS,GSPVCLGQNSQSPTG,0.45,0.35,-0.1,0.984,0.965,-0.02,0.0,0.0,0.0,internal_motif_model_v2,0,0,4,new_glycine,0,10.0,10,0.001769911504424737,10,0.0,10,10,10
73,74,86,W,G,-2.737582206726074,4.451322566715589,16.0,139,48,W,0.9583333333333334,0.0,0.0674580772976627,0.9325419227023372,30.0,msa_v1_remapped,110.98604703594344,0.3894247264419068,surface,0,74,False,False,False,0.95,0.9,-0.05,HLA-A02_like,HLA-A02_like,WMCLRRFII,GMCLRRFII,0.72,0.72,0.0,PPICPGYRWMCLRRF,GYRGMCLRRFIIFLF,0.95,0.9,-0.05,1.041,1.039,-0.003,0.0,0.0,0.0,internal_motif_model_v2,0,0,4,new_glycine,0,10.0,10,0.0022123893805309214,10,0.0,10,10,10
221,222,234,L,S,-2.7393321990966797,2.169141406906419,,0,0,,,,,0.0,0.0,msa_v1_remapped,112.03708570775784,0.5573984363570041,surface,0,222,False,False,False,0.95,0.95,0.0,HLA-B07_like,HLA-B07_like,LPIFFCLWV,LPIFFCSWV,0.64,0.64,0.0,VSPFIPLLPIFFCLW,VSPFIPLLPIFFCSW,0.95,0.95,0.0,1.183,1.149,-0.034,0.0,0.0,0.0,internal_motif_model_v2,0,0,0,,0,10.0,10,-0.02035398230088492,10,0.0,10,10,10
23,24,36,R,A,-2.739512205123902,1.739756285543649,,0,0,,,,,0.0,0.0,msa_v1_remapped,141.4414127684504,0.5162095356512788,surface,0,24,False,False,False,0.95,0.95,0.0,HLA-A02_like,HLA-A02_like,FLLTRILTI,FLLTAILTI,0.72,0.72,0.0,PLLVLQAGFFLLTRI,PLLVLQAGFFLLTAI,0.95,0.95,0.0,1.085,1.112,0.027,0.0,0.0,0.0,internal_motif_model_v2,0,0,4,surface_hydrophobic_gain,0,10.0,10,0.027876106194690276,10,-0.9999900000999986,10,10,10
37,38,50,S,G,-2.7433271408081055,2.5710546310903055,10.0,139,48,S,1.0,0.0,-0.0,1.0,30.0,msa_v1_remapped,65.58887708547442,0.4231540457127382,surface,0,38,False,False,False,0.9,0.9,0.0,HLA-A02_like,HLA-A02_like,SLDSWWTSL,SLDSWWTGL,0.54,0.46,-0.08,QSLDSWWTSLNFLGG,QSLDSWWTGLNFLGG,0.9,0.9,0.0,0.975,0.955,-0.02,0.0,0.0,0.0,internal_motif_model_v2,0,0,4,new_glycine,0,10.0,10,0.001769911504424737,10,0.0,10,10,10
213,214,226,P,V,-2.7464160919189453,-3.567416786582612,,0,0,,,,,0.0,0.0,msa_v1_remapped,71.3683394265774,0.4488574806702982,surface,4,214,False,False,False,0.8,0.9,0.1,HLA-A02_like,HLA-B07_like,SIVSPFIPL,SPFIVLLPI,0.64,0.64,0.0,VSPFIPLLPIFFCLW,VSPFIVLLPIFFCLW,0.8,0.9,0.1,1.134,1.179,0.046,0.0,0.0,0.0,internal_motif_model_v2,0,0,4,surface_hydrophobic_gain,0,10.0,10,0.025663716814159354,10,0.0,10,10,10
164,165,177,W,V,-2.7472612857818604,-2.386052340774995,107.0,139,139,W,0.9856115107913668,0.0,0.0284685318889823,0.9715314681110176,30.0,msa_v1_remapped,149.76631914119795,0.5254958566357822,surface,4,165,True,False,False,0.95,0.95,0.0,HLA-A02_like,HLA-A02_like,FAKYLWEWA,FAKYLWEVA,0.72,0.72,0.0,IPSSWAFAKYLWEWA,IPSSWAFAKYLWEVA,0.95,0.95,0.0,1.049,1.119,0.07,0.0,13.0,13.0,internal_motif_model_v2,0,0,4,surface_hydrophobic_gain,0,10.0,10,0.022566371681415953,10,0.0,10,10,10
55,56,68,P,Q,-2.7483959197998047,4.339923669282825,,0,0,,,,,0.0,0.0,msa_v1_remapped,128.93022108745885,0.8108818936318166,surface,0,56,False,False,False,0.45,0.45,0.0,HLA-A02_like,HLA-A02_like,CLGQNSQSP,CLGQNSQSQ,0.28,0.28,0.0,LGGSPVCLGQNSQSP,LGGSPVCLGQNSQSQ,0.45,0.45,0.0,0.971,0.964,-0.007,0.0,0.0,0.0,internal_motif_model_v2,0,0,0,,0,10.0,10,-0.008407079646017612,10,0.0,10,10,10
79,80,92,F,S,-2.748712062835694,1.587239701346391,22.0,139,55,F,0.9818181818181818,0.0181818181818181,0.0303351945483401,0.96966480545166,27.0,msa_v1_remapped,121.97044982003156,0.5082102075834648,surface,0,80,False,False,False,0.95,0.95,0.0,HLA-A02_like,HLA-A02_like,WMCLRRFII,WMCLRRSII,0.72,0.72,0.0,PPICPGYRWMCLRRF,MCLRRSIIFLFILLL,0.95,0.95,0.0,1.069,1.058,-0.011,0.0,0.0,0.0,internal_motif_model_v2,0,0,0,,0,10.0,10,-0.015929203539822967,10,0.0,10,10,10
192,193,205,S,G,-2.7493982315063477,1.2039577333264333,,0,0,,,,,0.0,0.0,msa_v1_remapped,56.98141586946296,0.3676220378675029,surface,0,193,False,False,False,0.9,0.8,-0.1,HLA-B07_like,HLA-B07_like,SPTVWLSAI,SPTVWLGAI,0.72,0.72,0.0,GLSPTVWLSAIWMMW,LSPTVWLGAIWMMWY,0.9,0.8,-0.1,1.092,1.073,-0.02,0.0,0.0,0.0,internal_motif_model_v2,0,0,4,new_glycine,0,10.0,10,0.001769911504424737,10,0.0,10,10,10
186,187,199,S,G,-2.750039577484131,3.211645011993369,,0,0,,,,,0.0,0.0,msa_v1_remapped,54.90065109039614,0.3541977489702976,surface,0,187,False,False,False,0.9,0.9,0.0,HLA-B07_like,HLA-B07_like,SPTVWLSAI,GPTVWLSAI,0.72,0.72,0.0,GLSPTVWLSAIWMMW,GLGPTVWLSAIWMMW,0.9,0.9,0.0,1.125,1.105,-0.02,0.0,0.0,0.0,internal_motif_model_v2,0,0,4,new_glycine,0,10.0,10,0.001769911504424737,10,0.0,10,10,10
17,18,30,G,A,-2.7507410049438477,-1.5214691262253837,,0,0,,,,,0.0,0.0,msa_v1_remapped,36.48329035339704,0.3508008687826638,surface,0,18,False,False,False,0.9,0.95,0.05,HLA-A03_like,HLA-A02_like,QAGFFLLTR,LVLQAAFFL,0.72,0.72,0.0,PLLVLQAGFFLLTRI,SGFLGPLLVLQAAFF,0.9,0.95,0.05,1.091,1.118,0.027,0.0,0.0,0.0,internal_motif_model_v2,0,0,4,surface_hydrophobic_gain,0,10.0,10,0.009734513274336276,10,0.0,10,10,10
90,91,103,L,G,-2.7525103092193604,3.099496144170473,33.0,139,55,L,1.0,0.0,-0.0,1.0,30.0,msa_v1_remapped,88.04281995758858,0.4380239798885004,surface,0,91,False,False,False,0.95,0.85,-0.1,HLA-A02_like,HLA-A02_like,FLFILLLCL,LLLCGIFLL,0.72,0.72,0.0,LRRFIIFLFILLLCL,LRRFIIFLFILLLCG,0.95,0.85,-0.1,1.236,1.183,-0.054,0.0,0.0,0.0,internal_motif_model_v2,0,0,4,new_glycine,0,10.0,10,-0.018584070796460184,10,0.0,10,10,10
166,167,179,S,K,-2.7531538009643555,2.7397994659862093,109.0,139,139,S,1.0,0.0,-0.0,1.0,30.0,msa_v1_remapped,33.777801025607964,0.2179212969394062,partial,0,167,True,False,False,0.95,0.95,0.0,HLA-A02_like,HLA-A02_like,WASVRFSWL,WAKVRFSWL,0.72,0.72,0.0,PSSWAFAKYLWEWAS,PSSWAFAKYLWEWAK,0.95,0.95,0.0,1.024,1.012,-0.012,0.0,8.0,8.0,internal_motif_model_v2,0,0,0,,0,9.6,10,-0.013716814159292046,10,0.999000999000998,8,10,10
84,85,97,F,S,-2.753634452819824,-2.5369372697826975,27.0,139,55,F,1.0,0.0,-0.0,1.0,30.0,msa_v1_remapped,121.97044982003156,0.5082102075834648,surface,0,85,False,False,False,0.95,0.95,0.0,HLA-A02_like,HLA-A02_like,FIIFLFILL,FIIFLSILL,0.72,0.72,0.0,GYRWMCLRRFIIFLF,GYRWMCLRRFIIFLS,0.95,0.95,0.0,1.177,1.165,-0.011,0.0,0.0,0.0,internal_motif_model_v2,0,0,0,,0,10.0,10,-0.015929203539822967,10,0.0,10,10,10
177,178,190,P,V,-2.7538645267486572,-6.399717193478068,,0,0,,,,,0.0,0.0,msa_v1_remapped,78.75027791479411,0.4952847667597114,surface,4,178,False,False,False,0.95,0.95,0.0,HLA-A02_like,HLA-A02_like,LVPFVQWFV,WLSLLVVFV,0.72,0.72,0.0,EWASVRFSWLSLLVP,EWASVRFSWLSLLVV,0.95,0.95,0.0,1.205,1.251,0.046,0.0,0.0,0.0,internal_motif_model_v2,0,0,4,surface_hydrophobic_gain,0,10.0,10,0.025663716814159354,10,0.0,10,10,10
157,158,170,F,V,-2.757528305053711,0.769262007597888,100.0,139,139,F,0.9784172661870504,0.0,0.0393473844179827,0.9606526155820172,30.0,msa_v1_remapped,136.11986897253462,0.5671661207188943,surface,4,158,True,False,False,0.95,0.9,-0.05,HLA-A02_like,HLA-A02_like,FAKYLWEWA,PIPSSWAVA,0.72,0.72,0.0,IPSSWAFAKYLWEWA,IPSSWAVAKYLWEWA,0.95,0.9,-0.05,1.031,1.072,0.042,0.0,13.0,13.0,internal_motif_model_v2,0,0,4,surface_hydrophobic_gain,0,10.0,10,0.006194690265486691,10,0.0,10,10,10
5,6,18,S,V,-2.7579245567321777,3.693170668575931,,0,0,,,,,0.0,0.0,msa_v1_remapped,80.95778710787735,0.5223083039217894,surface,4,6,False,False,False,0.35,0.8,0.45,HLA-A02_like,HLA-A02_like,GENITSGFL,TVGFLGPLL,0.64,0.64,0.0,NITSGFLGPLLVLQA,NITVGFLGPLLVLQA,0.64,0.8,0.16,1.009,1.062,0.053,0.0,0.0,0.0,internal_motif_model_v2,0,0,4,surface_hydrophobic_gain,0,10.0,10,0.022123893805309658,10,0.0,10,10,10
198,199,211,W,S,-2.760457992553711,1.563171704972376,,0,0,,,,,0.0,0.0,msa_v1_remapped,211.93063403958848,0.7436162597880298,surface,0,199,False,False,False,0.85,0.85,0.0,HLA-A02_like,HLA-A02_like,MMWYWGPSL,MMSYWGPSL,0.72,0.72,0.0,GLSPTVWLSAIWMMW,LSPTVWLSAIWMMSY,0.85,0.85,0.0,0.909,0.926,0.017,0.0,0.0,0.0,internal_motif_model_v2,0,0,0,,0,10.0,10,0.0004424778761062953,10,0.0,10,10,10
168,169,181,R,S,-2.7620186805725098,2.737441019706637,111.0,139,139,R,0.9928057553956836,0.0,0.0142429670997965,0.9857570329002034,30.0,msa_v1_remapped,163.53693761790183,0.5968501372916125,surface,0,169,True,False,False,0.95,0.95,0.0,HLA-A02_like,HLA-A02_like,WASVRFSWL,WASVSFSWL,0.72,0.72,0.0,SWAFAKYLWEWASVR,SWAFAKYLWEWASVS,0.95,0.95,0.0,1.047,1.067,0.02,0.0,13.0,13.0,internal_motif_model_v2,0,0,0,,0,10.0,10,0.016371681415929262,10,-0.9999900000999986,10,10,10
148,149,161,C,A,-2.7625391483306885,0.4551728744380625,91.0,139,139,C,1.0,0.0,-0.0,1.0,30.0,msa_v1_remapped,52.85914365312858,0.316521818282207,partial,0,149,True,False,False,0.8,0.8,0.0,HLA-A02_like,HLA-A02_like,CIPIPSSWA,AIPIPSSWA,0.54,0.54,0.0,CTCIPIPSSWAFAKY,CTAIPIPSSWAFAKY,0.8,0.8,0.0,1.125,1.076,-0.05,0.0,8.0,8.0,internal_motif_model_v2,25,0,25,possible_disulfide_loss,10,10.0,10,-0.00309734513274329,10,0.00990099009900991,10,10,10
171,172,184,W,I,-2.7627053260803223,-1.4311836131570317,,0,0,,,,,0.0,0.0,msa_v1_remapped,149.88290992775796,0.5259049471149402,surface,4,172,False,False,False,0.95,0.95,0.0,HLA-A02_like,HLA-A02_like,WASVRFSWL,WASVRFSIL,0.72,0.72,0.0,FAKYLWEWASVRFSW,FAKYLWEWASVRFSI,0.95,0.95,0.0,1.054,1.091,0.037,0.0,0.0,0.0,internal_motif_model_v2,0,0,4,surface_hydrophobic_gain,0,10.0,10,0.023893805309734506,10,0.0,10,10,10
168,169,181,R,G,-2.763103485107422,4.191150009702028,111.0,139,139,R,0.9928057553956836,0.0,0.0142429670997965,0.9857570329002034,30.0,msa_v1_remapped,163.53693761790183,0.5968501372916125,surface,0,169,True,False,False,0.95,0.9,-0.05,HLA-A02_like,HLA-A02_like,WASVRFSWL,SVGFSWLSL,0.72,0.72,0.0,SWAFAKYLWEWASVR,SWAFAKYLWEWASVG,0.95,0.9,-0.05,1.047,1.047,0.0,0.0,13.0,13.0,internal_motif_model_v2,0,0,4,new_glycine,0,10.0,10,0.018141592920354,10,-0.9999900000999986,10,10,10
19,20,32,F,V,-2.7631518840789795,4.486314223352281,,0,0,,,,,0.0,0.0,msa_v1_remapped,125.22908564952348,0.5217878568730145,surface,4,20,False,False,False,0.95,0.9,-0.05,HLA-A02_like,HLA-A03_like,FLLTRILTI,QAGFVLLTR,0.72,0.72,0.0,PLLVLQAGFFLLTRI,PLLVLQAGFVLLTRI,0.95,0.9,-0.05,1.076,1.117,0.042,0.0,0.0,0.0,internal_motif_model_v2,0,0,4,surface_hydrophobic_gain,0,10.0,10,0.006194690265486691,10,0.0,10,10,10
44,45,57,S,G,-2.764023542404175,3.7028470326650904,,0,0,,,,,0.0,0.0,msa_v1_remapped,70.3504508404437,0.4538738763899593,surface,0,45,False,False,False,0.85,0.85,0.0,HLA-A02_like,HLA-A02_like,FLGGSPVCL,FLGGGPVCL,0.54,0.54,0.0,SLDSWWTSLNFLGGS,SLDSWWTSLNFLGGG,0.85,0.85,0.0,1.124,1.104,-0.02,0.0,0.0,0.0,internal_motif_model_v2,0,0,4,new_glycine,0,10.0,10,0.001769911504424737,10,0.0,10,10,10
32,33,45,D,F,-2.7664880752563477,3.185117566080919,5.0,139,48,D,1.0,0.0,-0.0,1.0,30.0,msa_v1_remapped,73.69412329988302,0.3818348357506892,surface,4,33,False,False,False,0.9,0.9,0.0,HLA-B07_like,HLA-B07_like,IPQSLDSWW,IPQSLFSWW,0.54,0.54,0.0,FFLLTRILTIPQSLD,FFLLTRILTIPQSLF,0.9,0.9,0.0,0.992,1.024,0.032,0.0,0.0,0.0,internal_motif_model_v2,0,0,4,surface_hydrophobic_gain,0,10.0,10,0.027876106194690276,10,0.9988792390601553,10,10,10
158,159,171,A,I,-2.7688345909118652,1.1885718399612983,101.0,139,139,A,0.5827338129496403,0.0,0.2617420822038793,0.7382579177961207,11.0,msa_v1_remapped,50.039539113790504,0.3879034039828721,surface,4,159,True,False,False,0.95,0.95,0.0,HLA-A02_like,HLA-A02_like,FAKYLWEWA,FIKYLWEWA,0.72,0.72,0.0,IPSSWAFAKYLWEWA,IPSSWAFIKYLWEWA,0.95,0.95,0.0,1.065,1.077,0.013,0.0,7.8,7.8,internal_motif_model_v2,0,0,4,surface_hydrophobic_gain,0,10.0,10,0.011946902654867309,10,0.0,10,10,10
50,51,63,Q,L,-2.7733640670776367,0.8394123534581013,,0,0,,,,,1.0,20.0,msa_v1_remapped,172.1953554667545,0.7653126909633534,surface,4,51,False,False,False,0.45,0.45,0.0,HLA-A02_like,HLA-A02_like,CLGQNSQSP,CLGLNSQSP,0.46,0.46,0.0,TSLNFLGGSPVCLGQ,TSLNFLGGSPVCLGL,0.46,0.46,0.0,1.051,1.084,0.034,0.0,0.0,0.0,internal_motif_model_v2,0,0,4,surface_hydrophobic_gain,0,10.0,10,0.03230088495575223,10,0.0,10,10,10
26,27,39,T,R,-2.773874521255493,4.9963253744975304,,0,0,,,,,0.0,0.0,msa_v1_remapped,53.25391618597866,0.3096157917789457,partial,0,27,False,False,False,0.95,0.95,0.0,HLA-A02_like,HLA-A02_like,FLLTRILTI,FLLTRILRI,0.72,0.72,0.0,LVLQAGFFLLTRILT,LVLQAGFFLLTRILR,0.95,0.95,0.0,1.059,1.054,-0.005,0.0,0.0,0.0,internal_motif_model_v2,0,0,0,,0,9.6,10,-0.016814159292035336,10,0.9999900000999986,8,10,10
189,190,202,V,T,-2.774961471557617,3.505046331116091,,0,0,,,,,0.0,0.0,msa_v1_remapped,75.80823922656033,0.4356795357848295,surface,0,190,False,False,False,0.9,0.9,0.0,HLA-B07_like,HLA-B07_like,SPTVWLSAI,SPTTWLSAI,0.72,0.72,0.0,GLSPTVWLSAIWMMW,GLSPTTWLSAIWMMW,0.9,0.9,0.0,1.075,1.007,-0.068,0.0,0.0,0.0,internal_motif_model_v2,0,0,0,,0,10.0,10,-0.021681415929203474,10,0.0,10,10,10
48,49,61,L,Q,-2.7756388187408447,2.871770572127218,,0,0,,,,,1.0,20.0,msa_v1_remapped,144.3970734024301,0.7183934000120901,surface,0,49,False,False,False,0.85,0.4,-0.45,HLA-A02_like,HLA-A02_like,FLGGSPVCL,FLGGSPVCQ,0.54,0.54,0.0,WWTSLNFLGGSPVCL,WWTSLNFLGGSPVCQ,0.85,0.54,-0.31,1.111,1.077,-0.034,18.0,0.0,18.0,internal_motif_model_v2,0,0,0,,0,10.0,10,-0.03230088495575212,10,0.0,10,10,10
160,161,173,Y,L,-2.778022289276123,1.6938892467618416,103.0,139,139,F,0.4676258992805755,0.0,0.2306780064321617,0.7693219935678383,12.0,msa_v1_remapped,134.63810538154243,0.5119319596256366,surface,4,161,True,False,False,0.95,0.95,0.0,HLA-A02_like,HLA-A02_like,FAKYLWEWA,FAKLLWEWA,0.72,0.72,0.0,IPSSWAFAKYLWEWA,IPSSWAFAKLLWEWA,0.95,0.95,0.0,1.034,1.047,0.013,0.0,13.0,13.0,internal_motif_model_v2,0,0,4,surface_hydrophobic_gain,0,10.0,10,0.022566371681415953,10,0.000999000999000188,10,10,10
143,144,156,D,A,-2.779850482940674,3.542087849047902,86.0,139,139,D,0.9568345323741008,0.0,0.0658688907339786,0.9341311092660214,30.0,msa_v1_remapped,158.39391168293363,0.8206938429167546,surface,0,144,True,True,True,0.35,0.35,0.0,HLA-A02_like,HLA-A02_like,DGNCTCIPI,TAGNCTCIP,0.28,0.36,0.08,KPTDGNCTCIPIPSS,CCTKPTAGNCTCIPI,0.35,0.36,0.01,0.976,1.004,0.028,12.0,41.0,53.0,internal_motif_model_v2,0,15,19,surface_hydrophobic_gain;antibody_interface_mutation,0,10.0,10,0.02345132743362832,10,0.9988792390601553,10,10,10
106,107,119,C,F,-2.780219554901123,3.512996384714256,49.0,139,137,C,1.0,0.0,-0.0,1.0,30.0,msa_v1_remapped,89.81939060319363,0.5378406622945726,surface,4,107,True,False,False,0.8,0.8,0.0,HLA-A02_like,HLA-A02_like,GMLPVCPLI,GMLPVFPLI,0.72,0.72,0.0,FLLVLLDYQGMLPVC,FLLVLLDYQGMLPVF,0.8,0.8,0.0,1.225,1.179,-0.046,0.0,13.0,13.0,internal_motif_model_v2,25,0,29,possible_disulfide_loss;surface_hydrophobic_gain,10,10.0,10,0.0013274336283185528,10,0.00990099009900991,10,10,10
161,162,174,L,A,-2.781280517578125,3.618231601967807,104.0,139,139,L,1.0,0.0,-0.0,1.0,24.0,msa_v1_remapped,74.46444181854322,0.3704698597937473,surface,0,162,True,False,False,0.95,0.95,0.0,HLA-A02_like,HLA-A02_like,FAKYLWEWA,FAKYAWEWA,0.72,0.72,0.0,IPSSWAFAKYLWEWA,IPSSWAFAKYAWEWA,0.95,0.95,0.0,1.006,0.979,-0.027,0.0,7.8,7.8,internal_motif_model_v2,0,0,4,surface_hydrophobic_gain,0,10.0,10,-0.008849557522123908,10,0.0,10,10,10
182,183,195,F,W,-2.78445816040039,4.755193266323772,,0,0,,,,,0.0,0.0,msa_v1_remapped,74.73678020249761,0.31140325084374,partial,0,183,False,False,False,0.95,0.95,0.0,HLA-A02_like,HLA-A02_like,LVPFVQWFV,LVPFVQWWV,0.64,0.64,0.0,RFSWLSLLVPFVQWF,RFSWLSLLVPFVQWW,0.95,0.95,0.0,1.127,1.099,-0.028,0.0,0.0,0.0,internal_motif_model_v2,0,0,0,,0,10.0,10,-0.01637168141592915,10,0.0,10,10,10
23,24,36,R,S,-2.786799907684326,0.4183610648047988,,0,0,,,,,0.0,0.0,msa_v1_remapped,141.4414127684504,0.5162095356512788,surface,0,24,False,False,False,0.95,0.95,0.0,HLA-A02_like,HLA-A02_like,FLLTRILTI,FLLTSILTI,0.72,0.72,0.0,PLLVLQAGFFLLTRI,PLLVLQAGFFLLTSI,0.95,0.95,0.0,1.085,1.105,0.02,0.0,0.0,0.0,internal_motif_model_v2,0,0,0,,0,10.0,10,0.016371681415929262,10,-0.9999900000999986,10,10,10
222,223,235,W,Y,-2.7870969772338867,4.200845854798558,,0,0,,,,,0.0,0.0,msa_v1_remapped,175.3333038728661,0.6152045749925127,surface,4,223,False,False,False,0.95,0.95,0.0,HLA-B07_like,HLA-B07_like,LPIFFCLWV,LPIFFCLYV,0.64,0.64,0.0,VSPFIPLLPIFFCLW,VSPFIPLLPIFFCLY,0.95,0.95,0.0,1.192,1.23,0.038,0.0,0.0,0.0,internal_motif_model_v2,0,0,4,surface_hydrophobic_gain,0,10.0,10,-0.001769911504424737,10,-0.0009990009990010762,10,10,10
98,99,111,D,A,-2.7873151302337646,0.1394815958631738,41.0,139,55,D,0.9818181818181818,0.0181818181818181,0.0303351945483401,0.96966480545166,27.0,msa_v1_remapped,40.32482985020663,0.2089369422290499,partial,0,99,True,False,False,0.95,0.95,0.0,HLA-A02_like,HLA-A02_like,LVLLDYQGM,LIFLLVLLA,0.72,0.72,0.0,FILLLCLIFLLVLLD,FILLLCLIFLLVLLA,0.95,0.95,0.0,1.114,1.142,0.028,0.0,8.0,8.0,internal_motif_model_v2,0,0,0,,0,10.0,10,0.02345132743362832,10,0.9988792390601553,10,10,10
30,31,43,S,G,-2.7900702953338623,2.308510230080344,3.0,139,48,S,0.9791666666666666,0.0,0.033803026545712,0.966196973454288,30.0,msa_v1_remapped,63.44595903734898,0.4093287679828966,surface,0,31,False,False,False,0.9,0.9,0.0,HLA-B07_like,HLA-A02_like,IPQSLDSWW,GLDSWWTSL,0.72,0.72,0.0,AGFFLLTRILTIPQS,AGFFLLTRILTIPQG,0.9,0.9,0.0,1.053,1.033,-0.02,0.0,0.0,0.0,internal_motif_model_v2,0,0,4,new_glycine,0,10.0,10,0.001769911504424737,10,0.0,10,10,10
58,59,71,N,G,-2.791194200515747,3.533361875506728,,0,0,,,,,0.0,0.0,msa_v1_remapped,140.17325234516107,0.7188371915136466,surface,0,59,False,False,False,0.45,0.35,-0.1,HLA-A03_like,HLA-A03_like,QSPTSNHSP,NSQSPTSGH,0.18,0.18,0.0,SPVCLGQNSQSPTSN,SPVCLGQNSQSPTSG,0.45,0.35,-0.1,0.992,1.006,0.014,0.0,0.0,0.0,internal_motif_model_v2,0,0,4,new_glycine,0,10.0,10,0.013716814159292157,10,0.0,10,10,10
77,78,90,R,G,-2.7966625690460205,4.340278187404692,20.0,139,55,R,1.0,0.0,-0.0,1.0,30.0,msa_v1_remapped,110.34264886048828,0.402710397301052,surface,0,78,False,False,False,0.95,0.9,-0.05,HLA-A02_like,HLA-A02_like,WMCLRRFII,CLGRFIIFL,0.72,0.72,0.0,PPICPGYRWMCLRRF,GYRWMCLGRFIIFLF,0.95,0.9,-0.05,1.068,1.068,0.0,0.0,0.0,0.0,internal_motif_model_v2,0,0,4,new_glycine,0,10.0,10,0.018141592920354,10,-0.9999900000999986,10,10,10
172,173,185,L,I,-2.7978830337524414,2.721258697102712,,0,0,,,,,0.0,0.0,msa_v1_remapped,21.737307888718497,0.1081458103916343,buried,0,173,False,False,False,0.95,0.95,0.0,HLA-A02_like,HLA-A02_like,WASVRFSWL,WASVRFSWI,0.72,0.72,0.0,AKYLWEWASVRFSWL,AKYLWEWASVRFSWI,0.95,0.95,0.0,1.108,1.094,-0.014,0.0,0.0,0.0,internal_motif_model_v2,0,0,0,,0,10.0,10,0.003097345132743401,10,0.0,10,10,10
24,25,37,I,V,-2.7978861331939697,0.4361298970682696,,0,0,,,,,0.0,0.0,msa_v1_remapped,105.45426785964946,0.5353008520794389,surface,4,25,False,False,False,0.95,0.95,0.0,HLA-A02_like,HLA-A02_like,FLLTRILTI,FLLTRVLTI,0.72,0.72,0.0,PLLVLQAGFFLLTRI,PLLVLQAGFFLLTRV,0.95,0.95,0.0,1.071,1.104,0.033,0.0,0.0,0.0,internal_motif_model_v2,0,0,4,surface_hydrophobic_gain,0,10.0,10,-0.0013274336283185528,10,0.0,10,10,10
121,122,134,K,G,-2.798295021057129,2.906208965805547,64.0,139,139,R,0.1654676258992805,0.0,0.1497551184645261,0.850244881535474,12.0,msa_v1_remapped,190.8520175993628,0.8086949898278086,surface,0,122,True,False,True,0.8,0.35,-0.45,HLA-A03_like,HLA-A03_like,TTTSTGPCK,TTTSTGPCG,0.28,0.28,0.0,GPCKTCTTPAQGNSM,GPCGTCTTPAQGNSM,0.8,0.35,-0.45,1.073,1.065,-0.008,18.0,33.0,51.0,internal_motif_model_v2,0,15,19,new_glycine;antibody_interface_mutation,0,10.0,10,0.015486725663716783,10,-0.9990009990009989,10,10,10
119,120,132,P,N,-2.7995662689208984,3.4888941102524313,62.0,139,139,P,0.9568345323741008,0.0,0.0685482845239413,0.9314517154760588,30.0,msa_v1_remapped,84.19185568281821,0.5295085263070328,surface,0,120,True,False,True,0.8,0.8,0.0,HLA-A03_like,HLA-A03_like,TTTSTGPCK,TTTSTGNCK,0.28,0.28,0.0,VCPLIPGSTTTSTGP,VCPLIPGSTTTSTGN,0.8,0.8,0.0,1.016,0.975,-0.041,0.0,33.0,33.0,internal_motif_model_v2,0,15,15,antibody_interface_mutation,0,10.0,10,-0.008407079646017612,10,0.0,10,10,10
225,226,238,I,V,-2.80012845993042,1.5664135113764814,,0,0,,,,,0.0,0.0,msa_v1_remapped,184.15086223917905,0.9347759504526854,surface,4,226,False,False,False,0.45,0.45,0.0,HLA-A02_like,HLA-A02_like,IFFCLWVYI,IFFCLWVYV,0.64,0.64,0.0,FIPLLPIFFCLWVYI,FIPLLPIFFCLWVYV,0.64,0.64,0.0,1.147,1.205,0.058,0.0,0.0,0.0,internal_motif_model_v2,0,0,4,surface_hydrophobic_gain,0,10.0,10,-0.0013274336283185528,10,0.0,10,10,10
202,203,215,P,W,-2.800281286239624,2.7005567756871756,,0,0,,,,,0.0,0.0,msa_v1_remapped,95.11239617144416,0.5981911708895858,surface,4,203,False,False,False,0.85,0.85,0.0,HLA-A02_like,HLA-A02_like,MMWYWGPSL,MMWYWGWSL,0.72,0.72,0.0,TVWLSAIWMMWYWGP,TVWLSAIWMMWYWGW,0.85,0.85,0.0,1.059,1.035,-0.024,0.0,0.0,0.0,internal_motif_model_v2,0,0,4,surface_hydrophobic_gain,0,10.0,10,0.003097345132743401,10,0.0,10,10,10
130,131,143,N,L,-2.8003060817718506,3.1015954832610646,73.0,139,139,T,0.1079136690647482,0.0,0.1387927954342322,0.8612072045657677,12.0,msa_v1_remapped,166.08319846363634,0.8517087100699299,surface,4,131,True,True,True,0.8,0.8,0.0,HLA-B07_like,HLA-B07_like,TPAQGNSMF,TPAQGLSMF,0.28,0.46,0.18,GPCKTCTTPAQGNSM,KTCTTPAQGLSMFPS,0.8,0.8,0.0,0.951,1.019,0.068,12.0,41.0,53.0,internal_motif_model_v2,0,15,19,surface_hydrophobic_gain;antibody_interface_mutation,0,10.0,10,0.03230088495575223,10,0.0,10,10,10
27,28,40,I,F,-2.8007454872131348,2.6905206323484663,0.0,139,48,I,0.9583333333333334,0.0,0.0578173184160061,0.942182681583994,30.0,msa_v1_remapped,89.36448798695382,0.4536268425733696,surface,4,28,False,False,False,0.95,0.95,0.0,HLA-A02_like,HLA-B07_like,FLLTRILTI,FPQSLDSWW,0.72,0.72,0.0,VLQAGFFLLTRILTI,VLQAGFFLLTRILTF,0.95,0.95,0.0,1.079,1.07,-0.009,0.0,0.0,0.0,internal_motif_model_v2,0,0,4,surface_hydrophobic_gain,0,10.0,10,-0.007522123893805244,10,0.0,10,10,10
93,94,106,L,G,-2.8008198738098145,2.929742222297022,36.0,139,55,L,0.9636363636363636,0.0,0.0521442361324774,0.9478557638675226,30.0,msa_v1_remapped,108.1418626756837,0.5380192172919587,surface,0,94,False,False,False,0.95,0.95,0.0,HLA-A02_like,HLA-A02_like,LLLCLIFLL,LLLCLIFGL,0.72,0.72,0.0,FIIFLFILLLCLIFL,FIIFLFILLLCLIFG,0.95,0.95,0.0,1.232,1.179,-0.054,0.0,0.0,0.0,internal_motif_model_v2,0,0,4,new_glycine,0,10.0,10,-0.018584070796460184,10,0.0,10,10,10
80,81,93,I,S,-2.804140090942383,1.948839817484668,23.0,139,55,I,1.0,0.0,-0.0,1.0,30.0,msa_v1_remapped,57.96615436991598,0.2942444384259694,partial,0,81,False,False,False,0.95,0.95,0.0,HLA-A02_like,HLA-A02_like,WMCLRRFII,WMCLRRFSI,0.72,0.72,0.0,PICPGYRWMCLRRFI,PICPGYRWMCLRRFS,0.95,0.95,0.0,1.069,1.049,-0.02,0.0,0.0,0.0,internal_motif_model_v2,0,0,0,,0,10.0,10,-0.02345132743362832,10,0.0,10,10,10
173,174,186,S,A,-2.8041858673095703,1.1093754267216127,,0,0,,,,,0.0,0.0,msa_v1_remapped,66.09352996297646,0.4264098707288803,surface,0,174,False,False,False,0.9,0.9,0.0,HLA-A02_like,HLA-A02_like,SVRFSWLSL,SVRFSWLAL,0.72,0.72,0.0,KYLWEWASVRFSWLS,KYLWEWASVRFSWLA,0.9,0.9,0.0,1.15,1.157,0.007,0.0,0.0,0.0,internal_motif_model_v2,0,0,4,surface_hydrophobic_gain,0,10.0,10,0.011504424778761124,10,0.0,10,10,10
184,185,197,G,W,-2.804372787475586,-0.0983390692662737,,0,0,,,,,0.0,0.0,msa_v1_remapped,65.41268400309048,0.6289681154143315,surface,4,185,False,False,False,0.45,0.9,0.45,HLA-B07_like,HLA-B07_like,VPFVQWFVG,VPFVQWFVW,0.72,0.72,0.0,GLSPTVWLSAIWMMW,SWLSLLVPFVQWFVW,0.72,0.9,0.18,1.081,1.084,0.003,0.0,0.0,0.0,internal_motif_model_v2,0,0,4,surface_hydrophobic_gain,0,10.0,10,-0.0022123893805310324,10,0.0,10,10,10
110,111,123,P,L,-2.8097589015960693,3.9665127431936753,53.0,139,139,P,0.9928057553956836,0.0,0.0142429670997965,0.9857570329002034,30.0,msa_v1_remapped,123.27845820453896,0.7753362151228865,surface,4,111,True,False,False,0.45,0.85,0.4,HLA-B07_like,HLA-A02_like,IPGSTTTST,MLPVCPLIL,0.46,0.46,0.0,LLDYQGMLPVCPLIP,LLDYQGMLPVCPLIL,0.46,0.85,0.39,1.046,1.073,0.027,4.0,13.0,17.0,internal_motif_model_v2,0,0,4,surface_hydrophobic_gain,0,10.0,10,0.023893805309734506,10,0.0,10,10,10
194,195,207,I,G,-2.8100624084472656,1.1021321849933656,,0,0,,,,,0.0,0.0,msa_v1_remapped,95.2664598751762,0.483586090736935,surface,0,195,False,False,False,0.9,0.8,-0.1,HLA-B07_like,HLA-A02_like,SPTVWLSAI,TVWLSAGWM,0.72,0.64,-0.08,GLSPTVWLSAIWMMW,GLSPTVWLSAGWMMW,0.9,0.8,-0.1,1.003,0.964,-0.04,0.0,0.0,0.0,internal_motif_model_v2,0,0,4,new_glycine,0,10.0,10,-0.021681415929203474,10,0.0,10,10,10
193,194,206,A,S,-2.810230016708374,0.7459782106101898,,0,0,,,,,0.0,0.0,msa_v1_remapped,43.22440677213448,0.3350729207142208,partial,0,194,False,False,False,0.9,0.9,0.0,HLA-B07_like,HLA-B07_like,SPTVWLSAI,SPTVWLSSI,0.72,0.72,0.0,GLSPTVWLSAIWMMW,LSPTVWLSSIWMMWY,0.9,0.9,0.0,1.013,1.005,-0.007,0.0,0.0,0.0,internal_motif_model_v2,0,0,0,,0,10.0,10,-0.011504424778761124,10,0.0,10,10,10
30,31,43,S,V,-2.8107750415802,1.5303238296767745,3.0,139,48,S,0.9791666666666666,0.0,0.033803026545712,0.966196973454288,30.0,msa_v1_remapped,63.44595903734898,0.4093287679828966,surface,4,31,False,False,False,0.9,0.9,0.0,HLA-B07_like,HLA-B07_like,IPQSLDSWW,IPQVLDSWW,0.72,0.72,0.0,AGFFLLTRILTIPQS,AGFFLLTRILTIPQV,0.9,0.9,0.0,1.053,1.106,0.053,0.0,0.0,0.0,internal_motif_model_v2,0,0,4,surface_hydrophobic_gain,0,10.0,10,0.022123893805309658,10,0.0,10,10,10
35,36,48,W,V,-2.8136892318725586,3.945481413288064,8.0,139,48,W,1.0,0.0,-0.0,1.0,30.0,msa_v1_remapped,68.72076850094993,0.241125503512105,partial,0,36,False,False,False,0.9,0.9,0.0,HLA-B07_like,HLA-B07_like,IPQSLDSWW,IPQSLDSWV,0.54,0.54,0.0,QSLDSWWTSLNFLGG,QSLDSWVTSLNFLGG,0.9,0.9,0.0,0.976,1.046,0.07,0.0,0.0,0.0,internal_motif_model_v2,0,0,0,,0,10.0,10,0.022566371681415953,10,0.0,10,10,10
37,38,50,S,C,-2.8139240741729736,2.8652558198831457,10.0,139,48,S,1.0,0.0,-0.0,1.0,30.0,msa_v1_remapped,65.58887708547442,0.4231540457127382,surface,0,38,False,False,False,0.9,0.9,0.0,HLA-A02_like,HLA-A02_like,SLDSWWTSL,SLDSWWTCL,0.54,0.54,0.0,QSLDSWWTSLNFLGG,QSLDSWWTCLNFLGG,0.9,0.9,0.0,0.975,1.032,0.057,0.0,0.0,0.0,internal_motif_model_v2,10,0,10,new_cysteine,10,9.299999999999999,10,0.014601769911504414,10,-0.00990099009900991,8,10,7
189,190,202,V,A,-2.814537525177002,1.612082866071546,,0,0,,,,,0.0,0.0,msa_v1_remapped,75.80823922656033,0.4356795357848295,surface,0,190,False,False,False,0.9,0.9,0.0,HLA-B07_like,HLA-B07_like,SPTVWLSAI,SPTAWLSAI,0.72,0.72,0.0,GLSPTVWLSAIWMMW,GLSPTAWLSAIWMMW,0.9,0.9,0.0,1.075,1.029,-0.046,0.0,0.0,0.0,internal_motif_model_v2,0,0,4,surface_hydrophobic_gain,0,10.0,10,-0.010619469026548645,10,0.0,10,10,10
179,180,192,V,W,-2.816141128540039,1.8897136960325156,,0,0,,,,,0.0,0.0,msa_v1_remapped,76.08057761051472,0.4372446989110041,surface,4,180,False,False,False,0.95,0.95,0.0,HLA-A02_like,HLA-A02_like,LVPFVQWFV,LVPFWQWFV,0.64,0.64,0.0,ASVRFSWLSLLVPFV,ASVRFSWLSLLVPFW,0.95,0.95,0.0,1.131,1.061,-0.07,0.0,0.0,0.0,internal_motif_model_v2,0,0,4,surface_hydrophobic_gain,0,10.0,10,-0.022566371681415953,10,0.0,10,10,10
16,17,29,A,S,-2.82314395904541,0.1362716191667914,,0,0,,,,,0.0,0.0,msa_v1_remapped,45.50349401223712,0.3527402636607528,surface,0,17,False,False,False,0.9,0.9,0.0,HLA-A03_like,HLA-A03_like,QAGFFLLTR,QSGFFLLTR,0.72,0.54,-0.18,PLLVLQAGFFLLTRI,PLLVLQSGFFLLTRI,0.9,0.9,0.0,1.11,1.102,-0.007,0.0,0.0,0.0,internal_motif_model_v2,0,0,0,,0,10.0,10,-0.011504424778761124,10,0.0,10,10,10
206,207,219,S,I,-2.8240818977355957,1.257262059068978,,0,0,,,,,0.0,0.0,msa_v1_remapped,76.10937973196283,0.4910282563352441,surface,4,207,False,False,False,0.8,0.8,0.0,HLA-A02_like,HLA-A02_like,SIVSPFIPL,IIVSPFIPL,0.54,0.54,0.0,SAIWMMWYWGPSLYS,SAIWMMWYWGPSLYI,0.8,0.8,0.0,1.14,1.16,0.02,0.0,0.0,0.0,internal_motif_model_v2,0,0,4,surface_hydrophobic_gain,0,10.0,10,0.02345132743362832,10,0.0,10,10,10
163,164,176,E,D,-2.8274776935577393,-0.0227001165796423,106.0,139,138,E,0.9347826086956522,0.0144927536231884,0.1054924005299425,0.8945075994700575,21.0,msa_v1_remapped,95.54970586882384,0.4284740173489859,surface,0,164,True,False,False,0.95,0.95,0.0,HLA-A02_like,HLA-A02_like,FAKYLWEWA,FAKYLWDWA,0.72,0.72,0.0,IPSSWAFAKYLWEWA,IPSSWAFAKYLWDWA,0.95,0.95,0.0,1.018,1.02,0.002,0.0,7.8,7.8,internal_motif_model_v2,0,0,0,,0,10.0,10,0.0,10,-0.0016897010333654094,10,10,10
133,134,146,F,L,-2.828075885772705,4.344332738160631,76.0,139,139,F,0.6258992805755396,0.0215827338129496,0.3030003340421455,0.6969996659578545,14.0,msa_v1_remapped,149.88630284782386,0.6245262618659327,surface,4,134,True,True,True,0.8,0.8,0.0,HLA-B07_like,HLA-B07_like,TPAQGNSMF,TPAQGNSML,0.28,0.28,0.0,PCKTCTTPAQGNSMF,PCKTCTTPAQGNSML,0.8,0.8,0.0,1.028,1.05,0.023,12.0,41.0,53.0,internal_motif_model_v2,0,15,19,surface_hydrophobic_gain;antibody_interface_mutation,0,10.0,10,0.004424778761061954,10,0.0,10,10,10
15,16,28,Q,S,-2.8307242393493652,2.8831219632577927,,0,0,,,,,0.0,0.0,msa_v1_remapped,130.4160813152713,0.5796270280678725,surface,0,16,False,False,False,0.9,0.9,0.0,HLA-A03_like,HLA-A03_like,QAGFFLLTR,SAGFFLLTR,0.72,0.72,0.0,PLLVLQAGFFLLTRI,PLLVLSAGFFLLTRI,0.9,0.9,0.0,1.132,1.132,-0.0,0.0,0.0,0.0,internal_motif_model_v2,0,0,0,,0,10.0,10,0.011946902654867309,10,0.0,10,10,10
151,152,164,I,V,-2.831148386001587,1.907013788703921,94.0,139,139,I,1.0,0.0,-0.0,1.0,24.0,msa_v1_remapped,55.83594092248167,0.2834311721953384,partial,0,152,True,False,False,0.9,0.9,0.0,HLA-A02_like,HLA-A02_like,PIPSSWAFA,PVPSSWAFA,0.72,0.72,0.0,IPSSWAFAKYLWEWA,VPSSWAFAKYLWEWA,0.9,0.9,0.0,1.124,1.157,0.033,0.0,4.8,4.8,internal_motif_model_v2,0,0,0,,0,10.0,10,-0.0013274336283185528,10,0.0,10,10,10
2,3,15,N,T,-2.8315353393554688,4.118106159777994,,0,0,,,,,0.0,0.0,msa_v1_remapped,133.33683257168434,0.6837786285727402,surface,0,3,False,False,False,0.35,0.35,0.0,HLA-A02_like,HLA-A02_like,GENITSGFL,GETITSGFL,0.64,0.64,0.0,NITSGFLGPLLVLQA,TITSGFLGPLLVLQA,0.64,0.64,0.0,0.929,0.951,0.022,0.0,0.0,0.0,internal_motif_model_v2,0,0,0,,0,10.0,10,0.012389380530973493,10,0.0,10,10,10
143,144,156,D,Q,-2.8329639434814453,3.290212468637776,86.0,139,139,D,0.9568345323741008,0.0,0.0658688907339786,0.9341311092660214,30.0,msa_v1_remapped,158.39391168293363,0.8206938429167546,surface,0,144,True,True,True,0.35,0.35,0.0,HLA-A02_like,HLA-A02_like,DGNCTCIPI,QGNCTCIPI,0.28,0.28,0.0,KPTDGNCTCIPIPSS,KPTQGNCTCIPIPSS,0.35,0.35,0.0,0.976,0.997,0.021,12.0,41.0,53.0,internal_motif_model_v2,0,15,15,antibody_interface_mutation,0,10.0,10,0.0,10,0.9988792390601553,10,10,10
175,176,188,L,A,-2.833315849304199,2.605104470423271,,0,0,,,,,0.0,0.0,msa_v1_remapped,61.58903901803573,0.3064131294429638,partial,0,176,False,False,False,0.95,0.9,-0.05,HLA-A02_like,HLA-A02_like,LVPFVQWFV,AVPFVQWFV,0.72,0.72,0.0,LWEWASVRFSWLSLL,LWEWASVRFSWLSLA,0.95,0.9,-0.05,1.186,1.159,-0.027,0.0,0.0,0.0,internal_motif_model_v2,0,0,0,,0,10.0,10,-0.008849557522123908,10,0.0,10,10,10
182,183,195,F,M,-2.8349053859710693,-0.0439249668951333,,0,0,,,,,0.0,0.0,msa_v1_remapped,74.73678020249761,0.31140325084374,partial,0,183,False,False,False,0.95,0.95,0.0,HLA-A02_like,HLA-A02_like,LVPFVQWFV,LVPFVQWMV,0.64,0.64,0.0,RFSWLSLLVPFVQWF,RFSWLSLLVPFVQWM,0.95,0.95,0.0,1.127,1.089,-0.038,0.0,0.0,0.0,internal_motif_model_v2,0,0,0,,0,10.0,10,-0.0039823008849556585,10,0.0,10,10,10
33,34,46,S,R,-2.83551025390625,0.8989986884685095,6.0,139,48,S,1.0,0.0,-0.0,1.0,30.0,msa_v1_remapped,70.08913316351811,0.4521879558936652,surface,0,34,False,False,False,0.9,0.9,0.0,HLA-B07_like,HLA-B07_like,IPQSLDSWW,IPQSLDRWW,0.54,0.54,0.0,FLLTRILTIPQSLDS,FLLTRILTIPQSLDR,0.9,0.9,0.0,0.976,0.957,-0.02,0.0,0.0,0.0,internal_motif_model_v2,0,0,0,,0,9.6,10,-0.01637168141592915,10,0.9999900000999986,8,10,10
154,155,167,S,A,-2.8355813026428223,0.3905161597255073,97.0,139,139,S,1.0,0.0,-0.0,1.0,30.0,msa_v1_remapped,45.551987636437936,0.2938837912028254,partial,0,155,True,False,False,0.9,0.9,0.0,HLA-A02_like,HLA-A02_like,PIPSSWAFA,PIPSAWAFA,0.72,0.72,0.0,IPSSWAFAKYLWEWA,IPSAWAFAKYLWEWA,0.9,0.9,0.0,1.041,1.049,0.007,0.0,8.0,8.0,internal_motif_model_v2,0,0,0,,0,10.0,10,0.011504424778761124,10,0.0,10,10,10
142,143,155,T,L,-2.836843967437744,0.4250589700412206,85.0,139,139,T,0.5107913669064749,0.0215827338129496,0.309168634403574,0.690831365596426,14.0,msa_v1_remapped,106.9988256046016,0.6220861953755906,surface,4,143,True,True,True,0.35,0.7,0.35,HLA-A03_like,HLA-A02_like,PSCCCTKPT,PLDGNCTCI,0.28,0.28,0.0,KPTDGNCTCIPIPSS,KPLDGNCTCIPIPSS,0.35,0.7,0.35,0.904,0.953,0.049,12.0,41.0,53.0,internal_motif_model_v2,0,15,19,surface_hydrophobic_gain;antibody_interface_mutation,0,10.0,10,0.019911504424778736,10,0.0,10,10,10
91,92,104,I,G,-2.838752508163452,4.170979492943161,34.0,139,55,I,1.0,0.0,-0.0,1.0,30.0,msa_v1_remapped,84.39780593081694,0.4284152585320657,surface,0,92,False,False,False,0.95,0.9,-0.05,HLA-A02_like,HLA-A02_like,LLLCLIFLL,CLGFLLVLL,0.72,0.72,0.0,RRFIIFLFILLLCLI,RRFIIFLFILLLCLG,0.95,0.9,-0.05,1.236,1.197,-0.04,0.0,0.0,0.0,internal_motif_model_v2,0,0,4,new_glycine,0,10.0,10,-0.021681415929203474,10,0.0,10,10,10
195,196,208,W,A,-2.8390121459960938,3.867773122184417,,0,0,,,,,0.0,0.0,msa_v1_remapped,143.50009843434776,0.5035091173135009,surface,0,196,False,False,False,0.9,0.9,0.0,HLA-A02_like,HLA-A02_like,TVWLSAIWM,TVWLSAIAM,0.72,0.72,0.0,GLSPTVWLSAIWMMW,GLSPTVWLSAIAMMW,0.9,0.9,0.0,0.952,0.977,0.024,0.0,0.0,0.0,internal_motif_model_v2,0,0,4,surface_hydrophobic_gain,0,10.0,10,0.011946902654867309,10,0.0,10,10,10
55,56,68,P,N,-2.8400702476501465,1.8079511418974337,,0,0,,,,,0.0,0.0,msa_v1_remapped,128.93022108745885,0.8108818936318166,surface,0,56,False,False,False,0.45,0.45,0.0,HLA-A02_like,HLA-A02_like,CLGQNSQSP,CLGQNSQSN,0.28,0.28,0.0,LGGSPVCLGQNSQSP,LGGSPVCLGQNSQSN,0.45,0.45,0.0,0.971,0.93,-0.041,0.0,0.0,0.0,internal_motif_model_v2,0,0,0,,0,10.0,10,-0.008407079646017612,10,0.0,10,10,10
209,210,222,S,A,-2.840761184692383,-9.550015668557023,,0,0,,,,,0.0,0.0,msa_v1_remapped,56.53288440312464,0.3647282864717718,surface,0,210,False,False,False,0.8,0.8,0.0,HLA-A02_like,HLA-A02_like,SIVSPFIPL,SIVAPFIPL,0.64,0.64,0.0,VSPFIPLLPIFFCLW,WYWGPSLYSIVAPFI,0.8,0.8,0.0,1.124,1.131,0.007,0.0,0.0,0.0,internal_motif_model_v2,0,0,4,surface_hydrophobic_gain,0,10.0,10,0.011504424778761124,10,0.0,10,10,10
147,148,160,T,V,-2.8414363861083984,-1.2035721182240875,90.0,139,139,T,1.0,0.0,-0.0,1.0,30.0,msa_v1_remapped,78.73238340303925,0.4577464151339491,surface,4,148,True,False,False,0.35,0.35,0.0,HLA-A02_like,HLA-A02_like,DGNCTCIPI,TKPTDGNCV,0.54,0.54,0.0,CTCIPIPSSWAFAKY,CVCIPIPSSWAFAKY,0.54,0.54,0.0,1.086,1.153,0.068,0.0,13.0,13.0,internal_motif_model_v2,0,0,4,surface_hydrophobic_gain,0,10.0,10,0.021681415929203585,10,0.0,10,10,10
148,149,161,C,G,-2.8428869247436523,0.4268401065871785,91.0,139,139,C,1.0,0.0,-0.0,1.0,30.0,msa_v1_remapped,52.85914365312858,0.316521818282207,partial,0,149,True,False,False,0.8,0.8,0.0,HLA-A02_like,HLA-A02_like,CIPIPSSWA,GIPIPSSWA,0.54,0.54,0.0,CTCIPIPSSWAFAKY,CTGIPIPSSWAFAKY,0.8,0.8,0.0,1.125,1.048,-0.077,0.0,8.0,8.0,internal_motif_model_v2,25,0,29,possible_disulfide_loss;new_glycine,10,10.0,10,-0.012831858407079566,10,0.00990099009900991,10,10,10
76,77,89,L,I,-2.8432459831237793,0.970160366688276,19.0,139,55,L,1.0,0.0,-0.0,1.0,24.0,msa_v1_remapped,72.45769296239497,0.360486034638781,surface,4,77,False,False,False,0.95,0.95,0.0,HLA-A02_like,HLA-A02_like,WMCLRRFII,WMCIRRFII,0.72,0.72,0.0,PPICPGYRWMCLRRF,PPICPGYRWMCIRRF,0.95,0.95,0.0,1.031,1.017,-0.014,0.0,0.0,0.0,internal_motif_model_v2,0,0,4,surface_hydrophobic_gain,0,10.0,10,0.003097345132743401,10,0.0,10,10,10
190,191,203,W,A,-2.846369743347168,1.312409518399818,,0,0,,,,,0.0,0.0,msa_v1_remapped,102.07819929676634,0.358169120339531,surface,0,191,False,False,False,0.9,0.9,0.0,HLA-B07_like,HLA-B07_like,SPTVWLSAI,SPTVALSAI,0.72,0.72,0.0,GLSPTVWLSAIWMMW,GLSPTVALSAIWMMW,0.9,0.9,0.0,1.082,1.107,0.024,0.0,0.0,0.0,internal_motif_model_v2,0,0,4,surface_hydrophobic_gain,0,10.0,10,0.011946902654867309,10,0.0,10,10,10
10,11,23,P,A,-2.846482276916504,-4.142939007072357,,0,0,,,,,0.0,0.0,msa_v1_remapped,79.2949546827029,0.4987104068094521,surface,0,11,False,False,False,0.5,0.8,0.3,HLA-A02_like,HLA-A02_like,LGPLLVLQA,NITSGFLGA,0.72,0.72,0.0,PLLVLQAGFFLLTRI,NITSGFLGALLVLQA,0.72,0.8,0.08,1.166,1.166,0.0,0.0,0.0,0.0,internal_motif_model_v2,0,0,4,surface_hydrophobic_gain,0,10.0,10,0.015044247787610598,10,0.0,10,10,10
98,99,111,D,W,-2.847134828567505,2.509756326684567,41.0,139,55,D,0.9818181818181818,0.0,0.0303351945483401,0.96966480545166,30.0,msa_v1_remapped,40.32482985020663,0.2089369422290499,partial,0,99,True,False,False,0.95,0.95,0.0,HLA-A02_like,HLA-A02_like,LVLLDYQGM,LVLLWYQGM,0.72,0.72,0.0,FILLLCLIFLLVLLD,FILLLCLIFLLVLLW,0.95,0.95,0.0,1.114,1.118,0.004,0.0,8.0,8.0,internal_motif_model_v2,0,0,0,,0,10.0,10,0.011504424778761124,10,0.9988792390601553,10,10,10
135,136,148,S,V,-2.8472580909729004,2.375225999796328,78.0,139,139,S,1.0,0.0,-0.0,1.0,30.0,msa_v1_remapped,67.17345872083328,0.4333771530376341,surface,4,136,True,True,True,0.4,0.45,0.05,HLA-A03_like,HLA-A02_like,MFPSCCCTK,AQGNSMFPV,0.28,0.46,0.18,KTCTTPAQGNSMFPS,KTCTTPAQGNSMFPV,0.4,0.46,0.06,1.176,1.229,0.053,12.0,41.0,53.0,internal_motif_model_v2,0,15,19,surface_hydrophobic_gain;antibody_interface_mutation,0,10.0,10,0.022123893805309658,10,0.0,10,10,10
187,188,200,P,A,-2.848755121231079,1.6430786281610494,,0,0,,,,,0.0,0.0,msa_v1_remapped,98.88934452329592,0.621945563039597,surface,0,188,False,False,False,0.9,0.9,0.0,HLA-B07_like,HLA-A02_like,SPTVWLSAI,SATVWLSAI,0.72,0.72,0.0,GLSPTVWLSAIWMMW,GLSATVWLSAIWMMW,0.9,0.9,0.0,1.055,1.055,0.0,0.0,0.0,0.0,internal_motif_model_v2,0,0,4,surface_hydrophobic_gain,0,10.0,10,0.015044247787610598,10,0.0,10,10,10
1,2,14,E,I,-2.8494184017181396,3.188911266847697,,0,0,,,,,0.0,0.0,msa_v1_remapped,166.0703179337566,0.7447099458912851,surface,4,2,False,False,False,0.35,0.8,0.45,HLA-A02_like,HLA-A02_like,GENITSGFL,GINITSGFL,0.46,0.46,0.0,GENITSGFLGPLLVL,GINITSGFLGPLLVL,0.46,0.8,0.34,0.912,0.973,0.06,4.0,0.0,4.0,internal_motif_model_v2,0,0,4,surface_hydrophobic_gain,0,10.0,10,0.03539823008849552,10,0.9971895380267899,10,10,10
2,3,15,N,I,-2.8504340648651123,3.4486793813513827,,0,0,,,,,0.0,0.0,msa_v1_remapped,133.33683257168434,0.6837786285727402,surface,4,3,False,False,False,0.35,0.35,0.0,HLA-A02_like,HLA-A02_like,GENITSGFL,GEIITSGFL,0.64,0.64,0.0,NITSGFLGPLLVLQA,IITSGFLGPLLVLQA,0.64,0.64,0.0,0.929,0.992,0.063,0.0,0.0,0.0,internal_motif_model_v2,0,0,4,surface_hydrophobic_gain,0,10.0,10,0.03539823008849552,10,0.0,10,10,10
164,165,177,W,A,-2.852600574493408,-1.342433113837444,107.0,139,139,W,0.9856115107913668,0.0,0.0284685318889823,0.9715314681110176,30.0,msa_v1_remapped,149.76631914119795,0.5254958566357822,surface,0,165,True,False,False,0.95,0.95,0.0,HLA-A02_like,HLA-A02_like,FAKYLWEWA,FAKYLWEAA,0.72,0.72,0.0,IPSSWAFAKYLWEWA,IPSSWAFAKYLWEAA,0.95,0.95,0.0,1.049,1.074,0.024,0.0,13.0,13.0,internal_motif_model_v2,0,0,4,surface_hydrophobic_gain,0,10.0,10,0.011946902654867309,10,0.0,10,10,10
165,166,178,A,S,-2.853762626647949,1.948545712807288,108.0,139,139,A,0.9856115107913668,0.0,0.0284685318889823,0.9715314681110176,30.0,msa_v1_remapped,26.56782075287816,0.2059520988595206,partial,0,166,True,False,False,0.95,0.5,-0.45,HLA-A02_like,HLA-A02_like,FAKYLWEWA,FAKYLWEWS,0.72,0.72,0.0,IPSSWAFAKYLWEWA,AKYLWEWSSVRFSWL,0.95,0.72,-0.23,0.996,0.988,-0.007,18.0,8.0,26.0,internal_motif_model_v2,0,0,0,,0,10.0,10,-0.011504424778761124,10,0.0,10,10,10
79,80,92,F,V,-2.854189395904541,1.4478878434737794,22.0,139,55,F,0.9818181818181818,0.0,0.0303351945483401,0.96966480545166,30.0,msa_v1_remapped,121.97044982003156,0.5082102075834648,surface,4,80,False,False,False,0.95,0.95,0.0,HLA-A02_like,HLA-A02_like,WMCLRRFII,WMCLRRVII,0.72,0.72,0.0,PPICPGYRWMCLRRF,PPICPGYRWMCLRRV,0.95,0.95,0.0,1.069,1.111,0.042,0.0,0.0,0.0,internal_motif_model_v2,0,0,4,surface_hydrophobic_gain,0,10.0,10,0.006194690265486691,10,0.0,10,10,10
32,33,45,D,I,-2.856287956237793,4.362946476389595,5.0,139,48,D,1.0,0.0,-0.0,1.0,30.0,msa_v1_remapped,73.69412329988302,0.3818348357506892,surface,4,33,False,False,False,0.9,0.9,0.0,HLA-B07_like,HLA-B07_like,IPQSLDSWW,IPQSLISWW,0.54,0.54,0.0,FFLLTRILTIPQSLD,FFLLTRILTIPQSLI,0.9,0.9,0.0,0.992,1.032,0.041,0.0,0.0,0.0,internal_motif_model_v2,0,0,4,surface_hydrophobic_gain,0,10.0,10,0.03539823008849552,10,0.9988792390601553,10,10,10
30,31,43,S,A,-2.8576478958129883,0.6714961766096508,3.0,139,48,S,0.9791666666666666,0.0,0.033803026545712,0.966196973454288,30.0,msa_v1_remapped,63.44595903734898,0.4093287679828966,surface,0,31,False,False,False,0.9,0.9,0.0,HLA-B07_like,HLA-B07_like,IPQSLDSWW,IPQALDSWW,0.72,0.72,0.0,AGFFLLTRILTIPQS,AGFFLLTRILTIPQA,0.9,0.9,0.0,1.053,1.06,0.007,0.0,0.0,0.0,internal_motif_model_v2,0,0,4,surface_hydrophobic_gain,0,10.0,10,0.011504424778761124,10,0.0,10,10,10
75,76,88,C,G,-2.858349084854126,2.2529287877275124,18.0,139,55,C,0.9636363636363636,0.0,0.0605579893382868,0.9394420106617132,30.0,msa_v1_remapped,53.55048253247756,0.3206615720507638,partial,0,76,False,False,False,0.95,0.95,0.0,HLA-A02_like,HLA-A02_like,WMCLRRFII,WMGLRRFII,0.72,0.72,0.0,PPICPGYRWMCLRRF,GYRWMGLRRFIIFLF,0.95,0.95,0.0,1.0,0.923,-0.077,0.0,0.0,0.0,internal_motif_model_v2,25,0,29,possible_disulfide_loss;new_glycine,10,10.0,10,-0.012831858407079566,10,0.00990099009900991,10,10,10
177,178,190,P,A,-2.8584723472595215,-6.381431428455073,,0,0,,,,,0.0,0.0,msa_v1_remapped,78.75027791479411,0.4952847667597114,surface,0,178,False,False,False,0.95,0.95,0.0,HLA-A02_like,HLA-A02_like,LVPFVQWFV,WLSLLVAFV,0.72,0.72,0.0,EWASVRFSWLSLLVP,EWASVRFSWLSLLVA,0.95,0.95,0.0,1.205,1.205,0.0,0.0,0.0,0.0,internal_motif_model_v2,0,0,4,surface_hydrophobic_gain,0,10.0,10,0.015044247787610598,10,0.0,10,10,10
126,127,139,P,L,-2.859579801559448,4.265572742434983,69.0,139,139,P,0.7769784172661871,0.0719424460431654,0.2539233102813905,0.7460766897186095,16.0,msa_v1_remapped,107.2108077104952,0.6742818094999697,surface,4,127,True,True,True,0.8,0.8,0.0,HLA-B07_like,HLA-B07_like,TPAQGNSMF,GPCKTCTTL,0.28,0.28,0.0,GPCKTCTTPAQGNSM,GPCKTCTTLAQGNSM,0.8,0.8,0.0,1.035,1.062,0.027,12.0,41.0,53.0,internal_motif_model_v2,0,15,19,surface_hydrophobic_gain;antibody_interface_mutation,0,10.0,10,0.023893805309734506,10,0.0,10,10,10
57,58,70,S,C,-2.8600544929504395,0.3503799532612106,,0,0,,,,,0.0,0.0,msa_v1_remapped,88.4282431107016,0.5705047942625909,surface,0,58,False,False,False,0.45,0.45,0.0,HLA-A03_like,HLA-A03_like,QSPTSNHSP,QSPTCNHSP,0.28,0.28,0.0,GSPVCLGQNSQSPTS,GSPVCLGQNSQSPTC,0.45,0.45,0.0,0.984,1.041,0.057,0.0,0.0,0.0,internal_motif_model_v2,10,0,10,new_cysteine,10,9.299999999999999,10,0.014601769911504414,10,-0.00990099009900991,8,10,7
33,34,46,S,T,-2.8600850105285645,0.7281437328853713,6.0,139,48,S,1.0,0.0,-0.0,1.0,24.0,msa_v1_remapped,70.08913316351811,0.4521879558936652,surface,0,34,False,False,False,0.9,0.9,0.0,HLA-B07_like,HLA-B07_like,IPQSLDSWW,IPQSLDTWW,0.54,0.54,0.0,FLLTRILTIPQSLDS,FLLTRILTIPQSLDT,0.9,0.9,0.0,0.976,0.962,-0.015,0.0,0.0,0.0,internal_motif_model_v2,0,0,0,,0,10.0,10,0.0004424778761062953,10,0.0,10,10,10
216,217,229,P,S,-2.8610591888427734,-0.8985844215673069,,0,0,,,,,0.0,0.0,msa_v1_remapped,39.57939274536285,0.2489269983985085,partial,0,217,False,False,False,0.95,0.9,-0.05,HLA-B07_like,HLA-A02_like,LPIFFCLWV,PLLSIFFCL,0.64,0.72,0.08,VSPFIPLLPIFFCLW,VSPFIPLLSIFFCLW,0.95,0.9,-0.05,1.137,1.13,-0.007,0.0,0.0,0.0,internal_motif_model_v2,0,0,0,,0,10.0,10,0.0035398230088495852,10,0.0,10,10,10
167,168,180,V,A,-2.8648533821105957,0.2705894830510829,110.0,139,139,V,0.5827338129496403,0.4172661870503597,0.2267873717109939,0.773212628289006,5.0,msa_v1_remapped,111.18428153238494,0.6389901237493387,surface,0,168,True,False,False,0.95,0.95,0.0,HLA-A02_like,HLA-A02_like,WASVRFSWL,WASARFSWL,0.72,0.72,0.0,SSWAFAKYLWEWASV,SSWAFAKYLWEWASA,0.95,0.95,0.0,1.047,1.001,-0.046,0.0,7.8,7.8,internal_motif_model_v2,0,0,4,surface_hydrophobic_gain,0,10.0,10,-0.010619469026548645,10,0.0,10,10,10
188,189,201,T,I,-2.8692917823791504,2.517887816732241,,0,0,,,,,0.0,0.0,msa_v1_remapped,99.09010486023097,0.5761052608152962,surface,4,189,False,False,False,0.9,0.9,0.0,HLA-B07_like,HLA-B07_like,SPTVWLSAI,SPIVWLSAI,0.72,0.72,0.0,GLSPTVWLSAIWMMW,FVGLSPIVWLSAIWM,0.9,0.9,0.0,1.109,1.143,0.035,0.0,0.0,0.0,internal_motif_model_v2,0,0,4,surface_hydrophobic_gain,0,10.0,10,0.023008849557522137,10,0.0,10,10,10
196,197,209,M,F,-2.870370388031006,2.2810221437460427,,0,0,,,,,0.0,0.0,msa_v1_remapped,96.88671743670922,0.4325299885567376,surface,4,197,False,False,False,0.9,0.85,-0.05,HLA-A02_like,HLA-A02_like,TVWLSAIWM,FMWYWGPSL,0.72,0.72,0.0,GLSPTVWLSAIWMMW,GLSPTVWLSAIWFMW,0.9,0.85,-0.05,0.974,1.011,0.038,0.0,0.0,0.0,internal_motif_model_v2,0,0,4,surface_hydrophobic_gain,0,10.0,10,0.0039823008849557695,10,0.0,10,10,10
177,178,190,P,W,-2.8719587326049805,-4.083849058695989,,0,0,,,,,0.0,0.0,msa_v1_remapped,78.75027791479411,0.4952847667597114,surface,4,178,False,False,False,0.95,0.95,0.0,HLA-A02_like,HLA-A02_like,LVPFVQWFV,WLSLLVWFV,0.72,0.72,0.0,EWASVRFSWLSLLVP,EWASVRFSWLSLLVW,0.95,0.95,0.0,1.205,1.181,-0.024,0.0,0.0,0.0,internal_motif_model_v2,0,0,4,surface_hydrophobic_gain,0,10.0,10,0.003097345132743401,10,0.0,10,10,10
212,213,225,I,V,-2.873223781585694,2.369147983321909,,0,0,,,,,0.0,0.0,msa_v1_remapped,69.36159057042916,0.352089292235681,surface,4,213,False,False,False,0.8,0.8,0.0,HLA-A02_like,HLA-A02_like,SIVSPFIPL,SIVSPFVPL,0.64,0.64,0.0,VSPFIPLLPIFFCLW,VSPFVPLLPIFFCLW,0.8,0.8,0.0,1.126,1.159,0.033,0.0,0.0,0.0,internal_motif_model_v2,0,0,4,surface_hydrophobic_gain,0,10.0,10,-0.0013274336283185528,10,0.0,10,10,10
100,101,113,Q,W,-2.8748977184295654,3.197831962686223,43.0,139,105,Q,0.961904761904762,0.0,0.0540244319945852,0.9459755680054148,30.0,msa_v1_remapped,106.8915464986668,0.4750735399940746,surface,4,101,True,False,True,0.95,0.95,0.0,HLA-A02_like,HLA-A02_like,LVLLDYQGM,LVLLDYWGM,0.72,0.72,0.0,LLLCLIFLLVLLDYQ,LLLCLIFLLVLLDYW,0.95,0.95,0.0,1.035,1.017,-0.017,0.0,33.0,33.0,internal_motif_model_v2,0,15,19,surface_hydrophobic_gain;antibody_interface_mutation,0,10.0,10,0.011504424778761124,10,0.0,10,10,10
55,56,68,P,L,-2.8763394355773926,4.2720978424473515,,0,0,,,,,0.0,0.0,msa_v1_remapped,128.93022108745885,0.8108818936318166,surface,4,56,False,False,False,0.45,0.9,0.45,HLA-A02_like,HLA-A02_like,CLGQNSQSP,CLGQNSQSL,0.28,0.28,0.0,LGGSPVCLGQNSQSP,LGGSPVCLGQNSQSL,0.45,0.9,0.45,0.971,0.998,0.027,4.0,0.0,4.0,internal_motif_model_v2,0,0,4,surface_hydrophobic_gain,0,10.0,10,0.023893805309734506,10,0.0,10,10,10
76,77,89,L,T,-2.877896785736084,3.4418840542322187,19.0,139,55,L,1.0,0.0,-0.0,1.0,30.0,msa_v1_remapped,72.45769296239497,0.360486034638781,surface,0,77,False,False,False,0.95,0.95,0.0,HLA-A02_like,HLA-A02_like,WMCLRRFII,WMCTRRFII,0.72,0.72,0.0,PPICPGYRWMCLRRF,WMCTRRFIIFLFILL,0.95,0.95,0.0,1.031,0.982,-0.049,0.0,0.0,0.0,internal_motif_model_v2,0,0,0,,0,10.0,10,-0.019911504424778848,10,0.0,10,10,10
43,44,56,G,T,-2.880885124206543,4.843629039499319,,0,0,,,,,0.0,0.0,msa_v1_remapped,35.047582510706505,0.3369959856798702,partial,0,44,False,False,False,0.85,0.85,0.0,HLA-A02_like,HLA-A02_like,FLGGSPVCL,FLGTSPVCL,0.54,0.54,0.0,QSLDSWWTSLNFLGG,QSLDSWWTSLNFLGT,0.85,0.85,0.0,1.078,1.083,0.005,0.0,0.0,0.0,internal_motif_model_v2,0,0,0,,0,10.0,10,-0.0013274336283185528,10,0.0,10,10,10
188,189,201,T,A,-2.8829474449157715,0.2696471823026058,,0,0,,,,,0.0,0.0,msa_v1_remapped,99.09010486023097,0.5761052608152962,surface,0,189,False,False,False,0.9,0.9,0.0,HLA-B07_like,HLA-B07_like,SPTVWLSAI,SPAVWLSAI,0.72,0.72,0.0,GLSPTVWLSAIWMMW,FVGLSPAVWLSAIWM,0.9,0.9,0.0,1.109,1.131,0.022,0.0,0.0,0.0,internal_motif_model_v2,0,0,4,surface_hydrophobic_gain,0,10.0,10,0.011061946902654829,10,0.0,10,10,10
140,141,153,K,D,-2.8867475986480713,0.0243357529139984,83.0,139,139,K,1.0,0.0,-0.0,1.0,30.0,msa_v1_remapped,165.6680181449085,0.7019831277326631,surface,0,141,True,True,True,0.4,0.4,0.0,HLA-A03_like,HLA-B07_like,MFPSCCCTK,FPSCCCTDP,0.28,0.28,0.0,PAQGNSMFPSCCCTK,PAQGNSMFPSCCCTD,0.4,0.4,0.0,1.072,1.063,-0.009,12.0,41.0,53.0,internal_motif_model_v2,0,15,15,antibody_interface_mutation,0,10.0,10,0.001769911504424737,10,-1.9978802380611542,10,10,10
166,167,179,S,T,-2.887563705444336,1.482670254953291,109.0,139,139,S,1.0,0.0,-0.0,1.0,24.0,msa_v1_remapped,33.777801025607964,0.2179212969394062,partial,0,167,True,False,False,0.95,0.95,0.0,HLA-A02_like,HLA-A02_like,WASVRFSWL,WATVRFSWL,0.72,0.72,0.0,PSSWAFAKYLWEWAS,PSSWAFAKYLWEWAT,0.95,0.95,0.0,1.024,1.009,-0.015,0.0,4.8,4.8,internal_motif_model_v2,0,0,0,,0,10.0,10,0.0004424778761062953,10,0.0,10,10,10
61,62,74,P,L,-2.8885958194732666,4.390851043124144,,0,0,,,,,0.0,0.0,msa_v1_remapped,95.28858925382806,0.5992993034831954,surface,4,62,False,False,False,0.45,0.45,0.0,HLA-A03_like,HLA-A02_like,QSPTSNHSP,QSPTSNHSL,0.28,0.28,0.0,SPTSCPPICPGYRWM,SLTSCPPICPGYRWM,0.45,0.45,0.0,1.041,1.068,0.027,0.0,0.0,0.0,internal_motif_model_v2,0,0,4,surface_hydrophobic_gain,0,10.0,10,0.023893805309734506,10,0.0,10,10,10
103,104,116,L,I,-2.8908631801605225,4.553528563193709,46.0,139,128,L,1.0,0.0,-0.0,1.0,24.0,msa_v1_remapped,52.98157780202427,0.2635899393135536,partial,0,104,True,False,True,0.8,0.8,0.0,HLA-A02_like,HLA-A02_like,VLLDYQGML,VLLDYQGMI,0.72,0.72,0.0,CLIFLLVLLDYQGML,CLIFLLVLLDYQGMI,0.8,0.8,0.0,1.118,1.104,-0.014,0.0,16.8,16.8,internal_motif_model_v2,0,15,15,antibody_interface_mutation,0,10.0,10,0.003097345132743401,10,0.0,10,10,10
63,64,76,S,I,-2.893488645553589,1.2875707534046796,,0,0,,,,,0.0,0.0,msa_v1_remapped,75.58259747580891,0.487629661134251,surface,4,64,False,False,False,0.35,0.35,0.0,HLA-A03_like,HLA-A02_like,PTSNHSPTS,PTSNHSPTI,0.46,0.46,0.0,TSCPPICPGYRWMCL,TICPPICPGYRWMCL,0.46,0.46,0.0,1.077,1.097,0.02,0.0,0.0,0.0,internal_motif_model_v2,0,0,4,surface_hydrophobic_gain,0,10.0,10,0.02345132743362832,10,0.0,10,10,10
149,150,162,I,V,-2.894380569458008,0.9461894924028228,92.0,139,139,I,0.9928057553956836,0.0,0.0142429670997965,0.9857570329002034,24.0,msa_v1_remapped,89.64106123780525,0.4550307677045951,surface,4,150,True,False,False,0.8,0.8,0.0,HLA-A02_like,HLA-A02_like,CIPIPSSWA,CVPIPSSWA,0.54,0.54,0.0,CTCIPIPSSWAFAKY,CTCVPIPSSWAFAKY,0.8,0.8,0.0,1.166,1.199,0.033,0.0,7.8,7.8,internal_motif_model_v2,0,0,4,surface_hydrophobic_gain,0,10.0,10,-0.0013274336283185528,10,0.0,10,10,10
219,220,232,F,S,-2.8951220512390137,4.009850950508337,,0,0,,,,,0.0,0.0,msa_v1_remapped,130.28767814033375,0.542865325584724,surface,0,220,False,False,False,0.95,0.95,0.0,HLA-B07_like,HLA-B07_like,LPIFFCLWV,LPIFSCLWV,0.64,0.54,-0.1,VSPFIPLLPIFFCLW,SPFIPLLPIFSCLWV,0.95,0.95,0.0,1.136,1.125,-0.011,0.0,0.0,0.0,internal_motif_model_v2,0,0,0,,0,10.0,10,-0.015929203539822967,10,0.0,10,10,10
206,207,219,S,A,-2.89615249633789,0.1610684160843902,,0,0,,,,,0.0,0.0,msa_v1_remapped,76.10937973196283,0.4910282563352441,surface,0,207,False,False,False,0.8,0.8,0.0,HLA-A02_like,HLA-A02_like,SIVSPFIPL,AIVSPFIPL,0.54,0.54,0.0,SAIWMMWYWGPSLYS,SAIWMMWYWGPSLYA,0.8,0.8,0.0,1.14,1.148,0.007,0.0,0.0,0.0,internal_motif_model_v2,0,0,4,surface_hydrophobic_gain,0,10.0,10,0.011504424778761124,10,0.0,10,10,10
35,36,48,W,T,-2.901571989059448,2.6955171079108595,8.0,139,48,W,1.0,0.0,-0.0,1.0,30.0,msa_v1_remapped,68.72076850094993,0.241125503512105,partial,0,36,False,False,False,0.9,0.9,0.0,HLA-B07_like,HLA-A02_like,IPQSLDSWW,SLDSWTTSL,0.54,0.46,-0.08,QSLDSWWTSLNFLGG,DSWTTSLNFLGGSPV,0.9,0.9,0.0,0.976,0.979,0.002,0.0,0.0,0.0,internal_motif_model_v2,0,0,0,,0,10.0,10,0.0008849557522124796,10,0.0,10,10,10
170,171,183,S,V,-2.9030003547668457,2.7135365094642907,,0,0,,,,,0.0,0.0,msa_v1_remapped,87.97547677746624,0.5675837211449435,surface,4,171,False,False,False,0.95,0.95,0.0,HLA-A02_like,HLA-A02_like,WASVRFSWL,WASVRFVWL,0.72,0.72,0.0,AFAKYLWEWASVRFS,AFAKYLWEWASVRFV,0.95,0.95,0.0,1.073,1.126,0.053,0.0,0.0,0.0,internal_motif_model_v2,0,0,4,surface_hydrophobic_gain,0,10.0,10,0.022123893805309658,10,0.0,10,10,10
210,211,223,P,W,-2.9036717414855957,3.3074579664254884,,0,0,,,,,0.0,0.0,msa_v1_remapped,76.72563454689102,0.4825511606722705,surface,4,211,False,False,False,0.8,0.9,0.1,HLA-A02_like,HLA-A02_like,SIVSPFIPL,SIVSWFIPL,0.64,0.64,0.0,VSPFIPLLPIFFCLW,GPSLYSIVSWFIPLL,0.8,0.9,0.1,1.131,1.107,-0.024,0.0,0.0,0.0,internal_motif_model_v2,0,0,4,surface_hydrophobic_gain,0,10.0,10,0.003097345132743401,10,0.0,10,10,10
30,31,43,S,R,-2.906663656234741,0.782001765005532,3.0,139,48,S,0.9791666666666666,0.0,0.033803026545712,0.966196973454288,30.0,msa_v1_remapped,63.44595903734898,0.4093287679828966,surface,0,31,False,False,False,0.9,0.9,0.0,HLA-B07_like,HLA-B07_like,IPQSLDSWW,IPQRLDSWW,0.72,0.72,0.0,AGFFLLTRILTIPQS,AGFFLLTRILTIPQR,0.9,0.9,0.0,1.053,1.033,-0.02,0.0,0.0,0.0,internal_motif_model_v2,0,0,0,,0,9.6,10,-0.01637168141592915,10,0.9999900000999986,8,10,10
98,99,111,D,G,-2.908155679702759,2.811525722135684,41.0,139,55,D,0.9818181818181818,0.0,0.0303351945483401,0.96966480545166,30.0,msa_v1_remapped,40.32482985020663,0.2089369422290499,partial,0,99,True,False,False,0.95,0.85,-0.1,HLA-A02_like,HLA-A02_like,LVLLDYQGM,LVLLGYQGM,0.72,0.72,0.0,FILLLCLIFLLVLLD,FILLLCLIFLLVLLG,0.95,0.85,-0.1,1.114,1.115,0.001,0.0,8.0,8.0,internal_motif_model_v2,0,0,4,new_glycine,0,10.0,10,0.013716814159292157,10,0.9988792390601553,10,10,10
79,80,92,F,G,-2.908167839050293,2.4044126246228643,22.0,139,55,F,0.9818181818181818,0.0,0.0303351945483401,0.96966480545166,30.0,msa_v1_remapped,121.97044982003156,0.5082102075834648,surface,0,80,False,False,False,0.95,0.9,-0.05,HLA-A02_like,HLA-A02_like,WMCLRRFII,GIIFLFILL,0.72,0.72,0.0,PPICPGYRWMCLRRF,MCLRRGIIFLFILLL,0.95,0.9,-0.05,1.069,1.038,-0.031,0.0,0.0,0.0,internal_motif_model_v2,0,0,4,new_glycine,0,10.0,10,-0.01415929203539823,10,0.0,10,10,10
97,98,110,L,W,-2.909048557281494,4.8599708996173945,40.0,139,55,L,1.0,0.0,-0.0,1.0,30.0,msa_v1_remapped,77.17416601322934,0.3839510746926833,surface,4,98,False,False,False,0.95,0.95,0.0,HLA-A02_like,HLA-A02_like,LVLLDYQGM,LVLWDYQGM,0.72,0.72,0.0,LFILLLCLIFLLVLL,LFILLLCLIFLLVLW,0.95,0.95,0.0,1.168,1.117,-0.051,0.0,0.0,0.0,internal_motif_model_v2,0,0,4,surface_hydrophobic_gain,0,10.0,10,-0.020796460176991105,10,0.0,10,10,10
41,42,54,L,F,-2.911032199859619,2.5466840067273324,,0,0,,,,,0.0,0.0,msa_v1_remapped,165.98455245431362,0.8257937933050429,surface,4,42,False,False,False,0.85,0.5,-0.35,HLA-A02_like,HLA-A03_like,FLGGSPVCL,WTSLNFFGG,0.54,0.54,0.0,QSLDSWWTSLNFLGG,QSLDSWWTSLNFFGG,0.85,0.54,-0.31,1.018,0.995,-0.023,18.0,0.0,18.0,internal_motif_model_v2,0,0,4,surface_hydrophobic_gain,0,10.0,10,-0.004424778761061954,10,0.0,10,10,10
62,63,75,T,G,-2.914047956466675,1.9497976381277908,,0,0,,,,,0.0,0.0,msa_v1_remapped,84.32622788379754,0.4902687667662648,surface,0,63,False,False,False,0.45,0.45,0.0,HLA-B07_like,HLA-B07_like,SPTSNHSPT,SPTSNHSPG,0.46,0.46,0.0,TSCPPICPGYRWMCL,GSCPPICPGYRWMCL,0.46,0.46,0.0,1.083,1.078,-0.005,0.0,0.0,0.0,internal_motif_model_v2,0,0,4,new_glycine,0,10.0,10,0.0013274336283185528,10,0.0,10,10,10
189,190,202,V,I,-2.9180660247802734,1.29562442530073,,0,0,,,,,0.0,0.0,msa_v1_remapped,75.80823922656033,0.4356795357848295,surface,4,190,False,False,False,0.9,0.9,0.0,HLA-B07_like,HLA-B07_like,SPTVWLSAI,SPTIWLSAI,0.72,0.72,0.0,GLSPTVWLSAIWMMW,GLSPTIWLSAIWMMW,0.9,0.9,0.0,1.075,1.042,-0.033,0.0,0.0,0.0,internal_motif_model_v2,0,0,4,surface_hydrophobic_gain,0,10.0,10,0.0013274336283185528,10,0.0,10,10,10
94,95,107,L,I,-2.92321252822876,2.358314168577749,37.0,139,55,L,0.9818181818181818,0.0,0.0303351945483401,0.96966480545166,24.0,msa_v1_remapped,77.28820582655464,0.384518436948033,surface,4,95,False,False,False,0.95,0.95,0.0,HLA-A02_like,HLA-A02_like,LLLCLIFLL,LLLCLIFLI,0.72,0.72,0.0,IIFLFILLLCLIFLL,IIFLFILLLCLIFLI,0.95,0.95,0.0,1.232,1.218,-0.014,0.0,0.0,0.0,internal_motif_model_v2,0,0,4,surface_hydrophobic_gain,0,10.0,10,0.003097345132743401,10,0.0,10,10,10
73,74,86,W,T,-2.923222780227661,4.479372296034285,16.0,139,48,W,0.9583333333333334,0.0,0.0674580772976627,0.9325419227023372,30.0,msa_v1_remapped,110.98604703594344,0.3894247264419068,surface,0,74,False,False,False,0.95,0.9,-0.05,HLA-A02_like,HLA-A02_like,WMCLRRFII,TMCLRRFII,0.72,0.72,0.0,PPICPGYRWMCLRRF,PPICPGYRTMCLRRF,0.95,0.9,-0.05,1.041,1.044,0.002,0.0,0.0,0.0,internal_motif_model_v2,0,0,0,,0,10.0,10,0.0008849557522124796,10,0.0,10,10,10
205,206,218,Y,W,-2.9243927001953125,-0.4845684212918399,,0,0,,,,,0.0,0.0,msa_v1_remapped,141.1068834163255,0.5365280738263327,surface,4,206,False,False,False,0.5,0.5,0.0,HLA-A02_like,HLA-A02_like,WGPSLYSIV,WGPSLWSIV,0.72,0.72,0.0,LSAIWMMWYWGPSLY,LSAIWMMWYWGPSLW,0.72,0.72,0.0,1.148,1.109,-0.038,0.0,0.0,0.0,internal_motif_model_v2,0,0,4,surface_hydrophobic_gain,0,10.0,10,0.001769911504424737,10,0.000999000999000188,10,10,10
135,136,148,S,A,-2.9244914054870605,0.5323359962046652,78.0,139,139,S,1.0,0.0,-0.0,1.0,30.0,msa_v1_remapped,67.17345872083328,0.4333771530376341,surface,0,136,True,True,True,0.4,0.45,0.05,HLA-A03_like,HLA-A02_like,MFPSCCCTK,AQGNSMFPA,0.28,0.46,0.18,KTCTTPAQGNSMFPS,KTCTTPAQGNSMFPA,0.4,0.46,0.06,1.176,1.183,0.007,12.0,41.0,53.0,internal_motif_model_v2,0,15,19,surface_hydrophobic_gain;antibody_interface_mutation,0,10.0,10,0.011504424778761124,10,0.0,10,10,10
32,33,45,D,W,-2.9247021675109863,2.044204973809144,5.0,139,48,D,1.0,0.0,-0.0,1.0,30.0,msa_v1_remapped,73.69412329988302,0.3818348357506892,surface,4,33,False,False,False,0.9,0.9,0.0,HLA-B07_like,HLA-B07_like,IPQSLDSWW,IPQSLWSWW,0.54,0.54,0.0,FFLLTRILTIPQSLD,FFLLTRILTIPQSLW,0.9,0.9,0.0,0.992,0.995,0.004,0.0,0.0,0.0,internal_motif_model_v2,0,0,4,surface_hydrophobic_gain,0,10.0,10,0.011504424778761124,10,0.9988792390601553,10,10,10
165,166,178,A,G,-2.924973249435425,4.50535145557609,108.0,139,139,A,0.9856115107913668,0.0071942446043165,0.0284685318889823,0.9715314681110176,27.0,msa_v1_remapped,26.56782075287816,0.2059520988595206,partial,0,166,True,False,False,0.95,0.5,-0.45,HLA-A02_like,HLA-A02_like,FAKYLWEWA,FAKYLWEWG,0.72,0.72,0.0,IPSSWAFAKYLWEWA,AKYLWEWGSVRFSWL,0.95,0.72,-0.23,0.996,0.968,-0.027,18.0,8.0,26.0,internal_motif_model_v2,0,0,4,new_glycine,0,10.0,10,-0.009734513274336276,10,0.0,10,10,10
5,6,18,S,A,-2.9260740280151367,1.049313241272955,,0,0,,,,,0.0,0.0,msa_v1_remapped,80.95778710787735,0.5223083039217894,surface,0,6,False,False,False,0.35,0.8,0.45,HLA-A02_like,HLA-A02_like,GENITSGFL,TAGFLGPLL,0.64,0.64,0.0,NITSGFLGPLLVLQA,NITAGFLGPLLVLQA,0.64,0.8,0.16,1.009,1.017,0.007,0.0,0.0,0.0,internal_motif_model_v2,0,0,4,surface_hydrophobic_gain,0,10.0,10,0.011504424778761124,10,0.0,10,10,10
172,173,185,L,T,-2.927258014678955,3.4054734112495453,,0,0,,,,,0.0,0.0,msa_v1_remapped,21.737307888718497,0.1081458103916343,buried,0,173,False,False,False,0.95,0.9,-0.05,HLA-A02_like,HLA-A02_like,WASVRFSWL,SVRFSWTSL,0.72,0.64,-0.08,AKYLWEWASVRFSWL,ASVRFSWTSLLVPFV,0.95,0.9,-0.05,1.108,1.06,-0.049,0.0,0.0,0.0,internal_motif_model_v2,0,0,10,buried_hydrophobic_loss,0,10.0,10,-0.019911504424778848,10,0.0,10,10,10
31,32,44,L,R,-2.92745304107666,0.849006062039166,4.0,139,48,L,1.0,0.0,-0.0,1.0,30.0,msa_v1_remapped,100.09697273933588,0.4979948892504272,surface,0,32,False,False,False,0.9,0.9,0.0,HLA-B07_like,HLA-B07_like,IPQSLDSWW,IPQSRDSWW,0.54,0.54,0.0,GFFLLTRILTIPQSL,GFFLLTRILTIPQSR,0.9,0.9,0.0,1.016,0.962,-0.054,0.0,0.0,0.0,internal_motif_model_v2,0,0,0,,0,9.6,10,-0.03672566371681407,10,0.9999900000999986,8,10,10
203,204,216,S,T,-2.928367376327514,1.490704041223978,,0,0,,,,,0.0,0.0,msa_v1_remapped,54.83849782133752,0.3537967601376614,surface,0,204,False,False,False,0.85,0.85,0.0,HLA-A02_like,HLA-A02_like,MMWYWGPSL,MMWYWGPTL,0.72,0.72,0.0,VWLSAIWMMWYWGPS,VWLSAIWMMWYWGPT,0.85,0.85,0.0,1.038,1.023,-0.015,0.0,0.0,0.0,internal_motif_model_v2,0,0,0,,0,10.0,10,0.0004424778761062953,10,0.0,10,10,10
35,36,48,W,A,-2.928795337677002,-0.1674154149073956,8.0,139,48,W,1.0,0.0,-0.0,1.0,30.0,msa_v1_remapped,68.72076850094993,0.241125503512105,partial,0,36,False,False,False,0.9,0.9,0.0,HLA-B07_like,HLA-A02_like,IPQSLDSWW,SLDSWATSL,0.54,0.54,0.0,QSLDSWWTSLNFLGG,QSLDSWATSLNFLGG,0.9,0.9,0.0,0.976,1.001,0.024,0.0,0.0,0.0,internal_motif_model_v2,0,0,0,,0,10.0,10,0.011946902654867309,10,0.0,10,10,10
56,57,69,T,A,-2.929856300354004,-1.4776508947108482,,0,0,,,,,0.0,0.0,msa_v1_remapped,64.61356336298215,0.3756602521103613,surface,0,57,False,False,False,0.45,0.5,0.05,HLA-A03_like,HLA-A02_like,QSPTSNHSP,LGQNSQSPA,0.28,0.36,0.08,GGSPVCLGQNSQSPT,GGSPVCLGQNSQSPA,0.45,0.5,0.05,0.985,1.007,0.022,0.0,0.0,0.0,internal_motif_model_v2,0,0,4,surface_hydrophobic_gain,0,10.0,10,0.011061946902654829,10,0.0,10,10,10
159,160,172,K,T,-2.92986798286438,0.7736000702678894,102.0,139,139,K,0.935251798561151,0.0,0.0800596389608133,0.9199403610391866,30.0,msa_v1_remapped,99.47570394253258,0.421507220095477,surface,0,160,True,False,False,0.95,0.95,0.0,HLA-A02_like,HLA-A02_like,FAKYLWEWA,FATYLWEWA,0.72,0.72,0.0,IPSSWAFAKYLWEWA,IPSSWAFATYLWEWA,0.95,0.95,0.0,1.065,1.062,-0.003,0.0,13.0,13.0,internal_motif_model_v2,0,0,0,,0,10.0,10,0.01415929203539823,10,-0.9990009990009989,10,10,10
6,7,19,G,T,-2.9302444458007812,-1.3146532446847914,,0,0,,,,,0.0,0.0,msa_v1_remapped,58.77374474381839,0.5651321609982538,surface,0,7,False,False,False,0.35,0.45,0.1,HLA-A02_like,HLA-A02_like,GENITSGFL,GENITSTFL,0.64,0.64,0.0,NITSGFLGPLLVLQA,NITSTFLGPLLVLQA,0.64,0.64,0.0,1.023,1.028,0.005,0.0,0.0,0.0,internal_motif_model_v2,0,0,0,,0,10.0,10,-0.0013274336283185528,10,0.0,10,10,10
53,54,66,Q,L,-2.9326868057250977,1.0291272640340594,,0,0,,,,,0.0,0.0,msa_v1_remapped,195.53090463568964,0.8690262428252873,surface,4,54,False,False,False,0.45,0.8,0.35,HLA-A02_like,HLA-A02_like,CLGQNSQSP,PVCLGQNSL,0.28,0.36,0.08,NFLGGSPVCLGQNSQ,GGSPVCLGQNSLSPT,0.45,0.8,0.35,0.972,1.005,0.034,4.0,0.0,4.0,internal_motif_model_v2,0,0,4,surface_hydrophobic_gain,0,10.0,10,0.03230088495575223,10,0.0,10,10,10
19,20,32,F,Y,-2.933224678039551,0.1335672101520231,,0,0,,,,,0.0,0.0,msa_v1_remapped,125.22908564952348,0.5217878568730145,surface,4,20,False,False,False,0.95,0.95,0.0,HLA-A02_like,HLA-A02_like,FLLTRILTI,YLLTRILTI,0.72,0.72,0.0,PLLVLQAGFFLLTRI,PLLVLQAGFYLLTRI,0.95,0.95,0.0,1.076,1.086,0.01,0.0,0.0,0.0,internal_motif_model_v2,0,0,4,surface_hydrophobic_gain,0,10.0,10,-0.018141592920354,10,-0.0009990009990010762,10,10,10
72,73,85,R,G,-2.9335644245147705,1.730756948413671,15.0,139,48,R,1.0,0.0,-0.0,1.0,30.0,msa_v1_remapped,197.5871649920585,0.7211210401170018,surface,0,73,False,False,False,0.8,0.8,0.0,HLA-B07_like,HLA-B07_like,PPICPGYRW,PPICPGYGW,0.72,0.72,0.0,PPICPGYRWMCLRRF,PPICPGYGWMCLRRF,0.8,0.8,0.0,1.015,1.015,0.0,0.0,0.0,0.0,internal_motif_model_v2,0,0,4,new_glycine,0,10.0,10,0.018141592920354,10,-0.9999900000999986,10,10,10
47,48,60,C,N,-2.935080051422119,2.766778821819912,,0,0,,,,,0.0,0.0,msa_v1_remapped,64.65557273994597,0.3871591182032692,surface,0,48,False,False,False,0.85,0.85,0.0,HLA-A02_like,HLA-A02_like,FLGGSPVCL,FLGGSPVNL,0.54,0.54,0.0,SWWTSLNFLGGSPVC,SWWTSLNFLGGSPVN,0.85,0.85,0.0,1.144,1.053,-0.091,0.0,0.0,0.0,internal_motif_model_v2,25,0,25,possible_disulfide_loss,10,10.0,10,-0.026548672566371723,10,0.00990099009900991,10,10,10
125,126,138,T,A,-2.9376096725463867,2.58390221339613,68.0,139,139,T,0.9424460431654677,0.0,0.0922175486667447,0.9077824513332552,30.0,msa_v1_remapped,90.1099250917976,0.5238949133244046,surface,0,126,True,True,True,0.8,0.8,0.0,HLA-B07_like,HLA-A02_like,TPAQGNSMF,TAPAQGNSM,0.28,0.28,0.0,GPCKTCTTPAQGNSM,STGPCKTCTAPAQGN,0.8,0.8,0.0,1.04,1.062,0.022,12.0,41.0,53.0,internal_motif_model_v2,0,15,19,surface_hydrophobic_gain;antibody_interface_mutation,0,10.0,10,0.011061946902654829,10,0.0,10,10,10
211,212,224,F,Y,-2.9403867721557617,-0.5404878520022294,,0,0,,,,,0.0,0.0,msa_v1_remapped,115.65997035587758,0.4819165431494899,surface,4,212,False,False,False,0.8,0.8,0.0,HLA-A02_like,HLA-A02_like,SIVSPFIPL,SIVSPYIPL,0.64,0.64,0.0,VSPFIPLLPIFFCLW,VSPYIPLLPIFFCLW,0.8,0.8,0.0,1.145,1.155,0.01,0.0,0.0,0.0,internal_motif_model_v2,0,0,4,surface_hydrophobic_gain,0,10.0,10,-0.018141592920354,10,-0.0009990009990010762,10,10,10
75,76,88,C,A,-2.9413249492645264,-0.1426058488020771,18.0,139,55,C,0.9636363636363636,0.0181818181818181,0.0605579893382868,0.9394420106617132,27.0,msa_v1_remapped,53.55048253247756,0.3206615720507638,partial,0,76,False,False,False,0.95,0.95,0.0,HLA-A02_like,HLA-A02_like,WMCLRRFII,WMALRRFII,0.72,0.72,0.0,PPICPGYRWMCLRRF,PPICPGYRWMALRRF,0.95,0.95,0.0,1.0,0.95,-0.05,0.0,0.0,0.0,internal_motif_model_v2,25,0,25,possible_disulfide_loss,10,10.0,10,-0.00309734513274329,10,0.00990099009900991,10,10,10
146,147,159,C,A,-2.9415030479431152,0.2774916351957586,89.0,139,139,C,0.9928057553956836,0.0,0.0142429670997965,0.9857570329002034,30.0,msa_v1_remapped,10.93515517765044,0.0654799711236553,buried,0,147,True,True,True,0.35,0.45,0.1,HLA-A02_like,HLA-A02_like,DGNCTCIPI,DGNATCIPI,0.54,0.54,0.0,CTCIPIPSSWAFAKY,ATCIPIPSSWAFAKY,0.54,0.54,0.0,1.057,1.008,-0.05,12.0,36.0,48.0,internal_motif_model_v2,25,15,40,possible_disulfide_loss;antibody_interface_mutation,10,10.0,10,-0.00309734513274329,10,0.00990099009900991,10,10,10
177,178,190,P,T,-2.9462332725524902,-5.801488295500349,,0,0,,,,,0.0,0.0,msa_v1_remapped,78.75027791479411,0.4952847667597114,surface,0,178,False,False,False,0.95,0.95,0.0,HLA-A02_like,HLA-A02_like,LVPFVQWFV,WLSLLVTFV,0.72,0.72,0.0,EWASVRFSWLSLLVP,EWASVRFSWLSLLVT,0.95,0.95,0.0,1.205,1.183,-0.022,0.0,0.0,0.0,internal_motif_model_v2,0,0,0,,0,10.0,10,0.0039823008849557695,10,0.0,10,10,10
53,54,66,Q,N,-2.9472217559814453,2.192112108420588,,0,0,,,,,0.0,0.0,msa_v1_remapped,195.53090463568964,0.8690262428252873,surface,0,54,False,False,False,0.45,0.45,0.0,HLA-A02_like,HLA-A02_like,CLGQNSQSP,CLGQNSNSP,0.28,0.28,0.0,NFLGGSPVCLGQNSQ,NFLGGSPVCLGQNSN,0.45,0.45,0.0,0.972,0.938,-0.034,0.0,0.0,0.0,internal_motif_model_v2,0,0,0,,0,10.0,10,0.0,10,0.0,10,10,10
4,5,17,T,G,-2.947417736053467,3.60976701702009,,0,0,,,,,0.0,0.0,msa_v1_remapped,106.88055092437924,0.6213985518859257,surface,0,5,False,False,False,0.35,0.35,0.0,HLA-A02_like,HLA-A02_like,GENITSGFL,GENIGSGFL,0.64,0.64,0.0,NITSGFLGPLLVLQA,NIGSGFLGPLLVLQA,0.64,0.64,0.0,0.952,0.947,-0.005,0.0,0.0,0.0,internal_motif_model_v2,0,0,4,new_glycine,0,10.0,10,0.0013274336283185528,10,0.0,10,10,10
92,93,105,F,A,-2.9476587772369385,-0.8378810701146904,35.0,139,55,F,1.0,0.0,-0.0,1.0,30.0,msa_v1_remapped,138.76320503126507,0.5781800209636044,surface,0,93,False,False,False,0.95,0.95,0.0,HLA-A02_like,HLA-A02_like,LLLCLIFLL,FILLLCLIA,0.72,0.72,0.0,RFIIFLFILLLCLIF,RFIIFLFILLLCLIA,0.95,0.95,0.0,1.255,1.252,-0.004,0.0,0.0,0.0,internal_motif_model_v2,0,0,4,surface_hydrophobic_gain,0,10.0,10,-0.004424778761061954,10,0.0,10,10,10
32,33,45,D,V,-2.9489150047302246,3.415631032777128,5.0,139,48,D,1.0,0.0,-0.0,1.0,30.0,msa_v1_remapped,73.69412329988302,0.3818348357506892,surface,4,33,False,False,False,0.9,0.9,0.0,HLA-B07_like,HLA-B07_like,IPQSLDSWW,IPQSLVSWW,0.54,0.54,0.0,FFLLTRILTIPQSLD,FFLLTRILTIPQSLV,0.9,0.9,0.0,0.992,1.065,0.074,0.0,0.0,0.0,internal_motif_model_v2,0,0,4,surface_hydrophobic_gain,0,10.0,10,0.03407079646017708,10,0.9988792390601553,10,10,10
100,101,113,Q,Y,-2.9501285552978516,2.6735538648795227,43.0,139,105,Q,0.961904761904762,0.0,0.0540244319945852,0.9459755680054148,30.0,msa_v1_remapped,106.8915464986668,0.4750735399940746,surface,4,101,True,False,True,0.95,0.95,0.0,HLA-A02_like,HLA-A02_like,LVLLDYQGM,LVLLDYYGM,0.72,0.72,0.0,LLLCLIFLLVLLDYQ,LLLCLIFLLVLLDYY,0.95,0.95,0.0,1.035,1.055,0.021,0.0,33.0,33.0,internal_motif_model_v2,0,15,19,surface_hydrophobic_gain;antibody_interface_mutation,0,10.0,10,0.009734513274336276,10,-0.0009990009990010762,10,10,10
59,60,72,H,L,-2.951270818710327,0.0218943969060205,,0,0,,,,,0.0,0.0,msa_v1_remapped,91.56181841983944,0.4087581179457117,surface,4,60,False,False,False,0.45,0.45,0.0,HLA-A03_like,HLA-A03_like,QSPTSNHSP,QSPTSNLSP,0.18,0.28,0.1,PVCLGQNSQSPTSNH,QSPTSNLSPTSCPPI,0.45,0.45,0.0,0.97,0.99,0.021,0.0,0.0,0.0,internal_motif_model_v2,0,0,4,surface_hydrophobic_gain,0,10.0,10,0.030973451327433565,10,-0.08717418825458623,10,10,10
31,32,44,L,G,-2.95153284072876,4.291061734408345,4.0,139,48,L,1.0,0.0,-0.0,1.0,30.0,msa_v1_remapped,100.09697273933588,0.4979948892504272,surface,0,32,False,False,False,0.9,0.8,-0.1,HLA-B07_like,HLA-B07_like,IPQSLDSWW,IPQSGDSWW,0.54,0.54,0.0,GFFLLTRILTIPQSL,GFFLLTRILTIPQSG,0.9,0.8,-0.1,1.016,0.962,-0.054,0.0,0.0,0.0,internal_motif_model_v2,0,0,4,new_glycine,0,10.0,10,-0.018584070796460184,10,0.0,10,10,10
109,110,122,I,A,-2.9519033432006836,4.789236475669497,52.0,139,139,I,0.8705035971223022,0.0,0.1379338564278194,0.8620661435721806,16.0,msa_v1_remapped,91.24777225181596,0.4631866611767308,surface,0,110,True,False,False,0.8,0.8,0.0,HLA-A02_like,HLA-A02_like,GMLPVCPLI,GMLPVCPLA,0.46,0.46,0.0,VLLDYQGMLPVCPLI,VLLDYQGMLPVCPLA,0.8,0.8,0.0,1.118,1.106,-0.013,0.0,7.8,7.8,internal_motif_model_v2,0,0,4,surface_hydrophobic_gain,0,10.0,10,-0.011946902654867197,10,0.0,10,10,10
164,165,177,W,E,-2.9543511867523193,-1.0971494434702436,107.0,139,139,W,0.9856115107913668,0.0,0.0284685318889823,0.9715314681110176,30.0,msa_v1_remapped,149.76631914119795,0.5254958566357822,surface,0,165,True,False,False,0.95,0.95,0.0,HLA-A02_like,HLA-A02_like,FAKYLWEWA,FAKYLWEEA,0.72,0.72,0.0,IPSSWAFAKYLWEWA,IPSSWAFAKYLWEEA,0.95,0.95,0.0,1.049,1.043,-0.006,0.0,13.0,13.0,internal_motif_model_v2,0,0,0,,0,10.0,10,-0.011504424778761124,10,-0.9971895380267899,10,10,10
182,183,195,F,S,-2.954404830932617,1.1111422341177786,,0,0,,,,,0.0,0.0,msa_v1_remapped,74.73678020249761,0.31140325084374,partial,0,183,False,False,False,0.95,0.95,0.0,HLA-A02_like,HLA-A02_like,LVPFVQWFV,LVPFVQWSV,0.64,0.64,0.0,RFSWLSLLVPFVQWF,RFSWLSLLVPFVQWS,0.95,0.95,0.0,1.127,1.116,-0.011,0.0,0.0,0.0,internal_motif_model_v2,0,0,0,,0,10.0,10,-0.015929203539822967,10,0.0,10,10,10
34,35,47,W,T,-2.955324172973633,-0.7716815179551304,7.0,139,48,W,1.0,0.0,-0.0,1.0,30.0,msa_v1_remapped,142.29247021830784,0.4992718253273959,surface,0,35,False,False,False,0.9,0.9,0.0,HLA-B07_like,HLA-B07_like,IPQSLDSWW,IPQSLDSTW,0.54,0.54,0.0,QSLDSWWTSLNFLGG,QSLDSTWTSLNFLGG,0.9,0.9,0.0,0.976,0.979,0.002,0.0,0.0,0.0,internal_motif_model_v2,0,0,0,,0,10.0,10,0.0008849557522124796,10,0.0,10,10,10
183,184,196,V,T,-2.9563732147216797,2.746398522940354,,0,0,,,,,0.0,0.0,msa_v1_remapped,113.48126328424244,0.6521911683002438,surface,0,184,False,False,False,0.95,0.5,-0.45,HLA-A02_like,HLA-A02_like,LVPFVQWFV,LVPFVQWFT,0.64,0.64,0.0,FSWLSLLVPFVQWFV,FSWLSLLVPFVQWFT,0.95,0.64,-0.31,1.074,1.006,-0.068,18.0,0.0,18.0,internal_motif_model_v2,0,0,0,,0,10.0,10,-0.021681415929203474,10,0.0,10,10,10
143,144,156,D,L,-2.957939624786377,4.714365286631562,86.0,139,139,D,0.9568345323741008,0.0,0.0658688907339786,0.9341311092660214,30.0,msa_v1_remapped,158.39391168293363,0.8206938429167546,surface,4,144,True,True,True,0.35,0.4,0.05,HLA-A02_like,HLA-A02_like,DGNCTCIPI,LGNCTCIPI,0.28,0.36,0.08,KPTDGNCTCIPIPSS,CCTKPTLGNCTCIPI,0.35,0.4,0.05,0.976,1.031,0.055,12.0,41.0,53.0,internal_motif_model_v2,0,15,19,surface_hydrophobic_gain;antibody_interface_mutation,0,10.0,10,0.03230088495575223,10,0.9988792390601553,10,10,10
202,203,215,P,G,-2.9585680961608887,-1.8031688317748265,,0,0,,,,,0.0,0.0,msa_v1_remapped,95.11239617144416,0.5981911708895858,surface,0,203,False,False,False,0.85,0.85,0.0,HLA-A02_like,HLA-A02_like,MMWYWGPSL,MMWYWGGSL,0.72,0.72,0.0,TVWLSAIWMMWYWGP,TVWLSAIWMMWYWGG,0.85,0.85,0.0,1.059,1.032,-0.027,0.0,0.0,0.0,internal_motif_model_v2,0,0,4,new_glycine,0,10.0,10,0.005309734513274433,10,0.0,10,10,10
164,165,177,W,G,-2.959531545639038,3.324487879634546,107.0,139,139,W,0.9856115107913668,0.0,0.0284685318889823,0.9715314681110176,30.0,msa_v1_remapped,149.76631914119795,0.5254958566357822,surface,0,165,True,False,False,0.95,0.95,0.0,HLA-A02_like,HLA-A02_like,FAKYLWEWA,FAKYLWEGA,0.72,0.72,0.0,IPSSWAFAKYLWEWA,IPSSWAFAKYLWEGA,0.95,0.95,0.0,1.049,1.047,-0.003,0.0,13.0,13.0,internal_motif_model_v2,0,0,4,new_glycine,0,10.0,10,0.0022123893805309214,10,0.0,10,10,10
166,167,179,S,R,-2.961732864379883,2.1274980644365087,109.0,139,139,S,1.0,0.0,-0.0,1.0,30.0,msa_v1_remapped,33.777801025607964,0.2179212969394062,partial,0,167,True,False,False,0.95,0.95,0.0,HLA-A02_like,HLA-A02_like,WASVRFSWL,WARVRFSWL,0.72,0.72,0.0,PSSWAFAKYLWEWAS,PSSWAFAKYLWEWAR,0.95,0.95,0.0,1.024,1.004,-0.02,0.0,8.0,8.0,internal_motif_model_v2,0,0,0,,0,9.6,10,-0.01637168141592915,10,0.9999900000999986,8,10,10
59,60,72,H,N,-2.963777780532837,2.570614927633983,,0,0,,,,,0.0,0.0,msa_v1_remapped,91.56181841983944,0.4087581179457117,surface,0,60,False,False,False,0.45,0.45,0.0,HLA-A03_like,HLA-A03_like,QSPTSNHSP,QSPTSNNSP,0.18,0.18,0.0,PVCLGQNSQSPTSNH,PVCLGQNSQSPTSNN,0.45,0.45,0.0,0.97,0.923,-0.047,0.0,0.0,0.0,internal_motif_model_v2,0,0,0,,0,10.0,10,-0.0013274336283185528,10,-0.08717418825458623,10,10,10
79,80,92,F,T,-2.9659361839294434,-0.9813725604591924,22.0,139,55,F,0.9818181818181818,0.0,0.0303351945483401,0.96966480545166,30.0,msa_v1_remapped,121.97044982003156,0.5082102075834648,surface,0,80,False,False,False,0.95,0.95,0.0,HLA-A02_like,HLA-A02_like,WMCLRRFII,WMCLRRTII,0.72,0.72,0.0,PPICPGYRWMCLRRF,MCLRRTIIFLFILLL,0.95,0.95,0.0,1.069,1.043,-0.026,0.0,0.0,0.0,internal_motif_model_v2,0,0,0,,0,10.0,10,-0.015486725663716894,10,0.0,10,10,10
63,64,76,S,V,-2.9674220085144043,0.9961560240823246,,0,0,,,,,0.0,0.0,msa_v1_remapped,75.58259747580891,0.487629661134251,surface,4,64,False,False,False,0.35,0.35,0.0,HLA-A03_like,HLA-A02_like,PTSNHSPTS,PTSNHSPTV,0.46,0.46,0.0,TSCPPICPGYRWMCL,TVCPPICPGYRWMCL,0.46,0.46,0.0,1.077,1.13,0.053,0.0,0.0,0.0,internal_motif_model_v2,0,0,4,surface_hydrophobic_gain,0,10.0,10,0.022123893805309658,10,0.0,10,10,10
169,170,182,F,I,-2.967668056488037,1.7958011216957177,112.0,139,139,F,1.0,0.0,-0.0,1.0,30.0,msa_v1_remapped,111.10179587567232,0.462924149481968,surface,4,170,False,False,False,0.95,0.95,0.0,HLA-A02_like,HLA-A02_like,WASVRFSWL,WASVRISWL,0.72,0.72,0.0,WAFAKYLWEWASVRF,WAFAKYLWEWASVRI,0.95,0.95,0.0,1.073,1.082,0.009,0.0,0.0,0.0,internal_motif_model_v2,0,0,4,surface_hydrophobic_gain,0,10.0,10,0.007522123893805355,10,0.0,10,10,10
202,203,215,P,Y,-2.9677605628967285,-2.008384304128981,,0,0,,,,,0.0,0.0,msa_v1_remapped,95.11239617144416,0.5981911708895858,surface,4,203,False,False,False,0.85,0.85,0.0,HLA-A02_like,HLA-A02_like,MMWYWGPSL,MMWYWGYSL,0.72,0.72,0.0,TVWLSAIWMMWYWGP,TVWLSAIWMMWYWGY,0.85,0.85,0.0,1.059,1.073,0.014,0.0,0.0,0.0,internal_motif_model_v2,0,0,4,surface_hydrophobic_gain,0,10.0,10,0.0013274336283185528,10,-0.0009990009990010762,10,10,10
166,167,179,S,Q,-2.9691286087036133,3.1609858478813635,109.0,139,139,S,1.0,0.0,-0.0,1.0,24.0,msa_v1_remapped,33.777801025607964,0.2179212969394062,partial,0,167,True,False,False,0.95,0.95,0.0,HLA-A02_like,HLA-A02_like,WASVRFSWL,WAQVRFSWL,0.72,0.72,0.0,PSSWAFAKYLWEWAS,PSSWAFAKYLWEWAQ,0.95,0.95,0.0,1.024,1.024,0.0,0.0,4.8,4.8,internal_motif_model_v2,0,0,0,,0,10.0,10,-0.011946902654867197,10,0.0,10,10,10
78,79,91,R,C,-2.9714231491088867,3.870544607050533,21.0,139,55,R,1.0,0.0,-0.0,1.0,30.0,msa_v1_remapped,124.31419103694508,0.4537014271421353,surface,0,79,False,False,False,0.95,0.85,-0.1,HLA-A02_like,HLA-A02_like,WMCLRRFII,WMCLRCFII,0.72,0.72,0.0,PPICPGYRWMCLRRF,PPICPGYRWMCLRCF,0.95,0.85,-0.1,1.115,1.192,0.077,0.0,0.0,0.0,internal_motif_model_v2,10,0,10,new_cysteine,10,9.299999999999999,10,0.030973451327433565,10,-1.0098909901990085,8,10,7
3,4,16,I,V,-2.972055673599243,0.1123074082771609,,0,0,,,,,0.0,0.0,msa_v1_remapped,158.29967646969652,0.8035516572065813,surface,4,4,False,False,False,0.35,0.35,0.0,HLA-A02_like,HLA-A02_like,GENITSGFL,GENVTSGFL,0.64,0.64,0.0,NITSGFLGPLLVLQA,NVTSGFLGPLLVLQA,0.64,0.64,0.0,0.921,0.954,0.033,0.0,0.0,0.0,internal_motif_model_v2,0,0,4,surface_hydrophobic_gain,0,10.0,10,-0.0013274336283185528,10,0.0,10,10,10
167,168,180,V,Q,-2.9743757247924805,1.7342270605996075,110.0,139,139,V,0.5827338129496403,0.0,0.2267873717109939,0.773212628289006,17.0,msa_v1_remapped,111.18428153238494,0.6389901237493387,surface,0,168,True,False,False,0.95,0.95,0.0,HLA-A02_like,HLA-A02_like,WASVRFSWL,WASQRFSWL,0.72,0.72,0.0,SSWAFAKYLWEWASV,SSWAFAKYLWEWASQ,0.95,0.95,0.0,1.047,0.994,-0.053,0.0,13.0,13.0,internal_motif_model_v2,0,0,0,,0,10.0,10,-0.034070796460176966,10,0.0,10,10,10
75,76,88,C,I,-2.977094888687134,2.8840289889798214,18.0,139,55,C,0.9636363636363636,0.0,0.0605579893382868,0.9394420106617132,30.0,msa_v1_remapped,53.55048253247756,0.3206615720507638,partial,0,76,False,False,False,0.95,0.95,0.0,HLA-A02_like,HLA-A02_like,WMCLRRFII,WMILRRFII,0.72,0.72,0.0,PPICPGYRWMCLRRF,PPICPGYRWMILRRF,0.95,0.95,0.0,1.0,0.963,-0.037,0.0,0.0,0.0,internal_motif_model_v2,25,0,25,possible_disulfide_loss,10,10.0,10,0.008849557522123908,10,0.00990099009900991,10,10,10
176,177,189,V,A,-2.9777989387512207,-7.214998386254422,,0,0,,,,,0.0,0.0,msa_v1_remapped,60.24524161001862,0.3462370207472334,partial,0,177,False,False,False,0.95,0.95,0.0,HLA-A02_like,HLA-A02_like,LVPFVQWFV,LAPFVQWFV,0.72,0.72,0.0,WEWASVRFSWLSLLV,WEWASVRFSWLSLLA,0.95,0.95,0.0,1.205,1.159,-0.046,0.0,0.0,0.0,internal_motif_model_v2,0,0,0,,0,10.0,10,-0.010619469026548645,10,0.0,10,10,10
75,76,88,C,W,-2.978302240371704,1.477160286709818,18.0,139,55,C,0.9636363636363636,0.0,0.0605579893382868,0.9394420106617132,30.0,msa_v1_remapped,53.55048253247756,0.3206615720507638,partial,0,76,False,False,False,0.95,0.95,0.0,HLA-A02_like,HLA-A02_like,WMCLRRFII,WMWLRRFII,0.72,0.72,0.0,PPICPGYRWMCLRRF,PPICPGYRWMWLRRF,0.95,0.95,0.0,1.0,0.926,-0.074,0.0,0.0,0.0,internal_motif_model_v2,25,0,25,possible_disulfide_loss,10,10.0,10,-0.015044247787610598,10,0.00990099009900991,10,10,10
116,117,129,S,G,-2.978362560272217,3.4917159322680504,59.0,139,139,S,0.9856115107913668,0.0071942446043165,0.0284685318889823,0.9715314681110176,27.0,msa_v1_remapped,96.1607707726883,0.6203920695012148,surface,0,117,True,False,False,0.8,0.8,0.0,HLA-A03_like,HLA-A03_like,TTTSTGPCK,TTTGTGPCK,0.28,0.28,0.0,MLPVCPLIPGSTTTS,MLPVCPLIPGSTTTG,0.8,0.8,0.0,0.941,0.921,-0.02,0.0,13.0,13.0,internal_motif_model_v2,0,0,4,new_glycine,0,10.0,10,0.001769911504424737,10,0.0,10,10,10
119,120,132,P,A,-2.9785351753234863,2.410433355242162,62.0,139,139,P,0.9568345323741008,0.0,0.0685482845239413,0.9314517154760588,30.0,msa_v1_remapped,84.19185568281821,0.5295085263070328,surface,0,120,True,False,True,0.8,0.8,0.0,HLA-A03_like,HLA-A03_like,TTTSTGPCK,TTTSTGACK,0.28,0.36,0.08,VCPLIPGSTTTSTGP,TTTSTGACKTCTTPA,0.8,0.8,0.0,1.016,1.016,0.0,0.0,33.0,33.0,internal_motif_model_v2,0,15,19,surface_hydrophobic_gain;antibody_interface_mutation,0,10.0,10,0.015044247787610598,10,0.0,10,10,10
54,55,67,S,A,-2.978684425354004,4.102716768904315,,0,0,,,,,0.0,0.0,msa_v1_remapped,63.40593514694224,0.4090705493351112,surface,0,55,False,False,False,0.45,0.45,0.0,HLA-A02_like,HLA-A02_like,CLGQNSQSP,CLGQNSQAP,0.28,0.28,0.0,FLGGSPVCLGQNSQS,FLGGSPVCLGQNSQA,0.45,0.45,0.0,0.971,0.979,0.007,0.0,0.0,0.0,internal_motif_model_v2,0,0,4,surface_hydrophobic_gain,0,10.0,10,0.011504424778761124,10,0.0,10,10,10
164,165,177,W,R,-2.98005747795105,2.02695301022203,107.0,139,139,W,0.9856115107913668,0.0,0.0284685318889823,0.9715314681110176,30.0,msa_v1_remapped,149.76631914119795,0.5254958566357822,surface,0,165,True,False,False,0.95,0.95,0.0,HLA-A02_like,HLA-A02_like,FAKYLWEWA,FAKYLWERA,0.72,0.72,0.0,IPSSWAFAKYLWEWA,IPSSWAFAKYLWERA,0.95,0.95,0.0,1.049,1.047,-0.003,0.0,13.0,13.0,internal_motif_model_v2,0,0,0,,0,9.6,10,-0.015929203539822967,10,0.9999900000999986,8,10,10
170,171,183,S,A,-2.980739116668701,1.7435802669278928,,0,0,,,,,0.0,0.0,msa_v1_remapped,87.97547677746624,0.5675837211449435,surface,0,171,False,False,False,0.95,0.95,0.0,HLA-A02_like,HLA-A02_like,WASVRFSWL,WASVRFAWL,0.72,0.72,0.0,AFAKYLWEWASVRFS,AFAKYLWEWASVRFA,0.95,0.95,0.0,1.073,1.081,0.007,0.0,0.0,0.0,internal_motif_model_v2,0,0,4,surface_hydrophobic_gain,0,10.0,10,0.011504424778761124,10,0.0,10,10,10
184,185,197,G,A,-2.9808926582336426,-0.5903839199668823,,0,0,,,,,0.0,0.0,msa_v1_remapped,65.41268400309048,0.6289681154143315,surface,0,185,False,False,False,0.45,0.8,0.35,HLA-B07_like,HLA-A02_like,VPFVQWFVG,VALSPTVWL,0.72,0.72,0.0,GLSPTVWLSAIWMMW,SWLSLLVPFVQWFVA,0.72,0.8,0.08,1.081,1.108,0.027,0.0,0.0,0.0,internal_motif_model_v2,0,0,4,surface_hydrophobic_gain,0,10.0,10,0.009734513274336276,10,0.0,10,10,10
184,185,197,G,I,-2.9822068214416504,4.94737228052503,,0,0,,,,,0.0,0.0,msa_v1_remapped,65.41268400309048,0.6289681154143315,surface,4,185,False,False,False,0.45,0.9,0.45,HLA-B07_like,HLA-B07_like,VPFVQWFVG,VPFVQWFVI,0.72,0.72,0.0,GLSPTVWLSAIWMMW,SWLSLLVPFVQWFVI,0.72,0.9,0.18,1.081,1.121,0.04,0.0,0.0,0.0,internal_motif_model_v2,0,0,4,surface_hydrophobic_gain,0,10.0,10,0.021681415929203585,10,0.0,10,10,10
184,185,197,G,T,-2.98250675201416,1.8680696637477467,,0,0,,,,,0.0,0.0,msa_v1_remapped,65.41268400309048,0.6289681154143315,surface,0,185,False,False,False,0.45,0.5,0.05,HLA-B07_like,HLA-A02_like,VPFVQWFVG,FVQWFVTLS,0.72,0.72,0.0,GLSPTVWLSAIWMMW,TLSPTVWLSAIWMMW,0.72,0.72,0.0,1.081,1.086,0.005,0.0,0.0,0.0,internal_motif_model_v2,0,0,0,,0,10.0,10,-0.0013274336283185528,10,0.0,10,10,10
137,138,150,C,V,-2.982994556427002,-0.7490979260750805,80.0,139,139,C,1.0,0.0,-0.0,1.0,30.0,msa_v1_remapped,84.83355739824049,0.5079853736421586,surface,4,138,True,True,True,0.4,0.4,0.0,HLA-A03_like,HLA-A03_like,MFPSCCCTK,MFPSCVCTK,0.28,0.28,0.0,CTTPAQGNSMFPSCC,CTTPAQGNSMFPSCV,0.4,0.4,0.0,1.164,1.16,-0.004,12.0,41.0,53.0,internal_motif_model_v2,25,15,44,possible_disulfide_loss;surface_hydrophobic_gain;antibody_interface_mutation,10,10.0,10,0.007522123893805355,10,0.00990099009900991,10,10,10
192,193,205,S,T,-2.9850192070007324,4.538844267560421,,0,0,,,,,0.0,0.0,msa_v1_remapped,56.98141586946296,0.3676220378675029,surface,0,193,False,False,False,0.9,0.9,0.0,HLA-B07_like,HLA-B07_like,SPTVWLSAI,SPTVWLTAI,0.72,0.72,0.0,GLSPTVWLSAIWMMW,GLSPTVWLTAIWMMW,0.9,0.9,0.0,1.092,1.078,-0.015,0.0,0.0,0.0,internal_motif_model_v2,0,0,0,,0,10.0,10,0.0004424778761062953,10,0.0,10,10,10
206,207,219,S,T,-2.98531723022461,0.5939266524492837,,0,0,,,,,0.0,0.0,msa_v1_remapped,76.10937973196283,0.4910282563352441,surface,0,207,False,False,False,0.8,0.8,0.0,HLA-A02_like,HLA-A02_like,SIVSPFIPL,TIVSPFIPL,0.54,0.54,0.0,SAIWMMWYWGPSLYS,SAIWMMWYWGPSLYT,0.8,0.8,0.0,1.14,1.126,-0.015,0.0,0.0,0.0,internal_motif_model_v2,0,0,0,,0,10.0,10,0.0004424778761062953,10,0.0,10,10,10
120,121,133,C,L,-2.986502170562744,0.4578526367955646,63.0,139,139,C,1.0,0.0,-0.0,1.0,30.0,msa_v1_remapped,35.76532333471624,0.214163612782732,partial,0,121,True,False,True,0.8,0.9,0.1,HLA-A03_like,HLA-A02_like,TTTSTGPCK,PLKTCTTPA,0.28,0.28,0.0,GPCKTCTTPAQGNSM,GPLKTCTTPAQGNSM,0.8,0.9,0.1,1.073,1.05,-0.023,0.0,28.0,28.0,internal_motif_model_v2,25,15,40,possible_disulfide_loss;antibody_interface_mutation,10,10.0,10,0.005752212389380507,10,0.00990099009900991,10,10,10
32,33,45,D,T,-2.987304210662842,3.870971062318347,5.0,139,48,D,1.0,0.0,-0.0,1.0,30.0,msa_v1_remapped,73.69412329988302,0.3818348357506892,surface,0,33,False,False,False,0.9,0.9,0.0,HLA-B07_like,HLA-B07_like,IPQSLDSWW,IPQSLTSWW,0.54,0.54,0.0,FFLLTRILTIPQSLD,FFLLTRILTIPQSLT,0.9,0.9,0.0,0.992,0.998,0.006,0.0,0.0,0.0,internal_motif_model_v2,0,0,0,,0,10.0,10,0.012389380530973493,10,0.9988792390601553,10,10,10
25,26,38,L,T,-2.9873132705688477,4.555641123357191,,0,0,,,,,0.0,0.0,msa_v1_remapped,97.00087034737004,0.4825913947630351,surface,0,26,False,False,False,0.95,0.95,0.0,HLA-A02_like,HLA-A02_like,FLLTRILTI,FLLTRITTI,0.72,0.72,0.0,LLVLQAGFFLLTRIL,LLVLQAGFFLLTRIT,0.95,0.95,0.0,1.044,0.995,-0.049,0.0,0.0,0.0,internal_motif_model_v2,0,0,0,,0,10.0,10,-0.019911504424778848,10,0.0,10,10,10
133,134,146,F,N,-2.9904866218566895,1.1027896851236392,76.0,139,139,F,0.6258992805755396,0.0,0.3030003340421455,0.6969996659578545,17.0,msa_v1_remapped,149.88630284782386,0.6245262618659327,surface,0,134,True,True,True,0.8,0.4,-0.4,HLA-B07_like,HLA-A03_like,TPAQGNSMF,MNPSCCCTK,0.28,0.28,0.0,PCKTCTTPAQGNSMF,PCKTCTTPAQGNSMN,0.8,0.4,-0.4,1.028,0.983,-0.045,30.0,41.0,71.0,internal_motif_model_v2,0,15,15,antibody_interface_mutation,0,10.0,10,-0.027876106194690276,10,0.0,10,10,10
24,25,37,I,A,-2.991421699523926,0.8586340654167088,,0,0,,,,,0.0,0.0,msa_v1_remapped,105.45426785964946,0.5353008520794389,surface,0,25,False,False,False,0.95,0.95,0.0,HLA-A02_like,HLA-A02_like,FLLTRILTI,FLLTRALTI,0.72,0.72,0.0,PLLVLQAGFFLLTRI,PLLVLQAGFFLLTRA,0.95,0.95,0.0,1.071,1.058,-0.013,0.0,0.0,0.0,internal_motif_model_v2,0,0,4,surface_hydrophobic_gain,0,10.0,10,-0.011946902654867197,10,0.0,10,10,10
31,32,44,L,V,-2.992112159729004,0.927027053423501,4.0,139,48,L,1.0,0.0,-0.0,1.0,24.0,msa_v1_remapped,100.09697273933588,0.4979948892504272,surface,4,32,False,False,False,0.9,0.9,0.0,HLA-B07_like,HLA-B07_like,IPQSLDSWW,IPQSVDSWW,0.54,0.54,0.0,GFFLLTRILTIPQSL,GFFLLTRILTIPQSV,0.9,0.9,0.0,1.016,1.035,0.019,0.0,0.0,0.0,internal_motif_model_v2,0,0,4,surface_hydrophobic_gain,0,10.0,10,0.001769911504424737,10,0.0,10,10,10
206,207,219,S,V,-2.995579957962036,1.9801861946644976,,0,0,,,,,0.0,0.0,msa_v1_remapped,76.10937973196283,0.4910282563352441,surface,4,207,False,False,False,0.8,0.8,0.0,HLA-A02_like,HLA-A02_like,SIVSPFIPL,VIVSPFIPL,0.54,0.54,0.0,SAIWMMWYWGPSLYS,SAIWMMWYWGPSLYV,0.8,0.8,0.0,1.14,1.193,0.053,0.0,0.0,0.0,internal_motif_model_v2,0,0,4,surface_hydrophobic_gain,0,10.0,10,0.022123893805309658,10,0.0,10,10,10
36,37,49,T,K,-2.9972004890441895,1.338824690411741,9.0,139,48,T,1.0,0.0,-0.0,1.0,30.0,msa_v1_remapped,63.71829742130337,0.3704552175657172,surface,0,37,False,False,False,0.9,0.9,0.0,HLA-A02_like,HLA-A02_like,SLDSWWTSL,SLDSWWKSL,0.54,0.54,0.0,QSLDSWWTSLNFLGG,QSLDSWWKSLNFLGG,0.9,0.9,0.0,0.964,0.967,0.003,0.0,0.0,0.0,internal_motif_model_v2,0,0,0,,0,9.6,10,-0.01415929203539823,10,0.999000999000998,8,10,10
171,172,184,W,A,-2.9992754459381104,-0.2234044460083737,,0,0,,,,,0.0,0.0,msa_v1_remapped,149.88290992775796,0.5259049471149402,surface,0,172,False,False,False,0.95,0.95,0.0,HLA-A02_like,HLA-A02_like,WASVRFSWL,WASVRFSAL,0.72,0.72,0.0,FAKYLWEWASVRFSW,FAKYLWEWASVRFSA,0.95,0.95,0.0,1.054,1.079,0.024,0.0,0.0,0.0,internal_motif_model_v2,0,0,4,surface_hydrophobic_gain,0,10.0,10,0.011946902654867309,10,0.0,10,10,10
127,128,140,A,L,-3.0000762939453125,0.6454675366381366,70.0,139,139,A,0.9568345323741008,0.0,0.0718774674471033,0.9281225325528968,24.0,msa_v1_remapped,102.68746720963291,0.7960268775940537,surface,4,128,True,True,True,0.8,0.8,0.0,HLA-B07_like,HLA-B07_like,TPAQGNSMF,TPLQGNSMF,0.28,0.28,0.0,GPCKTCTTPAQGNSM,GPCKTCTTPLQGNSM,0.8,0.8,0.0,0.944,0.971,0.027,7.2,24.6,31.8,internal_motif_model_v2,0,15,19,surface_hydrophobic_gain;antibody_interface_mutation,0,10.0,10,0.008849557522123908,10,0.0,10,10,10
20,21,33,L,A,-3.0013270378112793,-0.0792030659945908,,0,0,,,,,0.0,0.0,msa_v1_remapped,107.34274203557536,0.5340434927143053,surface,0,21,False,False,False,0.95,0.95,0.0,HLA-A02_like,HLA-A02_like,FLLTRILTI,FALTRILTI,0.72,0.72,0.0,PLLVLQAGFFLLTRI,PLLVLQAGFFALTRI,0.95,0.95,0.0,1.048,1.022,-0.027,0.0,0.0,0.0,internal_motif_model_v2,0,0,4,surface_hydrophobic_gain,0,10.0,10,-0.008849557522123908,10,0.0,10,10,10
153,154,166,S,A,-3.0019705295562744,2.701452444717404,96.0,139,139,S,1.0,0.0,-0.0,1.0,30.0,msa_v1_remapped,50.364605988842754,0.3249329418635016,partial,0,154,True,False,False,0.9,0.9,0.0,HLA-A02_like,HLA-A02_like,PIPSSWAFA,PIPASWAFA,0.72,0.72,0.0,IPSSWAFAKYLWEWA,TCIPIPASWAFAKYL,0.9,0.9,0.0,1.037,1.045,0.007,0.0,8.0,8.0,internal_motif_model_v2,0,0,0,,0,10.0,10,0.011504424778761124,10,0.0,10,10,10
127,128,140,A,V,-3.0021235942840576,4.424033962697877,70.0,139,139,A,0.9568345323741008,0.0287769784172661,0.0718774674471033,0.9281225325528968,21.0,msa_v1_remapped,102.68746720963291,0.7960268775940537,surface,4,128,True,True,True,0.8,0.8,0.0,HLA-B07_like,HLA-B07_like,TPAQGNSMF,TPVQGNSMF,0.28,0.28,0.0,GPCKTCTTPAQGNSM,GPCKTCTTPVQGNSM,0.8,0.8,0.0,0.944,0.99,0.046,7.2,24.6,31.8,internal_motif_model_v2,0,15,19,surface_hydrophobic_gain;antibody_interface_mutation,0,10.0,10,0.010619469026548645,10,0.0,10,10,10
120,121,133,C,V,-3.002763271331787,1.295746455745757,63.0,139,139,C,1.0,0.0,-0.0,1.0,30.0,msa_v1_remapped,35.76532333471624,0.214163612782732,partial,0,121,True,False,True,0.8,0.9,0.1,HLA-A03_like,HLA-A02_like,TTTSTGPCK,PVKTCTTPA,0.28,0.28,0.0,GPCKTCTTPAQGNSM,GPVKTCTTPAQGNSM,0.8,0.9,0.1,1.073,1.069,-0.004,0.0,28.0,28.0,internal_motif_model_v2,25,15,40,possible_disulfide_loss;antibody_interface_mutation,10,10.0,10,0.007522123893805355,10,0.00990099009900991,10,10,10
28,29,41,P,V,-3.004061460494995,-6.149427705262042,1.0,139,48,P,1.0,0.0,-0.0,1.0,30.0,msa_v1_remapped,71.6406778105318,0.4505703006951685,surface,4,29,False,False,False,0.9,0.95,0.05,HLA-B07_like,HLA-A02_like,IPQSLDSWW,LLTRILTIV,0.72,0.72,0.0,LQAGFFLLTRILTIP,LQAGFFLLTRILTIV,0.9,0.95,0.05,1.093,1.139,0.046,0.0,0.0,0.0,internal_motif_model_v2,0,0,4,surface_hydrophobic_gain,0,10.0,10,0.025663716814159354,10,0.0,10,10,10
53,54,66,Q,G,-3.007119655609131,1.4794009596523097,,0,0,,,,,0.0,0.0,msa_v1_remapped,195.53090463568964,0.8690262428252873,surface,0,54,False,False,False,0.45,0.45,0.0,HLA-A02_like,HLA-A03_like,CLGQNSQSP,GSPTSNHSP,0.28,0.28,0.0,NFLGGSPVCLGQNSQ,NFLGGSPVCLGQNSG,0.45,0.45,0.0,0.972,0.952,-0.02,0.0,0.0,0.0,internal_motif_model_v2,0,0,4,new_glycine,0,10.0,10,0.013716814159292157,10,0.0,10,10,10
19,20,32,F,W,-3.0082921981811523,1.0536660646229166,,0,0,,,,,0.0,0.0,msa_v1_remapped,125.22908564952348,0.5217878568730145,surface,4,20,False,False,False,0.95,0.95,0.0,HLA-A02_like,HLA-A02_like,FLLTRILTI,WLLTRILTI,0.72,0.72,0.0,PLLVLQAGFFLLTRI,PLLVLQAGFWLLTRI,0.95,0.95,0.0,1.076,1.047,-0.028,0.0,0.0,0.0,internal_motif_model_v2,0,0,4,surface_hydrophobic_gain,0,10.0,10,-0.01637168141592915,10,0.0,10,10,10
39,40,52,N,C,-3.009631395339966,3.91234560247176,12.0,139,48,N,0.9791666666666666,0.0,0.033803026545712,0.966196973454288,30.0,msa_v1_remapped,45.19281563153832,0.2317580288796837,partial,0,40,False,False,False,0.5,0.5,0.0,HLA-A03_like,HLA-A03_like,WTSLNFLGG,WTSLCFLGG,0.54,0.54,0.0,QSLDSWWTSLNFLGG,QSLDSWWTSLCFLGG,0.54,0.54,0.0,1.023,1.114,0.091,0.0,0.0,0.0,internal_motif_model_v2,10,0,10,new_cysteine,10,9.299999999999999,10,0.02654867256637161,10,-0.00990099009900991,8,10,7
136,137,149,C,A,-3.010565996170044,-0.1384562342148001,79.0,139,139,C,0.9928057553956836,0.0,0.0142429670997965,0.9857570329002034,30.0,msa_v1_remapped,24.389113681243025,0.1460425968936708,buried,0,137,True,True,True,0.4,0.4,0.0,HLA-A03_like,HLA-A03_like,MFPSCCCTK,MFPSACCTK,0.28,0.36,0.08,TCTTPAQGNSMFPSC,AQGNSMFPSACCTKP,0.4,0.4,0.0,1.187,1.138,-0.05,12.0,36.0,48.0,internal_motif_model_v2,25,15,40,possible_disulfide_loss;antibody_interface_mutation,10,10.0,10,-0.00309734513274329,10,0.00990099009900991,10,10,10
171,172,184,W,G,-3.0122036933898926,3.6786063446751314,,0,0,,,,,0.0,0.0,msa_v1_remapped,149.88290992775796,0.5259049471149402,surface,0,172,False,False,False,0.95,0.95,0.0,HLA-A02_like,HLA-A02_like,WASVRFSWL,WASVRFSGL,0.72,0.72,0.0,FAKYLWEWASVRFSW,FAKYLWEWASVRFSG,0.95,0.95,0.0,1.054,1.052,-0.003,0.0,0.0,0.0,internal_motif_model_v2,0,0,4,new_glycine,0,10.0,10,0.0022123893805309214,10,0.0,10,10,10
125,126,138,T,V,-3.0137643814086914,2.639411408204296,68.0,139,139,T,0.9424460431654677,0.0,0.0922175486667447,0.9077824513332552,30.0,msa_v1_remapped,90.1099250917976,0.5238949133244046,surface,4,126,True,True,True,0.8,0.8,0.0,HLA-B07_like,HLA-A02_like,TPAQGNSMF,TVPAQGNSM,0.28,0.28,0.0,GPCKTCTTPAQGNSM,STGPCKTCTVPAQGN,0.8,0.8,0.0,1.04,1.108,0.068,12.0,41.0,53.0,internal_motif_model_v2,0,15,19,surface_hydrophobic_gain;antibody_interface_mutation,0,10.0,10,0.021681415929203585,10,0.0,10,10,10
45,46,58,P,T,-3.0165982246398926,3.763555601778478,,0,0,,,,,0.0,0.0,msa_v1_remapped,94.82216327573492,0.5963658067656283,surface,0,46,False,False,False,0.85,0.85,0.0,HLA-A02_like,HLA-A02_like,FLGGSPVCL,FLGGSTVCL,0.54,0.54,0.0,LDSWWTSLNFLGGSP,LDSWWTSLNFLGGST,0.85,0.85,0.0,1.124,1.102,-0.022,0.0,0.0,0.0,internal_motif_model_v2,0,0,0,,0,10.0,10,0.0039823008849557695,10,0.0,10,10,10
163,164,176,E,F,-3.017244338989258,4.011356200105411,106.0,139,138,E,0.9347826086956522,0.0,0.1054924005299425,0.8945075994700575,30.0,msa_v1_remapped,95.54970586882384,0.4284740173489859,surface,4,164,True,False,False,0.95,0.95,0.0,HLA-A02_like,HLA-A02_like,FAKYLWEWA,FAKYLWFWA,0.72,0.72,0.0,IPSSWAFAKYLWEWA,IPIPSSWAFAKYLWF,0.95,0.95,0.0,1.018,1.052,0.034,0.0,13.0,13.0,internal_motif_model_v2,0,0,4,surface_hydrophobic_gain,0,10.0,10,0.027876106194690276,10,0.9971895380267899,10,10,10
191,192,204,L,N,-3.0174427032470703,2.900624000558196,,0,0,,,,,0.0,0.0,msa_v1_remapped,118.73817823608854,0.5907372051546693,surface,0,192,False,False,False,0.9,0.9,0.0,HLA-B07_like,HLA-B07_like,SPTVWLSAI,SPTVWNSAI,0.72,0.72,0.0,GLSPTVWLSAIWMMW,GLSPTVWNSAIWMMW,0.9,0.9,0.0,1.095,1.027,-0.068,0.0,0.0,0.0,internal_motif_model_v2,0,0,0,,0,10.0,10,-0.03230088495575212,10,0.0,10,10,10
206,207,219,S,Y,-3.017611026763916,3.3007064080954933,,0,0,,,,,0.0,0.0,msa_v1_remapped,76.10937973196283,0.4910282563352441,surface,4,207,False,False,False,0.8,0.85,0.05,HLA-A02_like,HLA-A02_like,SIVSPFIPL,YIVSPFIPL,0.54,0.54,0.0,SAIWMMWYWGPSLYS,SAIWMMWYWGPSLYY,0.8,0.85,0.05,1.14,1.162,0.021,0.0,0.0,0.0,internal_motif_model_v2,0,0,4,surface_hydrophobic_gain,0,10.0,10,-0.0022123893805310324,10,-0.0009990009990010762,10,10,10
186,187,199,S,A,-3.0178990364074707,0.5943380569477199,,0,0,,,,,0.0,0.0,msa_v1_remapped,54.90065109039614,0.3541977489702976,surface,0,187,False,False,False,0.9,0.95,0.05,HLA-B07_like,HLA-A02_like,SPTVWLSAI,LAPTVWLSA,0.72,0.72,0.0,GLSPTVWLSAIWMMW,QWFVGLAPTVWLSAI,0.9,0.95,0.05,1.125,1.132,0.007,0.0,0.0,0.0,internal_motif_model_v2,0,0,4,surface_hydrophobic_gain,0,10.0,10,0.011504424778761124,10,0.0,10,10,10
195,196,208,W,T,-3.0182135105133057,1.0720281199407395,,0,0,,,,,0.0,0.0,msa_v1_remapped,143.50009843434776,0.5035091173135009,surface,0,196,False,False,False,0.9,0.9,0.0,HLA-A02_like,HLA-A02_like,TVWLSAIWM,TVWLSAITM,0.72,0.72,0.0,GLSPTVWLSAIWMMW,LSPTVWLSAITMMWY,0.9,0.9,0.0,0.952,0.955,0.002,0.0,0.0,0.0,internal_motif_model_v2,0,0,0,,0,10.0,10,0.0008849557522124796,10,0.0,10,10,10
45,46,58,P,F,-3.01901912689209,3.905583672046987,,0,0,,,,,0.0,0.0,msa_v1_remapped,94.82216327573492,0.5963658067656283,surface,4,46,False,False,False,0.85,0.85,0.0,HLA-A02_like,HLA-A02_like,FLGGSPVCL,FLGGSFVCL,0.54,0.54,0.0,LDSWWTSLNFLGGSP,LDSWWTSLNFLGGSF,0.85,0.85,0.0,1.124,1.128,0.004,0.0,0.0,0.0,internal_motif_model_v2,0,0,4,surface_hydrophobic_gain,0,10.0,10,0.019469026548672552,10,0.0,10,10,10
60,61,73,S,Q,-3.019165515899658,1.5497936123014142,,0,0,,,,,0.0,0.0,msa_v1_remapped,54.46238634884975,0.351370234508708,surface,0,61,False,False,False,0.45,0.45,0.0,HLA-A03_like,HLA-A03_like,QSPTSNHSP,QSPTSNHQP,0.28,0.28,0.0,SPTSCPPICPGYRWM,QPTSCPPICPGYRWM,0.45,0.45,0.0,0.984,0.985,0.0,0.0,0.0,0.0,internal_motif_model_v2,0,0,0,,0,10.0,10,-0.011946902654867197,10,0.0,10,10,10
132,133,145,M,L,-3.0216143131256104,-0.0453823181778716,75.0,139,139,M,0.8992805755395683,0.0359712230215827,0.1457327329274661,0.8542672670725339,13.0,msa_v1_remapped,153.94398391920046,0.6872499282107164,surface,4,133,True,True,True,0.8,0.8,0.0,HLA-B07_like,HLA-B07_like,TPAQGNSMF,TPAQGNSLF,0.28,0.28,0.0,GPCKTCTTPAQGNSM,GPCKTCTTPAQGNSL,0.8,0.8,0.0,0.951,1.011,0.061,7.2,24.6,31.8,internal_motif_model_v2,0,15,19,surface_hydrophobic_gain;antibody_interface_mutation,0,10.0,10,0.008407079646017723,10,0.0,10,10,10
37,38,50,S,T,-3.0254435539245605,2.41381641165151,10.0,139,48,S,1.0,0.0,-0.0,1.0,24.0,msa_v1_remapped,65.58887708547442,0.4231540457127382,surface,0,38,False,False,False,0.9,0.9,0.0,HLA-A02_like,HLA-A02_like,SLDSWWTSL,SLDSWWTTL,0.54,0.54,0.0,QSLDSWWTSLNFLGG,QSLDSWWTTLNFLGG,0.9,0.9,0.0,0.975,0.96,-0.015,0.0,0.0,0.0,internal_motif_model_v2,0,0,0,,0,10.0,10,0.0004424778761062953,10,0.0,10,10,10
105,106,118,V,F,-3.025866746902466,0.9500382252275016,48.0,139,137,V,1.0,0.0,-0.0,1.0,30.0,msa_v1_remapped,84.28376611749164,0.4843894604453542,surface,4,106,True,False,True,0.8,0.8,0.0,HLA-A02_like,HLA-A02_like,GMLPVCPLI,GMLPFCPLI,0.72,0.72,0.0,IFLLVLLDYQGMLPV,IFLLVLLDYQGMLPF,0.8,0.8,0.0,1.178,1.137,-0.042,0.0,33.0,33.0,internal_motif_model_v2,0,15,19,surface_hydrophobic_gain;antibody_interface_mutation,0,10.0,10,-0.006194690265486691,10,0.0,10,10,10
24,25,37,I,T,-3.026304006576538,0.7507415437536338,,0,0,,,,,0.0,0.0,msa_v1_remapped,105.45426785964946,0.5353008520794389,surface,0,25,False,False,False,0.95,0.95,0.0,HLA-A02_like,HLA-A02_like,FLLTRILTI,FLLTRTLTI,0.72,0.64,-0.08,PLLVLQAGFFLLTRI,PLLVLQAGFFLLTRT,0.95,0.95,0.0,1.071,1.036,-0.035,0.0,0.0,0.0,internal_motif_model_v2,0,0,0,,0,10.0,10,-0.023008849557522137,10,0.0,10,10,10
110,111,123,P,Q,-3.02637243270874,4.167203868594868,53.0,139,139,P,0.9928057553956836,0.0071942446043165,0.0142429670997965,0.9857570329002034,27.0,msa_v1_remapped,123.27845820453896,0.7753362151228865,surface,0,111,True,False,False,0.45,0.4,-0.05,HLA-B07_like,HLA-A02_like,IPGSTTTST,MLPVCPLIQ,0.46,0.46,0.0,LLDYQGMLPVCPLIP,LLDYQGMLPVCPLIQ,0.46,0.46,0.0,1.046,1.039,-0.007,0.0,13.0,13.0,internal_motif_model_v2,0,0,0,,0,10.0,10,-0.008407079646017612,10,0.0,10,10,10
166,167,179,S,A,-3.026456832885742,1.6279449702107058,109.0,139,139,S,1.0,0.0,-0.0,1.0,30.0,msa_v1_remapped,33.777801025607964,0.2179212969394062,partial,0,167,True,False,False,0.95,0.95,0.0,HLA-A02_like,HLA-A02_like,WASVRFSWL,WAAVRFSWL,0.72,0.72,0.0,PSSWAFAKYLWEWAS,PSSWAFAKYLWEWAA,0.95,0.95,0.0,1.024,1.031,0.007,0.0,8.0,8.0,internal_motif_model_v2,0,0,0,,0,10.0,10,0.011504424778761124,10,0.0,10,10,10
37,38,50,S,V,-3.0267529487609863,1.6084311026648948,10.0,139,48,S,1.0,0.0,-0.0,1.0,30.0,msa_v1_remapped,65.58887708547442,0.4231540457127382,surface,4,38,False,False,False,0.9,0.9,0.0,HLA-A02_like,HLA-A02_like,SLDSWWTSL,SLDSWWTVL,0.54,0.54,0.0,QSLDSWWTSLNFLGG,QSLDSWWTVLNFLGG,0.9,0.9,0.0,0.975,1.028,0.053,0.0,0.0,0.0,internal_motif_model_v2,0,0,4,surface_hydrophobic_gain,0,10.0,10,0.022123893805309658,10,0.0,10,10,10
6,7,19,G,A,-3.0267984867095947,-1.185817896299568,,0,0,,,,,0.0,0.0,msa_v1_remapped,58.77374474381839,0.5651321609982538,surface,0,7,False,False,False,0.35,0.8,0.45,HLA-A02_like,HLA-A02_like,GENITSGFL,SAFLGPLLV,0.64,0.64,0.0,NITSGFLGPLLVLQA,GENITSAFLGPLLVL,0.64,0.8,0.16,1.023,1.05,0.027,0.0,0.0,0.0,internal_motif_model_v2,0,0,4,surface_hydrophobic_gain,0,10.0,10,0.009734513274336276,10,0.0,10,10,10
31,32,44,L,I,-3.028444766998291,0.4794372258816679,4.0,139,48,L,1.0,0.0,-0.0,1.0,24.0,msa_v1_remapped,100.09697273933588,0.4979948892504272,surface,4,32,False,False,False,0.9,0.9,0.0,HLA-B07_like,HLA-B07_like,IPQSLDSWW,IPQSIDSWW,0.54,0.54,0.0,GFFLLTRILTIPQSL,GFFLLTRILTIPQSI,0.9,0.9,0.0,1.016,1.002,-0.014,0.0,0.0,0.0,internal_motif_model_v2,0,0,4,surface_hydrophobic_gain,0,10.0,10,0.003097345132743401,10,0.0,10,10,10
206,207,219,S,G,-3.0284905433654785,2.651317398379433,,0,0,,,,,0.0,0.0,msa_v1_remapped,76.10937973196283,0.4910282563352441,surface,0,207,False,False,False,0.8,0.8,0.0,HLA-A02_like,HLA-A02_like,SIVSPFIPL,GIVSPFIPL,0.54,0.54,0.0,SAIWMMWYWGPSLYS,SAIWMMWYWGPSLYG,0.8,0.8,0.0,1.14,1.121,-0.02,0.0,0.0,0.0,internal_motif_model_v2,0,0,4,new_glycine,0,10.0,10,0.001769911504424737,10,0.0,10,10,10
84,85,97,F,G,-3.0286319255828857,0.8336680549172115,27.0,139,55,F,1.0,0.0,-0.0,1.0,30.0,msa_v1_remapped,121.97044982003156,0.5082102075834648,surface,0,85,False,False,False,0.95,0.95,0.0,HLA-A02_like,HLA-A02_like,FIIFLFILL,FLGILLLCL,0.72,0.72,0.0,GYRWMCLRRFIIFLF,GYRWMCLRRFIIFLG,0.95,0.95,0.0,1.177,1.146,-0.031,0.0,0.0,0.0,internal_motif_model_v2,0,0,4,new_glycine,0,10.0,10,-0.01415929203539823,10,0.0,10,10,10
128,129,141,Q,N,-3.0304222106933594,3.204199384834965,71.0,139,139,Q,0.9496402877697842,0.0,0.0835009187140195,0.9164990812859805,24.0,msa_v1_remapped,172.83533558940258,0.7681570470640114,surface,0,129,True,True,True,0.8,0.8,0.0,HLA-B07_like,HLA-B07_like,TPAQGNSMF,TPANGNSMF,0.28,0.28,0.0,GPCKTCTTPAQGNSM,GPCKTCTTPANGNSM,0.8,0.8,0.0,0.959,0.925,-0.034,7.2,24.6,31.8,internal_motif_model_v2,0,15,15,antibody_interface_mutation,0,10.0,10,0.0,10,0.0,10,10,10
81,82,94,I,R,-3.031381607055664,3.13639939673169,24.0,139,55,I,0.9818181818181818,0.0,0.0303351945483401,0.96966480545166,30.0,msa_v1_remapped,71.25006474635506,0.3616754555652541,surface,0,82,False,False,False,0.95,0.95,0.0,HLA-A02_like,HLA-A02_like,WMCLRRFII,FIRFLFILL,0.72,0.72,0.0,ICPGYRWMCLRRFII,ICPGYRWMCLRRFIR,0.95,0.95,0.0,1.1,1.06,-0.04,0.0,0.0,0.0,internal_motif_model_v2,0,0,0,,0,9.6,10,-0.039823008849557584,10,0.9999900000999986,8,10,10
207,208,220,I,A,-3.0324625968933105,0.1385633221363491,,0,0,,,,,0.0,0.0,msa_v1_remapped,98.75317533131874,0.501285153966085,surface,0,208,False,False,False,0.8,0.8,0.0,HLA-A02_like,HLA-A02_like,SIVSPFIPL,SAVSPFIPL,0.54,0.54,0.0,AIWMMWYWGPSLYSI,AIWMMWYWGPSLYSA,0.8,0.8,0.0,1.148,1.135,-0.013,0.0,0.0,0.0,internal_motif_model_v2,0,0,4,surface_hydrophobic_gain,0,10.0,10,-0.011946902654867197,10,0.0,10,10,10
45,46,58,P,C,-3.0326454639434814,2.9647030353551713,,0,0,,,,,0.0,0.0,msa_v1_remapped,94.82216327573492,0.5963658067656283,surface,0,46,False,False,False,0.85,0.75,-0.1,HLA-A02_like,HLA-A02_like,FLGGSPVCL,FLGGSCVCL,0.54,0.54,0.0,LDSWWTSLNFLGGSP,LDSWWTSLNFLGGSC,0.85,0.75,-0.1,1.124,1.174,0.05,0.0,0.0,0.0,internal_motif_model_v2,10,0,10,new_cysteine,10,9.299999999999999,10,0.018141592920354,10,-0.00990099009900991,8,10,7
27,28,40,I,R,-3.033209800720215,1.8768301718567384,0.0,139,48,I,0.9583333333333334,0.0,0.0578173184160061,0.942182681583994,30.0,msa_v1_remapped,89.36448798695382,0.4536268425733696,surface,0,28,False,False,False,0.95,0.9,-0.05,HLA-A02_like,HLA-B07_like,FLLTRILTI,RPQSLDSWW,0.72,0.72,0.0,VLQAGFFLLTRILTI,VLQAGFFLLTRILTR,0.95,0.9,-0.05,1.079,1.039,-0.04,0.0,0.0,0.0,internal_motif_model_v2,0,0,0,,0,9.6,10,-0.039823008849557584,10,0.9999900000999986,8,10,10
210,211,223,P,A,-3.0332584381103516,-3.316422488197759,,0,0,,,,,0.0,0.0,msa_v1_remapped,76.72563454689102,0.4825511606722705,surface,0,211,False,False,False,0.8,0.9,0.1,HLA-A02_like,HLA-A02_like,SIVSPFIPL,SIVSAFIPL,0.64,0.64,0.0,VSPFIPLLPIFFCLW,GPSLYSIVSAFIPLL,0.8,0.9,0.1,1.131,1.131,0.0,0.0,0.0,0.0,internal_motif_model_v2,0,0,4,surface_hydrophobic_gain,0,10.0,10,0.015044247787610598,10,0.0,10,10,10
35,36,48,W,R,-3.033975601196289,0.0213698831888677,8.0,139,48,W,1.0,0.0,-0.0,1.0,30.0,msa_v1_remapped,68.72076850094993,0.241125503512105,partial,0,36,False,False,False,0.9,0.9,0.0,HLA-B07_like,HLA-A02_like,IPQSLDSWW,SLDSWRTSL,0.54,0.46,-0.08,QSLDSWWTSLNFLGG,DSWRTSLNFLGGSPV,0.9,0.9,0.0,0.976,0.974,-0.003,0.0,0.0,0.0,internal_motif_model_v2,0,0,0,,0,9.6,10,-0.015929203539822967,10,0.9999900000999986,8,10,10
102,103,115,M,W,-3.03541898727417,0.9694291824037008,45.0,139,124,M,0.9838709677419356,0.0,0.0275608534062741,0.972439146593726,30.0,msa_v1_remapped,130.11034151822395,0.5808497389206426,surface,4,103,True,False,True,0.95,0.8,-0.15,HLA-A02_like,HLA-A02_like,LVLLDYQGM,VLLDYQGWL,0.72,0.72,0.0,LCLIFLLVLLDYQGM,LCLIFLLVLLDYQGW,0.95,0.8,-0.15,1.082,1.091,0.01,10.0,33.0,43.0,internal_motif_model_v2,0,15,19,surface_hydrophobic_gain;antibody_interface_mutation,0,10.0,10,-0.012389380530973382,10,0.0,10,10,10
161,162,174,L,T,-3.0357069969177246,3.544248538236843,104.0,139,139,L,1.0,0.0,-0.0,1.0,30.0,msa_v1_remapped,74.46444181854322,0.3704698597937473,surface,0,162,True,False,False,0.95,0.95,0.0,HLA-A02_like,HLA-A02_like,FAKYLWEWA,FAKYTWEWA,0.72,0.72,0.0,IPSSWAFAKYLWEWA,IPSSWAFAKYTWEWA,0.95,0.95,0.0,1.006,0.957,-0.049,0.0,13.0,13.0,internal_motif_model_v2,0,0,0,,0,10.0,10,-0.019911504424778848,10,0.0,10,10,10
197,198,210,M,T,-3.0381572246551514,3.4552918866241953,,0,0,,,,,0.0,0.0,msa_v1_remapped,126.22557370650097,0.5635070254754507,surface,0,198,False,False,False,0.85,0.5,-0.35,HLA-A02_like,HLA-A02_like,MMWYWGPSL,WLSAIWMTW,0.72,0.72,0.0,GLSPTVWLSAIWMMW,GLSPTVWLSAIWMTW,0.85,0.72,-0.13,0.949,0.961,0.012,0.0,0.0,0.0,internal_motif_model_v2,0,0,0,,0,10.0,10,-0.011504424778761124,10,0.0,10,10,10
74,75,87,M,A,-3.0383100509643555,4.98404153139478,17.0,139,55,M,1.0,0.0,-0.0,1.0,24.0,msa_v1_remapped,44.92917317604907,0.2005766659645047,partial,0,75,False,False,False,0.95,0.95,0.0,HLA-A02_like,HLA-A02_like,WMCLRRFII,WACLRRFII,0.72,0.72,0.0,PPICPGYRWMCLRRF,PPICPGYRWACLRRF,0.95,0.95,0.0,1.041,1.075,0.034,0.0,0.0,0.0,internal_motif_model_v2,0,0,0,,0,10.0,10,-0.0004424778761061843,10,0.0,10,10,10
30,31,43,S,W,-3.039381265640259,1.3602077883650736,3.0,139,48,S,0.9791666666666666,0.0,0.033803026545712,0.966196973454288,30.0,msa_v1_remapped,63.44595903734898,0.4093287679828966,surface,4,31,False,False,False,0.9,0.95,0.05,HLA-B07_like,HLA-A02_like,IPQSLDSWW,WLDSWWTSL,0.72,0.72,0.0,AGFFLLTRILTIPQS,AGFFLLTRILTIPQW,0.9,0.95,0.05,1.053,1.036,-0.017,0.0,0.0,0.0,internal_motif_model_v2,0,0,4,surface_hydrophobic_gain,0,10.0,10,-0.0004424778761061843,10,0.0,10,10,10
187,188,200,P,T,-3.039881706237793,4.652518591809326,,0,0,,,,,0.0,0.0,msa_v1_remapped,98.88934452329592,0.621945563039597,surface,0,188,False,False,False,0.9,0.5,-0.4,HLA-B07_like,HLA-A02_like,SPTVWLSAI,FVGLSTTVW,0.72,0.72,0.0,GLSPTVWLSAIWMMW,GLSTTVWLSAIWMMW,0.9,0.72,-0.18,1.055,1.033,-0.022,10.0,0.0,10.0,internal_motif_model_v2,0,0,0,,0,10.0,10,0.0039823008849557695,10,0.0,10,10,10
26,27,39,T,N,-3.040154457092285,0.9450405102421088,,0,0,,,,,0.0,0.0,msa_v1_remapped,53.25391618597866,0.3096157917789457,partial,0,27,False,False,False,0.95,0.95,0.0,HLA-A02_like,HLA-A02_like,FLLTRILTI,FLLTRILNI,0.72,0.72,0.0,LVLQAGFFLLTRILT,LVLQAGFFLLTRILN,0.95,0.95,0.0,1.059,1.04,-0.019,0.0,0.0,0.0,internal_motif_model_v2,0,0,0,,0,10.0,10,-0.012389380530973382,10,0.0,10,10,10
87,88,100,L,A,-3.0411477088928223,1.155942957133561,30.0,139,55,L,1.0,0.0,-0.0,1.0,24.0,msa_v1_remapped,89.36448798695382,0.4445994427211632,surface,0,88,False,False,False,0.95,0.95,0.0,HLA-A02_like,HLA-A02_like,FIIFLFILL,FIIFLFILA,0.72,0.72,0.0,WMCLRRFIIFLFILL,WMCLRRFIIFLFILA,0.95,0.95,0.0,1.236,1.21,-0.027,0.0,0.0,0.0,internal_motif_model_v2,0,0,4,surface_hydrophobic_gain,0,10.0,10,-0.008849557522123908,10,0.0,10,10,10
124,125,137,T,Q,-3.041184425354004,-1.0849918111317152,67.0,139,139,T,0.9856115107913668,0.0,0.0251393489658203,0.9748606510341796,24.0,msa_v1_remapped,95.07660714793444,0.5527709717903165,surface,0,125,True,True,True,0.35,0.35,0.0,HLA-B07_like,HLA-B07_like,GPCKTCTTP,GPCKTCQTP,0.28,0.28,0.0,GPCKTCTTPAQGNSM,GPCKTCQTPAQGNSM,0.35,0.35,0.0,1.028,1.043,0.015,7.2,24.6,31.8,internal_motif_model_v2,0,15,15,antibody_interface_mutation,0,10.0,10,-0.012389380530973382,10,0.0,10,10,10
204,205,217,L,A,-3.0412325859069824,1.340971430172374,,0,0,,,,,0.0,0.0,msa_v1_remapped,90.57211620299373,0.4506075432984762,surface,0,205,False,False,False,0.85,0.85,0.0,HLA-A02_like,HLA-A02_like,MMWYWGPSL,MMWYWGPSA,0.72,0.72,0.0,WLSAIWMMWYWGPSL,WLSAIWMMWYWGPSA,0.85,0.85,0.0,1.075,1.048,-0.027,0.0,0.0,0.0,internal_motif_model_v2,0,0,4,surface_hydrophobic_gain,0,10.0,10,-0.008849557522123908,10,0.0,10,10,10
36,37,49,T,D,-3.0444722175598145,3.0072970762859086,9.0,139,48,T,1.0,0.0,-0.0,1.0,30.0,msa_v1_remapped,63.71829742130337,0.3704552175657172,surface,0,37,False,False,False,0.9,0.9,0.0,HLA-A02_like,HLA-A02_like,SLDSWWTSL,SLDSWWDSL,0.54,0.54,0.0,QSLDSWWTSLNFLGG,QSLDSWWDSLNFLGG,0.9,0.9,0.0,0.964,0.957,-0.006,0.0,0.0,0.0,internal_motif_model_v2,0,0,0,,0,10.0,10,-0.012389380530973382,10,-0.9988792390601553,10,10,10
78,79,91,R,G,-3.044483184814453,2.3063777595264696,21.0,139,55,R,1.0,0.0,-0.0,1.0,30.0,msa_v1_remapped,124.31419103694508,0.4537014271421353,surface,0,79,False,False,False,0.95,0.85,-0.1,HLA-A02_like,HLA-A02_like,WMCLRRFII,WMCLRGFII,0.72,0.72,0.0,PPICPGYRWMCLRRF,PPICPGYRWMCLRGF,0.95,0.85,-0.1,1.115,1.115,0.0,0.0,0.0,0.0,internal_motif_model_v2,0,0,4,new_glycine,0,10.0,10,0.018141592920354,10,-0.9999900000999986,10,10,10
47,48,60,C,A,-3.0457916259765625,2.318867022273423,,0,0,,,,,0.0,0.0,msa_v1_remapped,64.65557273994597,0.3871591182032692,surface,0,48,False,False,False,0.85,0.85,0.0,HLA-A02_like,HLA-A02_like,FLGGSPVCL,FLGGSPVAL,0.54,0.54,0.0,SWWTSLNFLGGSPVC,SWWTSLNFLGGSPVA,0.85,0.85,0.0,1.144,1.095,-0.05,0.0,0.0,0.0,internal_motif_model_v2,25,0,29,possible_disulfide_loss;surface_hydrophobic_gain,10,10.0,10,-0.00309734513274329,10,0.00990099009900991,10,10,10
174,175,187,L,T,-3.0459206104278564,2.0933634903032043,,0,0,,,,,0.0,0.0,msa_v1_remapped,134.691788916807,0.6701084025711792,surface,0,175,False,False,False,0.9,0.85,-0.05,HLA-A02_like,HLA-A02_like,SVRFSWLSL,WLSTLVPFV,0.72,0.72,0.0,YLWEWASVRFSWLSL,YLWEWASVRFSWLST,0.9,0.85,-0.05,1.157,1.109,-0.049,0.0,0.0,0.0,internal_motif_model_v2,0,0,0,,0,10.0,10,-0.019911504424778848,10,0.0,10,10,10
218,219,231,F,S,-3.04593563079834,2.5696253126405395,,0,0,,,,,0.0,0.0,msa_v1_remapped,130.28767814033375,0.542865325584724,surface,0,219,False,False,False,0.95,0.95,0.0,HLA-B07_like,HLA-B07_like,LPIFFCLWV,LPISFCLWV,0.64,0.64,0.0,VSPFIPLLPIFFCLW,VSPFIPLLPISFCLW,0.95,0.95,0.0,1.187,1.176,-0.011,0.0,0.0,0.0,internal_motif_model_v2,0,0,0,,0,10.0,10,-0.015929203539822967,10,0.0,10,10,10
180,181,193,Q,I,-3.0459561347961426,2.8479142143337413,,0,0,,,,,0.0,0.0,msa_v1_remapped,136.68653688901856,0.6074957195067492,surface,4,181,False,False,False,0.95,0.95,0.0,HLA-A02_like,HLA-A02_like,LVPFVQWFV,LVPFVIWFV,0.64,0.64,0.0,SVRFSWLSLLVPFVQ,SVRFSWLSLLVPFVI,0.95,0.95,0.0,1.131,1.151,0.02,0.0,0.0,0.0,internal_motif_model_v2,0,0,4,surface_hydrophobic_gain,0,10.0,10,0.03539823008849552,10,0.0,10,10,10
122,123,135,T,A,-3.046203136444092,0.9323364859220646,65.0,139,139,T,0.9856115107913668,0.0071942446043165,0.0284685318889823,0.9715314681110176,27.0,msa_v1_remapped,97.23741970781474,0.5653338355105508,surface,0,123,True,False,True,0.35,0.35,0.0,HLA-A03_like,HLA-A02_like,TTSTGPCKT,TTSTGPCKA,0.28,0.36,0.08,GPCKTCTTPAQGNSM,TTTSTGPCKACTTPA,0.35,0.36,0.01,1.078,1.1,0.022,0.0,33.0,33.0,internal_motif_model_v2,0,15,19,surface_hydrophobic_gain;antibody_interface_mutation,0,10.0,10,0.011061946902654829,10,0.0,10,10,10
181,182,194,W,T,-3.0467305183410645,0.378855211102632,,0,0,,,,,0.0,0.0,msa_v1_remapped,147.92210372257586,0.5190249253423714,surface,0,182,False,False,False,0.95,0.95,0.0,HLA-A02_like,HLA-A02_like,LVPFVQWFV,LVPFVQTFV,0.64,0.64,0.0,VRFSWLSLLVPFVQW,VRFSWLSLLVPFVQT,0.95,0.95,0.0,1.104,1.107,0.002,0.0,0.0,0.0,internal_motif_model_v2,0,0,0,,0,10.0,10,0.0008849557522124796,10,0.0,10,10,10
20,21,33,L,G,-3.04951548576355,3.421890118329543,,0,0,,,,,0.0,0.0,msa_v1_remapped,107.34274203557536,0.5340434927143053,surface,0,21,False,False,False,0.95,0.8,-0.15,HLA-A02_like,HLA-A02_like,FLLTRILTI,VLQAGFFGL,0.72,0.64,-0.08,PLLVLQAGFFLLTRI,GFLGPLLVLQAGFFG,0.95,0.8,-0.15,1.048,0.995,-0.054,10.0,0.0,10.0,internal_motif_model_v2,0,0,4,new_glycine,0,10.0,10,-0.018584070796460184,10,0.0,10,10,10
176,177,189,V,T,-3.049908399581909,1.8998341862916843,,0,0,,,,,0.0,0.0,msa_v1_remapped,60.24524161001862,0.3462370207472334,partial,0,177,False,False,False,0.95,0.85,-0.1,HLA-A02_like,HLA-A02_like,LVPFVQWFV,WLSLLTPFV,0.72,0.72,0.0,WEWASVRFSWLSLLV,WEWASVRFSWLSLLT,0.95,0.85,-0.1,1.205,1.137,-0.068,0.0,0.0,0.0,internal_motif_model_v2,0,0,0,,0,10.0,10,-0.021681415929203474,10,0.0,10,10,10
163,164,176,E,N,-3.053455114364624,3.5198226567798656,106.0,139,138,E,0.9347826086956522,0.0,0.1054924005299425,0.8945075994700575,30.0,msa_v1_remapped,95.54970586882384,0.4284740173489859,surface,0,164,True,False,False,0.95,0.95,0.0,HLA-A02_like,HLA-A02_like,FAKYLWEWA,FAKYLWNWA,0.72,0.72,0.0,IPSSWAFAKYLWEWA,IPSSWAFAKYLWNWA,0.95,0.95,0.0,1.018,1.007,-0.011,0.0,13.0,13.0,internal_motif_model_v2,0,0,0,,0,10.0,10,0.0,10,0.9971895380267899,10,10,10
112,113,125,S,A,-3.0545902252197266,0.8058226691160257,55.0,139,139,S,0.9280575539568344,0.0,0.0941412500040876,0.9058587499959124,30.0,msa_v1_remapped,84.37472150799837,0.5443530419870862,surface,0,113,True,False,False,0.45,0.8,0.35,HLA-B07_like,HLA-A02_like,IPGSTTTST,PVCPLIPGA,0.46,0.46,0.0,DYQGMLPVCPLIPGS,DYQGMLPVCPLIPGA,0.46,0.8,0.34,0.976,0.983,0.007,4.0,13.0,17.0,internal_motif_model_v2,0,0,4,surface_hydrophobic_gain,0,10.0,10,0.011504424778761124,10,0.0,10,10,10
152,153,165,P,D,-3.0546669960021973,4.029060393437078,95.0,139,139,P,1.0,0.0,-0.0,1.0,30.0,msa_v1_remapped,55.669172618058504,0.3501205825035126,surface,0,153,True,False,False,0.9,0.9,0.0,HLA-A02_like,HLA-A02_like,PIPSSWAFA,CIPIDSSWA,0.72,0.72,0.0,IPSSWAFAKYLWEWA,IDSSWAFAKYLWEWA,0.9,0.9,0.0,1.05,1.022,-0.028,0.0,13.0,13.0,internal_motif_model_v2,0,0,0,,0,10.0,10,-0.008407079646017612,10,-0.9988792390601553,10,10,10
210,211,223,P,T,-3.0551602840423584,-0.9850551983927858,,0,0,,,,,0.0,0.0,msa_v1_remapped,76.72563454689102,0.4825511606722705,surface,0,211,False,False,False,0.8,0.9,0.1,HLA-A02_like,HLA-A02_like,SIVSPFIPL,SIVSTFIPL,0.64,0.64,0.0,VSPFIPLLPIFFCLW,VSTFIPLLPIFFCLW,0.8,0.9,0.1,1.131,1.109,-0.022,0.0,0.0,0.0,internal_motif_model_v2,0,0,0,,0,10.0,10,0.0039823008849557695,10,0.0,10,10,10
222,223,235,W,G,-3.0553832054138184,4.785294208881396,,0,0,,,,,0.0,0.0,msa_v1_remapped,175.3333038728661,0.6152045749925127,surface,0,223,False,False,False,0.95,0.95,0.0,HLA-B07_like,HLA-B07_like,LPIFFCLWV,LPIFFCLGV,0.64,0.54,-0.1,VSPFIPLLPIFFCLW,SPFIPLLPIFFCLGV,0.95,0.95,0.0,1.192,1.189,-0.003,0.0,0.0,0.0,internal_motif_model_v2,0,0,4,new_glycine,0,10.0,10,0.0022123893805309214,10,0.0,10,10,10
7,8,20,F,T,-3.0556907653808594,3.397894146431554,,0,0,,,,,0.0,0.0,msa_v1_remapped,145.71450656489827,0.6071437773537428,surface,0,8,False,False,False,0.4,0.35,-0.05,HLA-A02_like,HLA-A02_like,FLGPLLVLQ,GENITSGTL,0.64,0.64,0.0,NITSGFLGPLLVLQA,NITSGTLGPLLVLQA,0.64,0.64,0.0,1.011,0.985,-0.026,0.0,0.0,0.0,internal_motif_model_v2,0,0,0,,0,10.0,10,-0.015486725663716894,10,0.0,10,10,10
138,139,151,C,A,-3.057215690612793,0.4268401065871785,81.0,139,139,C,0.9928057553956836,0.0,0.0142429670997965,0.9857570329002034,30.0,msa_v1_remapped,49.33748112030749,0.295434018684476,partial,0,139,True,True,True,0.4,0.4,0.0,HLA-A03_like,HLA-A03_like,MFPSCCCTK,MFPSCCATK,0.28,0.36,0.08,TTPAQGNSMFPSCCC,AQGNSMFPSCCATKP,0.4,0.4,0.0,1.164,1.115,-0.05,12.0,36.0,48.0,internal_motif_model_v2,25,15,40,possible_disulfide_loss;antibody_interface_mutation,10,10.0,10,-0.00309734513274329,10,0.00990099009900991,10,10,10
147,148,160,T,I,-3.058190107345581,-0.903348763557574,90.0,139,139,T,1.0,0.0,-0.0,1.0,30.0,msa_v1_remapped,78.73238340303925,0.4577464151339491,surface,4,148,True,False,False,0.35,0.35,0.0,HLA-A02_like,HLA-A02_like,DGNCTCIPI,TKPTDGNCI,0.54,0.54,0.0,CTCIPIPSSWAFAKY,CICIPIPSSWAFAKY,0.54,0.54,0.0,1.086,1.12,0.035,0.0,13.0,13.0,internal_motif_model_v2,0,0,4,surface_hydrophobic_gain,0,10.0,10,0.023008849557522137,10,0.0,10,10,10
174,175,187,L,A,-3.058929443359375,0.6351090922149751,,0,0,,,,,0.0,0.0,msa_v1_remapped,134.691788916807,0.6701084025711792,surface,0,175,False,False,False,0.9,0.9,0.0,HLA-A02_like,HLA-A02_like,SVRFSWLSL,SVRFSWLSA,0.72,0.72,0.0,YLWEWASVRFSWLSL,YLWEWASVRFSWLSA,0.9,0.9,0.0,1.157,1.131,-0.027,0.0,0.0,0.0,internal_motif_model_v2,0,0,4,surface_hydrophobic_gain,0,10.0,10,-0.008849557522123908,10,0.0,10,10,10
194,195,207,I,T,-3.059206485748291,-4.253724435367872,,0,0,,,,,0.0,0.0,msa_v1_remapped,95.2664598751762,0.483586090736935,surface,0,195,False,False,False,0.9,0.9,0.0,HLA-B07_like,HLA-A02_like,SPTVWLSAI,TVWLSATWM,0.72,0.72,0.0,GLSPTVWLSAIWMMW,GLSPTVWLSATWMMW,0.9,0.9,0.0,1.003,0.969,-0.035,0.0,0.0,0.0,internal_motif_model_v2,0,0,0,,0,10.0,10,-0.023008849557522137,10,0.0,10,10,10
169,170,182,F,T,-3.0592501163482666,4.774563542317253,112.0,139,139,F,1.0,0.0,-0.0,1.0,30.0,msa_v1_remapped,111.10179587567232,0.462924149481968,surface,0,170,False,False,False,0.95,0.95,0.0,HLA-A02_like,HLA-A02_like,WASVRFSWL,WASVRTSWL,0.72,0.72,0.0,WAFAKYLWEWASVRF,WAFAKYLWEWASVRT,0.95,0.95,0.0,1.073,1.047,-0.026,0.0,0.0,0.0,internal_motif_model_v2,0,0,0,,0,10.0,10,-0.015486725663716894,10,0.0,10,10,10
60,61,73,S,N,-3.06326675415039,3.024894513359868,,0,0,,,,,0.0,0.0,msa_v1_remapped,54.46238634884975,0.351370234508708,surface,0,61,False,False,False,0.45,0.45,0.0,HLA-A03_like,HLA-A03_like,QSPTSNHSP,QSPTSNHNP,0.28,0.28,0.0,SPTSCPPICPGYRWM,NPTSCPPICPGYRWM,0.45,0.45,0.0,0.984,0.951,-0.034,0.0,0.0,0.0,internal_motif_model_v2,0,0,0,,0,10.0,10,-0.011946902654867197,10,0.0,10,10,10
99,100,112,Y,A,-3.0632777214050293,2.1247682608548644,42.0,139,55,Y,0.9636363636363636,0.0,0.0605579893382868,0.9394420106617132,30.0,msa_v1_remapped,174.16381459164077,0.6622198273446417,surface,0,100,True,False,False,0.95,0.95,0.0,HLA-A02_like,HLA-A02_like,LVLLDYQGM,LVLLDAQGM,0.72,0.72,0.0,ILLLCLIFLLVLLDY,ILLLCLIFLLVLLDA,0.95,0.95,0.0,1.035,1.021,-0.014,0.0,13.0,13.0,internal_motif_model_v2,0,0,4,surface_hydrophobic_gain,0,10.0,10,0.013716814159292157,10,0.000999000999000188,10,10,10
84,85,97,F,A,-3.0634827613830566,-1.383972532814198,27.0,139,55,F,1.0,0.0,-0.0,1.0,30.0,msa_v1_remapped,121.97044982003156,0.5082102075834648,surface,0,85,False,False,False,0.95,0.95,0.0,HLA-A02_like,HLA-A02_like,FIIFLFILL,FIIFLAILL,0.72,0.72,0.0,GYRWMCLRRFIIFLF,GYRWMCLRRFIIFLA,0.95,0.95,0.0,1.177,1.173,-0.004,0.0,0.0,0.0,internal_motif_model_v2,0,0,4,surface_hydrophobic_gain,0,10.0,10,-0.004424778761061954,10,0.0,10,10,10
225,226,238,I,C,-3.064183473587036,1.7671816374096352,,0,0,,,,,0.0,0.0,msa_v1_remapped,184.15086223917905,0.9347759504526854,surface,0,226,False,False,False,0.45,0.0,-0.45,HLA-A02_like,,IFFCLWVYI,,0.64,0.64,0.0,FIPLLPIFFCLWVYI,FIPLLPIFFCLWVYC,0.64,0.64,0.0,1.147,1.212,0.065,0.0,0.0,0.0,internal_motif_model_v2,10,0,10,new_cysteine,10,9.299999999999999,10,-0.008849557522123908,10,-0.00990099009900991,8,10,7
29,30,42,Q,I,-3.0661206245422363,2.250173794659986,2.0,139,48,Q,0.9166666666666666,0.0,0.0957482033986543,0.9042517966013456,30.0,msa_v1_remapped,131.09692727515727,0.5826530101118101,surface,4,30,False,False,False,0.9,0.9,0.0,HLA-B07_like,HLA-B07_like,IPQSLDSWW,IPISLDSWW,0.72,0.72,0.0,QAGFFLLTRILTIPQ,QAGFFLLTRILTIPI,0.9,0.9,0.0,1.038,1.058,0.02,0.0,0.0,0.0,internal_motif_model_v2,0,0,4,surface_hydrophobic_gain,0,10.0,10,0.03539823008849552,10,0.0,10,10,10
98,99,111,D,Y,-3.0679826736450195,3.050213435790795,41.0,139,55,D,0.9818181818181818,0.0,0.0303351945483401,0.96966480545166,30.0,msa_v1_remapped,40.32482985020663,0.2089369422290499,partial,0,99,True,False,False,0.95,0.95,0.0,HLA-A02_like,HLA-A02_like,LVLLDYQGM,LVLLYYQGM,0.72,0.72,0.0,FILLLCLIFLLVLLD,FILLLCLIFLLVLLY,0.95,0.95,0.0,1.114,1.156,0.042,0.0,8.0,8.0,internal_motif_model_v2,0,0,0,,0,10.0,10,0.009734513274336276,10,0.9978802380611542,10,10,10
25,26,38,L,I,-3.0680012702941895,3.5530731706473944,,0,0,,,,,0.0,0.0,msa_v1_remapped,97.00087034737004,0.4825913947630351,surface,4,26,False,False,False,0.95,0.95,0.0,HLA-A02_like,HLA-A02_like,FLLTRILTI,FLLTRIITI,0.72,0.72,0.0,LLVLQAGFFLLTRIL,LLVLQAGFFLLTRII,0.95,0.95,0.0,1.044,1.03,-0.014,0.0,0.0,0.0,internal_motif_model_v2,0,0,4,surface_hydrophobic_gain,0,10.0,10,0.003097345132743401,10,0.0,10,10,10
116,117,129,S,A,-3.0681519508361816,2.3564380627350374,59.0,139,139,S,0.9856115107913668,0.0,0.0284685318889823,0.9715314681110176,30.0,msa_v1_remapped,96.1607707726883,0.6203920695012148,surface,0,117,True,False,False,0.8,0.85,0.05,HLA-A03_like,HLA-A02_like,TTTSTGPCK,LIPGSTTTA,0.28,0.28,0.0,MLPVCPLIPGSTTTS,MLPVCPLIPGSTTTA,0.8,0.85,0.05,0.941,0.948,0.007,0.0,13.0,13.0,internal_motif_model_v2,0,0,4,surface_hydrophobic_gain,0,10.0,10,0.011504424778761124,10,0.0,10,10,10
67,68,80,I,R,-3.0687663555145264,2.5090543886200294,,0,0,,,,,0.0,0.0,msa_v1_remapped,148.48458703764516,0.7537288682113967,surface,0,68,False,False,False,0.8,0.8,0.0,HLA-B07_like,HLA-A03_like,PPICPGYRW,HSPTSCPPR,0.72,0.72,0.0,PPICPGYRWMCLRRF,PPRCPGYRWMCLRRF,0.8,0.8,0.0,1.149,1.109,-0.04,0.0,0.0,0.0,internal_motif_model_v2,0,0,0,,0,9.6,10,-0.039823008849557584,10,0.9999900000999986,8,10,10
210,211,223,P,G,-3.0703024864196777,0.3363198735955279,,0,0,,,,,0.0,0.0,msa_v1_remapped,76.72563454689102,0.4825511606722705,surface,0,211,False,False,False,0.8,0.8,0.0,HLA-A02_like,HLA-A02_like,SIVSPFIPL,SIVSGFIPL,0.64,0.64,0.0,VSPFIPLLPIFFCLW,VSGFIPLLPIFFCLW,0.8,0.8,0.0,1.131,1.104,-0.027,0.0,0.0,0.0,internal_motif_model_v2,0,0,4,new_glycine,0,10.0,10,0.005309734513274433,10,0.0,10,10,10
33,34,46,S,G,-3.0716686248779297,1.901801405844651,6.0,139,48,S,1.0,0.0,-0.0,1.0,30.0,msa_v1_remapped,70.08913316351811,0.4521879558936652,surface,0,34,False,False,False,0.9,0.8,-0.1,HLA-B07_like,HLA-B07_like,IPQSLDSWW,IPQSLDGWW,0.54,0.54,0.0,FLLTRILTIPQSLDS,FLLTRILTIPQSLDG,0.9,0.8,-0.1,0.976,0.957,-0.02,0.0,0.0,0.0,internal_motif_model_v2,0,0,4,new_glycine,0,10.0,10,0.001769911504424737,10,0.0,10,10,10
23,24,36,R,G,-3.0738372802734375,2.284804498500989,,0,0,,,,,0.0,0.0,msa_v1_remapped,141.4414127684504,0.5162095356512788,surface,0,24,False,False,False,0.95,0.85,-0.1,HLA-A02_like,HLA-A02_like,FLLTRILTI,FLLTGILTI,0.72,0.72,0.0,PLLVLQAGFFLLTRI,PLLVLQAGFFLLTGI,0.95,0.85,-0.1,1.085,1.085,0.0,0.0,0.0,0.0,internal_motif_model_v2,0,0,4,new_glycine,0,10.0,10,0.018141592920354,10,-0.9999900000999986,10,10,10
202,203,215,P,A,-3.075972080230713,3.6900018254268616,,0,0,,,,,0.0,0.0,msa_v1_remapped,95.11239617144416,0.5981911708895858,surface,0,203,False,False,False,0.85,0.85,0.0,HLA-A02_like,HLA-A02_like,MMWYWGPSL,MMWYWGASL,0.72,0.72,0.0,TVWLSAIWMMWYWGP,TVWLSAIWMMWYWGA,0.85,0.85,0.0,1.059,1.059,0.0,0.0,0.0,0.0,internal_motif_model_v2,0,0,4,surface_hydrophobic_gain,0,10.0,10,0.015044247787610598,10,0.0,10,10,10
173,174,186,S,I,-3.0762882232666016,2.310093658944026,,0,0,,,,,0.0,0.0,msa_v1_remapped,66.09352996297646,0.4264098707288803,surface,4,174,False,False,False,0.9,0.9,0.0,HLA-A02_like,HLA-A02_like,SVRFSWLSL,SVRFSWLIL,0.72,0.72,0.0,KYLWEWASVRFSWLS,KYLWEWASVRFSWLI,0.9,0.9,0.0,1.15,1.17,0.02,0.0,0.0,0.0,internal_motif_model_v2,0,0,4,surface_hydrophobic_gain,0,10.0,10,0.02345132743362832,10,0.0,10,10,10
31,32,44,L,Q,-3.077439785003662,0.4710007491383976,4.0,139,48,L,1.0,0.0,-0.0,1.0,30.0,msa_v1_remapped,100.09697273933588,0.4979948892504272,surface,0,32,False,False,False,0.9,0.9,0.0,HLA-B07_like,HLA-B07_like,IPQSLDSWW,IPQSQDSWW,0.54,0.54,0.0,GFFLLTRILTIPQSL,GFFLLTRILTIPQSQ,0.9,0.9,0.0,1.016,0.982,-0.034,0.0,0.0,0.0,internal_motif_model_v2,0,0,0,,0,10.0,10,-0.03230088495575212,10,0.0,10,10,10
137,138,150,C,L,-3.078794002532959,0.2490123020047576,80.0,139,139,C,1.0,0.0,-0.0,1.0,30.0,msa_v1_remapped,84.83355739824049,0.5079853736421586,surface,4,138,True,True,True,0.4,0.4,0.0,HLA-A03_like,HLA-A03_like,MFPSCCCTK,MFPSCLCTK,0.28,0.28,0.0,CTTPAQGNSMFPSCC,CTTPAQGNSMFPSCL,0.4,0.4,0.0,1.164,1.141,-0.023,12.0,41.0,53.0,internal_motif_model_v2,25,15,44,possible_disulfide_loss;surface_hydrophobic_gain;antibody_interface_mutation,10,10.0,10,0.005752212389380507,10,0.00990099009900991,10,10,10
90,91,103,L,A,-3.0804595947265625,1.4326372480549026,33.0,139,55,L,1.0,0.0,-0.0,1.0,24.0,msa_v1_remapped,88.04281995758858,0.4380239798885004,surface,0,91,False,False,False,0.95,0.95,0.0,HLA-A02_like,HLA-A02_like,FLFILLLCL,FLFILLLCA,0.72,0.72,0.0,LRRFIIFLFILLLCL,LRRFIIFLFILLLCA,0.95,0.95,0.0,1.236,1.21,-0.027,0.0,0.0,0.0,internal_motif_model_v2,0,0,4,surface_hydrophobic_gain,0,10.0,10,-0.008849557522123908,10,0.0,10,10,10
213,214,226,P,Y,-3.0813028812408447,4.555156195979862,,0,0,,,,,0.0,0.0,msa_v1_remapped,71.3683394265774,0.4488574806702982,surface,4,214,False,False,False,0.8,0.9,0.1,HLA-A02_like,HLA-B07_like,SIVSPFIPL,SPFIYLLPI,0.64,0.64,0.0,VSPFIPLLPIFFCLW,VSPFIYLLPIFFCLW,0.8,0.9,0.1,1.134,1.147,0.014,0.0,0.0,0.0,internal_motif_model_v2,0,0,4,surface_hydrophobic_gain,0,10.0,10,0.0013274336283185528,10,-0.0009990009990010762,10,10,10
27,28,40,I,A,-3.0824480056762695,0.2413769514784576,0.0,139,48,I,0.9583333333333334,0.0,0.0578173184160061,0.942182681583994,24.0,msa_v1_remapped,89.36448798695382,0.4536268425733696,surface,0,28,False,False,False,0.95,0.95,0.0,HLA-A02_like,HLA-A02_like,FLLTRILTI,FLLTRILTA,0.72,0.72,0.0,VLQAGFFLLTRILTI,VLQAGFFLLTRILTA,0.95,0.95,0.0,1.079,1.067,-0.013,0.0,0.0,0.0,internal_motif_model_v2,0,0,4,surface_hydrophobic_gain,0,10.0,10,-0.011946902654867197,10,0.0,10,10,10
19,20,32,F,G,-3.0825185775756836,1.5032502141313555,,0,0,,,,,0.0,0.0,msa_v1_remapped,125.22908564952348,0.5217878568730145,surface,0,20,False,False,False,0.95,0.9,-0.05,HLA-A02_like,HLA-A02_like,FLLTRILTI,GLLTRILTI,0.72,0.64,-0.08,PLLVLQAGFFLLTRI,SGFLGPLLVLQAGFG,0.95,0.9,-0.05,1.076,1.045,-0.031,0.0,0.0,0.0,internal_motif_model_v2,0,0,4,new_glycine,0,10.0,10,-0.01415929203539823,10,0.0,10,10,10
184,185,197,G,C,-3.0827670097351074,1.5240535483437725,,0,0,,,,,0.0,0.0,msa_v1_remapped,65.41268400309048,0.6289681154143315,surface,0,185,False,False,False,0.45,0.5,0.05,HLA-B07_like,HLA-A02_like,VPFVQWFVG,FVQWFVCLS,0.72,0.72,0.0,GLSPTVWLSAIWMMW,CLSPTVWLSAIWMMW,0.72,0.72,0.0,1.081,1.158,0.077,0.0,0.0,0.0,internal_motif_model_v2,10,0,10,new_cysteine,10,9.299999999999999,10,0.012831858407079677,10,-0.00990099009900991,8,10,7
198,199,211,W,T,-3.0837903022766113,1.8683764326282244,,0,0,,,,,0.0,0.0,msa_v1_remapped,211.93063403958848,0.7436162597880298,surface,0,199,False,False,False,0.85,0.85,0.0,HLA-A02_like,HLA-A02_like,MMWYWGPSL,MMTYWGPSL,0.72,0.72,0.0,GLSPTVWLSAIWMMW,LSPTVWLSAIWMMTY,0.85,0.85,0.0,0.909,0.912,0.002,0.0,0.0,0.0,internal_motif_model_v2,0,0,0,,0,10.0,10,0.0008849557522124796,10,0.0,10,10,10
124,125,137,T,G,-3.084932327270508,4.559525305950729,67.0,139,139,T,0.9856115107913668,0.0,0.0251393489658203,0.9748606510341796,30.0,msa_v1_remapped,95.07660714793444,0.5527709717903165,surface,0,125,True,True,True,0.35,0.35,0.0,HLA-B07_like,HLA-A03_like,GPCKTCTTP,KTCGTPAQG,0.28,0.28,0.0,GPCKTCTTPAQGNSM,GPCKTCGTPAQGNSM,0.35,0.35,0.0,1.028,1.023,-0.005,12.0,41.0,53.0,internal_motif_model_v2,0,15,19,new_glycine;antibody_interface_mutation,0,10.0,10,0.0013274336283185528,10,0.0,10,10,10
161,162,174,L,G,-3.0858373641967773,4.4072020356538815,104.0,139,139,L,1.0,0.0,-0.0,1.0,30.0,msa_v1_remapped,74.46444181854322,0.3704698597937473,surface,0,162,True,False,False,0.95,0.85,-0.1,HLA-A02_like,HLA-A02_like,FAKYLWEWA,FAKYGWEWA,0.72,0.72,0.0,IPSSWAFAKYLWEWA,AKYGWEWASVRFSWL,0.95,0.85,-0.1,1.006,0.952,-0.054,0.0,13.0,13.0,internal_motif_model_v2,0,0,4,new_glycine,0,10.0,10,-0.018584070796460184,10,0.0,10,10,10
29,30,42,Q,R,-3.087117910385132,4.777534736450093,2.0,139,48,Q,0.9166666666666666,0.0,0.0957482033986543,0.9042517966013456,30.0,msa_v1_remapped,131.09692727515727,0.5826530101118101,surface,0,30,False,False,False,0.9,0.95,0.05,HLA-B07_like,HLA-A03_like,IPQSLDSWW,LTRILTIPR,0.72,0.72,0.0,QAGFFLLTRILTIPQ,QAGFFLLTRILTIPR,0.9,0.95,0.05,1.038,1.018,-0.02,0.0,0.0,0.0,internal_motif_model_v2,0,0,0,,0,9.6,10,-0.004424778761061954,10,0.9999900000999986,8,10,10
225,226,238,I,Y,-3.0876123905181885,3.3295782945406245,,0,0,,,,,0.0,0.0,msa_v1_remapped,184.15086223917905,0.9347759504526854,surface,4,226,False,False,False,0.45,0.45,0.0,HLA-A02_like,HLA-B07_like,IFFCLWVYI,IFFCLWVYY,0.64,0.64,0.0,FIPLLPIFFCLWVYI,FIPLLPIFFCLWVYY,0.64,0.64,0.0,1.147,1.149,0.002,0.0,0.0,0.0,internal_motif_model_v2,0,0,4,surface_hydrophobic_gain,0,10.0,10,-0.025663716814159243,10,-0.0009990009990010762,10,10,10
34,35,47,W,A,-3.0876407623291016,-0.4921521330526275,7.0,139,48,W,1.0,0.0,-0.0,1.0,30.0,msa_v1_remapped,142.29247021830784,0.4992718253273959,surface,0,35,False,False,False,0.9,0.9,0.0,HLA-B07_like,HLA-A02_like,IPQSLDSWW,TIPQSLDSA,0.54,0.54,0.0,QSLDSWWTSLNFLGG,QSLDSAWTSLNFLGG,0.9,0.9,0.0,0.976,1.001,0.024,0.0,0.0,0.0,internal_motif_model_v2,0,0,4,surface_hydrophobic_gain,0,10.0,10,0.011946902654867309,10,0.0,10,10,10
44,45,57,S,T,-3.090045928955078,1.7440966985836894,,0,0,,,,,0.0,0.0,msa_v1_remapped,70.3504508404437,0.4538738763899593,surface,0,45,False,False,False,0.85,0.85,0.0,HLA-A02_like,HLA-A02_like,FLGGSPVCL,FLGGTPVCL,0.54,0.54,0.0,SLDSWWTSLNFLGGS,SLDSWWTSLNFLGGT,0.85,0.85,0.0,1.124,1.109,-0.015,0.0,0.0,0.0,internal_motif_model_v2,0,0,0,,0,10.0,10,0.0004424778761062953,10,0.0,10,10,10
131,132,144,S,A,-3.0912349224090576,1.4317095593399929,74.0,139,139,S,1.0,0.0,-0.0,1.0,30.0,msa_v1_remapped,80.04039178754668,0.5163896244357851,surface,0,132,True,True,True,0.8,0.8,0.0,HLA-B07_like,HLA-B07_like,TPAQGNSMF,TPAQGNAMF,0.28,0.28,0.0,GPCKTCTTPAQGNSM,GPCKTCTTPAQGNAM,0.8,0.8,0.0,0.951,0.959,0.007,12.0,41.0,53.0,internal_motif_model_v2,0,15,19,surface_hydrophobic_gain;antibody_interface_mutation,0,10.0,10,0.011504424778761124,10,0.0,10,10,10
160,161,173,Y,V,-3.0941805839538574,0.9162296205490748,103.0,139,139,F,0.4676258992805755,0.0,0.2306780064321617,0.7693219935678383,12.0,msa_v1_remapped,134.63810538154243,0.5119319596256366,surface,4,161,True,False,False,0.95,0.95,0.0,HLA-A02_like,HLA-A02_like,FAKYLWEWA,FAKVLWEWA,0.72,0.72,0.0,IPSSWAFAKYLWEWA,IPSSWAFAKVLWEWA,0.95,0.95,0.0,1.034,1.066,0.032,0.0,13.0,13.0,internal_motif_model_v2,0,0,4,surface_hydrophobic_gain,0,10.0,10,0.02433628318584069,10,0.000999000999000188,10,10,10
3,4,16,I,W,-3.0944766998291016,4.725399666997305,,0,0,,,,,0.0,0.0,msa_v1_remapped,158.29967646969652,0.8035516572065813,surface,4,4,False,False,False,0.35,0.4,0.05,HLA-A02_like,HLA-A02_like,GENITSGFL,WTSGFLGPL,0.64,0.64,0.0,NITSGFLGPLLVLQA,NWTSGFLGPLLVLQA,0.64,0.64,0.0,0.921,0.884,-0.037,0.0,0.0,0.0,internal_motif_model_v2,0,0,4,surface_hydrophobic_gain,0,10.0,10,-0.023893805309734395,10,0.0,10,10,10
32,33,45,D,G,-3.095226764678955,4.25000886425272,5.0,139,48,D,1.0,0.0,-0.0,1.0,30.0,msa_v1_remapped,73.69412329988302,0.3818348357506892,surface,0,33,False,False,False,0.9,0.9,0.0,HLA-B07_like,HLA-A02_like,IPQSLDSWW,SLGSWWTSL,0.54,0.54,0.0,FFLLTRILTIPQSLD,FFLLTRILTIPQSLG,0.9,0.9,0.0,0.992,0.993,0.001,0.0,0.0,0.0,internal_motif_model_v2,0,0,4,new_glycine,0,10.0,10,0.013716814159292157,10,0.9988792390601553,10,10,10
33,34,46,S,N,-3.097248077392578,0.6910178279608772,6.0,139,48,S,1.0,0.0,-0.0,1.0,24.0,msa_v1_remapped,70.08913316351811,0.4521879558936652,surface,0,34,False,False,False,0.9,0.9,0.0,HLA-B07_like,HLA-B07_like,IPQSLDSWW,IPQSLDNWW,0.54,0.54,0.0,FLLTRILTIPQSLDS,FLLTRILTIPQSLDN,0.9,0.9,0.0,0.976,0.943,-0.034,0.0,0.0,0.0,internal_motif_model_v2,0,0,0,,0,10.0,10,-0.011946902654867197,10,0.0,10,10,10
204,205,217,L,T,-3.0983800888061523,3.9540592080898023,,0,0,,,,,0.0,0.0,msa_v1_remapped,90.57211620299373,0.4506075432984762,surface,0,205,False,False,False,0.85,0.5,-0.35,HLA-A02_like,HLA-A02_like,MMWYWGPSL,WGPSTYSIV,0.72,0.72,0.0,WLSAIWMMWYWGPSL,WLSAIWMMWYWGPST,0.85,0.72,-0.13,1.075,1.026,-0.049,0.0,0.0,0.0,internal_motif_model_v2,0,0,0,,0,10.0,10,-0.019911504424778848,10,0.0,10,10,10
216,217,229,P,G,-3.0984621047973633,2.8441040039637073,,0,0,,,,,0.0,0.0,msa_v1_remapped,39.57939274536285,0.2489269983985085,partial,0,217,False,False,False,0.95,0.8,-0.15,HLA-B07_like,HLA-B07_like,LPIFFCLWV,SPFIPLLGI,0.64,0.64,0.0,VSPFIPLLPIFFCLW,VSPFIPLLGIFFCLW,0.95,0.8,-0.15,1.137,1.11,-0.027,10.0,0.0,10.0,internal_motif_model_v2,0,0,4,new_glycine,0,10.0,10,0.005309734513274433,10,0.0,10,10,10
80,81,93,I,V,-3.0991744995117188,3.2681139176128795,23.0,139,55,I,1.0,0.0,-0.0,1.0,24.0,msa_v1_remapped,57.96615436991598,0.2942444384259694,partial,0,81,False,False,False,0.95,0.95,0.0,HLA-A02_like,HLA-A02_like,WMCLRRFII,WMCLRRFVI,0.72,0.72,0.0,PICPGYRWMCLRRFI,PICPGYRWMCLRRFV,0.95,0.95,0.0,1.069,1.102,0.033,0.0,0.0,0.0,internal_motif_model_v2,0,0,0,,0,10.0,10,-0.0013274336283185528,10,0.0,10,10,10
160,161,173,Y,Q,-3.099648714065552,0.6987904137239411,103.0,139,139,F,0.4676258992805755,0.0,0.2306780064321617,0.7693219935678383,12.0,msa_v1_remapped,134.63810538154243,0.5119319596256366,surface,0,161,True,False,False,0.95,0.95,0.0,HLA-A02_like,HLA-A02_like,FAKYLWEWA,FAKQLWEWA,0.72,0.72,0.0,IPSSWAFAKYLWEWA,AKQLWEWASVRFSWL,0.95,0.95,0.0,1.034,1.013,-0.021,0.0,13.0,13.0,internal_motif_model_v2,0,0,0,,0,10.0,10,-0.009734513274336276,10,0.000999000999000188,10,10,10
28,29,41,P,R,-3.102583408355713,-6.69605286316073,1.0,139,48,P,1.0,0.0,-0.0,1.0,30.0,msa_v1_remapped,71.6406778105318,0.4505703006951685,surface,0,29,False,False,False,0.9,0.9,0.0,HLA-B07_like,HLA-A02_like,IPQSLDSWW,RILTIRQSL,0.72,0.72,0.0,LQAGFFLLTRILTIP,LQAGFFLLTRILTIR,0.9,0.9,0.0,1.093,1.066,-0.027,0.0,0.0,0.0,internal_motif_model_v2,0,0,0,,0,9.6,10,-0.012831858407079566,10,0.9999900000999986,8,10,10
199,200,212,Y,W,-3.103452682495117,-5.0154028375333155,,0,0,,,,,0.0,0.0,msa_v1_remapped,145.31690659865998,0.5525357665348288,surface,4,200,False,False,False,0.85,0.85,0.0,HLA-A02_like,HLA-A02_like,MMWYWGPSL,MMWWWGPSL,0.72,0.72,0.0,LSPTVWLSAIWMMWY,LSPTVWLSAIWMMWW,0.85,0.85,0.0,0.934,0.896,-0.038,0.0,0.0,0.0,internal_motif_model_v2,0,0,4,surface_hydrophobic_gain,0,10.0,10,0.001769911504424737,10,0.000999000999000188,10,10,10
177,178,190,P,I,-3.1041276454925537,-3.841360574680607,,0,0,,,,,0.0,0.0,msa_v1_remapped,78.75027791479411,0.4952847667597114,surface,4,178,False,False,False,0.95,0.95,0.0,HLA-A02_like,HLA-A02_like,LVPFVQWFV,WLSLLVIFV,0.72,0.72,0.0,EWASVRFSWLSLLVP,EWASVRFSWLSLLVI,0.95,0.95,0.0,1.205,1.218,0.013,0.0,0.0,0.0,internal_motif_model_v2,0,0,4,surface_hydrophobic_gain,0,10.0,10,0.026991150442477907,10,0.0,10,10,10
56,57,69,T,Q,-3.104471206665039,1.9984433614883417,,0,0,,,,,0.0,0.0,msa_v1_remapped,64.61356336298215,0.3756602521103613,surface,0,57,False,False,False,0.45,0.45,0.0,HLA-A03_like,HLA-A03_like,QSPTSNHSP,QSPQSNHSP,0.28,0.28,0.0,GGSPVCLGQNSQSPT,GGSPVCLGQNSQSPQ,0.45,0.45,0.0,0.985,1.0,0.015,0.0,0.0,0.0,internal_motif_model_v2,0,0,0,,0,10.0,10,-0.012389380530973382,10,0.0,10,10,10
27,28,40,I,V,-3.104893684387207,2.160233272806522,0.0,139,48,I,0.9583333333333334,0.0,0.0578173184160061,0.942182681583994,24.0,msa_v1_remapped,89.36448798695382,0.4536268425733696,surface,4,28,False,False,False,0.95,0.95,0.0,HLA-A02_like,HLA-A02_like,FLLTRILTI,FLLTRILTV,0.72,0.72,0.0,VLQAGFFLLTRILTI,VLQAGFFLLTRILTV,0.95,0.95,0.0,1.079,1.112,0.033,0.0,0.0,0.0,internal_motif_model_v2,0,0,4,surface_hydrophobic_gain,0,10.0,10,-0.0013274336283185528,10,0.0,10,10,10
6,7,19,G,Y,-3.108241081237793,0.8224722465869263,,0,0,,,,,0.0,0.0,msa_v1_remapped,58.77374474381839,0.5651321609982538,surface,4,7,False,False,False,0.35,0.45,0.1,HLA-A02_like,HLA-A02_like,GENITSGFL,GENITSYFL,0.64,0.64,0.0,NITSGFLGPLLVLQA,GENITSYFLGPLLVL,0.64,0.64,0.0,1.023,1.064,0.041,0.0,0.0,0.0,internal_motif_model_v2,0,0,4,surface_hydrophobic_gain,0,10.0,10,-0.0039823008849556585,10,-0.0009990009990010762,10,10,10
72,73,85,R,T,-3.1084609031677246,0.4833043154897041,15.0,139,48,R,1.0,0.0,-0.0,1.0,30.0,msa_v1_remapped,197.5871649920585,0.7211210401170018,surface,0,73,False,False,False,0.8,0.8,0.0,HLA-B07_like,HLA-B07_like,PPICPGYRW,PPICPGYTW,0.72,0.72,0.0,PPICPGYRWMCLRRF,PPICPGYTWMCLRRF,0.8,0.8,0.0,1.015,1.02,0.005,0.0,0.0,0.0,internal_motif_model_v2,0,0,0,,0,10.0,10,0.016814159292035447,10,-0.9999900000999986,10,10,10
17,18,30,G,T,-3.10879898071289,4.361256891789537,,0,0,,,,,0.0,0.0,msa_v1_remapped,36.48329035339704,0.3508008687826638,surface,0,18,False,False,False,0.9,0.95,0.05,HLA-A03_like,HLA-A02_like,QAGFFLLTR,LVLQATFFL,0.72,0.72,0.0,PLLVLQAGFFLLTRI,SGFLGPLLVLQATFF,0.9,0.95,0.05,1.091,1.096,0.005,0.0,0.0,0.0,internal_motif_model_v2,0,0,0,,0,10.0,10,-0.0013274336283185528,10,0.0,10,10,10
160,161,173,Y,E,-3.1107003688812256,1.5111567302252524,103.0,139,139,F,0.4676258992805755,0.0,0.2306780064321617,0.7693219935678383,12.0,msa_v1_remapped,134.63810538154243,0.5119319596256366,surface,0,161,True,False,False,0.95,0.95,0.0,HLA-A02_like,HLA-A02_like,FAKYLWEWA,FAKELWEWA,0.72,0.72,0.0,IPSSWAFAKYLWEWA,AKELWEWASVRFSWL,0.95,0.95,0.0,1.034,0.99,-0.044,0.0,13.0,13.0,internal_motif_model_v2,0,0,0,,0,10.0,10,-0.009734513274336276,10,-0.9961905370277897,10,10,10
19,20,32,F,A,-3.1134748458862305,2.0379350015280124,,0,0,,,,,0.0,0.0,msa_v1_remapped,125.22908564952348,0.5217878568730145,surface,0,20,False,False,False,0.95,0.9,-0.05,HLA-A02_like,HLA-A03_like,FLLTRILTI,QAGFALLTR,0.72,0.72,0.0,PLLVLQAGFFLLTRI,PLLVLQAGFALLTRI,0.95,0.9,-0.05,1.076,1.072,-0.004,0.0,0.0,0.0,internal_motif_model_v2,0,0,4,surface_hydrophobic_gain,0,10.0,10,-0.004424778761061954,10,0.0,10,10,10
39,40,52,N,R,-3.113615036010742,3.951352305722594,12.0,139,48,N,0.9791666666666666,0.0,0.033803026545712,0.966196973454288,30.0,msa_v1_remapped,45.19281563153832,0.2317580288796837,partial,0,40,False,False,False,0.5,0.5,0.0,HLA-A03_like,HLA-A03_like,WTSLNFLGG,LDSWWTSLR,0.54,0.54,0.0,QSLDSWWTSLNFLGG,QSLDSWWTSLRFLGG,0.54,0.54,0.0,1.023,1.037,0.014,0.0,0.0,0.0,internal_motif_model_v2,0,0,0,,0,9.6,10,-0.004424778761061954,10,0.9999900000999986,8,10,10
119,120,132,P,D,-3.115144729614258,0.4482125703398765,62.0,139,139,P,0.9568345323741008,0.0,0.0685482845239413,0.9314517154760588,30.0,msa_v1_remapped,84.19185568281821,0.5295085263070328,surface,0,120,True,False,True,0.8,0.8,0.0,HLA-A03_like,HLA-A03_like,TTTSTGPCK,TTTSTGDCK,0.28,0.28,0.0,VCPLIPGSTTTSTGP,VCPLIPGSTTTSTGD,0.8,0.8,0.0,1.016,0.987,-0.028,0.0,33.0,33.0,internal_motif_model_v2,0,15,15,antibody_interface_mutation,0,10.0,10,-0.008407079646017612,10,-0.9988792390601553,10,10,10
145,146,158,N,A,-3.1165263652801514,2.6487287497814123,88.0,139,139,N,1.0,0.0,-0.0,1.0,30.0,msa_v1_remapped,93.82130212178367,0.4811348826758137,surface,0,146,True,True,True,0.35,0.35,0.0,HLA-A02_like,HLA-A02_like,DGNCTCIPI,DGACTCIPI,0.31,0.31,0.0,NCTCIPIPSSWAFAK,ACTCIPIPSSWAFAK,0.35,0.35,0.0,1.023,1.064,0.041,12.0,41.0,53.0,internal_motif_model_v2,0,15,19,surface_hydrophobic_gain;antibody_interface_mutation,0,10.0,10,0.02345132743362832,10,0.0,10,10,10
150,151,163,P,A,-3.121356248855591,4.085863267135494,93.0,139,138,P,1.0,0.0,-0.0,1.0,30.0,msa_v1_remapped,99.43825615810177,0.6253978374723381,surface,0,151,True,False,False,0.9,0.9,0.0,HLA-A02_like,HLA-A02_like,PIPSSWAFA,AIPSSWAFA,0.54,0.54,0.0,CTCIPIPSSWAFAKY,CTCIAIPSSWAFAKY,0.9,0.9,0.0,1.109,1.109,0.0,0.0,13.0,13.0,internal_motif_model_v2,0,0,4,surface_hydrophobic_gain,0,10.0,10,0.015044247787610598,10,0.0,10,10,10
84,85,97,F,T,-3.124078273773194,-1.5887938644426072,27.0,139,55,F,1.0,0.0,-0.0,1.0,30.0,msa_v1_remapped,121.97044982003156,0.5082102075834648,surface,0,85,False,False,False,0.95,0.95,0.0,HLA-A02_like,HLA-A02_like,FIIFLFILL,FIIFLTILL,0.72,0.72,0.0,GYRWMCLRRFIIFLF,GYRWMCLRRFIIFLT,0.95,0.95,0.0,1.177,1.151,-0.026,0.0,0.0,0.0,internal_motif_model_v2,0,0,0,,0,10.0,10,-0.015486725663716894,10,0.0,10,10,10
6,7,19,G,W,-3.1256017684936523,3.1718728025409746,,0,0,,,,,0.0,0.0,msa_v1_remapped,58.77374474381839,0.5651321609982538,surface,4,7,False,False,False,0.35,0.45,0.1,HLA-A02_like,HLA-A02_like,GENITSGFL,GENITSWFL,0.64,0.64,0.0,NITSGFLGPLLVLQA,GENITSWFLGPLLVL,0.64,0.64,0.0,1.023,1.026,0.003,0.0,0.0,0.0,internal_motif_model_v2,0,0,4,surface_hydrophobic_gain,0,10.0,10,-0.0022123893805310324,10,0.0,10,10,10
27,28,40,I,N,-3.125699996948242,2.0036591195972733,0.0,139,48,I,0.9583333333333334,0.0,0.0578173184160061,0.942182681583994,30.0,msa_v1_remapped,89.36448798695382,0.4536268425733696,surface,0,28,False,False,False,0.95,0.9,-0.05,HLA-A02_like,HLA-B07_like,FLLTRILTI,NPQSLDSWW,0.72,0.72,0.0,VLQAGFFLLTRILTI,VLQAGFFLLTRILTN,0.95,0.9,-0.05,1.079,1.025,-0.054,0.0,0.0,0.0,internal_motif_model_v2,0,0,0,,0,10.0,10,-0.03539823008849563,10,0.0,10,10,10
126,127,139,P,Q,-3.1268486976623535,3.483959128473032,69.0,139,139,P,0.7769784172661871,0.0,0.2539233102813905,0.7460766897186095,22.0,msa_v1_remapped,107.2108077104952,0.6742818094999697,surface,0,127,True,True,True,0.8,0.45,-0.35,HLA-B07_like,HLA-A03_like,TPAQGNSMF,KTCTTQAQG,0.28,0.28,0.0,GPCKTCTTPAQGNSM,GPCKTCTTQAQGNSM,0.8,0.45,-0.35,1.035,1.028,-0.007,30.0,41.0,71.0,internal_motif_model_v2,0,15,15,antibody_interface_mutation,0,10.0,10,-0.008407079646017612,10,0.0,10,10,10
210,211,223,P,Y,-3.1313509941101074,2.0954816656197863,,0,0,,,,,0.0,0.0,msa_v1_remapped,76.72563454689102,0.4825511606722705,surface,4,211,False,False,False,0.8,0.9,0.1,HLA-A02_like,HLA-A02_like,SIVSPFIPL,SIVSYFIPL,0.64,0.64,0.0,VSPFIPLLPIFFCLW,GPSLYSIVSYFIPLL,0.8,0.9,0.1,1.131,1.145,0.014,0.0,0.0,0.0,internal_motif_model_v2,0,0,4,surface_hydrophobic_gain,0,10.0,10,0.0013274336283185528,10,-0.0009990009990010762,10,10,10
90,91,103,L,T,-3.1324498653411865,2.572188044282825,33.0,139,55,L,1.0,0.0,-0.0,1.0,30.0,msa_v1_remapped,88.04281995758858,0.4380239798885004,surface,0,91,False,False,False,0.95,0.95,0.0,HLA-A02_like,HLA-A02_like,FLFILLLCL,LLLCTIFLL,0.72,0.72,0.0,LRRFIIFLFILLLCL,LRRFIIFLFILLLCT,0.95,0.95,0.0,1.236,1.188,-0.049,0.0,0.0,0.0,internal_motif_model_v2,0,0,0,,0,10.0,10,-0.019911504424778848,10,0.0,10,10,10
54,55,67,S,Q,-3.132941722869873,0.2866335721483324,,0,0,,,,,0.0,0.0,msa_v1_remapped,63.40593514694224,0.4090705493351112,surface,0,55,False,False,False,0.45,0.45,0.0,HLA-A02_like,HLA-A02_like,CLGQNSQSP,CLGQNSQQP,0.28,0.28,0.0,FLGGSPVCLGQNSQS,FLGGSPVCLGQNSQQ,0.45,0.45,0.0,0.971,0.972,0.0,0.0,0.0,0.0,internal_motif_model_v2,0,0,0,,0,10.0,10,-0.011946902654867197,10,0.0,10,10,10
106,107,119,C,N,-3.13327693939209,-1.4947028036247616,49.0,139,137,C,1.0,0.0,-0.0,1.0,30.0,msa_v1_remapped,89.81939060319363,0.5378406622945726,surface,0,107,True,False,False,0.8,0.8,0.0,HLA-A02_like,HLA-A02_like,GMLPVCPLI,GMLPVNPLI,0.72,0.72,0.0,FLLVLLDYQGMLPVC,FLLVLLDYQGMLPVN,0.8,0.8,0.0,1.225,1.134,-0.091,0.0,13.0,13.0,internal_motif_model_v2,25,0,25,possible_disulfide_loss,10,10.0,10,-0.026548672566371723,10,0.00990099009900991,10,10,10
225,226,238,I,R,-3.13360595703125,1.1680857354455156,,0,0,,,,,0.0,0.0,msa_v1_remapped,184.15086223917905,0.9347759504526854,surface,0,226,False,False,False,0.45,0.45,0.0,HLA-A02_like,HLA-A03_like,IFFCLWVYI,IFFCLWVYR,0.64,0.64,0.0,FIPLLPIFFCLWVYI,FIPLLPIFFCLWVYR,0.64,0.64,0.0,1.147,1.078,-0.07,0.0,0.0,0.0,internal_motif_model_v2,0,0,0,,0,9.6,10,-0.039823008849557584,10,0.9999900000999986,8,10,10
34,35,47,W,C,-3.1337738037109375,2.155744235886573,7.0,139,48,W,1.0,0.0,-0.0,1.0,30.0,msa_v1_remapped,142.29247021830784,0.4992718253273959,surface,0,35,False,False,False,0.9,0.9,0.0,HLA-B07_like,HLA-B07_like,IPQSLDSWW,IPQSLDSCW,0.54,0.54,0.0,QSLDSWWTSLNFLGG,QSLDSCWTSLNFLGG,0.9,0.9,0.0,0.976,1.051,0.074,0.0,0.0,0.0,internal_motif_model_v2,10,0,10,new_cysteine,10,9.299999999999999,10,0.015044247787610598,10,-0.00990099009900991,8,10,7
78,79,91,R,Y,-3.133955717086792,2.1702945155102498,21.0,139,55,R,1.0,0.0,-0.0,1.0,30.0,msa_v1_remapped,124.31419103694508,0.4537014271421353,surface,4,79,False,False,False,0.95,0.95,0.0,HLA-A02_like,HLA-A02_like,WMCLRRFII,WMCLRYFII,0.72,0.72,0.0,PPICPGYRWMCLRRF,PPICPGYRWMCLRYF,0.95,0.95,0.0,1.115,1.156,0.041,0.0,0.0,0.0,internal_motif_model_v2,0,0,4,surface_hydrophobic_gain,0,10.0,10,0.01415929203539823,10,-1.0009890010989997,10,10,10
125,126,138,T,D,-3.1373157501220703,2.0540486067218353,68.0,139,139,T,0.9424460431654677,0.0,0.0922175486667447,0.9077824513332552,30.0,msa_v1_remapped,90.1099250917976,0.5238949133244046,surface,0,126,True,True,True,0.8,0.8,0.0,HLA-B07_like,HLA-B07_like,TPAQGNSMF,DPAQGNSMF,0.28,0.28,0.0,GPCKTCTTPAQGNSM,GPCKTCTDPAQGNSM,0.8,0.8,0.0,1.04,1.034,-0.006,12.0,41.0,53.0,internal_motif_model_v2,0,15,15,antibody_interface_mutation,0,10.0,10,-0.012389380530973382,10,-0.9988792390601553,10,10,10
15,16,28,Q,T,-3.138561725616455,0.5636674129218591,,0,0,,,,,0.0,0.0,msa_v1_remapped,130.4160813152713,0.5796270280678725,surface,0,16,False,False,False,0.9,0.9,0.0,HLA-A03_like,HLA-A03_like,QAGFFLLTR,TAGFFLLTR,0.72,0.72,0.0,PLLVLQAGFFLLTRI,PLLVLTAGFFLLTRI,0.9,0.9,0.0,1.132,1.117,-0.015,0.0,0.0,0.0,internal_motif_model_v2,0,0,0,,0,10.0,10,0.012389380530973493,10,0.0,10,10,10
45,46,58,P,Q,-3.1424100399017334,3.0881474150590407,,0,0,,,,,0.0,0.0,msa_v1_remapped,94.82216327573492,0.5963658067656283,surface,0,46,False,False,False,0.85,0.85,0.0,HLA-A02_like,HLA-A02_like,FLGGSPVCL,FLGGSQVCL,0.54,0.54,0.0,LDSWWTSLNFLGGSP,LDSWWTSLNFLGGSQ,0.85,0.85,0.0,1.124,1.117,-0.007,0.0,0.0,0.0,internal_motif_model_v2,0,0,0,,0,10.0,10,-0.008407079646017612,10,0.0,10,10,10
198,199,211,W,Y,-3.1425628662109375,4.0907347612712215,,0,0,,,,,0.0,0.0,msa_v1_remapped,211.93063403958848,0.7436162597880298,surface,4,199,False,False,False,0.85,0.85,0.0,HLA-A02_like,HLA-A02_like,MMWYWGPSL,MMYYWGPSL,0.72,0.72,0.0,GLSPTVWLSAIWMMW,GLSPTVWLSAIWMMY,0.85,0.85,0.0,0.909,0.948,0.038,0.0,0.0,0.0,internal_motif_model_v2,0,0,4,surface_hydrophobic_gain,0,10.0,10,-0.001769911504424737,10,-0.0009990009990010762,10,10,10
153,154,166,S,N,-3.143260955810547,0.3666243720360285,96.0,139,139,S,1.0,0.0,-0.0,1.0,24.0,msa_v1_remapped,50.364605988842754,0.3249329418635016,partial,0,154,True,False,False,0.9,0.9,0.0,HLA-A02_like,HLA-A02_like,PIPSSWAFA,PIPNSWAFA,0.72,0.72,0.0,IPSSWAFAKYLWEWA,IPNSWAFAKYLWEWA,0.9,0.9,0.0,1.037,1.004,-0.034,0.0,4.8,4.8,internal_motif_model_v2,0,0,0,,0,10.0,10,-0.011946902654867197,10,0.0,10,10,10
79,80,92,F,C,-3.143268585205078,0.960482572824958,22.0,139,55,F,0.9818181818181818,0.0,0.0303351945483401,0.96966480545166,30.0,msa_v1_remapped,121.97044982003156,0.5082102075834648,surface,0,80,False,False,False,0.95,0.9,-0.05,HLA-A02_like,HLA-A02_like,WMCLRRFII,CIIFLFILL,0.72,0.72,0.0,PPICPGYRWMCLRRF,MCLRRCIIFLFILLL,0.95,0.9,-0.05,1.069,1.115,0.046,0.0,0.0,0.0,internal_motif_model_v2,10,0,10,new_cysteine,10,9.299999999999999,10,-0.0013274336283185528,10,-0.00990099009900991,8,10,7
10,11,23,P,T,-3.1442980766296387,-3.6340197294637737,,0,0,,,,,0.0,0.0,msa_v1_remapped,79.2949546827029,0.4987104068094521,surface,0,11,False,False,False,0.5,0.5,0.0,HLA-A02_like,HLA-A02_like,LGPLLVLQA,FLGTLLVLQ,0.72,0.72,0.0,PLLVLQAGFFLLTRI,NITSGFLGTLLVLQA,0.72,0.72,0.0,1.166,1.144,-0.022,0.0,0.0,0.0,internal_motif_model_v2,0,0,0,,0,10.0,10,0.0039823008849557695,10,0.0,10,10,10
203,204,216,S,Y,-3.1460351943969727,-0.9532203735727194,,0,0,,,,,0.0,0.0,msa_v1_remapped,54.83849782133752,0.3537967601376614,surface,4,204,False,False,False,0.85,0.85,0.0,HLA-A02_like,HLA-A02_like,MMWYWGPSL,MMWYWGPYL,0.72,0.72,0.0,VWLSAIWMMWYWGPS,VWLSAIWMMWYWGPY,0.85,0.85,0.0,1.038,1.059,0.021,0.0,0.0,0.0,internal_motif_model_v2,0,0,4,surface_hydrophobic_gain,0,10.0,10,-0.0022123893805310324,10,-0.0009990009990010762,10,10,10
88,89,101,L,T,-3.1470794677734375,0.4882124507817025,31.0,139,55,L,0.9818181818181818,0.0,0.0303351945483401,0.96966480545166,30.0,msa_v1_remapped,114.9791243959916,0.5720354447561771,surface,0,89,False,False,False,0.95,0.95,0.0,HLA-A02_like,HLA-A02_like,FLFILLLCL,FLFILLTCL,0.72,0.72,0.0,MCLRRFIIFLFILLL,MCLRRFIIFLFILLT,0.95,0.95,0.0,1.245,1.196,-0.049,0.0,0.0,0.0,internal_motif_model_v2,0,0,0,,0,10.0,10,-0.019911504424778848,10,0.0,10,10,10
136,137,149,C,Q,-3.1508421897888184,-2.384653444898561,79.0,139,139,C,0.9928057553956836,0.0,0.0142429670997965,0.9857570329002034,30.0,msa_v1_remapped,24.389113681243025,0.1460425968936708,buried,0,137,True,True,True,0.4,0.4,0.0,HLA-A03_like,HLA-A03_like,MFPSCCCTK,MFPSQCCTK,0.28,0.28,0.0,TCTTPAQGNSMFPSC,TCTTPAQGNSMFPSQ,0.4,0.4,0.0,1.187,1.131,-0.057,12.0,36.0,48.0,internal_motif_model_v2,25,15,40,possible_disulfide_loss;antibody_interface_mutation,10,10.0,10,-0.026548672566371723,10,0.00990099009900991,10,10,10
173,174,186,S,T,-3.1510796546936035,3.3086455965506048,,0,0,,,,,0.0,0.0,msa_v1_remapped,66.09352996297646,0.4264098707288803,surface,0,174,False,False,False,0.9,0.9,0.0,HLA-A02_like,HLA-A02_like,SVRFSWLSL,SVRFSWLTL,0.72,0.72,0.0,KYLWEWASVRFSWLS,KYLWEWASVRFSWLT,0.9,0.9,0.0,1.15,1.135,-0.015,0.0,0.0,0.0,internal_motif_model_v2,0,0,0,,0,10.0,10,0.0004424778761062953,10,0.0,10,10,10
87,88,100,L,C,-3.1516854763031006,3.1828006621286704,30.0,139,55,L,1.0,0.0,-0.0,1.0,30.0,msa_v1_remapped,89.36448798695382,0.4445994427211632,surface,0,88,False,False,False,0.95,0.9,-0.05,HLA-A02_like,HLA-A02_like,FIIFLFILL,IIFLFILCL,0.72,0.72,0.0,WMCLRRFIIFLFILL,WMCLRRFIIFLFILC,0.95,0.9,-0.05,1.236,1.26,0.023,0.0,0.0,0.0,internal_motif_model_v2,10,0,10,new_cysteine,10,9.299999999999999,10,-0.005752212389380507,10,-0.00990099009900991,8,10,7
117,118,130,T,Q,-3.1517043113708496,0.9275112142615852,60.0,139,139,T,0.935251798561151,0.0,0.1003090562394382,0.8996909437605618,24.0,msa_v1_remapped,101.67212959673392,0.5911170325391507,surface,0,118,True,False,False,0.8,0.8,0.0,HLA-A03_like,HLA-A03_like,TTTSTGPCK,TTTSQGPCK,0.28,0.28,0.0,LPVCPLIPGSTTTST,LPVCPLIPGSTTTSQ,0.8,0.8,0.0,1.013,1.028,0.015,0.0,7.8,7.8,internal_motif_model_v2,0,0,0,,0,10.0,10,-0.012389380530973382,10,0.0,10,10,10
103,104,116,L,N,-3.1527657508850098,3.917586135920942,46.0,139,128,L,1.0,0.0,-0.0,1.0,30.0,msa_v1_remapped,52.98157780202427,0.2635899393135536,partial,0,104,True,False,True,0.8,0.8,0.0,HLA-A02_like,HLA-A02_like,VLLDYQGML,GMNPVCPLI,0.72,0.72,0.0,CLIFLLVLLDYQGML,CLIFLLVLLDYQGMN,0.8,0.8,0.0,1.118,1.05,-0.068,0.0,28.0,28.0,internal_motif_model_v2,0,15,15,antibody_interface_mutation,0,10.0,10,-0.03230088495575212,10,0.0,10,10,10
213,214,226,P,W,-3.152793884277344,-0.0106914032077725,,0,0,,,,,0.0,0.0,msa_v1_remapped,71.3683394265774,0.4488574806702982,surface,4,214,False,False,False,0.8,0.9,0.1,HLA-A02_like,HLA-B07_like,SIVSPFIPL,SPFIWLLPI,0.64,0.64,0.0,VSPFIPLLPIFFCLW,VSPFIWLLPIFFCLW,0.8,0.9,0.1,1.134,1.109,-0.024,0.0,0.0,0.0,internal_motif_model_v2,0,0,4,surface_hydrophobic_gain,0,10.0,10,0.003097345132743401,10,0.0,10,10,10
167,168,180,V,F,-3.153092384338379,2.01053843002029,110.0,139,139,V,0.5827338129496403,0.0,0.2267873717109939,0.773212628289006,17.0,msa_v1_remapped,111.18428153238494,0.6389901237493387,surface,4,168,True,False,False,0.95,0.95,0.0,HLA-A02_like,HLA-A02_like,WASVRFSWL,WASFRFSWL,0.72,0.72,0.0,SSWAFAKYLWEWASV,SSWAFAKYLWEWASF,0.95,0.95,0.0,1.047,1.005,-0.042,0.0,13.0,13.0,internal_motif_model_v2,0,0,4,surface_hydrophobic_gain,0,10.0,10,-0.006194690265486691,10,0.0,10,10,10
216,217,229,P,W,-3.153294086456299,-0.8908178650516447,,0,0,,,,,0.0,0.0,msa_v1_remapped,39.57939274536285,0.2489269983985085,partial,0,217,False,False,False,0.95,0.9,-0.05,HLA-B07_like,HLA-A02_like,LPIFFCLWV,PLLWIFFCL,0.64,0.72,0.08,VSPFIPLLPIFFCLW,VSPFIPLLWIFFCLW,0.95,0.9,-0.05,1.137,1.113,-0.024,0.0,0.0,0.0,internal_motif_model_v2,0,0,0,,0,10.0,10,0.003097345132743401,10,0.0,10,10,10
143,144,156,D,N,-3.154716968536377,0.0392374960468941,86.0,139,139,D,0.9568345323741008,0.0,0.0658688907339786,0.9341311092660214,30.0,msa_v1_remapped,158.39391168293363,0.8206938429167546,surface,0,144,True,True,True,0.35,0.35,0.0,HLA-A02_like,HLA-A02_like,DGNCTCIPI,NGNCTCIPI,0.28,0.28,0.0,KPTDGNCTCIPIPSS,KPTNGNCTCIPIPSS,0.35,0.35,0.0,0.976,0.963,-0.013,12.0,41.0,53.0,internal_motif_model_v2,0,15,15,antibody_interface_mutation,0,10.0,10,0.0,10,0.9988792390601553,10,10,10
180,181,193,Q,T,-3.1571292877197266,2.7345501810188466,,0,0,,,,,0.0,0.0,msa_v1_remapped,136.68653688901856,0.6074957195067492,surface,0,181,False,False,False,0.95,0.95,0.0,HLA-A02_like,HLA-A02_like,LVPFVQWFV,LVPFVTWFV,0.64,0.64,0.0,SVRFSWLSLLVPFVQ,SVRFSWLSLLVPFVT,0.95,0.95,0.0,1.131,1.116,-0.015,0.0,0.0,0.0,internal_motif_model_v2,0,0,0,,0,10.0,10,0.012389380530973493,10,0.0,10,10,10
134,135,147,P,Q,-3.1579489707946777,4.315865921410932,77.0,139,139,P,0.9856115107913668,0.0,0.0284685318889823,0.9715314681110176,30.0,msa_v1_remapped,84.53820998969118,0.5316868552810766,surface,0,135,True,True,True,0.4,0.4,0.0,HLA-A03_like,HLA-A03_like,MFPSCCCTK,MFQSCCCTK,0.28,0.28,0.0,CKTCTTPAQGNSMFP,CKTCTTPAQGNSMFQ,0.4,0.4,0.0,1.118,1.111,-0.007,12.0,41.0,53.0,internal_motif_model_v2,0,15,15,antibody_interface_mutation,0,10.0,10,-0.008407079646017612,10,0.0,10,10,10
123,124,136,C,A,-3.157970905303955,-0.8826015707792294,66.0,139,139,C,0.9928057553956836,0.0,0.0142429670997965,0.9857570329002034,30.0,msa_v1_remapped,12.47212283475148,0.0746833702679729,buried,0,124,True,True,True,0.35,0.45,0.1,HLA-B07_like,HLA-B07_like,GPCKTCTTP,GPCKTATTP,0.28,0.28,0.0,GPCKTCTTPAQGNSM,GPCKTATTPAQGNSM,0.35,0.45,0.1,1.078,1.028,-0.05,12.0,36.0,48.0,internal_motif_model_v2,25,15,40,possible_disulfide_loss;antibody_interface_mutation,10,10.0,10,-0.00309734513274329,10,0.00990099009900991,10,10,10
221,222,234,L,C,-3.1619043350219727,4.353282675950709,,0,0,,,,,0.0,0.0,msa_v1_remapped,112.03708570775784,0.5573984363570041,surface,0,222,False,False,False,0.95,0.85,-0.1,HLA-B07_like,HLA-B07_like,LPIFFCLWV,LPIFFCCWV,0.64,0.64,0.0,VSPFIPLLPIFFCLW,VSPFIPLLPIFFCCW,0.95,0.85,-0.1,1.183,1.206,0.023,0.0,0.0,0.0,internal_motif_model_v2,10,0,10,new_cysteine,10,9.299999999999999,10,-0.005752212389380507,10,-0.00990099009900991,8,10,7
175,176,188,L,T,-3.1632614135742188,3.95301066931296,,0,0,,,,,0.0,0.0,msa_v1_remapped,61.58903901803573,0.3064131294429638,partial,0,176,False,False,False,0.95,0.9,-0.05,HLA-A02_like,HLA-A02_like,LVPFVQWFV,TVPFVQWFV,0.72,0.72,0.0,LWEWASVRFSWLSLL,LWEWASVRFSWLSLT,0.95,0.9,-0.05,1.186,1.137,-0.049,0.0,0.0,0.0,internal_motif_model_v2,0,0,0,,0,10.0,10,-0.019911504424778848,10,0.0,10,10,10
34,35,47,W,G,-3.1640825271606445,2.1013522521369623,7.0,139,48,W,1.0,0.0,-0.0,1.0,30.0,msa_v1_remapped,142.29247021830784,0.4992718253273959,surface,0,35,False,False,False,0.9,0.9,0.0,HLA-B07_like,HLA-B07_like,IPQSLDSWW,IPQSLDSGW,0.54,0.54,0.0,QSLDSWWTSLNFLGG,QSLDSGWTSLNFLGG,0.9,0.9,0.0,0.976,0.974,-0.003,0.0,0.0,0.0,internal_motif_model_v2,0,0,4,new_glycine,0,10.0,10,0.0022123893805309214,10,0.0,10,10,10
138,139,151,C,N,-3.1664764881134033,2.908390087359976,81.0,139,139,C,0.9928057553956836,0.0,0.0142429670997965,0.9857570329002034,30.0,msa_v1_remapped,49.33748112030749,0.295434018684476,partial,0,139,True,True,True,0.4,0.4,0.0,HLA-A03_like,HLA-A03_like,MFPSCCCTK,MFPSCCNTK,0.28,0.28,0.0,TTPAQGNSMFPSCCC,TTPAQGNSMFPSCCN,0.4,0.4,0.0,1.164,1.074,-0.091,12.0,36.0,48.0,internal_motif_model_v2,25,15,40,possible_disulfide_loss;antibody_interface_mutation,10,10.0,10,-0.026548672566371723,10,0.00990099009900991,10,10,10
28,29,41,P,G,-3.168656349182129,-3.0198042463269985,1.0,139,48,P,1.0,0.0,-0.0,1.0,30.0,msa_v1_remapped,71.6406778105318,0.4505703006951685,surface,0,29,False,False,False,0.9,0.8,-0.1,HLA-B07_like,HLA-A02_like,IPQSLDSWW,RILTIGQSL,0.72,0.72,0.0,LQAGFFLLTRILTIP,LQAGFFLLTRILTIG,0.9,0.8,-0.1,1.093,1.066,-0.027,0.0,0.0,0.0,internal_motif_model_v2,0,0,4,new_glycine,0,10.0,10,0.005309734513274433,10,0.0,10,10,10
46,47,59,V,I,-3.1746315956115723,0.2216852488838867,,0,0,,,,,0.0,0.0,msa_v1_remapped,74.58271649876558,0.4286363017170435,surface,4,47,False,False,False,0.85,0.85,0.0,HLA-A02_like,HLA-A02_like,FLGGSPVCL,FLGGSPICL,0.54,0.54,0.0,DSWWTSLNFLGGSPV,DSWWTSLNFLGGSPI,0.85,0.85,0.0,1.124,1.091,-0.033,0.0,0.0,0.0,internal_motif_model_v2,0,0,4,surface_hydrophobic_gain,0,10.0,10,0.0013274336283185528,10,0.0,10,10,10
38,39,51,L,I,-3.1755590438842773,4.395797617292487,11.0,139,48,L,1.0,0.0,-0.0,1.0,24.0,msa_v1_remapped,75.53590084260594,0.3758005017045072,surface,4,39,False,False,False,0.9,0.9,0.0,HLA-A02_like,HLA-A02_like,SLDSWWTSL,SLDSWWTSI,0.54,0.54,0.0,QSLDSWWTSLNFLGG,QSLDSWWTSINFLGG,0.9,0.9,0.0,1.026,1.012,-0.014,0.0,0.0,0.0,internal_motif_model_v2,0,0,4,surface_hydrophobic_gain,0,10.0,10,0.003097345132743401,10,0.0,10,10,10
25,26,38,L,R,-3.175701141357422,2.854017997485471,,0,0,,,,,0.0,0.0,msa_v1_remapped,97.00087034737004,0.4825913947630351,surface,0,26,False,False,False,0.95,0.95,0.0,HLA-A02_like,HLA-A02_like,FLLTRILTI,FLLTRIRTI,0.72,0.72,0.0,LLVLQAGFFLLTRIL,LLVLQAGFFLLTRIR,0.95,0.95,0.0,1.044,0.99,-0.054,0.0,0.0,0.0,internal_motif_model_v2,0,0,0,,0,9.6,10,-0.03672566371681407,10,0.9999900000999986,8,10,10
28,29,41,P,W,-3.1771111488342285,0.2447589278526152,1.0,139,48,P,1.0,0.0,-0.0,1.0,30.0,msa_v1_remapped,71.6406778105318,0.4505703006951685,surface,4,29,False,False,False,0.9,0.9,0.0,HLA-B07_like,HLA-A02_like,IPQSLDSWW,RILTIWQSL,0.72,0.72,0.0,LQAGFFLLTRILTIP,LQAGFFLLTRILTIW,0.9,0.9,0.0,1.093,1.069,-0.024,0.0,0.0,0.0,internal_motif_model_v2,0,0,4,surface_hydrophobic_gain,0,10.0,10,0.003097345132743401,10,0.0,10,10,10
134,135,147,P,A,-3.1772007942199707,3.3148238971074875,77.0,139,139,P,0.9856115107913668,0.0,0.0284685318889823,0.9715314681110176,30.0,msa_v1_remapped,84.53820998969118,0.5316868552810766,surface,0,135,True,True,True,0.4,0.8,0.4,HLA-A03_like,HLA-A02_like,MFPSCCCTK,PAQGNSMFA,0.28,0.36,0.08,CKTCTTPAQGNSMFP,CTTPAQGNSMFASCC,0.4,0.8,0.4,1.118,1.118,0.0,16.0,41.0,57.0,internal_motif_model_v2,0,15,19,surface_hydrophobic_gain;antibody_interface_mutation,0,10.0,10,0.015044247787610598,10,0.0,10,10,10
77,78,90,R,T,-3.1774327754974365,2.276634945460046,20.0,139,55,R,1.0,0.0,-0.0,1.0,30.0,msa_v1_remapped,110.34264886048828,0.402710397301052,surface,0,78,False,False,False,0.95,0.95,0.0,HLA-A02_like,HLA-A02_like,WMCLRRFII,WMCLTRFII,0.72,0.72,0.0,PPICPGYRWMCLRRF,PPICPGYRWMCLTRF,0.95,0.95,0.0,1.068,1.073,0.005,0.0,0.0,0.0,internal_motif_model_v2,0,0,0,,0,10.0,10,0.016814159292035447,10,-0.9999900000999986,10,10,10
142,143,155,T,E,-3.178567409515381,1.245993950892057,85.0,139,139,T,0.5107913669064749,0.0,0.309168634403574,0.690831365596426,17.0,msa_v1_remapped,106.9988256046016,0.6220861953755906,surface,0,143,True,True,True,0.35,0.35,0.0,HLA-A03_like,HLA-A03_like,PSCCCTKPT,PSCCCTKPE,0.28,0.28,0.0,KPTDGNCTCIPIPSS,KPEDGNCTCIPIPSS,0.35,0.35,0.0,0.904,0.896,-0.008,12.0,41.0,53.0,internal_motif_model_v2,0,15,15,antibody_interface_mutation,0,10.0,10,-0.012389380530973382,10,-0.9971895380267899,10,10,10
46,47,59,V,F,-3.179121732711792,4.452476163519805,,0,0,,,,,0.0,0.0,msa_v1_remapped,74.58271649876558,0.4286363017170435,surface,4,47,False,False,False,0.85,0.85,0.0,HLA-A02_like,HLA-A02_like,FLGGSPVCL,FLGGSPFCL,0.54,0.54,0.0,DSWWTSLNFLGGSPV,DSWWTSLNFLGGSPF,0.85,0.85,0.0,1.124,1.082,-0.042,0.0,0.0,0.0,internal_motif_model_v2,0,0,4,surface_hydrophobic_gain,0,10.0,10,-0.006194690265486691,10,0.0,10,10,10
137,138,150,C,I,-3.1792216300964355,-0.5985747528237653,80.0,139,139,C,1.0,0.0,-0.0,1.0,30.0,msa_v1_remapped,84.83355739824049,0.5079853736421586,surface,4,138,True,True,True,0.4,0.4,0.0,HLA-A03_like,HLA-A03_like,MFPSCCCTK,MFPSCICTK,0.28,0.28,0.0,CTTPAQGNSMFPSCC,CTTPAQGNSMFPSCI,0.4,0.4,0.0,1.164,1.127,-0.037,12.0,41.0,53.0,internal_motif_model_v2,25,15,44,possible_disulfide_loss;surface_hydrophobic_gain;antibody_interface_mutation,10,10.0,10,0.008849557522123908,10,0.00990099009900991,10,10,10
3,4,16,I,Q,-3.1798648834228516,-0.3513161132120785,,0,0,,,,,0.0,0.0,msa_v1_remapped,158.29967646969652,0.8035516572065813,surface,0,4,False,False,False,0.35,0.35,0.0,HLA-A02_like,HLA-A02_like,GENITSGFL,GENQTSGFL,0.64,0.64,0.0,NITSGFLGPLLVLQA,NQTSGFLGPLLVLQA,0.64,0.64,0.0,0.921,0.902,-0.02,0.0,0.0,0.0,internal_motif_model_v2,0,0,0,,0,10.0,10,-0.03539823008849563,10,0.0,10,10,10
139,140,152,T,Q,-3.1799445152282715,0.29665759580746,82.0,139,139,T,0.9280575539568344,0.0,0.0941412500040876,0.9058587499959124,24.0,msa_v1_remapped,97.50975809176911,0.56691719820796,surface,0,140,True,True,True,0.4,0.4,0.0,HLA-A03_like,HLA-A03_like,MFPSCCCTK,MFPSCCCQK,0.28,0.28,0.0,TPAQGNSMFPSCCCT,TPAQGNSMFPSCCCQ,0.4,0.4,0.0,1.15,1.165,0.015,7.2,24.6,31.8,internal_motif_model_v2,0,15,15,antibody_interface_mutation,0,10.0,10,-0.012389380530973382,10,0.0,10,10,10
200,201,213,W,T,-3.1853654384613037,3.1199873485723515,,0,0,,,,,0.0,0.0,msa_v1_remapped,119.2130739479758,0.4182914875367572,surface,0,201,False,False,False,0.85,0.85,0.0,HLA-A02_like,HLA-A02_like,MMWYWGPSL,MMWYTGPSL,0.72,0.72,0.0,SPTVWLSAIWMMWYW,SPTVWLSAIWMMWYT,0.85,0.85,0.0,0.96,0.963,0.002,0.0,0.0,0.0,internal_motif_model_v2,0,0,0,,0,10.0,10,0.0008849557522124796,10,0.0,10,10,10
161,162,174,L,C,-3.185596466064453,4.015027866342166,104.0,139,139,L,1.0,0.0,-0.0,1.0,30.0,msa_v1_remapped,74.46444181854322,0.3704698597937473,surface,0,162,True,False,False,0.95,0.95,0.0,HLA-A02_like,HLA-A02_like,FAKYLWEWA,FAKYCWEWA,0.72,0.72,0.0,IPSSWAFAKYLWEWA,IPSSWAFAKYCWEWA,0.95,0.95,0.0,1.006,1.029,0.023,0.0,13.0,13.0,internal_motif_model_v2,10,0,10,new_cysteine,10,9.299999999999999,10,-0.005752212389380507,10,-0.00990099009900991,8,10,7
158,159,171,A,G,-3.1858327388763428,2.309170240106255,101.0,139,139,A,0.5827338129496403,0.3884892086330935,0.2617420822038793,0.7382579177961207,11.0,msa_v1_remapped,50.039539113790504,0.3879034039828721,surface,0,159,True,False,False,0.95,0.5,-0.45,HLA-A02_like,HLA-A02_like,FAKYLWEWA,FGKYLWEWA,0.72,0.72,0.0,IPSSWAFAKYLWEWA,IPSSWAFGKYLWEWA,0.95,0.72,-0.23,1.065,1.038,-0.027,18.0,13.0,31.0,internal_motif_model_v2,0,0,4,new_glycine,0,10.0,10,-0.009734513274336276,10,0.0,10,10,10
147,148,160,T,N,-3.1874279975891113,1.4317627981150167,90.0,139,139,T,1.0,0.0,-0.0,1.0,24.0,msa_v1_remapped,78.73238340303925,0.4577464151339491,surface,0,148,True,False,False,0.35,0.35,0.0,HLA-A02_like,HLA-A02_like,DGNCTCIPI,DGNCNCIPI,0.54,0.54,0.0,CTCIPIPSSWAFAKY,CNCIPIPSSWAFAKY,0.54,0.54,0.0,1.086,1.067,-0.019,0.0,7.8,7.8,internal_motif_model_v2,0,0,0,,0,10.0,10,-0.012389380530973382,10,0.0,10,10,10
122,123,135,T,D,-3.1875157356262207,-2.2642735355623813,65.0,139,139,T,0.9856115107913668,0.0,0.0284685318889823,0.9715314681110176,30.0,msa_v1_remapped,97.23741970781474,0.5653338355105508,surface,0,123,True,False,True,0.35,0.35,0.0,HLA-A03_like,HLA-A03_like,TTSTGPCKT,TTSTGPCKD,0.28,0.28,0.0,GPCKTCTTPAQGNSM,GPCKDCTTPAQGNSM,0.35,0.35,0.0,1.078,1.072,-0.006,0.0,33.0,33.0,internal_motif_model_v2,0,15,15,antibody_interface_mutation,0,10.0,10,-0.012389380530973382,10,-0.9988792390601553,10,10,10
147,148,160,T,Q,-3.188441038131714,1.5100296640615625,90.0,139,139,T,1.0,0.0,-0.0,1.0,24.0,msa_v1_remapped,78.73238340303925,0.4577464151339491,surface,0,148,True,False,False,0.35,0.35,0.0,HLA-A02_like,HLA-A02_like,DGNCTCIPI,DGNCQCIPI,0.54,0.54,0.0,CTCIPIPSSWAFAKY,CQCIPIPSSWAFAKY,0.54,0.54,0.0,1.086,1.101,0.015,0.0,7.8,7.8,internal_motif_model_v2,0,0,0,,0,10.0,10,-0.012389380530973382,10,0.0,10,10,10
82,83,95,F,G,-3.188694953918457,3.238264526033049,25.0,139,55,F,1.0,0.0,-0.0,1.0,30.0,msa_v1_remapped,123.17807803607144,0.5132419918169644,surface,0,83,False,False,False,0.95,0.9,-0.05,HLA-A02_like,HLA-A02_like,FIIFLFILL,CLRRFIIGL,0.72,0.72,0.0,CPGYRWMCLRRFIIF,CPGYRWMCLRRFIIG,0.95,0.9,-0.05,1.14,1.109,-0.031,0.0,0.0,0.0,internal_motif_model_v2,0,0,4,new_glycine,0,10.0,10,-0.01415929203539823,10,0.0,10,10,10
197,198,210,M,W,-3.194462776184082,3.890922632577258,,0,0,,,,,0.0,0.0,msa_v1_remapped,126.22557370650097,0.5635070254754507,surface,4,198,False,False,False,0.85,0.5,-0.35,HLA-A02_like,HLA-A02_like,MMWYWGPSL,WLSAIWMWW,0.72,0.72,0.0,GLSPTVWLSAIWMMW,GLSPTVWLSAIWMWW,0.85,0.72,-0.13,0.949,0.959,0.01,0.0,0.0,0.0,internal_motif_model_v2,0,0,4,surface_hydrophobic_gain,0,10.0,10,-0.012389380530973382,10,0.0,10,10,10
63,64,76,S,N,-3.198737621307373,2.259552683720301,,0,0,,,,,0.0,0.0,msa_v1_remapped,75.58259747580891,0.487629661134251,surface,0,64,False,False,False,0.35,0.35,0.0,HLA-A03_like,HLA-A03_like,PTSNHSPTS,PTSNHSPTN,0.46,0.46,0.0,TSCPPICPGYRWMCL,TNCPPICPGYRWMCL,0.46,0.46,0.0,1.077,1.043,-0.034,0.0,0.0,0.0,internal_motif_model_v2,0,0,0,,0,10.0,10,-0.011946902654867197,10,0.0,10,10,10
26,27,39,T,A,-3.1991090774536133,4.367997458936543,,0,0,,,,,0.0,0.0,msa_v1_remapped,53.25391618597866,0.3096157917789457,partial,0,27,False,False,False,0.95,0.95,0.0,HLA-A02_like,HLA-A02_like,FLLTRILTI,FLLTRILAI,0.72,0.72,0.0,LVLQAGFFLLTRILT,LVLQAGFFLLTRILA,0.95,0.95,0.0,1.059,1.081,0.022,0.0,0.0,0.0,internal_motif_model_v2,0,0,0,,0,10.0,10,0.011061946902654829,10,0.0,10,10,10
55,56,68,P,A,-3.199763298034668,3.2862239162694777,,0,0,,,,,0.0,0.0,msa_v1_remapped,128.93022108745885,0.8108818936318166,surface,0,56,False,False,False,0.45,0.9,0.45,HLA-A02_like,HLA-A02_like,CLGQNSQSP,CLGQNSQSA,0.28,0.28,0.0,LGGSPVCLGQNSQSP,LGGSPVCLGQNSQSA,0.45,0.9,0.45,0.971,0.971,0.0,4.0,0.0,4.0,internal_motif_model_v2,0,0,4,surface_hydrophobic_gain,0,10.0,10,0.015044247787610598,10,0.0,10,10,10
113,114,126,T,A,-3.2009992599487305,-1.3969252119907196,56.0,139,139,S,0.0503597122302158,0.014388489208633,0.1196530392664537,0.8803469607335462,9.0,msa_v1_remapped,119.72016470137704,0.6960474691940525,surface,0,114,True,False,False,0.8,0.8,0.0,HLA-A03_like,HLA-A03_like,TTTSTGPCK,ATTSTGPCK,0.46,0.46,0.0,YQGMLPVCPLIPGST,YQGMLPVCPLIPGSA,0.8,0.8,0.0,0.956,0.978,0.022,0.0,13.0,13.0,internal_motif_model_v2,0,0,4,surface_hydrophobic_gain,0,10.0,10,0.011061946902654829,10,0.0,10,10,10
107,108,120,P,A,-3.201557159423828,4.906286791339369,50.0,139,138,P,1.0,0.0,-0.0,1.0,30.0,msa_v1_remapped,55.66917261805851,0.3501205825035126,surface,0,108,True,False,False,0.8,0.8,0.0,HLA-A02_like,HLA-A02_like,GMLPVCPLI,GMLPVCALI,0.72,0.72,0.0,LLVLLDYQGMLPVCP,LLVLLDYQGMLPVCA,0.8,0.8,0.0,1.198,1.198,0.0,0.0,13.0,13.0,internal_motif_model_v2,0,0,4,surface_hydrophobic_gain,0,10.0,10,0.015044247787610598,10,0.0,10,10,10
13,14,26,V,T,-3.2029519081115723,4.336324032519656,,0,0,,,,,0.0,0.0,msa_v1_remapped,100.89609337944418,0.5798626056289895,surface,0,14,False,False,False,0.85,0.8,-0.05,HLA-A02_like,HLA-A02_like,LVLQAGFFL,TLQAGFFLL,0.72,0.72,0.0,PLLVLQAGFFLLTRI,PLLTLQAGFFLLTRI,0.85,0.8,-0.05,1.182,1.115,-0.068,0.0,0.0,0.0,internal_motif_model_v2,0,0,0,,0,10.0,10,-0.021681415929203474,10,0.0,10,10,10
123,124,136,C,N,-3.204343318939209,2.0206055205177336,66.0,139,139,C,0.9928057553956836,0.0,0.0142429670997965,0.9857570329002034,30.0,msa_v1_remapped,12.47212283475148,0.0746833702679729,buried,0,124,True,True,True,0.35,0.45,0.1,HLA-B07_like,HLA-B07_like,GPCKTCTTP,GPCKTNTTP,0.28,0.28,0.0,GPCKTCTTPAQGNSM,GPCKTNTTPAQGNSM,0.35,0.45,0.1,1.078,0.987,-0.091,12.0,36.0,48.0,internal_motif_model_v2,25,15,40,possible_disulfide_loss;antibody_interface_mutation,10,10.0,10,-0.026548672566371723,10,0.00990099009900991,10,10,10
60,61,73,S,H,-3.2046141624450684,2.4815048712079033,,0,0,,,,,0.0,0.0,msa_v1_remapped,54.46238634884975,0.351370234508708,surface,0,61,False,False,False,0.45,0.45,0.0,HLA-A03_like,HLA-A03_like,QSPTSNHSP,QSPTSNHHP,0.28,0.28,0.0,SPTSCPPICPGYRWM,HPTSCPPICPGYRWM,0.45,0.45,0.0,0.984,0.998,0.013,0.0,0.0,0.0,internal_motif_model_v2,0,0,0,,0,10.0,10,-0.010619469026548645,10,0.087174188254588,10,10,10
119,120,132,P,I,-3.2057089805603027,3.691624525390011,62.0,139,139,P,0.9568345323741008,0.0,0.0685482845239413,0.9314517154760588,30.0,msa_v1_remapped,84.19185568281821,0.5295085263070328,surface,4,120,True,False,True,0.8,0.8,0.0,HLA-A03_like,HLA-A03_like,TTTSTGPCK,TTTSTGICK,0.28,0.36,0.08,VCPLIPGSTTTSTGP,TTTSTGICKTCTTPA,0.8,0.8,0.0,1.016,1.028,0.013,0.0,33.0,33.0,internal_motif_model_v2,0,15,19,surface_hydrophobic_gain;antibody_interface_mutation,0,10.0,10,0.026991150442477907,10,0.0,10,10,10
5,6,18,S,R,-3.209568738937378,1.949380768426124,,0,0,,,,,0.0,0.0,msa_v1_remapped,80.95778710787735,0.5223083039217894,surface,0,6,False,False,False,0.35,0.35,0.0,HLA-A02_like,HLA-A02_like,GENITSGFL,GENITRGFL,0.64,0.64,0.0,NITSGFLGPLLVLQA,NITRGFLGPLLVLQA,0.64,0.64,0.0,1.009,0.989,-0.02,0.0,0.0,0.0,internal_motif_model_v2,0,0,0,,0,9.6,10,-0.01637168141592915,10,0.9999900000999986,8,10,10
91,92,104,I,T,-3.209801197052002,3.8471394098349943,34.0,139,55,I,1.0,0.0,-0.0,1.0,30.0,msa_v1_remapped,84.39780593081694,0.4284152585320657,surface,0,92,False,False,False,0.95,0.95,0.0,HLA-A02_like,HLA-A02_like,LLLCLIFLL,LLLCLTFLL,0.72,0.72,0.0,RRFIIFLFILLLCLI,RRFIIFLFILLLCLT,0.95,0.95,0.0,1.236,1.202,-0.035,0.0,0.0,0.0,internal_motif_model_v2,0,0,0,,0,10.0,10,-0.023008849557522137,10,0.0,10,10,10
121,122,134,K,A,-3.21059513092041,1.862104062003368,64.0,139,139,R,0.1654676258992805,0.0,0.1497551184645261,0.850244881535474,12.0,msa_v1_remapped,190.8520175993628,0.8086949898278086,surface,0,122,True,False,True,0.8,0.35,-0.45,HLA-A03_like,HLA-A02_like,TTTSTGPCK,TTTSTGPCA,0.28,0.28,0.0,GPCKTCTTPAQGNSM,GPCATCTTPAQGNSM,0.8,0.35,-0.45,1.073,1.092,0.019,18.0,33.0,51.0,internal_motif_model_v2,0,15,19,surface_hydrophobic_gain;antibody_interface_mutation,0,10.0,10,0.02522123893805317,10,-0.9990009990009989,10,10,10
50,51,63,Q,A,-3.210806369781494,1.1901999406799746,,0,0,,,,,1.0,20.0,msa_v1_remapped,172.1953554667545,0.7653126909633534,surface,0,51,False,False,False,0.45,0.45,0.0,HLA-A02_like,HLA-A02_like,CLGQNSQSP,CLGANSQSP,0.46,0.46,0.0,TSLNFLGGSPVCLGQ,TSLNFLGGSPVCLGA,0.46,0.46,0.0,1.051,1.058,0.007,0.0,0.0,0.0,internal_motif_model_v2,0,0,4,surface_hydrophobic_gain,0,10.0,10,0.02345132743362832,10,0.0,10,10,10
149,150,162,I,N,-3.212094783782959,2.2987730373808404,92.0,139,139,I,0.9928057553956836,0.0,0.0142429670997965,0.9857570329002034,30.0,msa_v1_remapped,89.64106123780525,0.4550307677045951,surface,0,150,True,False,False,0.8,0.8,0.0,HLA-A02_like,HLA-B07_like,CIPIPSSWA,NPIPSSWAF,0.54,0.54,0.0,CTCIPIPSSWAFAKY,CTCNPIPSSWAFAKY,0.8,0.8,0.0,1.166,1.113,-0.054,0.0,13.0,13.0,internal_motif_model_v2,0,0,0,,0,10.0,10,-0.03539823008849563,10,0.0,10,10,10
18,19,31,F,W,-3.21242094039917,4.501112002792411,,0,0,,,,,0.0,0.0,msa_v1_remapped,108.57249963026716,0.4523854151261132,surface,4,19,False,False,False,0.9,0.9,0.0,HLA-A03_like,HLA-A03_like,QAGFFLLTR,QAGWFLLTR,0.72,0.72,0.0,PLLVLQAGFFLLTRI,PLLVLQAGWFLLTRI,0.9,0.9,0.0,1.091,1.062,-0.028,0.0,0.0,0.0,internal_motif_model_v2,0,0,4,surface_hydrophobic_gain,0,10.0,10,-0.01637168141592915,10,0.0,10,10,10
215,216,228,L,A,-3.212611675262451,0.4523917543173184,,0,0,,,,,0.0,0.0,msa_v1_remapped,100.11910211798777,0.4981049856616306,surface,0,216,False,False,False,0.95,0.9,-0.05,HLA-B07_like,HLA-B07_like,LPIFFCLWV,APIFFCLWV,0.64,0.64,0.0,VSPFIPLLPIFFCLW,VSPFIPLAPIFFCLW,0.95,0.9,-0.05,1.146,1.12,-0.027,0.0,0.0,0.0,internal_motif_model_v2,0,0,4,surface_hydrophobic_gain,0,10.0,10,-0.008849557522123908,10,0.0,10,10,10
58,59,71,N,Q,-3.213833808898926,3.7216502677036942,,0,0,,,,,0.0,0.0,msa_v1_remapped,140.17325234516107,0.7188371915136466,surface,0,59,False,False,False,0.45,0.45,0.0,HLA-A03_like,HLA-A03_like,QSPTSNHSP,QSPTSQHSP,0.18,0.18,0.0,SPVCLGQNSQSPTSN,SPVCLGQNSQSPTSQ,0.45,0.45,0.0,0.992,1.026,0.034,0.0,0.0,0.0,internal_motif_model_v2,0,0,0,,0,10.0,10,0.0,10,0.0,10,10,10
121,122,134,K,L,-3.2160897254943848,1.8724874697082328,64.0,139,139,R,0.1654676258992805,0.0,0.1497551184645261,0.850244881535474,12.0,msa_v1_remapped,190.8520175993628,0.8086949898278086,surface,4,122,True,False,True,0.8,0.4,-0.4,HLA-A03_like,HLA-A03_like,TTTSTGPCK,LTCTTPAQG,0.28,0.28,0.0,GPCKTCTTPAQGNSM,GPCLTCTTPAQGNSM,0.8,0.4,-0.4,1.073,1.119,0.046,18.0,33.0,51.0,internal_motif_model_v2,0,15,19,surface_hydrophobic_gain;antibody_interface_mutation,0,10.0,10,0.03407079646017708,10,-0.9990009990009989,10,10,10
53,54,66,Q,A,-3.2164816856384277,1.3494555735708786,,0,0,,,,,0.0,0.0,msa_v1_remapped,195.53090463568964,0.8690262428252873,surface,0,54,False,False,False,0.45,0.8,0.35,HLA-A02_like,HLA-A02_like,CLGQNSQSP,PVCLGQNSA,0.28,0.36,0.08,NFLGGSPVCLGQNSQ,GGSPVCLGQNSASPT,0.45,0.8,0.35,0.972,0.979,0.007,4.0,0.0,4.0,internal_motif_model_v2,0,0,4,surface_hydrophobic_gain,0,10.0,10,0.02345132743362832,10,0.0,10,10,10
102,103,115,M,R,-3.2190098762512207,-1.0371723565584716,45.0,139,124,M,0.9838709677419356,0.0,0.0275608534062741,0.972439146593726,30.0,msa_v1_remapped,130.11034151822395,0.5808497389206426,surface,0,103,True,False,True,0.95,0.95,0.0,HLA-A02_like,HLA-A03_like,LVLLDYQGM,LVLLDYQGR,0.72,0.72,0.0,LCLIFLLVLLDYQGM,LCLIFLLVLLDYQGR,0.95,0.95,0.0,1.082,1.089,0.007,0.0,33.0,33.0,internal_motif_model_v2,0,15,15,antibody_interface_mutation,0,9.6,10,-0.02831858407079635,10,0.9999900000999986,8,10,10
177,178,190,P,R,-3.2239742279052734,-6.775904906342646,,0,0,,,,,0.0,0.0,msa_v1_remapped,78.75027791479411,0.4952847667597114,surface,0,178,False,False,False,0.95,0.95,0.0,HLA-A02_like,HLA-A03_like,LVPFVQWFV,FSWLSLLVR,0.72,0.72,0.0,EWASVRFSWLSLLVP,EWASVRFSWLSLLVR,0.95,0.95,0.0,1.205,1.178,-0.027,0.0,0.0,0.0,internal_motif_model_v2,0,0,0,,0,9.6,10,-0.012831858407079566,10,0.9999900000999986,8,10,10
112,113,125,S,Q,-3.2257909774780273,2.376986497646044,55.0,139,139,S,0.9280575539568344,0.0,0.0941412500040876,0.9058587499959124,24.0,msa_v1_remapped,84.37472150799837,0.5443530419870862,surface,0,113,True,False,False,0.45,0.45,0.0,HLA-B07_like,HLA-B07_like,IPGSTTTST,IPGQTTTST,0.46,0.46,0.0,DYQGMLPVCPLIPGS,DYQGMLPVCPLIPGQ,0.46,0.46,0.0,0.976,0.976,0.0,0.0,7.8,7.8,internal_motif_model_v2,0,0,0,,0,10.0,10,-0.011946902654867197,10,0.0,10,10,10
62,63,75,T,V,-3.227440357208252,1.689273796806276,,0,0,,,,,0.0,0.0,msa_v1_remapped,84.32622788379754,0.4902687667662648,surface,4,63,False,False,False,0.45,0.9,0.45,HLA-B07_like,HLA-B07_like,SPTSNHSPT,SPTSNHSPV,0.46,0.46,0.0,TSCPPICPGYRWMCL,VSCPPICPGYRWMCL,0.46,0.9,0.44,1.083,1.15,0.068,4.0,0.0,4.0,internal_motif_model_v2,0,0,4,surface_hydrophobic_gain,0,10.0,10,0.021681415929203585,10,0.0,10,10,10
148,149,161,C,N,-3.227686882019043,1.2572731085285795,91.0,139,139,C,1.0,0.0,-0.0,1.0,30.0,msa_v1_remapped,52.85914365312858,0.316521818282207,partial,0,149,True,False,False,0.8,0.8,0.0,HLA-A02_like,HLA-A02_like,CIPIPSSWA,NIPIPSSWA,0.54,0.54,0.0,CTCIPIPSSWAFAKY,CTNIPIPSSWAFAKY,0.8,0.8,0.0,1.125,1.034,-0.091,0.0,8.0,8.0,internal_motif_model_v2,25,0,25,possible_disulfide_loss,10,10.0,10,-0.026548672566371723,10,0.00990099009900991,10,10,10
38,39,51,L,C,-3.2294154167175293,4.61556669782027,11.0,139,48,L,1.0,0.0,-0.0,1.0,30.0,msa_v1_remapped,75.53590084260594,0.3758005017045072,surface,0,39,False,False,False,0.9,0.5,-0.4,HLA-A02_like,HLA-A03_like,SLDSWWTSL,WTSCNFLGG,0.54,0.36,-0.18,QSLDSWWTSLNFLGG,LTIPQSLDSWWTSCN,0.9,0.5,-0.4,1.026,1.049,0.023,18.0,0.0,18.0,internal_motif_model_v2,10,0,10,new_cysteine,10,9.299999999999999,10,-0.005752212389380507,10,-0.00990099009900991,8,10,7
80,81,93,I,W,-3.230327606201172,2.8780107838853155,23.0,139,55,I,1.0,0.0,-0.0,1.0,30.0,msa_v1_remapped,57.96615436991598,0.2942444384259694,partial,0,81,False,False,False,0.95,0.95,0.0,HLA-A02_like,HLA-A02_like,WMCLRRFII,WMCLRRFWI,0.72,0.72,0.0,PICPGYRWMCLRRFI,PICPGYRWMCLRRFW,0.95,0.95,0.0,1.069,1.032,-0.037,0.0,0.0,0.0,internal_motif_model_v2,0,0,0,,0,10.0,10,-0.023893805309734395,10,0.0,10,10,10
4,5,17,T,W,-3.231813430786133,1.7188567983479288,,0,0,,,,,0.0,0.0,msa_v1_remapped,106.88055092437924,0.6213985518859257,surface,4,5,False,False,False,0.35,0.4,0.05,HLA-A02_like,HLA-A02_like,GENITSGFL,WSGFLGPLL,0.64,0.64,0.0,NITSGFLGPLLVLQA,NIWSGFLGPLLVLQA,0.64,0.64,0.0,0.952,0.95,-0.002,0.0,0.0,0.0,internal_motif_model_v2,0,0,4,surface_hydrophobic_gain,0,10.0,10,-0.0008849557522123686,10,0.0,10,10,10
106,107,119,C,A,-3.2326884269714355,0.3093561333981256,49.0,139,137,C,1.0,0.0,-0.0,1.0,30.0,msa_v1_remapped,89.81939060319363,0.5378406622945726,surface,0,107,True,False,False,0.8,0.8,0.0,HLA-A02_like,HLA-A02_like,GMLPVCPLI,GMLPVAPLI,0.72,0.72,0.0,FLLVLLDYQGMLPVC,FLLVLLDYQGMLPVA,0.8,0.8,0.0,1.225,1.175,-0.05,0.0,13.0,13.0,internal_motif_model_v2,25,0,29,possible_disulfide_loss;surface_hydrophobic_gain,10,10.0,10,-0.00309734513274329,10,0.00990099009900991,10,10,10
73,74,86,W,K,-3.233365297317505,-0.9053278226175508,16.0,139,48,W,0.9583333333333334,0.0,0.0674580772976627,0.9325419227023372,30.0,msa_v1_remapped,110.98604703594344,0.3894247264419068,surface,0,74,False,False,False,0.95,0.9,-0.05,HLA-A02_like,HLA-A02_like,WMCLRRFII,KMCLRRFII,0.72,0.72,0.0,PPICPGYRWMCLRRF,PPICPGYRKMCLRRF,0.95,0.9,-0.05,1.041,1.047,0.005,0.0,0.0,0.0,internal_motif_model_v2,0,0,0,,0,9.6,10,-0.013274336283185861,10,0.999000999000998,8,10,10
165,166,178,A,M,-3.237147331237793,2.0670483135936593,108.0,139,139,A,0.9856115107913668,0.0,0.0284685318889823,0.9715314681110176,24.0,msa_v1_remapped,26.56782075287816,0.2059520988595206,partial,0,166,True,False,False,0.95,0.95,0.0,HLA-A02_like,HLA-A02_like,FAKYLWEWA,FAKYLWEWM,0.72,0.72,0.0,IPSSWAFAKYLWEWA,IPSSWAFAKYLWEWM,0.95,0.95,0.0,0.996,0.962,-0.034,0.0,4.8,4.8,internal_motif_model_v2,0,0,0,,0,10.0,10,0.0004424778761062953,10,0.0,10,10,10
200,201,213,W,A,-3.2372851371765137,0.304201289283128,,0,0,,,,,0.0,0.0,msa_v1_remapped,119.2130739479758,0.4182914875367572,surface,0,201,False,False,False,0.85,0.9,0.05,HLA-A02_like,HLA-A02_like,MMWYWGPSL,SAIWMMWYA,0.72,0.72,0.0,SPTVWLSAIWMMWYW,SPTVWLSAIWMMWYA,0.85,0.9,0.05,0.96,0.985,0.024,0.0,0.0,0.0,internal_motif_model_v2,0,0,4,surface_hydrophobic_gain,0,10.0,10,0.011946902654867309,10,0.0,10,10,10
66,67,79,P,W,-3.2382779121398926,4.612701506333508,,0,0,,,,,0.0,0.0,msa_v1_remapped,98.58121711583186,0.6200076548165526,surface,4,67,False,False,False,0.8,0.85,0.05,HLA-B07_like,HLA-A02_like,PPICPGYRW,WICPGYRWM,0.72,0.72,0.0,PPICPGYRWMCLRRF,PWICPGYRWMCLRRF,0.8,0.85,0.05,1.169,1.144,-0.024,0.0,0.0,0.0,internal_motif_model_v2,0,0,4,surface_hydrophobic_gain,0,10.0,10,0.003097345132743401,10,0.0,10,10,10
81,82,94,I,C,-3.2388627529144287,3.7408673712403697,24.0,139,55,I,0.9818181818181818,0.0,0.0303351945483401,0.96966480545166,30.0,msa_v1_remapped,71.25006474635506,0.3616754555652541,surface,0,82,False,False,False,0.95,0.95,0.0,HLA-A02_like,HLA-A02_like,WMCLRRFII,FICFLFILL,0.72,0.72,0.0,ICPGYRWMCLRRFII,ICPGYRWMCLRRFIC,0.95,0.95,0.0,1.1,1.137,0.037,0.0,0.0,0.0,internal_motif_model_v2,10,0,10,new_cysteine,10,9.299999999999999,10,-0.008849557522123908,10,-0.00990099009900991,8,10,7
170,171,183,S,I,-3.238921642303467,3.065953652332155,,0,0,,,,,0.0,0.0,msa_v1_remapped,87.97547677746624,0.5675837211449435,surface,4,171,False,False,False,0.95,0.95,0.0,HLA-A02_like,HLA-A02_like,WASVRFSWL,WASVRFIWL,0.72,0.72,0.0,AFAKYLWEWASVRFS,AFAKYLWEWASVRFI,0.95,0.95,0.0,1.073,1.093,0.02,0.0,0.0,0.0,internal_motif_model_v2,0,0,4,surface_hydrophobic_gain,0,10.0,10,0.02345132743362832,10,0.0,10,10,10
53,54,66,Q,H,-3.242682456970215,1.0112214628954348,,0,0,,,,,0.0,0.0,msa_v1_remapped,195.53090463568964,0.8690262428252873,surface,0,54,False,False,False,0.45,0.45,0.0,HLA-A02_like,HLA-A02_like,CLGQNSQSP,CLGQNSHSP,0.28,0.28,0.0,NFLGGSPVCLGQNSQ,NFLGGSPVCLGQNSH,0.45,0.45,0.0,0.972,0.985,0.013,0.0,0.0,0.0,internal_motif_model_v2,0,0,0,,0,10.0,10,0.0013274336283185528,10,0.087174188254588,10,10,10
62,63,75,T,N,-3.2431163787841797,-0.4790917627636872,,0,0,,,,,0.0,0.0,msa_v1_remapped,84.32622788379754,0.4902687667662648,surface,0,63,False,False,False,0.45,0.45,0.0,HLA-B07_like,HLA-B07_like,SPTSNHSPT,SPTSNHSPN,0.46,0.46,0.0,TSCPPICPGYRWMCL,NSCPPICPGYRWMCL,0.46,0.46,0.0,1.083,1.064,-0.019,0.0,0.0,0.0,internal_motif_model_v2,0,0,0,,0,10.0,10,-0.012389380530973382,10,0.0,10,10,10
220,221,233,C,T,-3.2469000816345215,0.2439298187748022,,0,0,,,,,0.0,0.0,msa_v1_remapped,86.36117567560444,0.5171327884766733,surface,0,221,False,False,False,0.95,0.95,0.0,HLA-B07_like,HLA-B07_like,LPIFFCLWV,LPIFFTLWV,0.64,0.64,0.0,VSPFIPLLPIFFCLW,VSPFIPLLPIFFTLW,0.95,0.95,0.0,1.182,1.11,-0.072,0.0,0.0,0.0,internal_motif_model_v2,25,0,25,possible_disulfide_loss,10,10.0,10,-0.01415929203539823,10,0.00990099009900991,10,10,10
86,87,99,L,T,-3.2485220432281494,4.977891274725835,29.0,139,55,L,1.0,0.0,-0.0,1.0,30.0,msa_v1_remapped,90.29977781903932,0.4492526259653698,surface,0,87,False,False,False,0.95,0.95,0.0,HLA-A02_like,HLA-A02_like,FIIFLFILL,FIIFLFITL,0.72,0.72,0.0,RWMCLRRFIIFLFIL,RWMCLRRFIIFLFIT,0.95,0.95,0.0,1.236,1.188,-0.049,0.0,0.0,0.0,internal_motif_model_v2,0,0,0,,0,10.0,10,-0.019911504424778848,10,0.0,10,10,10
66,67,79,P,F,-3.2519967555999756,4.966284747123268,,0,0,,,,,0.0,0.0,msa_v1_remapped,98.58121711583186,0.6200076548165526,surface,4,67,False,False,False,0.8,0.85,0.05,HLA-B07_like,HLA-A02_like,PPICPGYRW,FICPGYRWM,0.72,0.72,0.0,PPICPGYRWMCLRRF,PFICPGYRWMCLRRF,0.8,0.85,0.05,1.169,1.172,0.004,0.0,0.0,0.0,internal_motif_model_v2,0,0,4,surface_hydrophobic_gain,0,10.0,10,0.019469026548672552,10,0.0,10,10,10
136,137,149,C,D,-3.2582898139953613,0.1175835530963809,79.0,139,139,C,0.9928057553956836,0.0,0.0142429670997965,0.9857570329002034,30.0,msa_v1_remapped,24.389113681243025,0.1460425968936708,buried,12,137,True,True,True,0.4,0.4,0.0,HLA-A03_like,HLA-A03_like,MFPSCCCTK,MFPSDCCTK,0.28,0.28,0.0,TCTTPAQGNSMFPSC,TCTTPAQGNSMFPSD,0.4,0.4,0.0,1.187,1.109,-0.078,12.0,36.0,48.0,internal_motif_model_v2,25,15,56,possible_disulfide_loss;buried_charge;antibody_interface_mutation,10,10.0,10,-0.026548672566371723,10,-0.9889782489611454,10,10,10
10,11,23,P,W,-3.2584500312805176,-4.208627309710664,,0,0,,,,,0.0,0.0,msa_v1_remapped,79.2949546827029,0.4987104068094521,surface,4,11,False,False,False,0.5,0.5,0.0,HLA-A02_like,HLA-A02_like,LGPLLVLQA,FLGWLLVLQ,0.72,0.72,0.0,PLLVLQAGFFLLTRI,NITSGFLGWLLVLQA,0.72,0.72,0.0,1.166,1.142,-0.024,0.0,0.0,0.0,internal_motif_model_v2,0,0,4,surface_hydrophobic_gain,0,10.0,10,0.003097345132743401,10,0.0,10,10,10
102,103,115,M,K,-3.25893497467041,-2.030499480122103,45.0,139,124,M,0.9838709677419356,0.0,0.0275608534062741,0.972439146593726,30.0,msa_v1_remapped,130.11034151822395,0.5808497389206426,surface,0,103,True,False,True,0.95,0.95,0.0,HLA-A02_like,HLA-A03_like,LVLLDYQGM,LVLLDYQGK,0.72,0.72,0.0,LCLIFLLVLLDYQGM,LCLIFLLVLLDYQGK,0.95,0.95,0.0,1.082,1.097,0.015,0.0,33.0,33.0,internal_motif_model_v2,0,15,15,antibody_interface_mutation,0,9.6,10,-0.025663716814159243,10,0.999000999000998,8,10,10
4,5,17,T,A,-3.260875940322876,1.3680956518844596,,0,0,,,,,0.0,0.0,msa_v1_remapped,106.88055092437924,0.6213985518859257,surface,0,5,False,False,False,0.35,0.8,0.45,HLA-A02_like,HLA-A02_like,GENITSGFL,IASGFLGPL,0.64,0.64,0.0,NITSGFLGPLLVLQA,NIASGFLGPLLVLQA,0.64,0.8,0.16,0.952,0.974,0.022,0.0,0.0,0.0,internal_motif_model_v2,0,0,4,surface_hydrophobic_gain,0,10.0,10,0.011061946902654829,10,0.0,10,10,10
214,215,227,L,T,-3.2663378715515137,3.611113740252506,,0,0,,,,,0.0,0.0,msa_v1_remapped,96.20174970726173,0.4786156701853817,surface,0,215,False,False,False,0.8,0.8,0.0,HLA-A02_like,HLA-A02_like,SIVSPFIPL,IVSPFIPTL,0.64,0.54,-0.1,VSPFIPLLPIFFCLW,SPFIPTLPIFFCLWV,0.8,0.8,0.0,1.146,1.097,-0.049,0.0,0.0,0.0,internal_motif_model_v2,0,0,0,,0,10.0,10,-0.019911504424778848,10,0.0,10,10,10
95,96,108,V,C,-3.2683699131011963,2.613995389322781,38.0,139,55,V,1.0,0.0,-0.0,1.0,30.0,msa_v1_remapped,85.60543414685687,0.4919852537175682,surface,0,96,False,False,False,0.95,0.8,-0.15,HLA-A02_like,HLA-A02_like,LLCLIFLLV,CLIFLLCLL,0.72,0.72,0.0,IFLFILLLCLIFLLV,IFLFILLLCLIFLLC,0.95,0.8,-0.15,1.191,1.196,0.004,10.0,0.0,10.0,internal_motif_model_v2,10,0,10,new_cysteine,10,9.299999999999999,10,-0.007522123893805244,10,-0.00990099009900991,8,10,7
79,80,92,F,A,-3.268725872039795,0.2179565530001355,22.0,139,55,F,0.9818181818181818,0.0,0.0303351945483401,0.96966480545166,30.0,msa_v1_remapped,121.97044982003156,0.5082102075834648,surface,0,80,False,False,False,0.95,0.95,0.0,HLA-A02_like,HLA-A02_like,WMCLRRFII,WMCLRRAII,0.72,0.72,0.0,PPICPGYRWMCLRRF,PPICPGYRWMCLRRA,0.95,0.95,0.0,1.069,1.065,-0.004,0.0,0.0,0.0,internal_motif_model_v2,0,0,4,surface_hydrophobic_gain,0,10.0,10,-0.004424778761061954,10,0.0,10,10,10
113,114,126,T,L,-3.2688164710998535,-1.1639395866870927,56.0,139,139,S,0.0503597122302158,0.0,0.1196530392664537,0.8803469607335462,12.0,msa_v1_remapped,119.72016470137704,0.6960474691940525,surface,4,114,True,False,False,0.8,0.85,0.05,HLA-A03_like,HLA-A03_like,TTTSTGPCK,LTTSTGPCK,0.46,0.46,0.0,YQGMLPVCPLIPGST,YQGMLPVCPLIPGSL,0.8,0.85,0.05,0.956,1.004,0.049,0.0,13.0,13.0,internal_motif_model_v2,0,0,4,surface_hydrophobic_gain,0,10.0,10,0.019911504424778736,10,0.0,10,10,10
138,139,151,C,Q,-3.2723546028137207,0.4551728744380625,81.0,139,139,C,0.9928057553956836,0.0,0.0142429670997965,0.9857570329002034,30.0,msa_v1_remapped,49.33748112030749,0.295434018684476,partial,0,139,True,True,True,0.4,0.4,0.0,HLA-A03_like,HLA-A03_like,MFPSCCCTK,MFPSCCQTK,0.28,0.28,0.0,TTPAQGNSMFPSCCC,TTPAQGNSMFPSCCQ,0.4,0.4,0.0,1.164,1.108,-0.057,12.0,36.0,48.0,internal_motif_model_v2,25,15,40,possible_disulfide_loss;antibody_interface_mutation,10,10.0,10,-0.026548672566371723,10,0.00990099009900991,10,10,10
171,172,184,W,T,-3.2728424072265625,0.5352531625069901,,0,0,,,,,0.0,0.0,msa_v1_remapped,149.88290992775796,0.5259049471149402,surface,0,172,False,False,False,0.95,0.95,0.0,HLA-A02_like,HLA-A02_like,WASVRFSWL,WASVRFSTL,0.72,0.72,0.0,FAKYLWEWASVRFSW,FAKYLWEWASVRFST,0.95,0.95,0.0,1.054,1.057,0.002,0.0,0.0,0.0,internal_motif_model_v2,0,0,0,,0,10.0,10,0.0008849557522124796,10,0.0,10,10,10
62,63,75,T,Q,-3.2770559787750244,2.7175870696316338,,0,0,,,,,0.0,0.0,msa_v1_remapped,84.32622788379754,0.4902687667662648,surface,0,63,False,False,False,0.45,0.45,0.0,HLA-B07_like,HLA-B07_like,SPTSNHSPT,SPTSNHSPQ,0.46,0.46,0.0,TSCPPICPGYRWMCL,QSCPPICPGYRWMCL,0.46,0.46,0.0,1.083,1.098,0.015,0.0,0.0,0.0,internal_motif_model_v2,0,0,0,,0,10.0,10,-0.012389380530973382,10,0.0,10,10,10
183,184,196,V,A,-3.279414653778076,-0.5194219411528707,,0,0,,,,,0.0,0.0,msa_v1_remapped,113.48126328424244,0.6521911683002438,surface,0,184,False,False,False,0.95,0.95,0.0,HLA-A02_like,HLA-A02_like,LVPFVQWFV,LVPFVQWFA,0.64,0.64,0.0,FSWLSLLVPFVQWFV,FSWLSLLVPFVQWFA,0.95,0.95,0.0,1.074,1.028,-0.046,0.0,0.0,0.0,internal_motif_model_v2,0,0,4,surface_hydrophobic_gain,0,10.0,10,-0.010619469026548645,10,0.0,10,10,10
121,122,134,K,V,-3.281039237976074,4.774437812797032,64.0,139,139,R,0.1654676258992805,0.0,0.1497551184645261,0.850244881535474,12.0,msa_v1_remapped,190.8520175993628,0.8086949898278086,surface,4,122,True,False,True,0.8,0.35,-0.45,HLA-A03_like,HLA-A02_like,TTTSTGPCK,TTTSTGPCV,0.28,0.28,0.0,GPCKTCTTPAQGNSM,GPCVTCTTPAQGNSM,0.8,0.35,-0.45,1.073,1.138,0.065,18.0,33.0,51.0,internal_motif_model_v2,0,15,19,surface_hydrophobic_gain;antibody_interface_mutation,0,10.0,10,0.035840707964601815,10,-0.9990009990009989,10,10,10
193,194,206,A,G,-3.2818899154663086,4.675794812121978,,0,0,,,,,0.0,0.0,msa_v1_remapped,43.22440677213448,0.3350729207142208,partial,0,194,False,False,False,0.9,0.9,0.0,HLA-B07_like,HLA-B07_like,SPTVWLSAI,SPTVWLSGI,0.72,0.64,-0.08,GLSPTVWLSAIWMMW,LSPTVWLSGIWMMWY,0.9,0.9,0.0,1.013,0.986,-0.027,0.0,0.0,0.0,internal_motif_model_v2,0,0,4,new_glycine,0,10.0,10,-0.009734513274336276,10,0.0,10,10,10
28,29,41,P,Y,-3.283247947692871,-6.323895941042508,1.0,139,48,P,1.0,0.0,-0.0,1.0,30.0,msa_v1_remapped,71.6406778105318,0.4505703006951685,surface,4,29,False,False,False,0.9,0.9,0.0,HLA-B07_like,HLA-A02_like,IPQSLDSWW,RILTIYQSL,0.72,0.72,0.0,LQAGFFLLTRILTIP,LQAGFFLLTRILTIY,0.9,0.9,0.0,1.093,1.107,0.014,0.0,0.0,0.0,internal_motif_model_v2,0,0,4,surface_hydrophobic_gain,0,10.0,10,0.0013274336283185528,10,-0.0009990009990010762,10,10,10
218,219,231,F,A,-3.2836833000183105,-0.4328095097883988,,0,0,,,,,0.0,0.0,msa_v1_remapped,130.28767814033375,0.542865325584724,surface,0,219,False,False,False,0.95,0.95,0.0,HLA-B07_like,HLA-B07_like,LPIFFCLWV,LPIAFCLWV,0.64,0.64,0.0,VSPFIPLLPIFFCLW,VSPFIPLLPIAFCLW,0.95,0.95,0.0,1.187,1.183,-0.004,0.0,0.0,0.0,internal_motif_model_v2,0,0,4,surface_hydrophobic_gain,0,10.0,10,-0.004424778761061954,10,0.0,10,10,10
64,65,77,C,A,-3.284748077392578,0.754848507932536,,0,0,,,,,0.0,0.0,msa_v1_remapped,31.08799452834562,0.186155655858357,partial,0,65,False,False,False,0.35,0.35,0.0,HLA-A03_like,HLA-A02_like,TSNHSPTSC,TSNHSPTSA,0.46,0.46,0.0,TSCPPICPGYRWMCL,TSAPPICPGYRWMCL,0.46,0.46,0.0,1.097,1.047,-0.05,0.0,0.0,0.0,internal_motif_model_v2,25,0,25,possible_disulfide_loss,10,10.0,10,-0.00309734513274329,10,0.00990099009900991,10,10,10
217,218,230,I,Y,-3.2862672805786133,1.4450536444863928,,0,0,,,,,0.0,0.0,msa_v1_remapped,91.77974441903363,0.4658870275077849,surface,4,218,False,False,False,0.95,0.95,0.0,HLA-B07_like,HLA-B07_like,LPIFFCLWV,LPYFFCLWV,0.64,0.64,0.0,VSPFIPLLPIFFCLW,VSPFIPLLPYFFCLW,0.95,0.95,0.0,1.187,1.188,0.001,0.0,0.0,0.0,internal_motif_model_v2,0,0,4,surface_hydrophobic_gain,0,10.0,10,-0.025663716814159243,10,-0.0009990009990010762,10,10,10
105,106,118,V,N,-3.289377212524414,-0.290965792444581,48.0,139,137,V,1.0,0.0,-0.0,1.0,30.0,msa_v1_remapped,84.28376611749164,0.4843894604453542,surface,0,106,True,False,True,0.8,0.8,0.0,HLA-A02_like,HLA-A02_like,GMLPVCPLI,GMLPNCPLI,0.72,0.72,0.0,IFLLVLLDYQGMLPV,IFLLVLLDYQGMLPN,0.8,0.8,0.0,1.178,1.092,-0.087,0.0,33.0,33.0,internal_motif_model_v2,0,15,15,antibody_interface_mutation,0,10.0,10,-0.034070796460176966,10,0.0,10,10,10
28,29,41,P,T,-3.2910008430480957,-5.836664619816588,1.0,139,48,P,1.0,0.0,-0.0,1.0,30.0,msa_v1_remapped,71.6406778105318,0.4505703006951685,surface,0,29,False,False,False,0.9,0.9,0.0,HLA-B07_like,HLA-A02_like,IPQSLDSWW,RILTITQSL,0.72,0.72,0.0,LQAGFFLLTRILTIP,LQAGFFLLTRILTIT,0.9,0.9,0.0,1.093,1.071,-0.022,0.0,0.0,0.0,internal_motif_model_v2,0,0,0,,0,10.0,10,0.0039823008849557695,10,0.0,10,10,10
186,187,199,S,T,-3.2919576168060303,4.132205469771293,,0,0,,,,,0.0,0.0,msa_v1_remapped,54.90065109039614,0.3541977489702976,surface,0,187,False,False,False,0.9,0.9,0.0,HLA-B07_like,HLA-B07_like,SPTVWLSAI,TPTVWLSAI,0.72,0.72,0.0,GLSPTVWLSAIWMMW,GLTPTVWLSAIWMMW,0.9,0.9,0.0,1.125,1.11,-0.015,0.0,0.0,0.0,internal_motif_model_v2,0,0,0,,0,10.0,10,0.0004424778761062953,10,0.0,10,10,10
85,86,98,I,C,-3.2946605682373047,4.795393329095077,28.0,139,55,I,1.0,0.0,-0.0,1.0,30.0,msa_v1_remapped,89.3644879869538,0.4536268425733695,surface,0,86,False,False,False,0.95,0.95,0.0,HLA-A02_like,HLA-A02_like,FIIFLFILL,FIIFLFCLL,0.72,0.72,0.0,YRWMCLRRFIIFLFI,YRWMCLRRFIIFLFC,0.95,0.95,0.0,1.191,1.228,0.037,0.0,0.0,0.0,internal_motif_model_v2,10,0,10,new_cysteine,10,9.299999999999999,10,-0.008849557522123908,10,-0.00990099009900991,8,10,7
136,137,149,C,N,-3.29565167427063,-0.8729701123195923,79.0,139,139,C,0.9928057553956836,0.0,0.0142429670997965,0.9857570329002034,30.0,msa_v1_remapped,24.389113681243025,0.1460425968936708,buried,0,137,True,True,True,0.4,0.4,0.0,HLA-A03_like,HLA-A03_like,MFPSCCCTK,MFPSNCCTK,0.28,0.28,0.0,TCTTPAQGNSMFPSC,TCTTPAQGNSMFPSN,0.4,0.4,0.0,1.187,1.097,-0.091,12.0,36.0,48.0,internal_motif_model_v2,25,15,40,possible_disulfide_loss;antibody_interface_mutation,10,10.0,10,-0.026548672566371723,10,0.00990099009900991,10,10,10
77,78,90,R,A,-3.297255516052246,3.144978633438427,20.0,139,55,R,1.0,0.0,-0.0,1.0,30.0,msa_v1_remapped,110.34264886048828,0.402710397301052,surface,0,78,False,False,False,0.95,0.95,0.0,HLA-A02_like,HLA-A02_like,WMCLRRFII,WMCLARFII,0.72,0.72,0.0,PPICPGYRWMCLRRF,PPICPGYRWMCLARF,0.95,0.95,0.0,1.068,1.095,0.027,0.0,0.0,0.0,internal_motif_model_v2,0,0,4,surface_hydrophobic_gain,0,10.0,10,0.027876106194690276,10,-0.9999900000999986,10,10,10
221,222,234,L,T,-3.2993011474609375,3.5642924577638837,,0,0,,,,,0.0,0.0,msa_v1_remapped,112.03708570775784,0.5573984363570041,surface,0,222,False,False,False,0.95,0.95,0.0,HLA-B07_like,HLA-B07_like,LPIFFCLWV,LPIFFCTWV,0.64,0.64,0.0,VSPFIPLLPIFFCLW,VSPFIPLLPIFFCTW,0.95,0.95,0.0,1.183,1.134,-0.049,0.0,0.0,0.0,internal_motif_model_v2,0,0,0,,0,10.0,10,-0.019911504424778848,10,0.0,10,10,10
115,116,128,T,L,-3.300293445587158,4.564452854684873,58.0,139,139,T,0.9856115107913668,0.0,0.0284685318889823,0.9715314681110176,30.0,msa_v1_remapped,105.65926306348148,0.6142980410667529,surface,4,116,True,False,False,0.8,0.8,0.0,HLA-A03_like,HLA-A02_like,TTTSTGPCK,PLIPGSTTL,0.28,0.28,0.0,GMLPVCPLIPGSTTT,GMLPVCPLIPGSTTL,0.8,0.8,0.0,0.933,0.982,0.049,0.0,13.0,13.0,internal_motif_model_v2,0,0,4,surface_hydrophobic_gain,0,10.0,10,0.019911504424778736,10,0.0,10,10,10
63,64,76,S,Q,-3.301058530807495,1.61440389670247,,0,0,,,,,0.0,0.0,msa_v1_remapped,75.58259747580891,0.487629661134251,surface,0,64,False,False,False,0.35,0.35,0.0,HLA-A03_like,HLA-A03_like,PTSNHSPTS,PTSNHSPTQ,0.46,0.46,0.0,TSCPPICPGYRWMCL,TQCPPICPGYRWMCL,0.46,0.46,0.0,1.077,1.077,0.0,0.0,0.0,0.0,internal_motif_model_v2,0,0,0,,0,10.0,10,-0.011946902654867197,10,0.0,10,10,10
219,220,232,F,A,-3.3042736053466797,2.792932692238878,,0,0,,,,,0.0,0.0,msa_v1_remapped,130.28767814033375,0.542865325584724,surface,0,220,False,False,False,0.95,0.95,0.0,HLA-B07_like,HLA-B07_like,LPIFFCLWV,LPIFACLWV,0.64,0.64,0.0,VSPFIPLLPIFFCLW,VSPFIPLLPIFACLW,0.95,0.95,0.0,1.136,1.132,-0.004,0.0,0.0,0.0,internal_motif_model_v2,0,0,4,surface_hydrophobic_gain,0,10.0,10,-0.004424778761061954,10,0.0,10,10,10
128,129,141,Q,V,-3.3112759590148926,1.4712135889890303,71.0,139,139,Q,0.9496402877697842,0.0,0.0835009187140195,0.9164990812859805,30.0,msa_v1_remapped,172.83533558940258,0.7681570470640114,surface,4,129,True,True,True,0.8,0.8,0.0,HLA-B07_like,HLA-B07_like,TPAQGNSMF,TPAVGNSMF,0.28,0.28,0.0,GPCKTCTTPAQGNSM,GPCKTCTTPAVGNSM,0.8,0.8,0.0,0.959,1.012,0.053,12.0,41.0,53.0,internal_motif_model_v2,0,15,19,surface_hydrophobic_gain;antibody_interface_mutation,0,10.0,10,0.03407079646017708,10,0.0,10,10,10
50,51,63,Q,D,-3.311624050140381,2.469443258961519,,0,0,,,,,1.0,20.0,msa_v1_remapped,172.1953554667545,0.7653126909633534,surface,0,51,False,False,False,0.45,0.45,0.0,HLA-A02_like,HLA-A02_like,CLGQNSQSP,CLGDNSQSP,0.46,0.46,0.0,TSLNFLGGSPVCLGQ,TSLNFLGGSPVCLGD,0.46,0.46,0.0,1.051,1.029,-0.021,0.0,0.0,0.0,internal_motif_model_v2,0,0,0,,0,10.0,10,0.0,10,-0.9988792390601553,10,10,10
213,214,226,P,C,-3.3134231567382812,-4.303527559876784,,0,0,,,,,0.0,0.0,msa_v1_remapped,71.3683394265774,0.4488574806702982,surface,0,214,False,False,False,0.8,0.9,0.1,HLA-A02_like,HLA-B07_like,SIVSPFIPL,SPFICLLPI,0.64,0.64,0.0,VSPFIPLLPIFFCLW,VSPFICLLPIFFCLW,0.8,0.9,0.1,1.134,1.183,0.05,0.0,0.0,0.0,internal_motif_model_v2,10,0,10,new_cysteine,10,9.299999999999999,10,0.018141592920354,10,-0.00990099009900991,8,10,7
192,193,205,S,M,-3.313789129257202,2.825264977163954,,0,0,,,,,0.0,0.0,msa_v1_remapped,56.98141586946296,0.3676220378675029,surface,4,193,False,False,False,0.9,0.9,0.0,HLA-B07_like,HLA-B07_like,SPTVWLSAI,SPTVWLMAI,0.72,0.72,0.0,GLSPTVWLSAIWMMW,VGLSPTVWLMAIWMM,0.9,0.9,0.0,1.092,1.066,-0.027,0.0,0.0,0.0,internal_motif_model_v2,0,0,4,surface_hydrophobic_gain,0,10.0,10,0.011946902654867309,10,0.0,10,10,10
131,132,144,S,N,-3.315490245819092,0.4285552492810893,74.0,139,139,S,1.0,0.0,-0.0,1.0,24.0,msa_v1_remapped,80.04039178754668,0.5163896244357851,surface,0,132,True,True,True,0.8,0.8,0.0,HLA-B07_like,HLA-B07_like,TPAQGNSMF,TPAQGNNMF,0.28,0.28,0.0,GPCKTCTTPAQGNSM,GPCKTCTTPAQGNNM,0.8,0.8,0.0,0.951,0.917,-0.034,7.2,24.6,31.8,internal_motif_model_v2,0,15,15,antibody_interface_mutation,0,10.0,10,-0.011946902654867197,10,0.0,10,10,10
50,51,63,Q,R,-3.3170416355133057,2.7688163726439825,,0,0,,,,,1.0,20.0,msa_v1_remapped,172.1953554667545,0.7653126909633534,surface,0,51,False,False,False,0.45,0.45,0.0,HLA-A02_like,HLA-A02_like,CLGQNSQSP,CLGRNSQSP,0.46,0.46,0.0,TSLNFLGGSPVCLGQ,TSLNFLGGSPVCLGR,0.46,0.46,0.0,1.051,1.03,-0.02,0.0,0.0,0.0,internal_motif_model_v2,0,0,0,,0,9.6,10,-0.004424778761061954,10,0.9999900000999986,8,10,10
213,214,226,P,G,-3.3271565437316895,-3.5350267472596784,,0,0,,,,,0.0,0.0,msa_v1_remapped,71.3683394265774,0.4488574806702982,surface,0,214,False,False,False,0.8,0.8,0.0,HLA-A02_like,HLA-A02_like,SIVSPFIPL,SIVSPFIGL,0.64,0.64,0.0,VSPFIPLLPIFFCLW,VSPFIGLLPIFFCLW,0.8,0.8,0.0,1.134,1.106,-0.027,0.0,0.0,0.0,internal_motif_model_v2,0,0,4,new_glycine,0,10.0,10,0.005309734513274433,10,0.0,10,10,10
71,72,84,Y,F,-3.3284716606140137,1.051849245570338,14.0,139,48,Y,1.0,0.0,-0.0,1.0,24.0,msa_v1_remapped,73.71201781163785,0.2802738319834139,partial,0,72,False,False,False,0.8,0.8,0.0,HLA-B07_like,HLA-B07_like,PPICPGYRW,PPICPGFRW,0.72,0.72,0.0,PPICPGYRWMCLRRF,PPICPGFRWMCLRRF,0.8,0.8,0.0,1.015,1.005,-0.01,0.0,0.0,0.0,internal_motif_model_v2,0,0,0,,0,10.0,10,0.018141592920354,10,0.000999000999000188,10,10,10
81,82,94,I,A,-3.328744888305664,2.7472774211037745,24.0,139,55,I,0.9818181818181818,0.0,0.0303351945483401,0.96966480545166,24.0,msa_v1_remapped,71.25006474635506,0.3616754555652541,surface,0,82,False,False,False,0.95,0.95,0.0,HLA-A02_like,HLA-A02_like,WMCLRRFII,WMCLRRFIA,0.72,0.72,0.0,ICPGYRWMCLRRFII,ICPGYRWMCLRRFIA,0.95,0.95,0.0,1.1,1.087,-0.013,0.0,0.0,0.0,internal_motif_model_v2,0,0,4,surface_hydrophobic_gain,0,10.0,10,-0.011946902654867197,10,0.0,10,10,10
173,174,186,S,Y,-3.3359529972076416,2.6312989864488827,,0,0,,,,,0.0,0.0,msa_v1_remapped,66.09352996297646,0.4264098707288803,surface,4,174,False,False,False,0.9,0.9,0.0,HLA-A02_like,HLA-A02_like,SVRFSWLSL,SVRFSWLYL,0.72,0.72,0.0,KYLWEWASVRFSWLS,KYLWEWASVRFSWLY,0.9,0.9,0.0,1.15,1.171,0.021,0.0,0.0,0.0,internal_motif_model_v2,0,0,4,surface_hydrophobic_gain,0,10.0,10,-0.0022123893805310324,10,-0.0009990009990010762,10,10,10
8,9,21,L,A,-3.3368983268737793,1.5790432282348092,,0,0,,,,,0.0,0.0,msa_v1_remapped,104.9496149821474,0.5221373879708826,surface,0,9,False,False,False,0.5,0.45,-0.05,HLA-A02_like,HLA-A02_like,LGPLLVLQA,AGPLLVLQA,0.64,0.64,0.0,NITSGFLGPLLVLQA,NITSGFAGPLLVLQA,0.64,0.64,0.0,1.059,1.033,-0.027,0.0,0.0,0.0,internal_motif_model_v2,0,0,4,surface_hydrophobic_gain,0,10.0,10,-0.008849557522123908,10,0.0,10,10,10
130,131,143,N,Q,-3.337414026260376,2.693176103860935,73.0,139,139,T,0.1079136690647482,0.0,0.1387927954342322,0.8612072045657677,6.0,msa_v1_remapped,166.08319846363634,0.8517087100699299,surface,0,131,True,True,True,0.8,0.8,0.0,HLA-B07_like,HLA-B07_like,TPAQGNSMF,TPAQGQSMF,0.28,0.28,0.0,GPCKTCTTPAQGNSM,GPCKTCTTPAQGQSM,0.8,0.8,0.0,0.951,0.985,0.034,7.2,24.6,31.8,internal_motif_model_v2,0,15,15,antibody_interface_mutation,0,10.0,10,0.0,10,0.0,10,10,10
86,87,99,L,A,-3.3375468254089355,2.1617083971931947,29.0,139,55,L,1.0,0.0,-0.0,1.0,24.0,msa_v1_remapped,90.29977781903932,0.4492526259653698,surface,0,87,False,False,False,0.95,0.95,0.0,HLA-A02_like,HLA-A02_like,FIIFLFILL,FIIFLFIAL,0.72,0.72,0.0,RWMCLRRFIIFLFIL,RWMCLRRFIIFLFIA,0.95,0.95,0.0,1.236,1.21,-0.027,0.0,0.0,0.0,internal_motif_model_v2,0,0,4,surface_hydrophobic_gain,0,10.0,10,-0.008849557522123908,10,0.0,10,10,10
58,59,71,N,H,-3.338157415390014,1.901028597368054,,0,0,,,,,0.0,0.0,msa_v1_remapped,140.17325234516107,0.7188371915136466,surface,0,59,False,False,False,0.45,0.45,0.0,HLA-A03_like,HLA-A03_like,QSPTSNHSP,QSPTSHHSP,0.18,0.18,0.0,SPVCLGQNSQSPTSN,SPVCLGQNSQSPTSH,0.45,0.45,0.0,0.992,1.039,0.047,0.0,0.0,0.0,internal_motif_model_v2,0,0,0,,0,10.0,10,0.0013274336283185528,10,0.087174188254588,10,10,10
219,220,232,F,W,-3.339272975921631,1.028070242400986,,0,0,,,,,0.0,0.0,msa_v1_remapped,130.28767814033375,0.542865325584724,surface,4,220,False,False,False,0.95,0.95,0.0,HLA-B07_like,HLA-B07_like,LPIFFCLWV,LPIFWCLWV,0.64,0.64,0.0,VSPFIPLLPIFFCLW,VSPFIPLLPIFWCLW,0.95,0.95,0.0,1.136,1.108,-0.028,0.0,0.0,0.0,internal_motif_model_v2,0,0,4,surface_hydrophobic_gain,0,10.0,10,-0.01637168141592915,10,0.0,10,10,10
97,98,110,L,R,-3.3416061401367188,3.5950340372669416,40.0,139,55,L,1.0,0.0,-0.0,1.0,30.0,msa_v1_remapped,77.17416601322934,0.3839510746926833,surface,0,98,False,False,False,0.95,0.95,0.0,HLA-A02_like,HLA-A02_like,LVLLDYQGM,LVLRDYQGM,0.72,0.72,0.0,LFILLLCLIFLLVLL,LFILLLCLIFLLVLR,0.95,0.95,0.0,1.168,1.114,-0.054,0.0,0.0,0.0,internal_motif_model_v2,0,0,0,,0,9.6,10,-0.03672566371681407,10,0.9999900000999986,8,10,10
198,199,211,W,M,-3.3526864051818848,1.7277320014479756,,0,0,,,,,0.0,0.0,msa_v1_remapped,211.93063403958848,0.7436162597880298,surface,4,199,False,False,False,0.85,0.95,0.1,HLA-A02_like,HLA-A02_like,MMWYWGPSL,WLSAIWMMM,0.72,0.72,0.0,GLSPTVWLSAIWMMW,GLSPTVWLSAIWMMM,0.85,0.95,0.1,0.909,0.9,-0.01,0.0,0.0,0.0,internal_motif_model_v2,0,0,4,surface_hydrophobic_gain,0,10.0,10,0.012389380530973493,10,0.0,10,10,10
138,139,151,C,I,-3.354259490966797,0.4551728744380625,81.0,139,139,C,0.9928057553956836,0.0,0.0142429670997965,0.9857570329002034,30.0,msa_v1_remapped,49.33748112030749,0.295434018684476,partial,0,139,True,True,True,0.4,0.4,0.0,HLA-A03_like,HLA-A03_like,MFPSCCCTK,MFPSCCITK,0.28,0.36,0.08,TTPAQGNSMFPSCCC,AQGNSMFPSCCITKP,0.4,0.4,0.0,1.164,1.127,-0.037,12.0,36.0,48.0,internal_motif_model_v2,25,15,40,possible_disulfide_loss;antibody_interface_mutation,10,10.0,10,0.008849557522123908,10,0.00990099009900991,10,10,10
95,96,108,V,W,-3.3578133583068848,1.13218066656691,38.0,139,55,V,1.0,0.0,-0.0,1.0,30.0,msa_v1_remapped,85.60543414685687,0.4919852537175682,surface,4,96,False,False,False,0.95,0.9,-0.05,HLA-A02_like,HLA-A02_like,LLCLIFLLV,CLIFLLWLL,0.72,0.72,0.0,IFLFILLLCLIFLLV,IFLFILLLCLIFLLW,0.95,0.9,-0.05,1.191,1.121,-0.07,0.0,0.0,0.0,internal_motif_model_v2,0,0,4,surface_hydrophobic_gain,0,10.0,10,-0.022566371681415953,10,0.0,10,10,10
208,209,221,V,Y,-3.3578152656555176,-0.0137809078260602,,0,0,,,,,0.0,0.0,msa_v1_remapped,66.41955188219539,0.3817215625413528,surface,4,209,False,False,False,0.8,0.8,0.0,HLA-A02_like,HLA-A02_like,SIVSPFIPL,SIYSPFIPL,0.64,0.64,0.0,VSPFIPLLPIFFCLW,YSPFIPLLPIFFCLW,0.8,0.8,0.0,1.125,1.093,-0.032,0.0,0.0,0.0,internal_motif_model_v2,0,0,4,surface_hydrophobic_gain,0,10.0,10,-0.02433628318584069,10,-0.0009990009990010762,10,10,10
216,217,229,P,Y,-3.3584580421447754,3.3151810457691795,,0,0,,,,,0.0,0.0,msa_v1_remapped,39.57939274536285,0.2489269983985085,partial,0,217,False,False,False,0.95,0.9,-0.05,HLA-B07_like,HLA-A02_like,LPIFFCLWV,PLLYIFFCL,0.64,0.72,0.08,VSPFIPLLPIFFCLW,VSPFIPLLYIFFCLW,0.95,0.9,-0.05,1.137,1.151,0.014,0.0,0.0,0.0,internal_motif_model_v2,0,0,0,,0,10.0,10,0.0013274336283185528,10,-0.0009990009990010762,10,10,10
123,124,136,C,L,-3.358781099319458,0.4578526367955646,66.0,139,139,C,0.9928057553956836,0.0,0.0142429670997965,0.9857570329002034,30.0,msa_v1_remapped,12.47212283475148,0.0746833702679729,buried,0,124,True,True,True,0.35,0.45,0.1,HLA-B07_like,HLA-B07_like,GPCKTCTTP,GPCKTLTTP,0.28,0.28,0.0,GPCKTCTTPAQGNSM,GPCKTLTTPAQGNSM,0.35,0.45,0.1,1.078,1.055,-0.023,12.0,36.0,48.0,internal_motif_model_v2,25,15,40,possible_disulfide_loss;antibody_interface_mutation,10,10.0,10,0.005752212389380507,10,0.00990099009900991,10,10,10
88,89,101,L,C,-3.3592405319213867,2.6579916972314663,31.0,139,55,L,0.9818181818181818,0.0,0.0303351945483401,0.96966480545166,30.0,msa_v1_remapped,114.9791243959916,0.5720354447561771,surface,0,89,False,False,False,0.95,0.85,-0.1,HLA-A02_like,HLA-A02_like,FLFILLLCL,FLFILLCCL,0.72,0.72,0.0,MCLRRFIIFLFILLL,MCLRRFIIFLFILLC,0.95,0.85,-0.1,1.245,1.268,0.023,0.0,0.0,0.0,internal_motif_model_v2,10,0,10,new_cysteine,10,9.299999999999999,10,-0.005752212389380507,10,-0.00990099009900991,8,10,7
124,125,137,T,I,-3.3611602783203125,1.302039428769433,67.0,139,139,T,0.9856115107913668,0.0,0.0251393489658203,0.9748606510341796,30.0,msa_v1_remapped,95.07660714793444,0.5527709717903165,surface,4,125,True,True,True,0.35,0.35,0.0,HLA-B07_like,HLA-B07_like,GPCKTCTTP,GPCKTCITP,0.28,0.46,0.18,GPCKTCTTPAQGNSM,GPCKTCITPAQGNSM,0.35,0.46,0.11,1.028,1.063,0.035,12.0,41.0,53.0,internal_motif_model_v2,0,15,19,surface_hydrophobic_gain;antibody_interface_mutation,0,10.0,10,0.023008849557522137,10,0.0,10,10,10
132,133,145,M,A,-3.367527961730957,2.5947941841002944,75.0,139,139,M,0.8992805755395683,0.0,0.1457327329274661,0.8542672670725339,16.0,msa_v1_remapped,153.94398391920046,0.6872499282107164,surface,0,133,True,True,True,0.8,0.8,0.0,HLA-B07_like,HLA-B07_like,TPAQGNSMF,TPAQGNSAF,0.28,0.28,0.0,GPCKTCTTPAQGNSM,GPCKTCTTPAQGNSA,0.8,0.8,0.0,0.951,0.985,0.034,7.2,24.6,31.8,internal_motif_model_v2,0,15,19,surface_hydrophobic_gain;antibody_interface_mutation,0,10.0,10,-0.0004424778761061843,10,0.0,10,10,10
60,61,73,S,A,-3.36781644821167,0.8408006241418207,,0,0,,,,,0.0,0.0,msa_v1_remapped,54.46238634884975,0.351370234508708,surface,0,61,False,False,False,0.45,0.8,0.35,HLA-A03_like,HLA-A02_like,QSPTSNHSP,HAPTSCPPI,0.28,0.28,0.0,SPTSCPPICPGYRWM,APTSCPPICPGYRWM,0.45,0.8,0.35,0.984,0.992,0.007,4.0,0.0,4.0,internal_motif_model_v2,0,0,4,surface_hydrophobic_gain,0,10.0,10,0.011504424778761124,10,0.0,10,10,10
149,150,162,I,Q,-3.3693904876708984,4.371099981091561,92.0,139,139,I,0.9928057553956836,0.0,0.0142429670997965,0.9857570329002034,30.0,msa_v1_remapped,89.64106123780525,0.4550307677045951,surface,0,150,True,False,False,0.8,0.8,0.0,HLA-A02_like,HLA-B07_like,CIPIPSSWA,QPIPSSWAF,0.54,0.54,0.0,CTCIPIPSSWAFAKY,CTCQPIPSSWAFAKY,0.8,0.8,0.0,1.166,1.147,-0.02,0.0,13.0,13.0,internal_motif_model_v2,0,0,0,,0,10.0,10,-0.03539823008849563,10,0.0,10,10,10
8,9,21,L,Q,-3.3694748878479004,1.4751196350092073,,0,0,,,,,0.0,0.0,msa_v1_remapped,104.9496149821474,0.5221373879708826,surface,0,9,False,False,False,0.5,0.45,-0.05,HLA-A02_like,HLA-A02_like,LGPLLVLQA,QGPLLVLQA,0.64,0.64,0.0,NITSGFLGPLLVLQA,SGFQGPLLVLQAGFF,0.64,0.64,0.0,1.059,1.026,-0.034,0.0,0.0,0.0,internal_motif_model_v2,0,0,0,,0,10.0,10,-0.03230088495575212,10,0.0,10,10,10
158,159,171,A,T,-3.371455430984497,3.5844534051775554,101.0,139,139,A,0.5827338129496403,0.0,0.2617420822038793,0.7382579177961207,17.0,msa_v1_remapped,50.039539113790504,0.3879034039828721,surface,0,159,True,False,False,0.95,0.5,-0.45,HLA-A02_like,HLA-A02_like,FAKYLWEWA,WAFTKYLWE,0.72,0.72,0.0,IPSSWAFAKYLWEWA,IPSSWAFTKYLWEWA,0.95,0.72,-0.23,1.065,1.043,-0.022,18.0,13.0,31.0,internal_motif_model_v2,0,0,0,,0,10.0,10,-0.01106194690265494,10,0.0,10,10,10
132,133,145,M,G,-3.3728106021881104,4.5759211018437895,75.0,139,139,M,0.8992805755395683,0.0,0.1457327329274661,0.8542672670725339,22.0,msa_v1_remapped,153.94398391920046,0.6872499282107164,surface,0,133,True,True,True,0.8,0.8,0.0,HLA-B07_like,HLA-B07_like,TPAQGNSMF,TPAQGNSGF,0.28,0.18,-0.1,GPCKTCTTPAQGNSM,GPCKTCTTPAQGNSG,0.8,0.8,0.0,0.951,0.958,0.007,12.0,41.0,53.0,internal_motif_model_v2,0,15,19,new_glycine;antibody_interface_mutation,0,10.0,10,-0.01017699115044246,10,0.0,10,10,10
203,204,216,S,G,-3.3742337226867676,2.3410919296449606,,0,0,,,,,0.0,0.0,msa_v1_remapped,54.83849782133752,0.3537967601376614,surface,0,204,False,False,False,0.85,0.85,0.0,HLA-A02_like,HLA-A02_like,MMWYWGPSL,MMWYWGPGL,0.72,0.72,0.0,VWLSAIWMMWYWGPS,VWLSAIWMMWYWGPG,0.85,0.85,0.0,1.038,1.018,-0.02,0.0,0.0,0.0,internal_motif_model_v2,0,0,4,new_glycine,0,10.0,10,0.001769911504424737,10,0.0,10,10,10
174,175,187,L,I,-3.3754663467407227,3.1242928371959806,,0,0,,,,,0.0,0.0,msa_v1_remapped,134.691788916807,0.6701084025711792,surface,4,175,False,False,False,0.9,0.9,0.0,HLA-A02_like,HLA-A02_like,SVRFSWLSL,SVRFSWLSI,0.72,0.72,0.0,YLWEWASVRFSWLSL,YLWEWASVRFSWLSI,0.9,0.9,0.0,1.157,1.143,-0.014,0.0,0.0,0.0,internal_motif_model_v2,0,0,4,surface_hydrophobic_gain,0,10.0,10,0.003097345132743401,10,0.0,10,10,10
95,96,108,V,Y,-3.3788723945617676,2.7422411938172786,38.0,139,55,V,1.0,0.0,-0.0,1.0,30.0,msa_v1_remapped,85.60543414685687,0.4919852537175682,surface,4,96,False,False,False,0.95,0.9,-0.05,HLA-A02_like,HLA-A02_like,LLCLIFLLV,CLIFLLYLL,0.72,0.72,0.0,IFLFILLLCLIFLLV,IFLFILLLCLIFLLY,0.95,0.9,-0.05,1.191,1.16,-0.032,0.0,0.0,0.0,internal_motif_model_v2,0,0,4,surface_hydrophobic_gain,0,10.0,10,-0.02433628318584069,10,-0.0009990009990010762,10,10,10
124,125,137,T,A,-3.3811399936676025,1.97336584229447,67.0,139,139,T,0.9856115107913668,0.0,0.0251393489658203,0.9748606510341796,30.0,msa_v1_remapped,95.07660714793444,0.5527709717903165,surface,0,125,True,True,True,0.35,0.35,0.0,HLA-B07_like,HLA-B07_like,GPCKTCTTP,GPCKTCATP,0.28,0.46,0.18,GPCKTCTTPAQGNSM,GPCKTCATPAQGNSM,0.35,0.46,0.11,1.028,1.05,0.022,12.0,41.0,53.0,internal_motif_model_v2,0,15,19,surface_hydrophobic_gain;antibody_interface_mutation,0,10.0,10,0.011061946902654829,10,0.0,10,10,10
20,21,33,L,Y,-3.388110637664795,0.9976793190507464,,0,0,,,,,0.0,0.0,msa_v1_remapped,107.34274203557536,0.5340434927143053,surface,4,21,False,False,False,0.95,0.9,-0.05,HLA-A02_like,HLA-A03_like,FLLTRILTI,QAGFFYLTR,0.72,0.72,0.0,PLLVLQAGFFLLTRI,PLLVLQAGFFYLTRI,0.95,0.9,-0.05,1.048,1.036,-0.013,0.0,0.0,0.0,internal_motif_model_v2,0,0,4,surface_hydrophobic_gain,0,10.0,10,-0.022566371681415953,10,-0.0009990009990010762,10,10,10
116,117,129,S,V,-3.390895366668701,-0.4029383210535684,59.0,139,139,S,0.9856115107913668,0.0,0.0284685318889823,0.9715314681110176,30.0,msa_v1_remapped,96.1607707726883,0.6203920695012148,surface,4,117,True,False,False,0.8,0.85,0.05,HLA-A03_like,HLA-A02_like,TTTSTGPCK,LIPGSTTTV,0.28,0.28,0.0,MLPVCPLIPGSTTTS,MLPVCPLIPGSTTTV,0.8,0.85,0.05,0.941,0.994,0.053,0.0,13.0,13.0,internal_motif_model_v2,0,0,4,surface_hydrophobic_gain,0,10.0,10,0.022123893805309658,10,0.0,10,10,10
171,172,184,W,Y,-3.392548084259033,-3.3382683027913345,,0,0,,,,,0.0,0.0,msa_v1_remapped,149.88290992775796,0.5259049471149402,surface,4,172,False,False,False,0.95,0.95,0.0,HLA-A02_like,HLA-A02_like,WASVRFSWL,WASVRFSYL,0.72,0.72,0.0,FAKYLWEWASVRFSW,FAKYLWEWASVRFSY,0.95,0.95,0.0,1.054,1.093,0.038,0.0,0.0,0.0,internal_motif_model_v2,0,0,4,surface_hydrophobic_gain,0,10.0,10,-0.001769911504424737,10,-0.0009990009990010762,10,10,10
92,93,105,F,T,-3.3966102600097656,4.500729566655934,35.0,139,55,F,1.0,0.0,-0.0,1.0,30.0,msa_v1_remapped,138.76320503126507,0.5781800209636044,surface,0,93,False,False,False,0.95,0.95,0.0,HLA-A02_like,HLA-A02_like,LLLCLIFLL,LLLCLITLL,0.72,0.72,0.0,RFIIFLFILLLCLIF,RFIIFLFILLLCLIT,0.95,0.95,0.0,1.255,1.229,-0.026,0.0,0.0,0.0,internal_motif_model_v2,0,0,0,,0,10.0,10,-0.015486725663716894,10,0.0,10,10,10
4,5,17,T,C,-3.3975226879119873,2.017106279139398,,0,0,,,,,0.0,0.0,msa_v1_remapped,106.88055092437924,0.6213985518859257,surface,0,5,False,False,False,0.35,0.35,0.0,HLA-A02_like,HLA-A02_like,GENITSGFL,GENICSGFL,0.64,0.64,0.0,NITSGFLGPLLVLQA,NICSGFLGPLLVLQA,0.64,0.64,0.0,0.952,1.024,0.072,0.0,0.0,0.0,internal_motif_model_v2,10,0,10,new_cysteine,10,9.299999999999999,10,0.01415929203539823,10,-0.00990099009900991,8,10,7
187,188,200,P,Y,-3.3976354598999023,2.2849141768820687,,0,0,,,,,0.0,0.0,msa_v1_remapped,98.88934452329592,0.621945563039597,surface,4,188,False,False,False,0.9,0.5,-0.4,HLA-B07_like,HLA-A02_like,SPTVWLSAI,FVGLSYTVW,0.72,0.72,0.0,GLSPTVWLSAIWMMW,GLSYTVWLSAIWMMW,0.9,0.72,-0.18,1.055,1.069,0.014,10.0,0.0,10.0,internal_motif_model_v2,0,0,4,surface_hydrophobic_gain,0,10.0,10,0.0013274336283185528,10,-0.0009990009990010762,10,10,10
207,208,220,I,Y,-3.397643804550171,2.2707293579449015,,0,0,,,,,0.0,0.0,msa_v1_remapped,98.75317533131874,0.501285153966085,surface,4,208,False,False,False,0.8,0.85,0.05,HLA-A02_like,HLA-A02_like,SIVSPFIPL,YVSPFIPLL,0.54,0.54,0.0,AIWMMWYWGPSLYSI,AIWMMWYWGPSLYSY,0.8,0.85,0.05,1.148,1.149,0.001,0.0,0.0,0.0,internal_motif_model_v2,0,0,4,surface_hydrophobic_gain,0,10.0,10,-0.025663716814159243,10,-0.0009990009990010762,10,10,10
217,218,230,I,W,-3.399498224258423,2.842798156816343,,0,0,,,,,0.0,0.0,msa_v1_remapped,91.77974441903363,0.4658870275077849,surface,4,218,False,False,False,0.95,0.95,0.0,HLA-B07_like,HLA-B07_like,LPIFFCLWV,LPWFFCLWV,0.64,0.64,0.0,VSPFIPLLPIFFCLW,VSPFIPLLPWFFCLW,0.95,0.95,0.0,1.187,1.15,-0.037,0.0,0.0,0.0,internal_motif_model_v2,0,0,4,surface_hydrophobic_gain,0,10.0,10,-0.023893805309734395,10,0.0,10,10,10
194,195,207,I,C,-3.4035098552703857,-5.297490584228228,,0,0,,,,,0.0,0.0,msa_v1_remapped,95.2664598751762,0.483586090736935,surface,0,195,False,False,False,0.9,0.9,0.0,HLA-B07_like,HLA-A02_like,SPTVWLSAI,TVWLSACWM,0.72,0.72,0.0,GLSPTVWLSAIWMMW,GLSPTVWLSACWMMW,0.9,0.9,0.0,1.003,1.04,0.037,0.0,0.0,0.0,internal_motif_model_v2,10,0,10,new_cysteine,10,9.299999999999999,10,-0.008849557522123908,10,-0.00990099009900991,8,10,7
96,97,109,L,T,-3.4115660190582275,4.78068781411838,39.0,139,55,L,0.9818181818181818,0.0,0.0303351945483401,0.96966480545166,30.0,msa_v1_remapped,85.62756352550876,0.4260077787338744,surface,0,97,False,False,False,0.95,0.95,0.0,HLA-A02_like,HLA-A02_like,LVLLDYQGM,LVTLDYQGM,0.72,0.72,0.0,FLFILLLCLIFLLVL,FLFILLLCLIFLLVT,0.95,0.95,0.0,1.201,1.153,-0.049,0.0,0.0,0.0,internal_motif_model_v2,0,0,0,,0,10.0,10,-0.019911504424778848,10,0.0,10,10,10
90,91,103,L,C,-3.4142215251922607,4.4818560909934035,33.0,139,55,L,1.0,0.0,-0.0,1.0,30.0,msa_v1_remapped,88.04281995758858,0.4380239798885004,surface,0,91,False,False,False,0.95,0.85,-0.1,HLA-A02_like,HLA-A02_like,FLFILLLCL,LLLCCIFLL,0.72,0.72,0.0,LRRFIIFLFILLLCL,LRRFIIFLFILLLCC,0.95,0.85,-0.1,1.236,1.26,0.023,0.0,0.0,0.0,internal_motif_model_v2,10,0,10,new_cysteine,10,9.299999999999999,10,-0.005752212389380507,10,-0.00990099009900991,8,10,7
12,13,25,L,Q,-3.4168341159820557,1.2809084614232802,,0,0,,,,,0.0,0.0,msa_v1_remapped,108.0056934837065,0.5373417586254055,surface,0,13,False,False,False,0.85,0.8,-0.05,HLA-A02_like,HLA-A02_like,LVLQAGFFL,QVLQAGFFL,0.72,0.72,0.0,PLLVLQAGFFLLTRI,PLQVLQAGFFLLTRI,0.85,0.8,-0.05,1.155,1.122,-0.034,0.0,0.0,0.0,internal_motif_model_v2,0,0,0,,0,10.0,10,-0.03230088495575212,10,0.0,10,10,10
207,208,220,I,G,-3.4185574054718018,3.771736833685793,,0,0,,,,,0.0,0.0,msa_v1_remapped,98.75317533131874,0.501285153966085,surface,0,208,False,False,False,0.8,0.8,0.0,HLA-A02_like,HLA-A02_like,SIVSPFIPL,GVSPFIPLL,0.54,0.54,0.0,AIWMMWYWGPSLYSI,AIWMMWYWGPSLYSG,0.8,0.8,0.0,1.148,1.108,-0.04,0.0,0.0,0.0,internal_motif_model_v2,0,0,4,new_glycine,0,10.0,10,-0.021681415929203474,10,0.0,10,10,10
124,125,137,T,N,-3.4226632118225098,-0.1354087083195168,67.0,139,139,T,0.9856115107913668,0.0,0.0251393489658203,0.9748606510341796,24.0,msa_v1_remapped,95.07660714793444,0.5527709717903165,surface,0,125,True,True,True,0.35,0.35,0.0,HLA-B07_like,HLA-B07_like,GPCKTCTTP,GPCKTCNTP,0.28,0.28,0.0,GPCKTCTTPAQGNSM,GPCKTCNTPAQGNSM,0.35,0.35,0.0,1.028,1.009,-0.019,7.2,24.6,31.8,internal_motif_model_v2,0,15,15,antibody_interface_mutation,0,10.0,10,-0.012389380530973382,10,0.0,10,10,10
169,170,182,F,Y,-3.4276812076568604,-0.3178428607087653,112.0,139,139,F,1.0,0.0,-0.0,1.0,24.0,msa_v1_remapped,111.10179587567232,0.462924149481968,surface,4,170,False,False,False,0.95,0.95,0.0,HLA-A02_like,HLA-A02_like,WASVRFSWL,WASVRYSWL,0.72,0.72,0.0,WAFAKYLWEWASVRF,WAFAKYLWEWASVRY,0.95,0.95,0.0,1.073,1.083,0.01,0.0,0.0,0.0,internal_motif_model_v2,0,0,4,surface_hydrophobic_gain,0,10.0,10,-0.018141592920354,10,-0.0009990009990010762,10,10,10
139,140,152,T,D,-3.4303247928619385,1.9389612561443528,82.0,139,139,T,0.9280575539568344,0.0,0.0941412500040876,0.9058587499959124,30.0,msa_v1_remapped,97.50975809176911,0.56691719820796,surface,0,140,True,True,True,0.4,0.4,0.0,HLA-A03_like,HLA-A03_like,MFPSCCCTK,MFPSCCCDK,0.28,0.28,0.0,TPAQGNSMFPSCCCT,TPAQGNSMFPSCCCD,0.4,0.4,0.0,1.15,1.144,-0.006,12.0,41.0,53.0,internal_motif_model_v2,0,15,15,antibody_interface_mutation,0,10.0,10,-0.012389380530973382,10,-0.9988792390601553,10,10,10
90,91,103,L,W,-3.4319217205047607,3.7147131187405193,33.0,139,55,L,1.0,0.0,-0.0,1.0,30.0,msa_v1_remapped,88.04281995758858,0.4380239798885004,surface,4,91,False,False,False,0.95,0.95,0.0,HLA-A02_like,HLA-A02_like,FLFILLLCL,LLLCWIFLL,0.72,0.72,0.0,LRRFIIFLFILLLCL,LRRFIIFLFILLLCW,0.95,0.95,0.0,1.236,1.185,-0.051,0.0,0.0,0.0,internal_motif_model_v2,0,0,4,surface_hydrophobic_gain,0,10.0,10,-0.020796460176991105,10,0.0,10,10,10
41,42,54,L,A,-3.4336395263671875,0.7426073909674074,,0,0,,,,,0.0,0.0,msa_v1_remapped,165.98455245431362,0.8257937933050429,surface,0,42,False,False,False,0.85,0.85,0.0,HLA-A02_like,HLA-A02_like,FLGGSPVCL,FAGGSPVCL,0.54,0.54,0.0,QSLDSWWTSLNFLGG,QSLDSWWTSLNFAGG,0.85,0.85,0.0,1.018,0.992,-0.027,0.0,0.0,0.0,internal_motif_model_v2,0,0,4,surface_hydrophobic_gain,0,10.0,10,-0.008849557522123908,10,0.0,10,10,10
179,180,192,V,Y,-3.4366745948791504,3.204634373826252,,0,0,,,,,0.0,0.0,msa_v1_remapped,76.08057761051472,0.4372446989110041,surface,4,180,False,False,False,0.95,0.95,0.0,HLA-A02_like,HLA-A02_like,LVPFVQWFV,LVPFYQWFV,0.64,0.64,0.0,ASVRFSWLSLLVPFV,ASVRFSWLSLLVPFY,0.95,0.95,0.0,1.131,1.1,-0.032,0.0,0.0,0.0,internal_motif_model_v2,0,0,4,surface_hydrophobic_gain,0,10.0,10,-0.02433628318584069,10,-0.0009990009990010762,10,10,10
120,121,133,C,Q,-3.4403481483459473,0.0,63.0,139,139,C,1.0,0.0,-0.0,1.0,30.0,msa_v1_remapped,35.76532333471624,0.214163612782732,partial,0,121,True,False,True,0.8,0.8,0.0,HLA-A03_like,HLA-A03_like,TTTSTGPCK,TTTSTGPQK,0.28,0.28,0.0,GPCKTCTTPAQGNSM,GPQKTCTTPAQGNSM,0.8,0.8,0.0,1.073,1.016,-0.057,0.0,28.0,28.0,internal_motif_model_v2,25,15,40,possible_disulfide_loss;antibody_interface_mutation,10,10.0,10,-0.026548672566371723,10,0.00990099009900991,10,10,10
13,14,26,V,C,-3.441258430480957,1.020052695603681,,0,0,,,,,0.0,0.0,msa_v1_remapped,100.89609337944418,0.5798626056289895,surface,0,14,False,False,False,0.85,0.8,-0.05,HLA-A02_like,HLA-A02_like,LVLQAGFFL,CLQAGFFLL,0.72,0.72,0.0,PLLVLQAGFFLLTRI,PLLCLQAGFFLLTRI,0.85,0.8,-0.05,1.182,1.186,0.004,0.0,0.0,0.0,internal_motif_model_v2,10,0,10,new_cysteine,10,9.299999999999999,10,-0.007522123893805244,10,-0.00990099009900991,8,10,7
23,24,36,R,C,-3.44584584236145,0.8937468184168438,,0,0,,,,,0.0,0.0,msa_v1_remapped,141.4414127684504,0.5162095356512788,surface,0,24,False,False,False,0.95,0.95,0.0,HLA-A02_like,HLA-A02_like,FLLTRILTI,FLLTCILTI,0.72,0.72,0.0,PLLVLQAGFFLLTRI,PLLVLQAGFFLLTCI,0.95,0.95,0.0,1.085,1.162,0.077,0.0,0.0,0.0,internal_motif_model_v2,10,0,10,new_cysteine,10,9.299999999999999,10,0.030973451327433565,10,-1.0098909901990085,8,10,7
208,209,221,V,A,-3.4478702545166016,3.5909269101741756,,0,0,,,,,0.0,0.0,msa_v1_remapped,66.41955188219539,0.3817215625413528,surface,0,209,False,False,False,0.8,0.8,0.0,HLA-A02_like,HLA-A02_like,SIVSPFIPL,SIASPFIPL,0.64,0.64,0.0,VSPFIPLLPIFFCLW,ASPFIPLLPIFFCLW,0.8,0.8,0.0,1.125,1.079,-0.046,0.0,0.0,0.0,internal_motif_model_v2,0,0,4,surface_hydrophobic_gain,0,10.0,10,-0.010619469026548645,10,0.0,10,10,10
154,155,167,S,Y,-3.4586427211761475,4.787485311924058,97.0,139,139,S,1.0,0.0,-0.0,1.0,30.0,msa_v1_remapped,45.551987636437936,0.2938837912028254,partial,0,155,True,False,False,0.9,0.9,0.0,HLA-A02_like,HLA-A02_like,PIPSSWAFA,PIPSYWAFA,0.72,0.72,0.0,IPSSWAFAKYLWEWA,IPSYWAFAKYLWEWA,0.9,0.9,0.0,1.041,1.062,0.021,0.0,8.0,8.0,internal_motif_model_v2,0,0,0,,0,10.0,10,-0.0022123893805310324,10,-0.0009990009990010762,10,10,10
108,109,121,L,Q,-3.4627256393432617,0.1367815427619234,51.0,139,139,L,0.9712230215827338,0.0,0.053537761638623,0.9464622383613768,30.0,msa_v1_remapped,171.24146740615967,0.8519475990356202,surface,0,109,True,False,False,0.8,0.8,0.0,HLA-A02_like,HLA-A02_like,GMLPVCPLI,GMLPVCPQI,0.72,0.72,0.0,LVLLDYQGMLPVCPL,LVLLDYQGMLPVCPQ,0.8,0.8,0.0,1.171,1.138,-0.034,0.0,13.0,13.0,internal_motif_model_v2,0,0,0,,0,10.0,10,-0.03230088495575212,10,0.0,10,10,10
85,86,98,I,T,-3.4641664028167725,1.867359192922379,28.0,139,55,I,1.0,0.0,-0.0,1.0,30.0,msa_v1_remapped,89.3644879869538,0.4536268425733695,surface,0,86,False,False,False,0.95,0.95,0.0,HLA-A02_like,HLA-A02_like,FIIFLFILL,FIIFLFTLL,0.72,0.72,0.0,YRWMCLRRFIIFLFI,YRWMCLRRFIIFLFT,0.95,0.95,0.0,1.191,1.156,-0.035,0.0,0.0,0.0,internal_motif_model_v2,0,0,0,,0,10.0,10,-0.023008849557522137,10,0.0,10,10,10
117,118,130,T,V,-3.4691765308380127,3.3658813348898775,60.0,139,139,T,0.935251798561151,0.0359712230215827,0.1003090562394382,0.8996909437605618,27.0,msa_v1_remapped,101.67212959673392,0.5911170325391507,surface,4,118,True,False,False,0.8,0.9,0.1,HLA-A03_like,HLA-B07_like,TTTSTGPCK,IPGSTTTSV,0.28,0.28,0.0,LPVCPLIPGSTTTST,LPVCPLIPGSTTTSV,0.8,0.9,0.1,1.013,1.08,0.068,0.0,13.0,13.0,internal_motif_model_v2,0,0,4,surface_hydrophobic_gain,0,10.0,10,0.021681415929203585,10,0.0,10,10,10
208,209,221,V,C,-3.4696028232574463,4.6622016813443,,0,0,,,,,0.0,0.0,msa_v1_remapped,66.41955188219539,0.3817215625413528,surface,0,209,False,False,False,0.8,0.8,0.0,HLA-A02_like,HLA-A02_like,SIVSPFIPL,SICSPFIPL,0.64,0.64,0.0,VSPFIPLLPIFFCLW,CSPFIPLLPIFFCLW,0.8,0.8,0.0,1.125,1.129,0.004,0.0,0.0,0.0,internal_motif_model_v2,10,0,10,new_cysteine,10,9.299999999999999,10,-0.007522123893805244,10,-0.00990099009900991,8,10,7
117,118,130,T,N,-3.4794821739196777,1.0790425639701198,60.0,139,139,T,0.935251798561151,0.0,0.1003090562394382,0.8996909437605618,24.0,msa_v1_remapped,101.67212959673392,0.5911170325391507,surface,0,118,True,False,False,0.8,0.8,0.0,HLA-A03_like,HLA-A03_like,TTTSTGPCK,TTTSNGPCK,0.28,0.28,0.0,LPVCPLIPGSTTTST,LPVCPLIPGSTTTSN,0.8,0.8,0.0,1.013,0.994,-0.019,0.0,7.8,7.8,internal_motif_model_v2,0,0,0,,0,10.0,10,-0.012389380530973382,10,0.0,10,10,10
80,81,93,I,R,-3.4803080558776855,3.882093075305363,23.0,139,55,I,1.0,0.0,-0.0,1.0,30.0,msa_v1_remapped,57.96615436991598,0.2942444384259694,partial,0,81,False,False,False,0.95,0.95,0.0,HLA-A02_like,HLA-A02_like,WMCLRRFII,WMCLRRFRI,0.72,0.72,0.0,PICPGYRWMCLRRFI,PICPGYRWMCLRRFR,0.95,0.95,0.0,1.069,1.029,-0.04,0.0,0.0,0.0,internal_motif_model_v2,0,0,0,,0,9.6,10,-0.039823008849557584,10,0.9999900000999986,8,10,10
212,213,225,I,Y,-3.484516143798828,4.139935191583788,,0,0,,,,,0.0,0.0,msa_v1_remapped,69.36159057042916,0.352089292235681,surface,4,213,False,False,False,0.8,0.8,0.0,HLA-A02_like,HLA-A02_like,SIVSPFIPL,SIVSPFYPL,0.64,0.64,0.0,VSPFIPLLPIFFCLW,VSPFYPLLPIFFCLW,0.8,0.8,0.0,1.126,1.127,0.001,0.0,0.0,0.0,internal_motif_model_v2,0,0,4,surface_hydrophobic_gain,0,10.0,10,-0.025663716814159243,10,-0.0009990009990010762,10,10,10
17,18,30,G,C,-3.488124370574951,2.1869285592441656,,0,0,,,,,0.0,0.0,msa_v1_remapped,36.48329035339704,0.3508008687826638,surface,0,18,False,False,False,0.9,0.95,0.05,HLA-A03_like,HLA-A02_like,QAGFFLLTR,LVLQACFFL,0.72,0.72,0.0,PLLVLQAGFFLLTRI,SGFLGPLLVLQACFF,0.9,0.95,0.05,1.091,1.168,0.077,0.0,0.0,0.0,internal_motif_model_v2,10,0,10,new_cysteine,10,9.299999999999999,10,0.012831858407079677,10,-0.00990099009900991,8,10,7
61,62,74,P,H,-3.4909896850585938,3.246937006411883,,0,0,,,,,0.0,0.0,msa_v1_remapped,95.28858925382806,0.5992993034831954,surface,0,62,False,False,False,0.45,0.45,0.0,HLA-A03_like,HLA-A03_like,QSPTSNHSP,QSPTSNHSH,0.28,0.28,0.0,SPTSCPPICPGYRWM,SHTSCPPICPGYRWM,0.45,0.45,0.0,1.041,1.047,0.006,0.0,0.0,0.0,internal_motif_model_v2,0,0,0,,0,10.0,10,-0.0070796460176991705,10,0.087174188254588,10,10,10
110,111,123,P,F,-3.492105484008789,4.804175244093074,53.0,139,139,P,0.9928057553956836,0.0,0.0142429670997965,0.9857570329002034,30.0,msa_v1_remapped,123.27845820453896,0.7753362151228865,surface,4,111,True,False,False,0.45,0.4,-0.05,HLA-B07_like,HLA-A02_like,IPGSTTTST,MLPVCPLIF,0.46,0.46,0.0,LLDYQGMLPVCPLIP,LLDYQGMLPVCPLIF,0.46,0.46,0.0,1.046,1.05,0.004,0.0,13.0,13.0,internal_motif_model_v2,0,0,4,surface_hydrophobic_gain,0,10.0,10,0.019469026548672552,10,0.0,10,10,10
85,86,98,I,Y,-3.4963018894195557,4.4452453014985736,28.0,139,55,I,1.0,0.0,-0.0,1.0,30.0,msa_v1_remapped,89.3644879869538,0.4536268425733695,surface,4,86,False,False,False,0.95,0.95,0.0,HLA-A02_like,HLA-A02_like,FIIFLFILL,FIIFLFYLL,0.72,0.72,0.0,YRWMCLRRFIIFLFI,YRWMCLRRFIIFLFY,0.95,0.95,0.0,1.191,1.192,0.001,0.0,0.0,0.0,internal_motif_model_v2,0,0,4,surface_hydrophobic_gain,0,10.0,10,-0.025663716814159243,10,-0.0009990009990010762,10,10,10
123,124,136,C,I,-3.5066444873809814,0.4268401065871785,66.0,139,139,C,0.9928057553956836,0.0,0.0142429670997965,0.9857570329002034,30.0,msa_v1_remapped,12.47212283475148,0.0746833702679729,buried,0,124,True,True,True,0.35,0.45,0.1,HLA-B07_like,HLA-B07_like,GPCKTCTTP,GPCKTITTP,0.28,0.28,0.0,GPCKTCTTPAQGNSM,GPCKTITTPAQGNSM,0.35,0.45,0.1,1.078,1.041,-0.037,12.0,36.0,48.0,internal_motif_model_v2,25,15,40,possible_disulfide_loss;antibody_interface_mutation,10,10.0,10,0.008849557522123908,10,0.00990099009900991,10,10,10
178,179,191,F,Y,-3.5074567794799805,1.3793170112437565,,0,0,,,,,0.0,0.0,msa_v1_remapped,112.30942409171222,0.4679559337154675,surface,4,179,False,False,False,0.95,0.95,0.0,HLA-A02_like,HLA-A02_like,LVPFVQWFV,LVPYVQWFV,0.72,0.72,0.0,WASVRFSWLSLLVPF,WASVRFSWLSLLVPY,0.95,0.95,0.0,1.154,1.164,0.01,0.0,0.0,0.0,internal_motif_model_v2,0,0,4,surface_hydrophobic_gain,0,10.0,10,-0.018141592920354,10,-0.0009990009990010762,10,10,10
82,83,95,F,W,-3.508333921432495,1.3229351816257804,25.0,139,55,F,1.0,0.0,-0.0,1.0,24.0,msa_v1_remapped,123.17807803607144,0.5132419918169644,surface,4,83,False,False,False,0.95,0.95,0.0,HLA-A02_like,HLA-A02_like,FIIFLFILL,FIIWLFILL,0.72,0.72,0.0,CPGYRWMCLRRFIIF,CPGYRWMCLRRFIIW,0.95,0.95,0.0,1.14,1.112,-0.028,0.0,0.0,0.0,internal_motif_model_v2,0,0,4,surface_hydrophobic_gain,0,10.0,10,-0.01637168141592915,10,0.0,10,10,10
204,205,217,L,Y,-3.511209011077881,0.8057552441749181,,0,0,,,,,0.0,0.0,msa_v1_remapped,90.57211620299373,0.4506075432984762,surface,4,205,False,False,False,0.85,0.5,-0.35,HLA-A02_like,HLA-A02_like,MMWYWGPSL,WGPSYYSIV,0.72,0.72,0.0,WLSAIWMMWYWGPSL,WLSAIWMMWYWGPSY,0.85,0.72,-0.13,1.075,1.062,-0.013,0.0,0.0,0.0,internal_motif_model_v2,0,0,4,surface_hydrophobic_gain,0,10.0,10,-0.022566371681415953,10,-0.0009990009990010762,10,10,10
53,54,66,Q,V,-3.5135583877563477,2.8447736340821734,,0,0,,,,,0.0,0.0,msa_v1_remapped,195.53090463568964,0.8690262428252873,surface,4,54,False,False,False,0.45,0.8,0.35,HLA-A02_like,HLA-A02_like,CLGQNSQSP,PVCLGQNSV,0.28,0.36,0.08,NFLGGSPVCLGQNSQ,GGSPVCLGQNSVSPT,0.45,0.8,0.35,0.972,1.024,0.053,4.0,0.0,4.0,internal_motif_model_v2,0,0,4,surface_hydrophobic_gain,0,10.0,10,0.03407079646017708,10,0.0,10,10,10
212,213,225,I,T,-3.51884388923645,3.1435504415604214,,0,0,,,,,0.0,0.0,msa_v1_remapped,69.36159057042916,0.352089292235681,surface,0,213,False,False,False,0.8,0.8,0.0,HLA-A02_like,HLA-A02_like,SIVSPFIPL,SIVSPFTPL,0.64,0.64,0.0,VSPFIPLLPIFFCLW,VSPFTPLLPIFFCLW,0.8,0.8,0.0,1.126,1.091,-0.035,0.0,0.0,0.0,internal_motif_model_v2,0,0,0,,0,10.0,10,-0.023008849557522137,10,0.0,10,10,10
10,11,23,P,C,-3.536102533340454,-4.667180886800168,,0,0,,,,,0.0,0.0,msa_v1_remapped,79.2949546827029,0.4987104068094521,surface,0,11,False,False,False,0.5,0.5,0.0,HLA-A02_like,HLA-A02_like,LGPLLVLQA,FLGCLLVLQ,0.72,0.72,0.0,PLLVLQAGFFLLTRI,NITSGFLGCLLVLQA,0.72,0.72,0.0,1.166,1.216,0.05,0.0,0.0,0.0,internal_motif_model_v2,10,0,10,new_cysteine,10,9.299999999999999,10,0.018141592920354,10,-0.00990099009900991,8,10,7
59,60,72,H,I,-3.538534879684448,1.0420258789833952,,0,0,,,,,0.0,0.0,msa_v1_remapped,91.56181841983944,0.4087581179457117,surface,4,60,False,False,False,0.45,0.45,0.0,HLA-A03_like,HLA-A03_like,QSPTSNHSP,QSPTSNISP,0.18,0.28,0.1,PVCLGQNSQSPTSNH,QSPTSNISPTSCPPI,0.45,0.45,0.0,0.97,0.976,0.007,0.0,0.0,0.0,internal_motif_model_v2,0,0,4,surface_hydrophobic_gain,0,10.0,10,0.03407079646017708,10,-0.08717418825458623,10,10,10
208,209,221,V,W,-3.5394508838653564,1.0280794156822708,,0,0,,,,,0.0,0.0,msa_v1_remapped,66.41955188219539,0.3817215625413528,surface,4,209,False,False,False,0.8,0.8,0.0,HLA-A02_like,HLA-A02_like,SIVSPFIPL,SIWSPFIPL,0.64,0.64,0.0,VSPFIPLLPIFFCLW,WSPFIPLLPIFFCLW,0.8,0.8,0.0,1.125,1.055,-0.07,0.0,0.0,0.0,internal_motif_model_v2,0,0,4,surface_hydrophobic_gain,0,10.0,10,-0.022566371681415953,10,0.0,10,10,10
93,94,106,L,C,-3.542048215866089,4.188801948113792,36.0,139,55,L,0.9636363636363636,0.0,0.0521442361324774,0.9478557638675226,30.0,msa_v1_remapped,108.1418626756837,0.5380192172919587,surface,0,94,False,False,False,0.95,0.85,-0.1,HLA-A02_like,HLA-A02_like,LLLCLIFLL,LLLCLIFCL,0.72,0.72,0.0,FIIFLFILLLCLIFL,FIIFLFILLLCLIFC,0.95,0.85,-0.1,1.232,1.255,0.023,0.0,0.0,0.0,internal_motif_model_v2,10,0,10,new_cysteine,10,9.299999999999999,10,-0.005752212389380507,10,-0.00990099009900991,8,10,7
16,17,29,A,W,-3.5473828315734863,1.638474932436452,,0,0,,,,,0.0,0.0,msa_v1_remapped,45.50349401223712,0.3527402636607528,surface,4,17,False,False,False,0.9,0.85,-0.05,HLA-A03_like,HLA-A02_like,QAGFFLLTR,LVLQWGFFL,0.72,0.72,0.0,PLLVLQAGFFLLTRI,PLLVLQWGFFLLTRI,0.9,0.85,-0.05,1.11,1.085,-0.024,0.0,0.0,0.0,internal_motif_model_v2,0,0,4,surface_hydrophobic_gain,0,10.0,10,-0.011946902654867197,10,0.0,10,10,10
57,58,70,S,V,-3.548753261566162,-3.189442894301351,,0,0,,,,,0.0,0.0,msa_v1_remapped,88.4282431107016,0.5705047942625909,surface,4,58,False,False,False,0.45,0.45,0.0,HLA-A03_like,HLA-A03_like,QSPTSNHSP,QSPTVNHSP,0.28,0.28,0.0,GSPVCLGQNSQSPTS,GSPVCLGQNSQSPTV,0.45,0.45,0.0,0.984,1.037,0.053,0.0,0.0,0.0,internal_motif_model_v2,0,0,4,surface_hydrophobic_gain,0,10.0,10,0.022123893805309658,10,0.0,10,10,10
132,133,145,M,N,-3.5611462593078613,-1.014511539877276,75.0,139,139,M,0.8992805755395683,0.0,0.1457327329274661,0.8542672670725339,22.0,msa_v1_remapped,153.94398391920046,0.6872499282107164,surface,0,133,True,True,True,0.8,0.8,0.0,HLA-B07_like,HLA-B07_like,TPAQGNSMF,TPAQGNSNF,0.28,0.18,-0.1,GPCKTCTTPAQGNSM,GPCKTCTTPAQGNSN,0.8,0.8,0.0,0.951,0.944,-0.007,12.0,41.0,53.0,internal_motif_model_v2,0,15,15,antibody_interface_mutation,0,10.0,10,-0.023893805309734395,10,0.0,10,10,10
218,219,231,F,Y,-3.568634033203125,1.783232277308343,,0,0,,,,,0.0,0.0,msa_v1_remapped,130.28767814033375,0.542865325584724,surface,4,219,False,False,False,0.95,0.95,0.0,HLA-B07_like,HLA-B07_like,LPIFFCLWV,LPIYFCLWV,0.64,0.64,0.0,VSPFIPLLPIFFCLW,VSPFIPLLPIYFCLW,0.95,0.95,0.0,1.187,1.197,0.01,0.0,0.0,0.0,internal_motif_model_v2,0,0,4,surface_hydrophobic_gain,0,10.0,10,-0.018141592920354,10,-0.0009990009990010762,10,10,10
116,117,129,S,L,-3.5824737548828125,0.3289005476855209,59.0,139,139,S,0.9856115107913668,0.0,0.0284685318889823,0.9715314681110176,30.0,msa_v1_remapped,96.1607707726883,0.6203920695012148,surface,4,117,True,False,False,0.8,0.85,0.05,HLA-A03_like,HLA-A02_like,TTTSTGPCK,LIPGSTTTL,0.28,0.28,0.0,MLPVCPLIPGSTTTS,MLPVCPLIPGSTTTL,0.8,0.85,0.05,0.941,0.975,0.034,0.0,13.0,13.0,internal_motif_model_v2,0,0,4,surface_hydrophobic_gain,0,10.0,10,0.020353982300885032,10,0.0,10,10,10
114,115,127,T,Q,-3.594639778137207,0.5953069263354109,57.0,139,139,T,0.9928057553956836,0.0,0.0142429670997965,0.9857570329002034,24.0,msa_v1_remapped,141.46170745699257,0.8224517875406545,surface,0,115,True,False,False,0.8,0.45,-0.35,HLA-A03_like,HLA-B07_like,TTTSTGPCK,IPGSTQTST,0.46,0.46,0.0,QGMLPVCPLIPGSTT,QGMLPVCPLIPGSTQ,0.8,0.46,-0.34,0.933,0.949,0.015,10.8,7.8,18.6,internal_motif_model_v2,0,0,0,,0,10.0,10,-0.012389380530973382,10,0.0,10,10,10
83,84,96,L,A,-3.5989298820495605,2.743919529499408,26.0,139,55,L,1.0,0.0,-0.0,1.0,24.0,msa_v1_remapped,79.95790613083403,0.3978005280140996,surface,0,84,False,False,False,0.95,0.95,0.0,HLA-A02_like,HLA-A02_like,FIIFLFILL,FIIFAFILL,0.72,0.72,0.0,PGYRWMCLRRFIIFL,PGYRWMCLRRFIIFA,0.95,0.95,0.0,1.163,1.136,-0.027,0.0,0.0,0.0,internal_motif_model_v2,0,0,4,surface_hydrophobic_gain,0,10.0,10,-0.008849557522123908,10,0.0,10,10,10
115,116,128,T,I,-3.5995426177978516,3.925057260998756,58.0,139,139,T,0.9856115107913668,0.0,0.0284685318889823,0.9715314681110176,30.0,msa_v1_remapped,105.65926306348148,0.6142980410667529,surface,4,116,True,False,False,0.8,0.8,0.0,HLA-A03_like,HLA-A02_like,TTTSTGPCK,PLIPGSTTI,0.28,0.28,0.0,GMLPVCPLIPGSTTT,GMLPVCPLIPGSTTI,0.8,0.8,0.0,0.933,0.968,0.035,0.0,13.0,13.0,internal_motif_model_v2,0,0,4,surface_hydrophobic_gain,0,10.0,10,0.023008849557522137,10,0.0,10,10,10
212,213,225,I,A,-3.6019418239593506,2.5930164728006844,,0,0,,,,,0.0,0.0,msa_v1_remapped,69.36159057042916,0.352089292235681,surface,0,213,False,False,False,0.8,0.8,0.0,HLA-A02_like,HLA-A02_like,SIVSPFIPL,SIVSPFAPL,0.64,0.64,0.0,VSPFIPLLPIFFCLW,VSPFAPLLPIFFCLW,0.8,0.8,0.0,1.126,1.114,-0.013,0.0,0.0,0.0,internal_motif_model_v2,0,0,4,surface_hydrophobic_gain,0,10.0,10,-0.011946902654867197,10,0.0,10,10,10
113,114,126,T,Q,-3.606966257095337,-3.354792442910309,56.0,139,139,S,0.0503597122302158,0.0,0.1196530392664537,0.8803469607335462,6.0,msa_v1_remapped,119.72016470137704,0.6960474691940525,surface,0,114,True,False,False,0.8,0.8,0.0,HLA-A03_like,HLA-A03_like,TTTSTGPCK,QTTSTGPCK,0.46,0.46,0.0,YQGMLPVCPLIPGST,YQGMLPVCPLIPGSQ,0.8,0.8,0.0,0.956,0.971,0.015,0.0,7.8,7.8,internal_motif_model_v2,0,0,0,,0,10.0,10,-0.012389380530973382,10,0.0,10,10,10
132,133,145,M,V,-3.607016324996948,0.3318899316560646,75.0,139,139,M,0.8992805755395683,0.0,0.1457327329274661,0.8542672670725339,16.0,msa_v1_remapped,153.94398391920046,0.6872499282107164,surface,4,133,True,True,True,0.8,0.8,0.0,HLA-B07_like,HLA-B07_like,TPAQGNSMF,TPAQGNSVF,0.28,0.28,0.0,GPCKTCTTPAQGNSM,GPCKTCTTPAQGNSV,0.8,0.8,0.0,0.951,1.03,0.08,7.2,24.6,31.8,internal_motif_model_v2,0,15,19,surface_hydrophobic_gain;antibody_interface_mutation,0,10.0,10,0.01017699115044246,10,0.0,10,10,10
116,117,129,S,N,-3.614041805267334,4.454147435267487,59.0,139,139,S,0.9856115107913668,0.0071942446043165,0.0284685318889823,0.9715314681110176,21.0,msa_v1_remapped,96.1607707726883,0.6203920695012148,surface,0,117,True,False,False,0.8,0.8,0.0,HLA-A03_like,HLA-A03_like,TTTSTGPCK,TTTNTGPCK,0.28,0.28,0.0,MLPVCPLIPGSTTTS,MLPVCPLIPGSTTTN,0.8,0.8,0.0,0.941,0.907,-0.034,0.0,7.8,7.8,internal_motif_model_v2,0,0,0,,0,10.0,10,-0.011946902654867197,10,0.0,10,10,10
87,88,100,L,Y,-3.615821599960327,2.1053279866537196,30.0,139,55,L,1.0,0.0,-0.0,1.0,30.0,msa_v1_remapped,89.36448798695382,0.4445994427211632,surface,4,88,False,False,False,0.95,0.95,0.0,HLA-A02_like,HLA-A02_like,FIIFLFILL,FLFILYLCL,0.72,0.72,0.0,WMCLRRFIIFLFILL,WMCLRRFIIFLFILY,0.95,0.95,0.0,1.236,1.224,-0.013,0.0,0.0,0.0,internal_motif_model_v2,0,0,4,surface_hydrophobic_gain,0,10.0,10,-0.022566371681415953,10,-0.0009990009990010762,10,10,10
89,90,102,C,A,-3.6190128326416016,-0.3381413672064468,32.0,139,55,C,0.9818181818181818,0.0181818181818181,0.0303351945483401,0.96966480545166,27.0,msa_v1_remapped,72.39737438344608,0.4335172118769226,surface,0,90,False,False,False,0.95,0.95,0.0,HLA-A02_like,HLA-A02_like,FLFILLLCL,FLFILLLAL,0.72,0.72,0.0,CLRRFIIFLFILLLC,CLRRFIIFLFILLLA,0.95,0.95,0.0,1.236,1.187,-0.05,0.0,0.0,0.0,internal_motif_model_v2,25,0,29,possible_disulfide_loss;surface_hydrophobic_gain,10,10.0,10,-0.00309734513274329,10,0.00990099009900991,10,10,10
80,81,93,I,A,-3.635605335235596,1.338142699137677,23.0,139,55,I,1.0,0.0,-0.0,1.0,24.0,msa_v1_remapped,57.96615436991598,0.2942444384259694,partial,0,81,False,False,False,0.95,0.95,0.0,HLA-A02_like,HLA-A02_like,WMCLRRFII,WMCLRRFAI,0.72,0.72,0.0,PICPGYRWMCLRRFI,PICPGYRWMCLRRFA,0.95,0.95,0.0,1.069,1.056,-0.013,0.0,0.0,0.0,internal_motif_model_v2,0,0,0,,0,10.0,10,-0.011946902654867197,10,0.0,10,10,10
85,86,98,I,W,-3.6368019580841064,1.7510237202102985,28.0,139,55,I,1.0,0.0,-0.0,1.0,30.0,msa_v1_remapped,89.3644879869538,0.4536268425733695,surface,4,86,False,False,False,0.95,0.95,0.0,HLA-A02_like,HLA-A02_like,FIIFLFILL,FIIFLFWLL,0.72,0.72,0.0,YRWMCLRRFIIFLFI,YRWMCLRRFIIFLFW,0.95,0.95,0.0,1.191,1.154,-0.037,0.0,0.0,0.0,internal_motif_model_v2,0,0,4,surface_hydrophobic_gain,0,10.0,10,-0.023893805309734395,10,0.0,10,10,10
15,16,28,Q,C,-3.65283203125,1.6340951074531065,,0,0,,,,,0.0,0.0,msa_v1_remapped,130.4160813152713,0.5796270280678725,surface,0,16,False,False,False,0.9,0.9,0.0,HLA-A03_like,HLA-A03_like,QAGFFLLTR,CAGFFLLTR,0.72,0.72,0.0,PLLVLQAGFFLLTRI,PLLVLCAGFFLLTRI,0.9,0.9,0.0,1.132,1.189,0.057,0.0,0.0,0.0,internal_motif_model_v2,10,0,10,new_cysteine,10,9.299999999999999,10,0.02654867256637161,10,-0.00990099009900991,8,10,7
218,219,231,F,T,-3.657599449157715,4.193075529963153,,0,0,,,,,0.0,0.0,msa_v1_remapped,130.28767814033375,0.542865325584724,surface,0,219,False,False,False,0.95,0.95,0.0,HLA-B07_like,HLA-B07_like,LPIFFCLWV,LPITFCLWV,0.64,0.64,0.0,VSPFIPLLPIFFCLW,VSPFIPLLPITFCLW,0.95,0.95,0.0,1.187,1.161,-0.026,0.0,0.0,0.0,internal_motif_model_v2,0,0,0,,0,10.0,10,-0.015486725663716894,10,0.0,10,10,10
89,90,102,C,G,-3.662617683410645,3.909155149867445,32.0,139,55,C,0.9818181818181818,0.0,0.0303351945483401,0.96966480545166,30.0,msa_v1_remapped,72.39737438344608,0.4335172118769226,surface,0,90,False,False,False,0.95,0.95,0.0,HLA-A02_like,HLA-A02_like,FLFILLLCL,FLFILLLGL,0.72,0.72,0.0,CLRRFIIFLFILLLC,CLRRFIIFLFILLLG,0.95,0.95,0.0,1.236,1.16,-0.077,0.0,0.0,0.0,internal_motif_model_v2,25,0,29,possible_disulfide_loss;new_glycine,10,10.0,10,-0.012831858407079566,10,0.00990099009900991,10,10,10
188,189,201,T,Y,-3.6669669151306152,3.3458248135808617,,0,0,,,,,0.0,0.0,msa_v1_remapped,99.09010486023097,0.5761052608152962,surface,4,189,False,False,False,0.9,0.95,0.05,HLA-B07_like,HLA-A02_like,SPTVWLSAI,YVWLSAIWM,0.72,0.72,0.0,GLSPTVWLSAIWMMW,FVGLSPYVWLSAIWM,0.9,0.95,0.05,1.109,1.145,0.036,0.0,0.0,0.0,internal_motif_model_v2,0,0,4,surface_hydrophobic_gain,0,10.0,10,-0.0026548672566372167,10,-0.0009990009990010762,10,10,10
85,86,98,I,G,-3.680143117904663,2.32680086680989,28.0,139,55,I,1.0,0.0,-0.0,1.0,30.0,msa_v1_remapped,89.3644879869538,0.4536268425733695,surface,0,86,False,False,False,0.95,0.9,-0.05,HLA-A02_like,HLA-A02_like,FIIFLFILL,GLLLCLIFL,0.72,0.72,0.0,YRWMCLRRFIIFLFI,YRWMCLRRFIIFLFG,0.95,0.9,-0.05,1.191,1.151,-0.04,0.0,0.0,0.0,internal_motif_model_v2,0,0,4,new_glycine,0,10.0,10,-0.021681415929203474,10,0.0,10,10,10
48,49,61,L,V,-3.686654090881348,4.281151563772426,,0,0,,,,,1.0,20.0,msa_v1_remapped,144.3970734024301,0.7183934000120901,surface,4,49,False,False,False,0.85,0.85,0.0,HLA-A02_like,HLA-A02_like,FLGGSPVCL,FLGGSPVCV,0.54,0.54,0.0,WWTSLNFLGGSPVCL,WWTSLNFLGGSPVCV,0.85,0.85,0.0,1.111,1.13,0.019,0.0,0.0,0.0,internal_motif_model_v2,0,0,4,surface_hydrophobic_gain,0,10.0,10,0.001769911504424737,10,0.0,10,10,10
113,114,126,T,I,-3.696075916290283,2.0380634001710973,56.0,139,139,S,0.0503597122302158,0.0,0.1196530392664537,0.8803469607335462,12.0,msa_v1_remapped,119.72016470137704,0.6960474691940525,surface,4,114,True,False,False,0.8,0.8,0.0,HLA-A03_like,HLA-A03_like,TTTSTGPCK,ITTSTGPCK,0.46,0.46,0.0,YQGMLPVCPLIPGST,YQGMLPVCPLIPGSI,0.8,0.8,0.0,0.956,0.99,0.035,0.0,13.0,13.0,internal_motif_model_v2,0,0,4,surface_hydrophobic_gain,0,10.0,10,0.023008849557522137,10,0.0,10,10,10
84,85,97,F,W,-3.708916187286377,2.6393697354675396,27.0,139,55,F,1.0,0.0,-0.0,1.0,24.0,msa_v1_remapped,121.97044982003156,0.5082102075834648,surface,4,85,False,False,False,0.95,0.95,0.0,HLA-A02_like,HLA-A02_like,FIIFLFILL,FIIFLWILL,0.72,0.72,0.0,GYRWMCLRRFIIFLF,GYRWMCLRRFIIFLW,0.95,0.95,0.0,1.177,1.148,-0.028,0.0,0.0,0.0,internal_motif_model_v2,0,0,4,surface_hydrophobic_gain,0,10.0,10,-0.01637168141592915,10,0.0,10,10,10
123,124,136,C,Q,-3.742828607559204,0.0283394673467682,66.0,139,139,C,0.9928057553956836,0.0,0.0142429670997965,0.9857570329002034,30.0,msa_v1_remapped,12.47212283475148,0.0746833702679729,buried,0,124,True,True,True,0.35,0.45,0.1,HLA-B07_like,HLA-B07_like,GPCKTCTTP,GPCKTQTTP,0.28,0.28,0.0,GPCKTCTTPAQGNSM,GPCKTQTTPAQGNSM,0.35,0.45,0.1,1.078,1.021,-0.057,12.0,36.0,48.0,internal_motif_model_v2,25,15,40,possible_disulfide_loss;antibody_interface_mutation,10,10.0,10,-0.026548672566371723,10,0.00990099009900991,10,10,10
114,115,127,T,D,-3.750920295715332,3.054278354753251,57.0,139,139,T,0.9928057553956836,0.0,0.0142429670997965,0.9857570329002034,30.0,msa_v1_remapped,141.46170745699257,0.8224517875406545,surface,0,115,True,False,False,0.8,0.45,-0.35,HLA-A03_like,HLA-B07_like,TTTSTGPCK,IPGSTDTST,0.46,0.46,0.0,QGMLPVCPLIPGSTT,QGMLPVCPLIPGSTD,0.8,0.46,-0.34,0.933,0.927,-0.006,18.0,13.0,31.0,internal_motif_model_v2,0,0,0,,0,10.0,10,-0.012389380530973382,10,-0.9988792390601553,10,10,10
88,89,101,L,Y,-3.779207229614258,2.8330567984414188,31.0,139,55,L,0.9818181818181818,0.0,0.0303351945483401,0.96966480545166,30.0,msa_v1_remapped,114.9791243959916,0.5720354447561771,surface,4,89,False,False,False,0.95,0.95,0.0,HLA-A02_like,HLA-A02_like,FLFILLLCL,FLFILLYCL,0.72,0.72,0.0,MCLRRFIIFLFILLL,MCLRRFIIFLFILLY,0.95,0.95,0.0,1.245,1.232,-0.013,0.0,0.0,0.0,internal_motif_model_v2,0,0,4,surface_hydrophobic_gain,0,10.0,10,-0.022566371681415953,10,-0.0009990009990010762,10,10,10
116,117,129,S,Q,-3.8712453842163086,3.173189317727406,59.0,139,139,S,0.9856115107913668,0.0,0.0284685318889823,0.9715314681110176,24.0,msa_v1_remapped,96.1607707726883,0.6203920695012148,surface,0,117,True,False,False,0.8,0.8,0.0,HLA-A03_like,HLA-A03_like,TTTSTGPCK,TTTQTGPCK,0.28,0.28,0.0,MLPVCPLIPGSTTTS,MLPVCPLIPGSTTTQ,0.8,0.8,0.0,0.941,0.941,0.0,0.0,7.8,7.8,internal_motif_model_v2,0,0,0,,0,10.0,10,-0.011946902654867197,10,0.0,10,10,10
117,118,130,T,I,-3.8776156902313232,3.0312496144221655,60.0,139,139,T,0.935251798561151,0.0,0.1003090562394382,0.8996909437605618,30.0,msa_v1_remapped,101.67212959673392,0.5911170325391507,surface,4,118,True,False,False,0.8,0.9,0.1,HLA-A03_like,HLA-B07_like,TTTSTGPCK,IPGSTTTSI,0.28,0.28,0.0,LPVCPLIPGSTTTST,LPVCPLIPGSTTTSI,0.8,0.9,0.1,1.013,1.047,0.035,0.0,13.0,13.0,internal_motif_model_v2,0,0,4,surface_hydrophobic_gain,0,10.0,10,0.023008849557522137,10,0.0,10,10,10
83,84,96,L,M,-3.893196821212769,2.309427070525601,26.0,139,55,L,1.0,0.0,-0.0,1.0,24.0,msa_v1_remapped,79.95790613083403,0.3978005280140996,surface,4,84,False,False,False,0.95,0.95,0.0,HLA-A02_like,HLA-A02_like,FIIFLFILL,FIIFMFILL,0.72,0.72,0.0,PGYRWMCLRRFIIFL,PGYRWMCLRRFIIFM,0.95,0.95,0.0,1.163,1.102,-0.061,0.0,0.0,0.0,internal_motif_model_v2,0,0,4,surface_hydrophobic_gain,0,10.0,10,-0.008407079646017612,10,0.0,10,10,10
89,90,102,C,T,-3.91864562034607,-2.233624416838836,32.0,139,55,C,0.9818181818181818,0.0,0.0303351945483401,0.96966480545166,30.0,msa_v1_remapped,72.39737438344608,0.4335172118769226,surface,0,90,False,False,False,0.95,0.95,0.0,HLA-A02_like,HLA-A02_like,FLFILLLCL,FLFILLLTL,0.72,0.72,0.0,CLRRFIIFLFILLLC,CLRRFIIFLFILLLT,0.95,0.95,0.0,1.236,1.165,-0.072,0.0,0.0,0.0,internal_motif_model_v2,25,0,25,possible_disulfide_loss,10,10.0,10,-0.01415929203539823,10,0.00990099009900991,10,10,10
17,18,30,G,Y,-4.025654315948486,3.685887795614974,,0,0,,,,,0.0,0.0,msa_v1_remapped,36.48329035339704,0.3508008687826638,surface,4,18,False,False,False,0.9,0.95,0.05,HLA-A03_like,HLA-A02_like,QAGFFLLTR,LVLQAYFFL,0.72,0.72,0.0,PLLVLQAGFFLLTRI,SGFLGPLLVLQAYFF,0.9,0.95,0.05,1.091,1.132,0.041,0.0,0.0,0.0,internal_motif_model_v2,0,0,4,surface_hydrophobic_gain,0,10.0,10,-0.0039823008849556585,10,-0.0009990009990010762,10,10,10
92,93,105,F,W,-4.03664493560791,2.7185223276127317,35.0,139,55,F,1.0,0.0,-0.0,1.0,24.0,msa_v1_remapped,138.76320503126507,0.5781800209636044,surface,4,93,False,False,False,0.95,0.95,0.0,HLA-A02_like,HLA-A02_like,LLLCLIFLL,LLLCLIWLL,0.72,0.72,0.0,RFIIFLFILLLCLIF,RFIIFLFILLLCLIW,0.95,0.95,0.0,1.255,1.227,-0.028,0.0,0.0,0.0,internal_motif_model_v2,0,0,4,surface_hydrophobic_gain,0,10.0,10,-0.01637168141592915,10,0.0,10,10,10
89,90,102,C,M,-4.325970649719238,-0.1415084530088393,32.0,139,55,C,0.9818181818181818,0.0,0.0303351945483401,0.96966480545166,30.0,msa_v1_remapped,72.39737438344608,0.4335172118769226,surface,4,90,False,False,False,0.95,0.95,0.0,HLA-A02_like,HLA-A02_like,FLFILLLCL,FLFILLLML,0.72,0.72,0.0,CLRRFIIFLFILLLC,CLRRFIIFLFILLLM,0.95,0.95,0.0,1.236,1.153,-0.084,0.0,0.0,0.0,internal_motif_model_v2,25,0,29,possible_disulfide_loss;surface_hydrophobic_gain,10,10.0,10,-0.0026548672566372167,10,0.00990099009900991,10,10,10
0,1,13,G,V,-5.147853851318359,3.824565008228319,,0,0,,,,,0.0,0.0,msa_v1_remapped,115.275250919519,1.0,surface,4,1,False,False,False,0.35,0.35,0.0,HLA-A02_like,HLA-A02_like,GENITSGFL,VENITSGFL,0.46,0.46,0.0,GENITSGFLGPLLVL,VENITSGFLGPLLVL,0.46,0.46,0.0,0.913,1.04,0.127,0.0,0.0,0.0,internal_motif_model_v2,0,0,4,surface_hydrophobic_gain,0,10.0,10,0.020353982300885032,10,-0.026113224234151744,10,10,10
0,1,13,G,P,-5.3305768966674805,-1.9198274693064832,,0,0,,,,,0.0,0.0,msa_v1_remapped,115.275250919519,1.0,surface,0,1,False,False,False,0.35,0.35,0.0,HLA-A02_like,HLA-A02_like,GENITSGFL,PENITSGFL,0.46,0.46,0.0,GENITSGFLGPLLVL,PENITSGFLGPLLVL,0.46,0.46,0.0,0.913,0.961,0.047,0.0,0.0,0.0,internal_motif_model_v2,0,0,8,new_proline,5,9.2,10,-0.005309734513274322,10,0.19842725338905254,6,10,10
0,1,13,G,A,-5.432412624359131,0.755779919240922,,0,0,,,,,0.0,0.0,msa_v1_remapped,115.275250919519,1.0,surface,0,1,False,False,False,0.35,0.35,0.0,HLA-A02_like,HLA-A02_like,GENITSGFL,AENITSGFL,0.46,0.46,0.0,GENITSGFLGPLLVL,AENITSGFLGPLLVL,0.46,0.46,0.0,0.913,0.961,0.047,0.0,0.0,0.0,internal_motif_model_v2,0,0,4,surface_hydrophobic_gain,0,10.0,10,0.009734513274336276,10,0.03577297366478405,10,10,10
0,1,13,G,T,-5.439389228820801,1.0661578632340252,,0,0,,,,,0.0,0.0,msa_v1_remapped,115.275250919519,1.0,surface,0,1,False,False,False,0.35,0.35,0.0,HLA-A02_like,HLA-A02_like,GENITSGFL,TENITSGFL,0.46,0.46,0.0,GENITSGFLGPLLVL,TENITSGFLGPLLVL,0.46,0.46,0.0,0.913,0.922,0.009,0.0,0.0,0.0,internal_motif_model_v2,0,0,0,,0,10.0,10,-0.0013274336283185528,10,-0.3619050198226752,10,10,10
0,1,13,G,I,-5.627803325653076,2.34652419740803,,0,0,,,,,0.0,0.0,msa_v1_remapped,115.275250919519,1.0,surface,4,1,False,False,False,0.35,0.35,0.0,HLA-A02_like,HLA-A02_like,GENITSGFL,IENITSGFL,0.46,0.46,0.0,GENITSGFLGPLLVL,IENITSGFLGPLLVL,0.46,0.46,0.0,0.913,0.983,0.07,0.0,0.0,0.0,internal_motif_model_v2,0,0,4,surface_hydrophobic_gain,0,10.0,10,0.021681415929203585,10,0.0,10,10,10
0,1,13,G,W,-5.776772975921631,3.917742533993305,,0,0,,,,,0.0,0.0,msa_v1_remapped,115.275250919519,1.0,surface,4,1,False,False,False,0.35,0.4,0.05,HLA-A02_like,HLA-A02_like,GENITSGFL,WENITSGFL,0.46,0.46,0.0,GENITSGFLGPLLVL,WENITSGFLGPLLVL,0.46,0.46,0.0,0.913,0.918,0.005,0.0,0.0,0.0,internal_motif_model_v2,0,0,4,surface_hydrophobic_gain,0,10.0,10,-0.0022123893805310324,10,0.0,10,10,10
