rank,pos,s_protein_pos,construct_pos,wt,mut,mutation,esm_score,ddg,stability_score,rsa,surface_class,conservation_score,epitope_penalty,tcell_penalty,bcell_penalty,wt_tcell_epitope_score,mut_tcell_epitope_score,tcell_epitope_delta,bcell_antigenicity_delta,solubility_score,expression_score,structural_context_penalty,final_score,confidence_score,flags,recommendation
1,176,177,189,V,L,V177L,-1.94761323928833,-7.859066850145155,1.0,0.3462370207472334,partial,1.0,0.0,0.0,0.0,0.95,0.95,0.0,-0.019,10.0,1.0,0,1.0,1.0,,strong_candidate
2,177,178,190,P,S,P178S,-2.228614330291748,-7.203812703459164,1.0,0.4952847667597114,surface,1.0,0.0,0.0,0.0,0.95,0.95,0.0,-0.007,10.0,1.0,0,1.0,1.0,,strong_candidate
3,210,211,223,P,S,P211S,-2.4429931640625,-7.181903330774958,1.0,0.4825511606722705,surface,1.0,0.0,0.0,0.0,0.8,0.9,0.1,-0.007,10.0,1.0,0,1.0,1.0,,strong_candidate
4,213,214,226,P,S,P214S,-2.4727907180786133,-3.597519242763098,1.0,0.4488574806702982,surface,1.0,0.0,0.0,0.0,0.8,0.9,0.1,-0.007,10.0,1.0,0,1.0,1.0,,strong_candidate
5,194,195,207,I,S,I195S,-2.524728298187256,-4.284084641376694,1.0,0.483586090736935,surface,1.0,0.0,0.0,0.0,0.9,0.9,0.0,-0.02,10.0,1.0,0,1.0,1.0,,strong_candidate
6,10,11,23,P,S,P11S,-2.695671558380127,-8.326513477580988,1.0,0.4987104068094521,surface,1.0,0.0,0.0,0.0,0.72,0.72,0.0,-0.007,10.0,1.0,0,1.0,1.0,,strong_candidate
7,177,178,190,P,T,P178T,-2.9462332725524902,-5.801488295500349,1.0,0.4952847667597114,surface,1.0,0.0,0.0,0.0,0.95,0.95,0.0,-0.022,10.0,1.0,0,1.0,1.0,,strong_candidate
8,176,177,189,V,A,V177A,-2.9777989387512207,-7.214998386254422,1.0,0.3462370207472334,partial,1.0,0.0,0.0,0.0,0.95,0.95,0.0,-0.046,10.0,1.0,0,1.0,1.0,,strong_candidate
9,194,195,207,I,T,I195T,-3.059206485748291,-4.253724435367872,1.0,0.483586090736935,surface,1.0,0.0,0.0,0.0,0.9,0.9,0.0,-0.035,10.0,1.0,0,1.0,1.0,,strong_candidate
10,10,11,23,P,T,P11T,-3.1442980766296387,-3.6340197294637737,1.0,0.4987104068094521,surface,1.0,0.0,0.0,0.0,0.72,0.72,0.0,-0.022,10.0,1.0,0,1.0,1.0,,strong_candidate
11,177,178,190,P,R,P178R,-3.2239742279052734,-6.775904906342646,1.0,0.4952847667597114,surface,1.0,0.0,0.0,0.0,0.95,0.95,0.0,-0.027,9.6,1.0,0,0.994,1.0,,strong_candidate
12,184,185,197,G,S,G185S,-2.15680193901062,-2.5910894132696853,0.9758367604570922,0.6289681154143315,surface,1.0,0.0,0.0,0.0,0.72,0.72,0.0,0.02,10.0,1.0,0,0.9939591901142731,1.0,,strong_candidate
13,174,175,187,L,S,L175S,-1.9925837516784668,-1.94449418374046,0.8874551255535369,0.6701084025711792,surface,1.0,0.0,0.0,0.0,0.9,0.85,-0.05,-0.034,10.0,1.0,0,0.9718637813883843,1.0,,strong_candidate
14,182,183,195,F,L,F183L,-1.571154236793518,-1.91217534141407,0.8830375363222086,0.31140325084374,partial,1.0,0.0,0.0,0.0,0.95,0.95,0.0,0.023,10.0,1.0,0,0.9707593840805522,1.0,,strong_candidate
15,6,7,19,G,T,G7T,-2.9302444458007812,-1.3146532446847914,0.8013635966020162,0.5651321609982538,surface,1.0,0.0,0.0,0.0,0.64,0.64,0.0,0.005,10.0,1.0,0,0.9503408991505041,1.0,,strong_candidate
16,171,172,184,W,S,W172S,-2.4706287384033203,-1.2724969104070285,0.795601342915545,0.5259049471149402,surface,1.0,0.0,0.0,0.0,0.95,0.95,0.0,0.017,10.0,1.0,0,0.9489003357288863,1.0,,strong_candidate
17,113,114,126,T,Q,T114Q,-3.606966257095337,-3.354792442910309,1.0,0.6960474691940525,surface,0.8,7.8,0.0,7.8,0.8,0.8,0.0,0.015,10.0,1.0,0,0.9480281690140845,0.8333333333333334,,strong_candidate
18,210,211,223,P,T,P211T,-3.0551602840423584,-0.9850551983927858,0.7563115874594271,0.4825511606722705,surface,1.0,0.0,0.0,0.0,0.8,0.9,0.1,-0.022,10.0,1.0,0,0.9390778968648568,1.0,,strong_candidate
19,216,217,229,P,S,P217S,-2.8610591888427734,-0.8985844215673069,0.744492093163466,0.2489269983985085,partial,1.0,0.0,0.0,0.0,0.95,0.9,-0.05,-0.007,10.0,1.0,0,0.9361230232908665,1.0,,strong_candidate
20,216,217,229,P,W,P217W,-3.153294086456299,-0.8908178650516447,0.7434305001744104,0.2489269983985085,partial,1.0,0.0,0.0,0.0,0.95,0.9,-0.05,-0.024,10.0,1.0,0,0.9358576250436026,1.0,,strong_candidate
21,113,114,126,T,N,T114N,-1.954566478729248,-2.398053351088151,0.9494510990853403,0.6960474691940525,surface,0.8,7.8,0.0,7.8,0.8,0.8,0.0,-0.019,10.0,1.0,0,0.9353909437854196,0.8333333333333334,,strong_candidate
22,54,55,67,S,N,S55N,-2.724942207336426,-0.7827092251146723,0.7286533754625777,0.4090705493351112,surface,1.0,0.0,0.0,0.0,0.45,0.45,0.0,-0.034,10.0,1.0,0,0.9321633438656445,1.0,,strong_candidate
23,113,114,126,T,S,T114S,-1.8908412456512451,-1.4036235507340962,0.8135247458765513,0.6960474691940525,surface,1.0,7.8,0.0,7.8,0.8,0.8,0.0,0.015,10.0,1.0,0,0.9314093554832223,0.8333333333333334,,strong_candidate
24,188,189,201,T,S,T189S,-2.507202625274658,-0.4905828021535399,0.6887232774959866,0.5761052608152962,surface,1.0,0.0,0.0,0.0,0.9,0.9,0.0,0.015,10.0,1.0,0,0.9221808193739967,1.0,,strong_candidate
25,62,63,75,T,N,T63N,-3.2431163787841797,-0.4790917627636872,0.6871525933931117,0.4902687667662648,surface,1.0,0.0,0.0,0.0,0.46,0.46,0.0,-0.019,10.0,1.0,0,0.9217881483482779,1.0,,strong_candidate
26,3,4,16,I,Q,I4Q,-3.1798648834228516,-0.3513161132120785,0.6696872297583426,0.8035516572065813,surface,1.0,0.0,0.0,0.0,0.64,0.64,0.0,-0.02,10.0,1.0,0,0.9174218074395857,1.0,,strong_candidate
27,54,55,67,S,T,S55T,-2.451204299926758,-0.2620550251510281,0.6574863341503596,0.4090705493351112,surface,1.0,0.0,0.0,0.0,0.45,0.45,0.0,-0.015,10.0,1.0,0,0.91437158353759,1.0,,strong_candidate
28,59,60,72,H,T,H60T,-2.3360469341278076,-0.2525043764057386,0.6561808776422551,0.4087581179457117,surface,1.0,0.0,0.0,0.0,0.45,0.45,0.0,-0.028,10.0,1.0,0,0.9140452194105638,1.0,,strong_candidate
29,193,194,206,A,I,A194I,-2.352587938308716,-0.1030909439326706,0.6357578945526082,0.3350729207142208,partial,1.0,0.0,0.0,0.0,0.9,0.9,0.0,0.013,10.0,1.0,0,0.9089394736381521,1.0,,strong_candidate
30,24,25,37,I,S,I25S,-2.4178988933563232,-0.0515264848771153,0.6287096656357857,0.5353008520794389,surface,1.0,0.0,0.0,0.0,0.95,0.95,0.0,-0.02,10.0,1.0,0,0.9071774164089464,1.0,,strong_candidate
31,182,183,195,F,M,F183M,-2.8349053859710693,-0.0439249668951333,0.6276706313894528,0.31140325084374,partial,1.0,0.0,0.0,0.0,0.95,0.95,0.0,-0.038,10.0,1.0,0,0.9069176578473632,1.0,,strong_candidate
32,19,20,32,F,S,F20S,-2.395773410797119,0.0588831952733244,0.6136180169578651,0.5217878568730145,surface,1.0,0.0,0.0,0.0,0.95,0.9,-0.05,-0.011,10.0,1.0,0,0.9034045042394663,0.8333333333333334,,strong_candidate
33,13,14,26,V,S,V14S,-2.6778242588043213,0.0907201251466744,0.6092662992463609,0.5798626056289895,surface,1.0,0.0,0.0,0.0,0.85,0.8,-0.05,-0.053,10.0,1.0,0,0.9023165748115902,0.8333333333333334,,strong_candidate
34,16,17,29,A,S,A17S,-2.82314395904541,0.1362716191667914,0.6030399688777797,0.3527402636607528,surface,1.0,0.0,0.0,0.0,0.9,0.9,0.0,-0.007,10.0,1.0,0,0.9007599922194449,0.8333333333333334,,strong_candidate
35,60,61,73,S,T,S61T,-2.6296305656433105,0.13973338868891,0.6025667874560008,0.351370234508708,surface,1.0,0.0,0.0,0.0,0.45,0.45,0.0,-0.015,10.0,1.0,0,0.9006416968640002,0.8333333333333334,,strong_candidate
36,193,194,206,A,F,A194F,-2.366605043411255,0.2102866923015085,0.5929230164593164,0.3350729207142208,partial,1.0,0.0,0.0,0.0,0.9,0.9,0.0,0.004,10.0,1.0,0,0.8982307541148291,0.8333333333333334,,strong_candidate
37,54,55,67,S,Q,S55Q,-3.132941722869873,0.2866335721483324,0.5824873346718704,0.4090705493351112,surface,1.0,0.0,0.0,0.0,0.45,0.45,0.0,0.0,10.0,1.0,0,0.8956218336679677,0.8333333333333334,,strong_candidate
38,2,3,15,N,S,N3S,-2.5173323154449463,0.3343853470994986,0.5759602528949086,0.6837786285727402,surface,1.0,0.0,0.0,0.0,0.64,0.64,0.0,0.039,10.0,1.0,0,0.8939900632237272,0.8333333333333334,,strong_candidate
39,181,182,194,W,T,W182T,-3.0467305183410645,0.378855211102632,0.5698817680793041,0.5190249253423714,surface,1.0,0.0,0.0,0.0,0.95,0.95,0.0,0.002,10.0,1.0,0,0.8924704420198261,0.8333333333333334,,strong_candidate
40,23,24,36,R,S,R24S,-2.786799907684326,0.4183610648047988,0.5644818025691961,0.5162095356512788,surface,1.0,0.0,0.0,0.0,0.95,0.95,0.0,0.02,10.0,1.0,0,0.8911204506422991,0.8333333333333334,,strong_candidate
41,196,197,209,M,S,M197S,-2.5342648029327393,0.4568370490620737,0.559222607576902,0.4325299885567376,surface,1.0,0.0,0.0,0.0,0.9,0.8,-0.1,0.027,10.0,1.0,0,0.8898056518942256,0.8333333333333334,,strong_candidate
42,171,172,184,W,T,W172T,-3.2728424072265625,0.5352531625069901,0.5485040869436916,0.5259049471149402,surface,1.0,0.0,0.0,0.0,0.95,0.95,0.0,0.002,10.0,1.0,0,0.8871260217359229,0.8333333333333334,,strong_candidate
43,15,16,28,Q,T,Q16T,-3.138561725616455,0.5636674129218591,0.5446202075218567,0.5796270280678725,surface,1.0,0.0,0.0,0.0,0.9,0.9,0.0,-0.015,10.0,1.0,0,0.8861550518804642,0.8333333333333334,,strong_candidate
44,206,207,219,S,T,S207T,-2.98531723022461,0.5939266524492837,0.5404841407242108,0.4910282563352441,surface,1.0,0.0,0.0,0.0,0.8,0.8,0.0,-0.015,10.0,1.0,0,0.8851210351810528,0.8333333333333334,,strong_candidate
45,4,5,17,T,S,T5S,-2.505783796310425,0.6898147730419169,0.527377411075159,0.6213985518859257,surface,1.0,0.0,0.0,0.0,0.64,0.64,0.0,0.015,10.0,1.0,0,0.8818443527687898,0.8333333333333334,,strong_candidate
46,67,68,80,I,S,I68S,-1.9503185749053955,0.6987384783381003,0.5261576500446787,0.7537288682113967,surface,1.0,0.0,0.0,0.0,0.8,0.8,0.0,-0.02,10.0,1.0,0,0.8815394125111697,0.8333333333333334,,strong_candidate
47,193,194,206,A,S,A194S,-2.810230016708374,0.7459782106101898,0.5197005582197771,0.3350729207142208,partial,1.0,0.0,0.0,0.0,0.9,0.9,0.0,-0.007,10.0,1.0,0,0.8799251395549443,0.8333333333333334,,strong_candidate
48,24,25,37,I,T,I25T,-3.026304006576538,0.7507415437536338,0.5190494690196381,0.5353008520794389,surface,1.0,0.0,0.0,0.0,0.95,0.95,0.0,-0.035,10.0,1.0,0,0.8797623672549095,0.8333333333333334,,strong_candidate
49,22,23,35,T,S,T23S,-2.3949031829833984,0.8731826883641247,0.5023132667621348,0.4109737992249501,surface,1.0,0.0,0.0,0.0,0.95,0.95,0.0,0.015,10.0,1.0,0,0.8755783166905338,0.8333333333333334,,strong_candidate
50,61,62,74,P,S,P62S,-1.6426712274551392,0.8838332613637476,0.500857464103257,0.5992993034831954,surface,1.0,0.0,0.0,0.0,0.45,0.45,0.0,-0.007,10.0,1.0,0,0.8752143660258143,0.8333333333333334,,strong_candidate
51,3,4,16,I,S,I4S,-2.183102607727051,0.9020349756019072,0.49836951308081123,0.8035516572065813,surface,1.0,0.0,0.0,0.0,0.64,0.64,0.0,-0.02,10.0,1.0,0,0.8745923782702029,0.8333333333333334,,strong_candidate
52,26,27,39,T,N,T27N,-3.040154457092285,0.9450405102421088,0.4924911841234977,0.3096157917789457,partial,1.0,0.0,0.0,0.0,0.95,0.95,0.0,-0.019,10.0,1.0,0,0.8731227960308745,0.8333333333333334,,strong_candidate
53,53,54,66,Q,H,Q54H,-3.242682456970215,1.0112214628954348,0.4834450598592738,0.8690262428252873,surface,1.0,0.0,0.0,0.0,0.45,0.45,0.0,0.013,10.0,1.0,0,0.8708612649648185,0.8333333333333334,,strong_candidate
54,0,1,13,G,T,G1T,-5.439389228820801,1.0661578632340252,0.47593592793886663,1.0,surface,1.0,0.0,0.0,0.0,0.46,0.46,0.0,0.009,10.0,1.0,0,0.8689839819847167,0.8333333333333334,,strong_candidate
55,195,196,208,W,T,W196T,-3.0182135105133057,1.0720281199407395,0.4751335358682961,0.5035091173135009,surface,1.0,0.0,0.0,0.0,0.9,0.9,0.0,0.002,10.0,1.0,0,0.8687833839670741,0.8333333333333334,,strong_candidate
56,197,198,210,M,S,M198S,-2.579737663269043,1.1018350662404828,0.47105929200576124,0.5635070254754507,surface,1.0,0.0,0.0,0.0,0.85,0.72,-0.13,0.027,10.0,1.0,0,0.8677648230014403,0.8333333333333334,,strong_candidate
57,57,58,70,S,T,S58T,-2.2922966480255127,1.1018526199777623,0.4710568926252392,0.5705047942625909,surface,1.0,0.0,0.0,0.0,0.45,0.45,0.0,-0.015,10.0,1.0,0,0.8677642231563099,0.8333333333333334,,strong_candidate
58,182,183,195,F,S,F183S,-2.954404830932617,1.1111422341177786,0.46978711634508374,0.31140325084374,partial,1.0,0.0,0.0,0.0,0.95,0.95,0.0,-0.011,10.0,1.0,0,0.867446779086271,0.8333333333333334,,strong_candidate
59,172,173,185,L,A,L173A,-2.6368887424468994,1.1635564797686584,0.46262273202657567,0.1081458103916343,buried,1.0,0.0,0.0,0.0,0.95,0.95,0.0,-0.027,10.0,1.0,0,0.865655683006644,0.8333333333333334,,strong_candidate
60,216,217,229,P,F,P217F,-2.000666618347168,1.1794427210304548,0.46045127775183237,0.2489269983985085,partial,1.0,0.0,0.0,0.0,0.95,0.9,-0.05,0.004,10.0,1.0,0,0.8651128194379581,0.8333333333333334,,strong_candidate
61,12,13,25,L,Q,L13Q,-3.4168341159820557,1.2809084614232802,0.4465821559070162,0.5373417586254055,surface,1.0,0.0,0.0,0.0,0.85,0.8,-0.05,-0.034,10.0,1.0,0,0.8616455389767541,0.8333333333333334,,strong_candidate
62,225,226,238,I,R,I226R,-3.13360595703125,1.1680857354455156,0.46200363834426017,0.9347759504526854,surface,1.0,0.0,0.0,0.0,0.64,0.64,0.0,-0.07,9.6,1.0,0,0.8595009095860651,0.8333333333333334,,strong_candidate
63,57,58,70,S,Q,S58Q,-2.6649723052978516,1.4421458274543395,0.4245429861659351,0.5705047942625909,surface,1.0,0.0,0.0,0.0,0.45,0.45,0.0,0.0,10.0,1.0,0,0.8561357465414838,0.8333333333333334,,strong_candidate
64,196,197,209,M,T,M197T,-2.718071937561035,1.4598970309855304,0.4221166144298881,0.4325299885567376,surface,1.0,0.0,0.0,0.0,0.9,0.8,-0.1,0.012,10.0,1.0,0,0.8555291536074721,0.8333333333333334,,strong_candidate
65,216,217,229,P,I,P217I,-2.1125941276550293,1.463078577862234,0.4216817360057308,0.2489269983985085,partial,1.0,0.0,0.0,0.0,0.95,0.95,0.0,0.013,10.0,1.0,0,0.8554204340014328,0.8333333333333334,,strong_candidate
66,8,9,21,L,Q,L9Q,-3.3694748878479004,1.4751196350092073,0.420035871223537,0.5221373879708826,surface,1.0,0.0,0.0,0.0,0.64,0.64,0.0,-0.034,10.0,1.0,0,0.8550089678058843,0.8333333333333334,,strong_candidate
67,203,204,216,S,T,S204T,-2.928367376327514,1.490704041223978,0.4179056740965563,0.3537967601376614,surface,1.0,0.0,0.0,0.0,0.85,0.85,0.0,-0.015,10.0,1.0,0,0.8544764185241391,0.8333333333333334,,strong_candidate
68,193,194,206,A,W,A194W,-2.364865303039551,1.5052296495102837,0.41592020165617494,0.3350729207142208,partial,1.0,0.0,0.0,0.0,0.9,0.9,0.0,-0.024,10.0,1.0,0,0.8539800504140438,0.8333333333333334,,strong_candidate
69,60,61,73,S,Q,S61Q,-3.019165515899658,1.5497936123014142,0.40982885469073427,0.351370234508708,surface,1.0,0.0,0.0,0.0,0.45,0.45,0.0,0.0,10.0,1.0,0,0.8524572136726836,0.8333333333333334,,strong_candidate
70,198,199,211,W,S,W199S,-2.760457992553711,1.563171704972376,0.40800023355628556,0.7436162597880298,surface,1.0,0.0,0.0,0.0,0.85,0.85,0.0,0.017,10.0,1.0,0,0.8520000583890714,0.8333333333333334,,strong_candidate
71,63,64,76,S,Q,S64Q,-3.301058530807495,1.61440389670247,0.400997421506319,0.487629661134251,surface,1.0,0.0,0.0,0.0,0.46,0.46,0.0,0.0,10.0,1.0,0,0.8502493553765798,0.8333333333333334,,strong_candidate
72,28,29,41,P,S,P29S,-2.4437217712402344,-7.4334492782589905,1.0,0.4505703006951685,surface,0.0,0.0,0.0,0.0,0.9,0.9,0.0,-0.007,10.0,1.0,0,0.85,1.0,,strong_candidate
73,28,29,41,P,T,P29T,-3.2910008430480957,-5.836664619816588,1.0,0.4505703006951685,surface,0.0,0.0,0.0,0.0,0.9,0.9,0.0,-0.022,10.0,1.0,0,0.85,1.0,,strong_candidate
74,67,68,80,I,T,I68T,-2.599717140197754,1.71294457003944,0.38752812044086016,0.7537288682113967,surface,1.0,0.0,0.0,0.0,0.8,0.8,0.0,-0.035,10.0,1.0,0,0.8468820301102151,0.8333333333333334,,strong_candidate
75,195,196,208,W,S,W196S,-2.368824005126953,1.731117217317319,0.38504414251526675,0.5035091173135009,surface,1.0,0.0,0.0,0.0,0.9,0.9,0.0,0.017,10.0,1.0,0,0.8462610356288167,0.8333333333333334,,strong_candidate
76,44,45,57,S,T,S45T,-3.090045928955078,1.7440966985836894,0.3832700066693263,0.4538738763899593,surface,1.0,0.0,0.0,0.0,0.85,0.85,0.0,-0.015,10.0,1.0,0,0.8458175016673316,0.8333333333333334,,strong_candidate
77,56,57,69,T,S,T57S,-1.6883150339126587,1.765239477322211,0.3803800482131293,0.3756602521103613,surface,1.0,0.0,0.0,0.0,0.45,0.45,0.0,0.015,10.0,1.0,0,0.8450950120532824,0.8333333333333334,,strong_candidate
78,172,173,185,L,F,L173F,-2.64385724067688,1.7950493259421592,0.3763054076390304,0.1081458103916343,buried,1.0,0.0,0.0,0.0,0.95,0.9,-0.05,-0.023,10.0,1.0,0,0.8440763519097576,0.8333333333333334,,strong_candidate
79,28,29,41,P,R,P29R,-3.102583408355713,-6.69605286316073,1.0,0.4505703006951685,surface,0.0,0.0,0.0,0.0,0.9,0.9,0.0,-0.027,9.6,1.0,0,0.844,1.0,,strong_candidate
80,55,56,68,P,N,P56N,-2.8400702476501465,1.8079511418974337,0.3745418876882536,0.8108818936318166,surface,1.0,0.0,0.0,0.0,0.45,0.45,0.0,-0.041,10.0,1.0,0,0.8436354719220635,0.8333333333333334,,strong_candidate
81,216,217,229,P,L,P217L,-1.4763802289962769,1.8422640313154377,0.3698517366841454,0.2489269983985085,partial,1.0,0.0,0.0,0.0,0.95,0.95,0.0,0.027,10.0,1.0,0,0.8424629341710363,0.8333333333333334,,strong_candidate
82,84,85,97,F,S,F85S,-2.753634452819824,-2.5369372697826975,0.9684348268263778,0.5082102075834648,surface,0.0,0.0,0.0,0.0,0.95,0.95,0.0,-0.011,10.0,1.0,0,0.8421087067065944,1.0,,strong_candidate
83,184,185,197,G,T,G185T,-2.98250675201416,1.8680696637477467,0.36632442333581106,0.6289681154143315,surface,1.0,0.0,0.0,0.0,0.72,0.72,0.0,0.005,10.0,1.0,0,0.8415811058339528,0.8333333333333334,,strong_candidate
84,198,199,211,W,T,W199T,-3.0837903022766113,1.8683764326282244,0.366282491793548,0.7436162597880298,surface,1.0,0.0,0.0,0.0,0.85,0.85,0.0,0.002,10.0,1.0,0,0.841570622948387,0.8333333333333334,,strong_candidate
85,222,223,235,W,S,W223S,-2.5248255729675293,1.87572551208018,0.365277962797142,0.6152045749925127,surface,1.0,0.0,0.0,0.0,0.95,0.95,0.0,0.017,10.0,1.0,0,0.8413194906992856,0.8333333333333334,,strong_candidate
86,176,177,189,V,T,V177T,-3.049908399581909,1.8998341862916843,0.36198260281788364,0.3462370207472334,partial,1.0,0.0,0.0,0.0,0.95,0.85,-0.1,-0.068,10.0,1.0,0,0.840495650704471,0.8333333333333334,,strong_candidate
87,58,59,71,N,H,N59H,-3.338157415390014,1.901028597368054,0.3618193414777816,0.7188371915136466,surface,1.0,0.0,0.0,0.0,0.45,0.45,0.0,0.047,10.0,1.0,0,0.8404548353694454,0.8333333333333334,,strong_candidate
88,8,9,21,L,S,L9S,-2.425980567932129,1.919036613003641,0.3593578666778504,0.5221373879708826,surface,1.0,0.0,0.0,0.0,0.64,0.64,0.0,-0.034,10.0,1.0,0,0.8398394666694626,0.8333333333333334,,strong_candidate
89,9,10,22,G,L,G10L,-1.500393629074097,1.665092389464462,0.3940689264347367,0.309590906318713,partial,1.0,4.0,4.0,0.0,0.64,0.95,0.31,0.054,10.0,1.0,0,0.8372496259748814,0.6666666666666666,,strong_candidate
90,56,57,69,T,Q,T57Q,-3.104471206665039,1.9984433614883417,0.3485039383886438,0.3756602521103613,surface,1.0,0.0,0.0,0.0,0.45,0.45,0.0,0.015,10.0,1.0,0,0.837125984597161,0.8333333333333334,,strong_candidate
91,181,182,194,W,S,W182S,-2.5178215503692627,2.04663694435817,0.34191646688967126,0.5190249253423714,surface,1.0,0.0,0.0,0.0,0.95,0.95,0.0,0.017,10.0,1.0,0,0.8354791167224178,0.8333333333333334,,strong_candidate
92,174,175,187,L,T,L175T,-3.0459206104278564,2.0933634903032043,0.33552952133947744,0.6701084025711792,surface,1.0,0.0,0.0,0.0,0.9,0.85,-0.05,-0.049,10.0,1.0,0,0.8338823803348694,0.8333333333333334,,strong_candidate
93,5,6,18,S,R,S6R,-3.209568738937378,1.949380768426124,0.35521019291916955,0.5223083039217894,surface,1.0,0.0,0.0,0.0,0.64,0.64,0.0,-0.02,9.6,1.0,0,0.8328025482297924,0.8333333333333334,,strong_candidate
94,189,190,202,V,S,V190S,-2.2747979164123535,2.153585228252382,0.3272979486126619,0.4356795357848295,surface,1.0,0.0,0.0,0.0,0.9,0.9,0.0,-0.053,10.0,1.0,0,0.8318244871531655,0.8333333333333334,,strong_candidate
95,221,222,234,L,S,L222S,-2.7393321990966797,2.169141406906419,0.3251716098469142,0.5573984363570041,surface,1.0,0.0,0.0,0.0,0.95,0.95,0.0,-0.034,10.0,1.0,0,0.8312929024617286,0.8333333333333334,,strong_candidate
96,53,54,66,Q,N,Q54N,-2.9472217559814453,2.192112108420588,0.32203179677377725,0.8690262428252873,surface,1.0,0.0,0.0,0.0,0.45,0.45,0.0,-0.034,10.0,1.0,0,0.8305079491934444,0.8333333333333334,,strong_candidate
97,63,64,76,S,N,S64N,-3.198737621307373,2.259552683720301,0.31281349754790033,0.487629661134251,surface,1.0,0.0,0.0,0.0,0.46,0.46,0.0,-0.034,10.0,1.0,0,0.8282033743869751,0.8333333333333334,,strong_candidate
98,1,2,14,E,S,E2S,-2.4177284240722656,2.3092148197702045,0.3060252928466547,0.7447099458912851,surface,1.0,0.0,0.0,0.0,0.46,0.46,0.0,0.032,10.0,1.0,0,0.8265063232116637,0.8333333333333334,,strong_candidate
99,115,116,128,T,N,T116N,-2.059929370880127,-1.3800594327985891,0.8103038200591482,0.6142980410667529,surface,0.30000000000000004,7.8,0.0,7.8,0.8,0.8,0.0,-0.019,10.0,1.0,0,0.8256041240288716,0.8333333333333334,,strong_candidate
100,52,53,65,S,T,S53T,-2.5742640495300293,2.3457930903365423,0.301025492033167,0.3584475333653563,surface,1.0,0.0,0.0,0.0,0.46,0.46,0.0,-0.015,10.0,1.0,0,0.8252563730082918,0.8333333333333334,,strong_candidate
101,176,177,189,V,S,V177S,-2.290881633758545,2.397852486345414,0.293909611307128,0.3462370207472334,partial,1.0,0.0,0.0,0.0,0.95,0.85,-0.1,-0.053,10.0,1.0,0,0.8234774028267821,0.8333333333333334,,strong_candidate
102,60,61,73,S,H,S61H,-3.2046141624450684,2.4815048712079033,0.28247535661410905,0.351370234508708,surface,1.0,0.0,0.0,0.0,0.45,0.45,0.0,0.013,10.0,1.0,0,0.8206188391535273,0.8333333333333334,,strong_candidate
103,66,67,79,P,S,P67S,-2.075577974319458,2.540486078801621,0.2744133491670171,0.6200076548165526,surface,1.0,0.0,0.0,0.0,0.8,0.8,0.0,-0.007,10.0,1.0,0,0.8186033372917543,0.8333333333333334,,strong_candidate
104,214,215,227,L,S,L215S,-2.440859794616699,2.5695766813066143,0.2704370207125175,0.4786156701853817,surface,1.0,0.0,0.0,0.0,0.8,0.8,0.0,-0.034,10.0,1.0,0,0.8176092551781294,0.8333333333333334,,strong_candidate
105,218,219,231,F,S,F219S,-3.04593563079834,2.5696253126405395,0.2704303734058199,0.542865325584724,surface,1.0,0.0,0.0,0.0,0.95,0.95,0.0,-0.011,10.0,1.0,0,0.817607593351455,0.8333333333333334,,strong_candidate
106,59,60,72,H,N,H60N,-2.963777780532837,2.570614927633983,0.27029510517764377,0.4087581179457117,surface,1.0,0.0,0.0,0.0,0.45,0.45,0.0,-0.047,10.0,1.0,0,0.817573776294411,0.8333333333333334,,strong_candidate
107,175,176,188,L,A,L176A,-2.833315849304199,2.605104470423271,0.2655808078250128,0.3064131294429638,partial,1.0,0.0,0.0,0.0,0.95,0.9,-0.05,-0.027,10.0,1.0,0,0.8163952019562533,0.8333333333333334,,strong_candidate
108,67,68,80,I,R,I68R,-3.0687663555145264,2.5090543886200294,0.2787096755844788,0.7537288682113967,surface,1.0,0.0,0.0,0.0,0.8,0.8,0.0,-0.04,9.6,1.0,0,0.8136774188961198,0.8333333333333334,,strong_candidate
109,62,63,75,T,Q,T63Q,-3.2770559787750244,2.7175870696316338,0.2502058165441854,0.4902687667662648,surface,1.0,0.0,0.0,0.0,0.46,0.46,0.0,0.015,10.0,1.0,0,0.8125514541360463,0.8333333333333334,,strong_candidate
110,172,173,185,L,I,L173I,-2.7978830337524414,2.721258697102712,0.24970395011549706,0.1081458103916343,buried,1.0,0.0,0.0,0.0,0.95,0.95,0.0,-0.014,10.0,1.0,0,0.8124259875288743,0.8333333333333334,,strong_candidate
111,180,181,193,Q,T,Q181T,-3.1571292877197266,2.7345501810188466,0.2478871673352443,0.6074957195067492,surface,1.0,0.0,0.0,0.0,0.95,0.95,0.0,-0.015,10.0,1.0,0,0.8119717918338111,0.8333333333333334,,strong_candidate
112,175,176,188,L,S,L176S,-2.6264781951904297,2.767075984578696,0.2434412890424763,0.3064131294429638,partial,1.0,0.0,0.0,0.0,0.95,0.9,-0.05,-0.034,10.0,1.0,0,0.8108603222606191,0.8333333333333334,,strong_candidate
113,84,85,97,F,T,F85T,-3.124078273773194,-1.5887938644426072,0.8388352559356465,0.5082102075834648,surface,0.0,0.0,0.0,0.0,0.95,0.95,0.0,-0.026,10.0,1.0,0,0.8097088139839116,1.0,,strong_candidate
114,58,59,71,N,S,N59S,-1.558476448059082,2.810758476086903,0.23747042838678145,0.7188371915136466,surface,1.0,0.0,0.0,0.0,0.45,0.45,0.0,0.034,10.0,1.0,0,0.8093676070966954,0.8333333333333334,,strong_candidate
115,15,16,28,Q,S,Q16S,-2.8307242393493652,2.8831219632577927,0.22757922750653026,0.5796270280678725,surface,1.0,0.0,0.0,0.0,0.9,0.9,0.0,-0.0,10.0,1.0,0,0.8068948068766326,0.8333333333333334,,strong_candidate
116,191,192,204,L,N,L192N,-3.0174427032470703,2.900624000558196,0.22518691373725164,0.5907372051546693,surface,1.0,0.0,0.0,0.0,0.9,0.9,0.0,-0.068,10.0,1.0,0,0.806296728434313,0.8333333333333334,,strong_candidate
117,60,61,73,S,N,S61N,-3.06326675415039,3.024894513359868,0.20820065929223863,0.351370234508708,surface,1.0,0.0,0.0,0.0,0.45,0.45,0.0,-0.034,10.0,1.0,0,0.8020501648230597,0.8333333333333334,,strong_candidate
118,25,26,38,L,R,L26R,-3.175701141357422,2.854017997485471,0.2315573825557219,0.4825913947630351,surface,1.0,0.0,0.0,0.0,0.95,0.95,0.0,-0.054,9.6,1.0,0,0.8018893456389306,0.8333333333333334,,strong_candidate
119,225,226,238,I,S,I226S,-2.483520984649658,3.0300525586817457,0.20749561777996817,0.9347759504526854,surface,1.0,0.0,0.0,0.0,0.64,0.64,0.0,-0.035,10.0,1.0,0,0.8018739044449921,0.8333333333333334,,strong_candidate
120,45,46,58,P,Q,P46Q,-3.1424100399017334,3.0881474150590407,0.1995547636696604,0.5963658067656283,surface,1.0,0.0,0.0,0.0,0.85,0.85,0.0,-0.007,10.0,1.0,0,0.7998886909174151,0.8333333333333334,,strong_candidate
121,200,201,213,W,T,W201T,-3.1853654384613037,3.1199873485723515,0.19520263539742466,0.4182914875367572,surface,1.0,0.0,0.0,0.0,0.85,0.85,0.0,0.002,10.0,1.0,0,0.7988006588493561,0.8333333333333334,,strong_candidate
122,212,213,225,I,T,I213T,-3.51884388923645,3.1435504415604214,0.19198184967776133,0.352089292235681,surface,1.0,0.0,0.0,0.0,0.8,0.8,0.0,-0.035,10.0,1.0,0,0.7979954624194403,0.8333333333333334,,strong_candidate
123,204,205,217,L,S,L205S,-2.6449227333068848,3.2455912824790403,0.17803411864688545,0.4506075432984762,surface,1.0,0.0,0.0,0.0,0.85,0.72,-0.13,-0.034,10.0,1.0,0,0.7945085296617214,0.8333333333333334,,strong_candidate
124,61,62,74,P,H,P62H,-3.4909896850585938,3.246937006411883,0.17785017469573683,0.5992993034831954,surface,1.0,0.0,0.0,0.0,0.45,0.45,0.0,0.006,10.0,1.0,0,0.7944625436739342,0.8333333333333334,,strong_candidate
125,173,174,186,S,T,S174T,-3.1510796546936035,3.3086455965506048,0.1694153675165614,0.4264098707288803,surface,1.0,0.0,0.0,0.0,0.9,0.9,0.0,-0.015,10.0,1.0,0,0.7923538418791404,0.8333333333333334,,strong_candidate
126,55,56,68,P,S,P56S,-1.5709632635116575,3.3120336016423835,0.16895226878740588,0.8108818936318166,surface,1.0,0.0,0.0,0.0,0.45,0.45,0.0,-0.007,10.0,1.0,0,0.7922380671968515,0.8333333333333334,,strong_candidate
127,216,217,229,P,Y,P217Y,-3.3584580421447754,3.3151810457691795,0.16852205179075974,0.2489269983985085,partial,1.0,0.0,0.0,0.0,0.95,0.9,-0.05,0.014,10.0,1.0,0,0.79213051294769,0.8333333333333334,,strong_candidate
128,69,70,82,P,S,P70S,-2.164851665496826,3.3656783130744543,0.1616196948929962,0.6935024290066307,surface,1.0,0.0,0.0,0.0,0.8,0.8,0.0,-0.007,10.0,1.0,0,0.7904049237232491,0.8333333333333334,,strong_candidate
129,164,165,177,W,T,W165T,-2.7178735733032227,-2.0806468664700333,0.9060655268472583,0.5254958566357822,surface,0.0,13.0,0.0,13.0,0.95,0.95,0.0,0.002,10.0,1.0,0,0.7898966634019554,0.8333333333333334,,strong_candidate
130,7,8,20,F,T,F8T,-3.0556907653808594,3.397894146431554,0.15721618572396934,0.6071437773537428,surface,1.0,0.0,0.0,0.0,0.64,0.64,0.0,-0.026,10.0,1.0,0,0.7893040464309924,0.8333333333333334,,strong_candidate
131,79,80,92,F,T,F80T,-2.9659361839294434,-0.9813725604591924,0.7558082160355986,0.5082102075834648,surface,0.0,0.0,0.0,0.0,0.95,0.95,0.0,-0.026,10.0,1.0,0,0.7889520540088997,1.0,,strong_candidate
132,197,198,210,M,T,M198T,-3.0381572246551514,3.4552918866241953,0.14937061884329716,0.5635070254754507,surface,1.0,0.0,0.0,0.0,0.85,0.72,-0.13,0.012,10.0,1.0,0,0.7873426547108243,0.8333333333333334,,strong_candidate
133,167,168,180,V,S,V168S,-1.8397836685180664,-0.0669843246633377,0.630822562684807,0.6389901237493387,surface,0.43333333333333335,13.0,0.0,13.0,0.95,0.95,0.0,-0.053,10.0,1.0,0,0.7860859223613426,0.8333333333333334,,strong_candidate
134,52,53,65,S,N,S53N,-2.0817880630493164,3.496854796369007,0.14368947900984996,0.3584475333653563,surface,1.0,0.0,0.0,0.0,0.46,0.46,0.0,-0.034,10.0,1.0,0,0.7859223697524625,0.8333333333333334,,strong_candidate
135,189,190,202,V,T,V190T,-2.774961471557617,3.505046331116091,0.1425697967105487,0.4356795357848295,surface,1.0,0.0,0.0,0.0,0.9,0.9,0.0,-0.068,10.0,1.0,0,0.7856424491776371,0.8333333333333334,,strong_candidate
136,160,161,173,Y,Q,Y161Q,-3.099648714065552,0.6987904137239411,0.5261505511146212,0.5119319596256366,surface,0.6,13.0,0.0,13.0,0.95,0.95,0.0,-0.021,10.0,1.0,0,0.7849179194687961,0.6666666666666666,,strong_candidate
137,221,222,234,L,T,L222T,-3.2993011474609375,3.5642924577638837,0.134471578079014,0.5573984363570041,surface,1.0,0.0,0.0,0.0,0.95,0.95,0.0,-0.049,10.0,1.0,0,0.7836178945197535,0.8333333333333334,,strong_candidate
138,167,168,180,V,T,V168T,-2.63376522064209,0.0442828191816602,0.6156137092399248,0.6389901237493387,surface,0.43333333333333335,13.0,0.0,13.0,0.95,0.95,0.0,-0.068,10.0,1.0,0,0.782283709000122,0.6666666666666666,,strong_candidate
139,26,27,39,T,L,T27L,-2.3894028663635254,3.60694196994632,0.12864191302369454,0.3096157917789457,partial,1.0,0.0,0.0,0.0,0.95,0.95,0.0,0.049,10.0,1.0,0,0.7821604782559236,0.8333333333333334,,strong_candidate
140,214,215,227,L,T,L215T,-3.2663378715515137,3.611113740252506,0.12807168320561912,0.4786156701853817,surface,1.0,0.0,0.0,0.0,0.8,0.8,0.0,-0.049,10.0,1.0,0,0.7820179208014048,0.8333333333333334,,strong_candidate
141,34,35,47,W,T,W35T,-2.955324172973633,-0.7716815179551304,0.7271460231910374,0.4992718253273959,surface,0.0,0.0,0.0,0.0,0.9,0.9,0.0,0.002,10.0,1.0,0,0.7817865057977593,1.0,,strong_candidate
142,73,74,86,W,K,W74K,-3.233365297317505,-0.9053278226175508,0.7454138333533292,0.3894247264419068,surface,0.0,0.0,0.0,0.0,0.95,0.9,-0.05,0.005,9.6,1.0,0,0.7803534583383324,1.0,,strong_candidate
143,217,218,230,I,S,I218S,-2.5847036838531494,3.6695641365203073,0.12008223115434102,0.4658870275077849,surface,1.0,0.0,0.0,0.0,0.95,0.95,0.0,-0.02,10.0,1.0,0,0.7800205577885853,0.8333333333333334,,strong_candidate
144,163,164,176,E,D,E164D,-2.8274776935577393,-0.0227001165796423,0.6247694547556071,0.4284740173489859,surface,0.30000000000000004,7.8,0.0,7.8,0.95,0.95,0.0,0.002,10.0,1.0,0,0.7792205327029863,0.8333333333333334,,strong_candidate
145,58,59,71,N,Q,N59Q,-3.213833808898926,3.7216502677036942,0.11296269605795539,0.7188371915136466,surface,1.0,0.0,0.0,0.0,0.45,0.45,0.0,0.034,10.0,1.0,0,0.7782406740144888,0.8333333333333334,,strong_candidate
146,207,208,220,I,S,I208S,-2.4091756343841553,3.7272191049404455,0.11220150433086173,0.501285153966085,surface,1.0,0.0,0.0,0.0,0.8,0.8,0.0,-0.02,10.0,1.0,0,0.7780503760827154,0.8333333333333334,,strong_candidate
147,45,46,58,P,T,P46T,-3.0165982246398926,3.763555601778478,0.10723475101975033,0.5963658067656283,surface,1.0,0.0,0.0,0.0,0.85,0.85,0.0,-0.022,10.0,1.0,0,0.7768086877549376,0.8333333333333334,,strong_candidate
148,115,116,128,T,S,T116S,-2.0477614402770996,-0.3612082359198894,0.6710393615676347,0.6142980410667529,surface,0.19999999999999996,7.8,0.0,7.8,0.8,0.8,0.0,0.015,10.0,1.0,0,0.7757880094059932,0.8333333333333334,,strong_candidate
149,201,202,214,G,L,G202L,-1.654205322265625,3.821861168552686,0.09926509538335648,0.2721368387026155,partial,1.0,0.0,0.0,0.0,0.85,0.95,0.1,0.054,10.0,1.0,0,0.7748162738458392,0.8333333333333334,,strong_candidate
150,190,191,203,W,S,W191S,-2.628281593322754,3.847180802703519,0.09580421203746514,0.358169120339531,surface,1.0,0.0,0.0,0.0,0.9,0.9,0.0,0.017,10.0,1.0,0,0.7739510530093663,0.8333333333333334,,strong_candidate
151,224,225,237,Y,S,Y225S,-2.628742933273315,3.8523601343483738,0.09509626094600221,0.761684896458507,surface,1.0,0.0,0.0,0.0,0.64,0.64,0.0,-0.03,10.0,1.0,0,0.7737740652365006,0.8333333333333334,,strong_candidate
152,26,27,39,T,S,T27S,-2.3587214946746826,3.949855015751666,0.08176990680722362,0.3096157917789457,partial,1.0,0.0,0.0,0.0,0.95,0.95,0.0,0.015,10.0,1.0,0,0.7704424767018059,0.8333333333333334,,strong_candidate
153,175,176,188,L,T,L176T,-3.1632614135742188,3.95301066931296,0.08133856768160186,0.3064131294429638,partial,1.0,0.0,0.0,0.0,0.95,0.9,-0.05,-0.049,10.0,1.0,0,0.7703346419204005,0.8333333333333334,,strong_candidate
154,204,205,217,L,T,L205T,-3.0983800888061523,3.9540592080898023,0.08119524529516142,0.4506075432984762,surface,1.0,0.0,0.0,0.0,0.85,0.72,-0.13,-0.049,10.0,1.0,0,0.7702988113237904,0.8333333333333334,,strong_candidate
155,219,220,232,F,S,F220S,-2.8951220512390137,4.009850950508337,0.0735691986064807,0.542865325584724,surface,1.0,0.0,0.0,0.0,0.95,0.95,0.0,-0.011,10.0,1.0,0,0.7683922996516201,0.8333333333333334,,strong_candidate
156,50,51,63,Q,T,Q51T,-2.6365537643432617,1.1251918997602957,0.4678666994248444,0.7653126909633534,surface,0.33333333333333337,0.0,0.0,0.0,0.46,0.46,0.0,-0.015,10.0,1.0,0,0.7669666748562112,0.8333333333333334,,strong_candidate
157,187,188,200,P,S,P188S,-2.624281883239746,3.2634514960546994,0.17559284657518648,0.621945563039597,surface,1.0,10.0,10.0,0.0,0.9,0.72,-0.18,-0.007,10.0,1.0,0,0.7657291975592896,0.6666666666666666,,strong_candidate
158,66,67,79,P,T,P67T,-2.580907106399536,4.100479064923263,0.06118144726774977,0.6200076548165526,surface,1.0,0.0,0.0,0.0,0.8,0.8,0.0,-0.022,10.0,1.0,0,0.7652953618169375,0.8333333333333334,,strong_candidate
159,46,47,59,V,S,V47S,-1.8507957458496096,4.107669567758592,0.0601985937492856,0.4286363017170435,surface,1.0,0.0,0.0,0.0,0.85,0.85,0.0,-0.053,10.0,1.0,0,0.7650496484373214,0.8333333333333334,,strong_candidate
160,2,3,15,N,T,N3T,-2.8315353393554688,4.118106159777994,0.05877203966510558,0.6837786285727402,surface,1.0,0.0,0.0,0.0,0.64,0.64,0.0,0.022,10.0,1.0,0,0.7646930099162764,0.8333333333333334,,strong_candidate
161,186,187,199,S,T,S187T,-3.2919576168060303,4.132205469771293,0.056844836971193025,0.3541977489702976,surface,1.0,0.0,0.0,0.0,0.9,0.9,0.0,-0.015,10.0,1.0,0,0.7642112092427983,0.8333333333333334,,strong_candidate
162,218,219,231,F,T,F219T,-3.657599449157715,4.193075529963153,0.0485246465479644,0.542865325584724,surface,1.0,0.0,0.0,0.0,0.95,0.95,0.0,-0.026,10.0,1.0,0,0.7621311616369911,0.8333333333333334,,strong_candidate
163,33,34,46,S,N,S34N,-3.097248077392578,0.6910178279608772,0.5272129682278248,0.4521879558936652,surface,0.19999999999999996,0.0,0.0,0.0,0.9,0.9,0.0,-0.034,10.0,1.0,0,0.7618032420569563,0.8333333333333334,,strong_candidate
164,35,36,48,W,A,W36A,-2.928795337677002,-0.1674154149073956,0.6445502605482432,0.241125503512105,partial,0.0,0.0,0.0,0.0,0.9,0.9,0.0,0.024,10.0,1.0,0,0.7611375651370608,1.0,,strong_candidate
165,33,34,46,S,T,S34T,-2.8600850105285645,0.7281437328853713,0.5221383125164152,0.4521879558936652,surface,0.19999999999999996,0.0,0.0,0.0,0.9,0.9,0.0,-0.015,10.0,1.0,0,0.7605345781291039,0.8333333333333334,,strong_candidate
166,30,31,43,S,T,S31T,-2.7104175090789795,0.7341171961484179,0.5213218133758186,0.4093287679828966,surface,0.19999999999999996,0.0,0.0,0.0,0.9,0.9,0.0,-0.015,10.0,1.0,0,0.7603304533439547,0.8333333333333334,,strong_candidate
167,153,154,166,S,N,S154N,-3.143260955810547,0.3666243720360285,0.5715535737215074,0.3249329418635016,partial,0.19999999999999996,4.8,0.0,4.8,0.9,0.9,0.0,-0.034,10.0,1.0,0,0.7593672666698135,0.6666666666666666,,strong_candidate
168,13,14,26,V,T,V14T,-3.2029519081115723,4.336324032519656,0.028944333741376282,0.5798626056289895,surface,1.0,0.0,0.0,0.0,0.85,0.8,-0.05,-0.068,10.0,1.0,0,0.7572360834353441,0.8333333333333334,,strong_candidate
169,160,161,173,Y,E,Y161E,-3.1107003688812256,1.5111567302252524,0.4151100424408407,0.5119319596256366,surface,0.6,13.0,0.0,13.0,0.95,0.95,0.0,-0.044,10.0,1.0,0,0.757157792300351,0.6666666666666666,,strong_candidate
170,55,56,68,P,Q,P56Q,-2.7483959197998047,4.339923669282825,0.028452307559216683,0.8108818936318166,surface,1.0,0.0,0.0,0.0,0.45,0.45,0.0,-0.007,10.0,1.0,0,0.7571130768898042,0.8333333333333334,,strong_candidate
171,17,18,30,G,T,G18T,-3.10879898071289,4.361256891789537,0.02553631777643206,0.3508008687826638,surface,1.0,0.0,0.0,0.0,0.9,0.95,0.05,0.005,10.0,1.0,0,0.756384079444108,0.8333333333333334,,strong_candidate
172,164,165,177,W,E,W165E,-2.9543511867523193,-1.0971494434702436,0.7716334954952142,0.5254958566357822,surface,0.0,13.0,0.0,13.0,0.95,0.95,0.0,-0.006,10.0,1.0,0,0.7562886555639444,0.8333333333333334,,strong_candidate
173,26,27,39,T,A,T27A,-3.1991090774536133,4.367997458936543,0.02461496494637283,0.3096157917789457,partial,1.0,0.0,0.0,0.0,0.95,0.95,0.0,0.022,10.0,1.0,0,0.7561537412365932,0.8333333333333334,,strong_candidate
174,185,186,198,L,W,L186W,-2.6996943950653076,4.521122389013328,0.0036846656700660896,0.2723078745570794,partial,1.0,0.0,0.0,0.0,0.72,0.72,0.0,-0.051,10.0,1.0,0,0.7509211664175165,0.8333333333333334,,strong_candidate
175,192,193,205,S,T,S193T,-2.9850192070007324,4.538844267560421,0.0012623022995620348,0.3676220378675029,surface,1.0,0.0,0.0,0.0,0.9,0.9,0.0,-0.015,10.0,1.0,0,0.7503155755748905,0.8333333333333334,,strong_candidate
176,185,186,198,L,F,L186F,-2.4491875171661377,4.732800550633499,0.0,0.2723078745570794,partial,1.0,0.0,0.0,0.0,0.72,0.72,0.0,-0.023,10.0,1.0,0,0.75,0.8333333333333334,,strong_candidate
177,179,180,192,V,S,V180S,-2.5782928466796875,4.8864771588544045,0.0,0.4372446989110041,surface,1.0,0.0,0.0,0.0,0.95,0.95,0.0,-0.053,10.0,1.0,0,0.75,0.8333333333333334,,strong_candidate
178,182,183,195,F,W,F183W,-2.78445816040039,4.755193266323772,0.0,0.31140325084374,partial,1.0,0.0,0.0,0.0,0.95,0.95,0.0,-0.028,10.0,1.0,0,0.75,0.8333333333333334,,strong_candidate
179,43,44,56,G,T,G44T,-2.880885124206543,4.843629039499319,0.0,0.3369959856798702,partial,1.0,0.0,0.0,0.0,0.85,0.85,0.0,0.005,10.0,1.0,0,0.75,0.8333333333333334,,strong_candidate
180,25,26,38,L,T,L26T,-2.9873132705688477,4.555641123357191,0.0,0.4825913947630351,surface,1.0,0.0,0.0,0.0,0.95,0.95,0.0,-0.049,10.0,1.0,0,0.75,0.8333333333333334,,strong_candidate
181,10,11,23,P,G,P11G,-2.6703920364379883,-4.789481168513419,1.0,0.4987104068094521,surface,1.0,0.0,0.0,0.0,0.72,0.72,0.0,-0.027,10.0,1.0,4,0.9928571428571429,1.0,new_glycine,candidate
182,194,195,207,I,A,I195A,-2.7278590202331543,-7.1971536465475765,1.0,0.483586090736935,surface,1.0,0.0,0.0,0.0,0.9,0.9,0.0,-0.013,10.0,1.0,4,0.9928571428571429,1.0,surface_hydrophobic_gain,candidate
183,209,210,222,S,A,S210A,-2.840761184692383,-9.550015668557023,1.0,0.3647282864717718,surface,1.0,0.0,0.0,0.0,0.8,0.8,0.0,0.007,10.0,1.0,4,0.9928571428571429,1.0,surface_hydrophobic_gain,candidate
184,10,11,23,P,A,P11A,-2.846482276916504,-4.142939007072357,1.0,0.4987104068094521,surface,1.0,0.0,0.0,0.0,0.72,0.8,0.08,0.0,10.0,1.0,4,0.9928571428571429,1.0,surface_hydrophobic_gain,candidate
185,177,178,190,P,A,P178A,-2.8584723472595215,-6.381431428455073,1.0,0.4952847667597114,surface,1.0,0.0,0.0,0.0,0.95,0.95,0.0,0.0,10.0,1.0,4,0.9928571428571429,1.0,surface_hydrophobic_gain,candidate
186,210,211,223,P,A,P211A,-3.0332584381103516,-3.316422488197759,1.0,0.4825511606722705,surface,1.0,0.0,0.0,0.0,0.8,0.9,0.1,0.0,10.0,1.0,4,0.9928571428571429,1.0,surface_hydrophobic_gain,candidate
187,213,214,226,P,G,P214G,-3.3271565437316895,-3.5350267472596784,1.0,0.4488574806702982,surface,1.0,0.0,0.0,0.0,0.8,0.8,0.0,-0.027,10.0,1.0,4,0.9928571428571429,1.0,new_glycine,candidate
188,202,203,215,P,G,P203G,-2.9585680961608887,-1.8031688317748265,0.8681376838378947,0.5981911708895858,surface,1.0,0.0,0.0,0.0,0.85,0.85,0.0,-0.027,10.0,1.0,4,0.9598915638166166,1.0,new_glycine,candidate
189,212,213,225,I,L,I213L,-1.152437448501587,-6.306159160774882,1.0,0.352089292235681,surface,1.0,0.0,0.0,0.0,0.8,0.8,0.0,0.014,10.0,1.0,4,0.9595238095238096,1.0,surface_hydrophobic_gain,candidate
190,17,18,30,G,L,G18L,-1.300022006034851,-2.866970291134294,1.0,0.3508008687826638,surface,1.0,0.0,0.0,0.0,0.9,0.95,0.05,0.054,10.0,1.0,4,0.9595238095238096,1.0,surface_hydrophobic_gain,candidate
191,210,211,223,P,L,P211L,-1.7547802925109863,-7.247239991119216,1.0,0.4825511606722705,surface,1.0,0.0,0.0,0.0,0.8,0.9,0.1,0.027,10.0,1.0,4,0.9595238095238096,1.0,surface_hydrophobic_gain,candidate
192,210,211,223,P,F,P211F,-2.0081396102905273,-6.544593437789615,1.0,0.4825511606722705,surface,1.0,0.0,0.0,0.0,0.8,0.9,0.1,0.004,10.0,1.0,4,0.9595238095238096,1.0,surface_hydrophobic_gain,candidate
193,10,11,23,P,F,P11F,-2.0560317039489746,-5.335310508080568,1.0,0.4987104068094521,surface,1.0,0.0,0.0,0.0,0.72,0.72,0.0,0.004,10.0,1.0,4,0.9595238095238096,1.0,surface_hydrophobic_gain,candidate
194,213,214,226,P,I,P214I,-2.340024709701538,-4.731338652950171,1.0,0.4488574806702982,surface,1.0,0.0,0.0,0.0,0.8,0.9,0.1,0.013,10.0,1.0,4,0.9595238095238096,1.0,surface_hydrophobic_gain,candidate
195,210,211,223,P,I,P211I,-2.402444362640381,-7.103774312220821,1.0,0.4825511606722705,surface,1.0,0.0,0.0,0.0,0.8,0.9,0.1,0.013,10.0,1.0,4,0.9595238095238096,1.0,surface_hydrophobic_gain,candidate
196,198,199,211,W,I,W199I,-2.4197494983673096,-3.3411520824496392,1.0,0.7436162597880298,surface,1.0,0.0,0.0,0.0,0.85,0.95,0.1,0.037,10.0,1.0,4,0.9595238095238096,1.0,surface_hydrophobic_gain,candidate
197,210,211,223,P,V,P211V,-2.5924220085144043,-6.748131524950452,1.0,0.4825511606722705,surface,1.0,0.0,0.0,0.0,0.8,0.9,0.1,0.046,10.0,1.0,4,0.9595238095238096,1.0,surface_hydrophobic_gain,candidate
198,213,214,226,P,V,P214V,-2.7464160919189453,-3.567416786582612,1.0,0.4488574806702982,surface,1.0,0.0,0.0,0.0,0.8,0.9,0.1,0.046,10.0,1.0,4,0.9595238095238096,1.0,surface_hydrophobic_gain,candidate
199,177,178,190,P,V,P178V,-2.7538645267486572,-6.399717193478068,1.0,0.4952847667597114,surface,1.0,0.0,0.0,0.0,0.95,0.95,0.0,0.046,10.0,1.0,4,0.9595238095238096,1.0,surface_hydrophobic_gain,candidate
200,177,178,190,P,W,P178W,-2.8719587326049805,-4.083849058695989,1.0,0.4952847667597114,surface,1.0,0.0,0.0,0.0,0.95,0.95,0.0,-0.024,10.0,1.0,4,0.9595238095238096,1.0,surface_hydrophobic_gain,candidate
201,199,200,212,Y,W,Y200W,-3.103452682495117,-5.0154028375333155,1.0,0.5525357665348288,surface,1.0,0.0,0.0,0.0,0.85,0.85,0.0,-0.038,10.0,1.0,4,0.9595238095238096,1.0,surface_hydrophobic_gain,candidate
202,177,178,190,P,I,P178I,-3.1041276454925537,-3.841360574680607,1.0,0.4952847667597114,surface,1.0,0.0,0.0,0.0,0.95,0.95,0.0,0.013,10.0,1.0,4,0.9595238095238096,1.0,surface_hydrophobic_gain,candidate
203,10,11,23,P,W,P11W,-3.2584500312805176,-4.208627309710664,1.0,0.4987104068094521,surface,1.0,0.0,0.0,0.0,0.72,0.72,0.0,-0.024,10.0,1.0,4,0.9595238095238096,1.0,surface_hydrophobic_gain,candidate
204,171,172,184,W,Y,W172Y,-3.392548084259033,-3.3382683027913345,1.0,0.5259049471149402,surface,1.0,0.0,0.0,0.0,0.95,0.95,0.0,0.038,10.0,1.0,4,0.9595238095238096,1.0,surface_hydrophobic_gain,candidate
205,57,58,70,S,V,S58V,-3.548753261566162,-3.189442894301351,1.0,0.5705047942625909,surface,1.0,0.0,0.0,0.0,0.45,0.45,0.0,0.053,10.0,1.0,4,0.9595238095238096,1.0,surface_hydrophobic_gain,candidate
206,170,171,183,S,P,S171P,-1.9210268259048464,-2.619210459144199,0.9796805624155399,0.5675837211449435,surface,1.0,0.0,0.0,0.0,0.95,0.85,-0.1,0.007,9.2,0.6666666666666667,8,0.951967759651504,0.8333333333333334,new_proline,candidate
207,17,18,30,G,A,G18A,-2.7507410049438477,-1.5214691262253837,0.8296327902177594,0.3508008687826638,surface,1.0,0.0,0.0,0.0,0.9,0.95,0.05,0.027,10.0,1.0,4,0.9502653404115827,1.0,surface_hydrophobic_gain,candidate
208,56,57,69,T,A,T57A,-2.929856300354004,-1.4776508947108482,0.8236433755685717,0.3756602521103613,surface,1.0,0.0,0.0,0.0,0.45,0.5,0.05,0.022,10.0,1.0,4,0.9487679867492859,1.0,surface_hydrophobic_gain,candidate
209,213,214,226,P,F,P214F,-1.941429853439331,-2.3605013482190316,0.9443182010126275,0.4488574806702982,surface,1.0,0.0,0.0,0.0,0.8,0.9,0.1,0.004,10.0,1.0,4,0.9456033597769665,1.0,surface_hydrophobic_gain,candidate
210,6,7,19,G,A,G7A,-3.0267984867095947,-1.185817896299568,0.7837533851379668,0.5651321609982538,surface,1.0,0.0,0.0,0.0,0.64,0.8,0.16,0.027,10.0,1.0,4,0.9387954891416346,1.0,surface_hydrophobic_gain,candidate
211,213,214,226,P,C,P214C,-3.3134231567382812,-4.303527559876784,1.0,0.4488574806702982,surface,1.0,0.0,0.0,0.0,0.8,0.9,0.1,0.05,9.3,0.33333333333333337,10,0.9383095238095239,0.8333333333333334,new_cysteine,candidate
212,194,195,207,I,C,I195C,-3.4035098552703857,-5.297490584228228,1.0,0.483586090736935,surface,1.0,0.0,0.0,0.0,0.9,0.9,0.0,0.037,9.3,0.33333333333333337,10,0.9383095238095239,0.8333333333333334,new_cysteine,candidate
213,10,11,23,P,C,P11C,-3.536102533340454,-4.667180886800168,1.0,0.4987104068094521,surface,1.0,0.0,0.0,0.0,0.72,0.72,0.0,0.05,9.3,0.33333333333333337,10,0.9383095238095239,0.8333333333333334,new_cysteine,candidate
214,202,203,215,P,Y,P203Y,-2.9677605628967285,-2.008384304128981,0.8961881211530154,0.5981911708895858,surface,1.0,0.0,0.0,0.0,0.85,0.85,0.0,0.014,10.0,1.0,4,0.9335708398120635,1.0,surface_hydrophobic_gain,candidate
215,0,1,13,G,P,G1P,-5.3305768966674805,-1.9198274693064832,0.8840834883223726,1.0,surface,1.0,0.0,0.0,0.0,0.46,0.46,0.0,0.047,9.2,0.6666666666666667,8,0.9280684911282122,0.8333333333333334,new_proline,candidate
216,23,24,36,R,L,R24L,-1.324655532836914,-1.831418554982406,0.8719990744090511,0.5162095356512788,surface,1.0,0.0,0.0,0.0,0.95,0.95,0.0,0.054,10.0,1.0,4,0.9275235781260723,1.0,surface_hydrophobic_gain,candidate
217,198,199,211,W,G,W199G,-2.652723789215088,-0.8248637790222801,0.7344153857942918,0.7436162597880298,surface,1.0,0.0,0.0,0.0,0.85,0.85,0.0,-0.003,10.0,1.0,4,0.9264609893057159,1.0,new_glycine,candidate
218,184,185,197,G,A,G185A,-2.9808926582336426,-0.5903839199668823,0.7023648658571746,0.6289681154143315,surface,1.0,0.0,0.0,0.0,0.72,0.8,0.08,0.027,10.0,1.0,4,0.9184483593214365,1.0,surface_hydrophobic_gain,candidate
219,183,184,196,V,A,V184A,-3.279414653778076,-0.5194219411528707,0.6926652339744276,0.6521911683002438,surface,1.0,0.0,0.0,0.0,0.95,0.95,0.0,-0.046,10.0,1.0,4,0.9160234513507498,1.0,surface_hydrophobic_gain,candidate
220,171,172,184,W,I,W172I,-2.7627053260803223,-1.4311836131570317,0.8172918682797843,0.5259049471149402,surface,1.0,0.0,0.0,0.0,0.95,0.95,0.0,0.037,10.0,1.0,4,0.9138467765937557,1.0,surface_hydrophobic_gain,candidate
221,6,7,19,G,L,G7L,-1.7467918395996094,-1.4087556103002044,0.8142262354548232,0.5651321609982538,surface,1.0,0.0,0.0,0.0,0.64,0.8,0.16,0.054,10.0,1.0,4,0.9130803683875154,1.0,surface_hydrophobic_gain,candidate
222,218,219,231,F,A,F219A,-3.2836833000183105,-0.4328095097883988,0.6808263772409231,0.542865325584724,surface,1.0,0.0,0.0,0.0,0.95,0.95,0.0,-0.004,10.0,1.0,4,0.9130637371673737,1.0,surface_hydrophobic_gain,candidate
223,183,184,196,V,W,V184W,-2.634988307952881,-3.2423005271641614,1.0,0.6521911683002438,surface,1.0,18.0,18.0,0.0,0.95,0.64,-0.31,-0.07,10.0,1.0,4,0.908819584171697,0.6666666666666666,predicted_tcell_epitope_loss;surface_hydrophobic_gain,candidate
224,171,172,184,W,A,W172A,-2.9992754459381104,-0.2234044460083737,0.6522032741793107,0.5259049471149402,surface,1.0,0.0,0.0,0.0,0.95,0.95,0.0,0.024,10.0,1.0,4,0.9059079614019706,1.0,surface_hydrophobic_gain,candidate
225,178,179,191,F,L,F179L,-1.746544599533081,-1.1978674474635227,0.7854004109480702,0.4679559337154675,surface,1.0,0.0,0.0,0.0,0.95,0.95,0.0,0.023,10.0,1.0,4,0.9058739122608271,1.0,surface_hydrophobic_gain,candidate
226,20,21,33,L,A,L21A,-3.0013270378112793,-0.0792030659945908,0.632492714715013,0.5340434927143053,surface,1.0,0.0,0.0,0.0,0.95,0.95,0.0,-0.027,10.0,1.0,4,0.9009803215358961,1.0,surface_hydrophobic_gain,candidate
227,203,204,216,S,Y,S204Y,-3.1460351943969727,-0.9532203735727194,0.75196015748288,0.3537967601376614,surface,1.0,0.0,0.0,0.0,0.85,0.85,0.0,0.021,10.0,1.0,4,0.8975138488945296,1.0,surface_hydrophobic_gain,candidate
228,207,208,220,I,A,I208A,-3.0324625968933105,0.1385633221363491,0.6027267211983771,0.501285153966085,surface,1.0,0.0,0.0,0.0,0.8,0.8,0.0,-0.013,10.0,1.0,4,0.8935388231567372,0.8333333333333334,surface_hydrophobic_gain,candidate
229,15,16,28,Q,A,Q16A,-2.4831228256225586,0.1396486319088694,0.602578372667965,0.5796270280678725,surface,1.0,0.0,0.0,0.0,0.9,0.9,0.0,0.007,10.0,1.0,4,0.8935017360241342,0.8333333333333334,surface_hydrophobic_gain,candidate
230,206,207,219,S,A,S207A,-2.89615249633789,0.1610684160843902,0.5996505509670653,0.4910282563352441,surface,1.0,0.0,0.0,0.0,0.8,0.8,0.0,0.007,10.0,1.0,4,0.8927697805989092,0.8333333333333334,surface_hydrophobic_gain,candidate
231,188,189,201,T,A,T189A,-2.8829474449157715,0.2696471823026058,0.5848091657604907,0.5761052608152962,surface,1.0,0.0,0.0,0.0,0.9,0.9,0.0,0.022,10.0,1.0,4,0.8890594342972656,0.8333333333333334,surface_hydrophobic_gain,candidate
232,192,193,205,S,A,S193A,-2.7297139167785645,0.2961785461229738,0.5811826538352907,0.3676220378675029,surface,1.0,0.0,0.0,0.0,0.9,0.9,0.0,0.007,10.0,1.0,4,0.8881528063159656,0.8333333333333334,surface_hydrophobic_gain,candidate
233,171,172,184,W,V,W172V,-2.588096618652344,-0.6755373369284143,0.7140042932222108,0.5259049471149402,surface,1.0,0.0,0.0,0.0,0.95,0.95,0.0,0.07,10.0,1.0,4,0.8880248828293623,1.0,surface_hydrophobic_gain,candidate
234,200,201,213,W,A,W201A,-3.2372851371765137,0.304201289283128,0.5800860432750458,0.4182914875367572,surface,1.0,0.0,0.0,0.0,0.85,0.9,0.05,0.024,10.0,1.0,4,0.8878786536759044,0.8333333333333334,surface_hydrophobic_gain,candidate
235,13,14,26,V,A,V14A,-2.569861888885498,0.3219585658292772,0.577658841432363,0.5798626056289895,surface,1.0,0.0,0.0,0.0,0.85,0.85,0.0,-0.046,10.0,1.0,4,0.8872718532152337,0.8333333333333334,surface_hydrophobic_gain,candidate
236,210,211,223,P,G,P211G,-3.0703024864196777,0.3363198735955279,0.5756958268572965,0.4825511606722705,surface,1.0,0.0,0.0,0.0,0.8,0.8,0.0,-0.027,10.0,1.0,4,0.886781099571467,0.8333333333333334,new_glycine,candidate
237,197,198,210,M,A,M198A,-2.345921516418457,0.3634144060393396,0.5719923366906972,0.5635070254754507,surface,1.0,0.0,0.0,0.0,0.85,0.85,0.0,0.034,10.0,1.0,4,0.8858552270298172,0.8333333333333334,surface_hydrophobic_gain,candidate
238,184,185,197,G,L,G185L,-2.0092580318450928,-0.6083365558444029,0.7048187709236235,0.6289681154143315,surface,1.0,0.0,0.0,0.0,0.72,0.9,0.18,0.054,10.0,1.0,4,0.8857285022547154,1.0,surface_hydrophobic_gain,candidate
239,211,212,224,F,Y,F212Y,-2.9403867721557617,-0.5404878520022294,0.6955446855332559,0.4819165431494899,surface,1.0,0.0,0.0,0.0,0.8,0.8,0.0,0.01,10.0,1.0,4,0.8834099809071235,1.0,surface_hydrophobic_gain,candidate
240,215,216,228,L,A,L216A,-3.212611675262451,0.4523917543173184,0.5598302248299023,0.4981049856616306,surface,1.0,0.0,0.0,0.0,0.95,0.9,-0.05,-0.027,10.0,1.0,4,0.8828146990646185,0.8333333333333334,surface_hydrophobic_gain,candidate
241,205,206,218,Y,W,Y206W,-2.9243927001953125,-0.4845684212918399,0.6879011854216657,0.5365280738263327,surface,1.0,0.0,0.0,0.0,0.72,0.72,0.0,-0.038,10.0,1.0,4,0.881499105879226,1.0,surface_hydrophobic_gain,candidate
242,203,204,216,S,F,S204F,-2.30301284790039,-0.4378512445392744,0.6815155205251333,0.3537967601376614,surface,1.0,0.0,0.0,0.0,0.85,0.85,0.0,0.011,10.0,1.0,4,0.8799026896550929,1.0,surface_hydrophobic_gain,candidate
243,205,206,218,Y,A,Y206A,-2.6784021854400635,0.5728102824640473,0.5433704894278386,0.5365280738263327,surface,1.0,0.0,0.0,0.0,0.72,0.85,0.13,-0.014,10.0,1.0,4,0.8786997652141025,0.8333333333333334,surface_hydrophobic_gain,candidate
244,186,187,199,S,A,S187A,-3.0178990364074707,0.5943380569477199,0.5404279067767304,0.3541977489702976,surface,1.0,0.0,0.0,0.0,0.9,0.95,0.05,0.007,10.0,1.0,4,0.8779641195513255,0.8333333333333334,surface_hydrophobic_gain,candidate
245,206,207,219,S,L,S207L,-1.8278276920318604,-0.371688721710143,0.6724719153917642,0.4910282563352441,surface,1.0,0.0,0.0,0.0,0.8,0.85,0.05,0.034,10.0,1.0,4,0.8776417883717507,1.0,surface_hydrophobic_gain,candidate
246,174,175,187,L,A,L175A,-3.058929443359375,0.6351090922149751,0.5348550064689843,0.6701084025711792,surface,1.0,0.0,0.0,0.0,0.9,0.9,0.0,-0.027,10.0,1.0,4,0.876570894474389,0.8333333333333334,surface_hydrophobic_gain,candidate
247,181,182,194,W,F,W182F,-2.4488742351531982,-0.3189641837366821,0.665265117919686,0.5190249253423714,surface,1.0,0.0,0.0,0.0,0.95,0.95,0.0,0.028,10.0,1.0,4,0.8758400890037311,1.0,surface_hydrophobic_gain,candidate
248,198,199,211,W,L,W199L,-1.9030436277389529,-0.2662866928646963,0.6580647512091662,0.7436162597880298,surface,1.0,0.0,0.0,0.0,0.85,0.95,0.1,0.051,10.0,1.0,4,0.8740399973261012,1.0,surface_hydrophobic_gain,candidate
249,41,42,54,L,A,L42A,-3.4336395263671875,0.7426073909674074,0.5201613079089003,0.8257937933050429,surface,1.0,0.0,0.0,0.0,0.85,0.85,0.0,-0.027,10.0,1.0,4,0.872897469834368,0.8333333333333334,surface_hydrophobic_gain,candidate
250,0,1,13,G,A,G1A,-5.432412624359131,0.755779919240922,0.518360784905546,1.0,surface,1.0,0.0,0.0,0.0,0.46,0.46,0.0,0.047,10.0,1.0,4,0.8724473390835294,0.8333333333333334,surface_hydrophobic_gain,candidate
251,19,20,32,F,L,F20L,-1.6318035125732422,-0.1967934215020932,0.6485658736156907,0.5217878568730145,surface,1.0,0.0,0.0,0.0,0.95,0.95,0.0,0.023,10.0,1.0,4,0.8716652779277323,1.0,surface_hydrophobic_gain,candidate
252,24,25,37,I,A,I25A,-2.991421699523926,0.8586340654167088,0.5043018850243268,0.5353008520794389,surface,1.0,0.0,0.0,0.0,0.95,0.95,0.0,-0.013,10.0,1.0,4,0.8689326141132246,0.8333333333333334,surface_hydrophobic_gain,candidate
253,184,185,197,G,W,G185W,-2.804372787475586,-0.0983390692662737,0.6351083715856993,0.6289681154143315,surface,1.0,0.0,0.0,0.0,0.72,0.9,0.18,0.003,10.0,1.0,4,0.8683009024202344,1.0,surface_hydrophobic_gain,candidate
254,211,212,224,F,I,F212I,-2.4122838973999023,-0.0492673828735519,0.6284008741084585,0.4819165431494899,surface,1.0,0.0,0.0,0.0,0.8,0.9,0.1,0.009,10.0,1.0,4,0.8666240280509242,1.0,surface_hydrophobic_gain,candidate
255,208,209,221,V,Y,V209Y,-3.3578152656555176,-0.0137809078260602,0.6235503083473329,0.3817215625413528,surface,1.0,0.0,0.0,0.0,0.8,0.8,0.0,-0.032,10.0,1.0,4,0.8654113866106429,1.0,surface_hydrophobic_gain,candidate
256,213,214,226,P,W,P214W,-3.152793884277344,-0.0106914032077725,0.6231280109706493,0.4488574806702982,surface,1.0,0.0,0.0,0.0,0.8,0.9,0.1,-0.024,10.0,1.0,4,0.865305812266472,1.0,surface_hydrophobic_gain,candidate
257,178,179,191,F,W,F179W,-2.30305814743042,-0.0105076632730174,0.623102895975844,0.4679559337154675,surface,1.0,0.0,0.0,0.0,0.95,0.95,0.0,-0.028,10.0,1.0,4,0.8652995335177706,1.0,surface_hydrophobic_gain,candidate
258,13,14,26,V,I,V14I,-2.56856918334961,0.0006735618264883,0.6215745596853977,0.5798626056289895,surface,1.0,0.0,0.0,0.0,0.85,0.85,0.0,-0.033,10.0,1.0,4,0.864917449445159,0.8333333333333334,surface_hydrophobic_gain,candidate
259,13,14,26,V,L,V14L,-1.4871556758880615,0.0021964568788916,0.6213663986158892,0.5798626056289895,surface,1.0,0.0,0.0,0.0,0.85,0.85,0.0,-0.019,10.0,1.0,4,0.8648654091777819,0.8333333333333334,surface_hydrophobic_gain,candidate
260,208,209,221,V,F,V209F,-1.9049780368804932,0.0075377222486281,0.6206363131709738,0.3817215625413528,surface,1.0,0.0,0.0,0.0,0.8,0.8,0.0,-0.042,10.0,1.0,4,0.864682887816553,0.8333333333333334,surface_hydrophobic_gain,candidate
261,113,114,126,T,A,T114A,-3.2009992599487305,-1.3969252119907196,0.8126091651511747,0.6960474691940525,surface,0.7,13.0,0.0,13.0,0.8,0.8,0.0,0.022,10.0,1.0,4,0.8643897158350774,0.8333333333333334,surface_hydrophobic_gain,candidate
262,59,60,72,H,L,H60L,-2.951270818710327,0.0218943969060205,0.6186739318850452,0.4087581179457117,surface,1.0,0.0,0.0,0.0,0.45,0.45,0.0,0.021,10.0,1.0,4,0.8641922924950709,0.8333333333333334,surface_hydrophobic_gain,candidate
263,177,178,190,P,L,P178L,-2.0860207080841064,0.039706580696702,0.6162392248956831,0.4952847667597114,surface,1.0,0.0,0.0,0.0,0.95,0.95,0.0,0.027,10.0,1.0,4,0.8635836157477303,0.8333333333333334,surface_hydrophobic_gain,candidate
264,10,11,23,P,I,P11I,-2.3238773345947266,0.0533484972843325,0.6143745422686391,0.4987104068094521,surface,1.0,0.0,0.0,0.0,0.72,0.8,0.08,0.013,10.0,1.0,4,0.8631174450909693,0.8333333333333334,surface_hydrophobic_gain,candidate
265,5,6,18,S,A,S6A,-2.9260740280151367,1.049313241272955,0.4782383810969817,0.5223083039217894,surface,1.0,0.0,0.0,0.0,0.64,0.8,0.16,0.007,10.0,1.0,4,0.8624167381313883,0.8333333333333334,surface_hydrophobic_gain,candidate
266,3,4,16,I,V,I4V,-2.972055673599243,0.1123074082771609,0.6063155824933352,0.8035516572065813,surface,1.0,0.0,0.0,0.0,0.64,0.64,0.0,0.033,10.0,1.0,4,0.8611027051471434,0.8333333333333334,surface_hydrophobic_gain,candidate
267,194,195,207,I,G,I195G,-2.8100624084472656,1.1021321849933656,0.4710186795175445,0.483586090736935,surface,1.0,0.0,0.0,0.0,0.9,0.8,-0.1,-0.04,10.0,1.0,4,0.8606118127365291,0.8333333333333334,new_glycine,candidate
268,207,208,220,I,L,I208L,-1.4396358728408811,0.1308948678539536,0.6037749048157458,0.501285153966085,surface,1.0,0.0,0.0,0.0,0.8,0.85,0.05,0.014,10.0,1.0,4,0.860467535727746,0.8333333333333334,surface_hydrophobic_gain,candidate
269,19,20,32,F,Y,F20Y,-2.933224678039551,0.1335672101520231,0.6034096284101385,0.5217878568730145,surface,1.0,0.0,0.0,0.0,0.95,0.95,0.0,0.01,10.0,1.0,4,0.8603762166263442,0.8333333333333334,surface_hydrophobic_gain,candidate
270,173,174,186,S,A,S174A,-2.8041858673095703,1.1093754267216127,0.4700286172394633,0.4264098707288803,surface,1.0,0.0,0.0,0.0,0.9,0.9,0.0,0.007,10.0,1.0,4,0.8603642971670088,0.8333333333333334,surface_hydrophobic_gain,candidate
271,188,189,201,T,V,T189V,-2.4625723361968994,0.1396005318221114,0.6025849473596926,0.5761052608152962,surface,1.0,0.0,0.0,0.0,0.9,0.9,0.0,0.068,10.0,1.0,4,0.8601700463637327,0.8333333333333334,surface_hydrophobic_gain,candidate
272,176,177,189,V,G,V177G,-2.690807342529297,1.1500493807968724,0.4644689867395895,0.3462370207472334,partial,1.0,0.0,0.0,0.0,0.95,0.85,-0.1,-0.073,10.0,1.0,4,0.8589743895420403,0.8333333333333334,new_glycine,candidate
273,60,61,73,S,A,S61A,-3.36781644821167,0.8408006241418207,0.5067394976509754,0.351370234508708,surface,1.0,4.0,4.0,0.0,0.45,0.8,0.35,0.007,10.0,1.0,4,0.858274411636084,0.6666666666666666,surface_hydrophobic_gain,candidate
274,46,47,59,V,I,V47I,-3.1746315956115723,0.2216852488838867,0.5913649736215666,0.4286363017170435,surface,1.0,0.0,0.0,0.0,0.85,0.85,0.0,-0.033,10.0,1.0,4,0.8573650529292013,0.8333333333333334,surface_hydrophobic_gain,candidate
275,192,193,205,S,G,S193G,-2.7493982315063477,1.2039577333264333,0.4571003763417232,0.3676220378675029,surface,1.0,0.0,0.0,0.0,0.9,0.8,-0.1,-0.02,10.0,1.0,4,0.8571322369425737,0.8333333333333334,new_glycine,candidate
276,190,191,203,W,A,W191A,-2.846369743347168,1.312409518399818,0.44227634789973547,0.358169120339531,surface,1.0,0.0,0.0,0.0,0.9,0.9,0.0,0.024,10.0,1.0,4,0.8534262298320768,0.8333333333333334,surface_hydrophobic_gain,candidate
277,204,205,217,L,A,L205A,-3.0412325859069824,1.340971430172374,0.43837228498193836,0.4506075432984762,surface,1.0,0.0,0.0,0.0,0.85,0.85,0.0,-0.027,10.0,1.0,4,0.8524502141026276,0.8333333333333334,surface_hydrophobic_gain,candidate
278,202,203,215,P,I,P203I,-2.62377405166626,0.3717888206456905,0.5708476569583576,0.5981911708895858,surface,1.0,0.0,0.0,0.0,0.85,0.85,0.0,0.013,10.0,1.0,4,0.852235723763399,0.8333333333333334,surface_hydrophobic_gain,candidate
279,4,5,17,T,A,T5A,-3.260875940322876,1.3680956518844596,0.43466473665661887,0.6213985518859257,surface,1.0,0.0,0.0,0.0,0.64,0.8,0.16,0.022,10.0,1.0,4,0.8515233270212976,0.8333333333333334,surface_hydrophobic_gain,candidate
280,209,210,222,S,G,S210G,-2.6672048568725586,1.3869073171439936,0.4320934128129422,0.3647282864717718,surface,1.0,0.0,0.0,0.0,0.8,0.8,0.0,-0.02,10.0,1.0,4,0.8508804960603785,0.8333333333333334,new_glycine,candidate
281,202,203,215,P,F,P203F,-2.4926140308380127,0.4180369007768263,0.5645261118147036,0.5981911708895858,surface,1.0,0.0,0.0,0.0,0.85,0.85,0.0,0.004,10.0,1.0,4,0.8506553374774855,0.8333333333333334,surface_hydrophobic_gain,candidate
282,24,25,37,I,V,I25V,-2.7978861331939697,0.4361298970682696,0.5620530212017307,0.5353008520794389,surface,1.0,0.0,0.0,0.0,0.95,0.95,0.0,0.033,10.0,1.0,4,0.8500370648242422,0.8333333333333334,surface_hydrophobic_gain,candidate
283,10,11,23,P,L,P11L,-1.561232328414917,0.4400387691277387,0.5615187263485252,0.4987104068094521,surface,1.0,0.0,0.0,0.0,0.72,0.8,0.08,0.027,10.0,1.0,4,0.8499034911109409,0.8333333333333334,surface_hydrophobic_gain,candidate
284,53,54,66,Q,G,Q54G,-3.007119655609131,1.4794009596523097,0.4194506666717098,0.8690262428252873,surface,1.0,0.0,0.0,0.0,0.45,0.45,0.0,-0.02,10.0,1.0,4,0.8477198095250704,0.8333333333333334,new_glycine,candidate
285,19,20,32,F,G,F20G,-3.0825185775756836,1.5032502141313555,0.4161907661870996,0.5217878568730145,surface,1.0,0.0,0.0,0.0,0.95,0.9,-0.05,-0.031,10.0,1.0,4,0.8469048344039178,0.8333333333333334,new_glycine,candidate
286,204,205,217,L,W,L205W,-2.725348472595215,0.5405294479977556,0.5477828834510038,0.4506075432984762,surface,1.0,0.0,0.0,0.0,0.85,0.72,-0.13,-0.051,10.0,1.0,4,0.8464695303865606,0.8333333333333334,surface_hydrophobic_gain,candidate
287,8,9,21,L,A,L9A,-3.3368983268737793,1.5790432282348092,0.40583079105148234,0.5221373879708826,surface,1.0,0.0,0.0,0.0,0.64,0.64,0.0,-0.027,10.0,1.0,4,0.8443148406200135,0.8333333333333334,surface_hydrophobic_gain,candidate
288,10,11,23,P,V,P11V,-2.354422092437744,0.6206419770379057,0.5368324836189756,0.4987104068094521,surface,1.0,0.0,0.0,0.0,0.72,0.8,0.08,0.046,10.0,1.0,4,0.8437319304285535,0.8333333333333334,surface_hydrophobic_gain,candidate
289,189,190,202,V,A,V190A,-2.814537525177002,1.612082866071546,0.401314677917214,0.4356795357848295,surface,1.0,0.0,0.0,0.0,0.9,0.9,0.0,-0.046,10.0,1.0,4,0.8431858123364464,0.8333333333333334,surface_hydrophobic_gain,candidate
290,28,29,41,P,G,P29G,-3.168656349182129,-3.0198042463269985,1.0,0.4505703006951685,surface,0.0,0.0,0.0,0.0,0.9,0.8,-0.1,-0.027,10.0,1.0,4,0.8428571428571429,1.0,new_glycine,candidate
291,202,203,215,P,V,P203V,-2.58162784576416,0.6590932566107881,0.5315766654539401,0.5981911708895858,surface,1.0,0.0,0.0,0.0,0.85,0.85,0.0,0.046,10.0,1.0,4,0.8424179758872946,0.8333333333333334,surface_hydrophobic_gain,candidate
292,187,188,200,P,A,P188A,-2.848755121231079,1.6430786281610494,0.397077937521609,0.621945563039597,surface,1.0,0.0,0.0,0.0,0.9,0.9,0.0,0.0,10.0,1.0,4,0.8421266272375452,0.8333333333333334,surface_hydrophobic_gain,candidate
293,167,168,180,V,A,V168A,-2.8648533821105957,0.2705894830510829,0.5846803648091106,0.6389901237493387,surface,0.8333333333333334,7.8,0.0,7.8,0.95,0.95,0.0,-0.046,10.0,1.0,4,0.842055403073505,0.6666666666666666,surface_hydrophobic_gain,candidate
294,177,178,190,P,G,P178G,-2.5033769607543945,1.6625519512702454,0.39441617316765765,0.4952847667597114,surface,1.0,0.0,0.0,0.0,0.95,0.95,0.0,-0.027,10.0,1.0,4,0.8414611861490573,0.8333333333333334,new_glycine,candidate
295,53,54,66,Q,A,Q54A,-3.2164816856384277,1.3494555735708786,0.4372126066699563,0.8690262428252873,surface,1.0,4.0,4.0,0.0,0.45,0.8,0.35,0.007,10.0,1.0,4,0.8408926888908291,0.6666666666666666,surface_hydrophobic_gain,candidate
296,198,199,211,W,A,W199A,-2.6782546043395996,1.683873230618758,0.3915018158680701,0.7436162597880298,surface,1.0,0.0,0.0,0.0,0.85,0.95,0.1,0.024,10.0,1.0,4,0.8407325968241605,0.8333333333333334,surface_hydrophobic_gain,candidate
297,85,86,98,I,L,I86L,-1.1897644996643066,-8.147088148706871,1.0,0.4536268425733695,surface,0.19999999999999996,0.0,0.0,0.0,0.95,0.95,0.0,0.014,10.0,1.0,4,0.8395238095238096,1.0,surface_hydrophobic_gain,candidate
298,27,28,40,I,L,I28L,-2.0563745498657227,-4.743587257492436,1.0,0.4536268425733696,surface,0.19999999999999996,0.0,0.0,0.0,0.95,0.95,0.0,0.014,10.0,1.0,4,0.8395238095238096,1.0,surface_hydrophobic_gain,candidate
299,23,24,36,R,A,R24A,-2.739512205123902,1.739756285543649,0.38386328788006896,0.5162095356512788,surface,1.0,0.0,0.0,0.0,0.95,0.95,0.0,0.027,10.0,1.0,4,0.8388229648271601,0.8333333333333334,surface_hydrophobic_gain,candidate
300,170,171,183,S,A,S171A,-2.980739116668701,1.7435802669278928,0.38334059654065666,0.5675837211449435,surface,1.0,0.0,0.0,0.0,0.95,0.95,0.0,0.007,10.0,1.0,4,0.8386922919923071,0.8333333333333334,surface_hydrophobic_gain,candidate
301,224,225,237,Y,F,Y225F,-2.2732653617858887,0.780438927388218,0.5149902010292238,0.761684896458507,surface,1.0,0.0,0.0,0.0,0.64,0.64,0.0,-0.014,10.0,1.0,4,0.8382713597811156,0.8333333333333334,surface_hydrophobic_gain,candidate
302,204,205,217,L,Y,L205Y,-3.511209011077881,0.8057552441749181,0.5115297711263092,0.4506075432984762,surface,1.0,0.0,0.0,0.0,0.85,0.72,-0.13,-0.013,10.0,1.0,4,0.8374062523053869,0.8333333333333334,surface_hydrophobic_gain,candidate
303,6,7,19,G,Y,G7Y,-3.108241081237793,0.8224722465869263,0.5092447619948071,0.5651321609982538,surface,1.0,0.0,0.0,0.0,0.64,0.64,0.0,0.041,10.0,1.0,4,0.8368350000225113,0.8333333333333334,surface_hydrophobic_gain,candidate
304,199,200,212,Y,L,Y200L,-2.071489095687866,0.8559387711615614,0.5046702986808729,0.5525357665348288,surface,1.0,0.0,0.0,0.0,0.85,0.85,0.0,0.013,10.0,1.0,4,0.8356913841940278,0.8333333333333334,surface_hydrophobic_gain,candidate
305,217,218,230,I,V,I218V,-2.5951435565948486,0.8666382557027532,0.5032078104143505,0.4658870275077849,surface,1.0,0.0,0.0,0.0,0.95,0.95,0.0,0.033,10.0,1.0,4,0.8353257621273972,0.8333333333333334,surface_hydrophobic_gain,candidate
306,57,58,70,S,C,S58C,-2.8600544929504395,0.3503799532612106,0.5737739864678584,0.5705047942625909,surface,1.0,0.0,0.0,0.0,0.45,0.45,0.0,0.057,9.3,0.33333333333333337,10,0.8317530204264885,0.6666666666666666,new_cysteine,candidate
307,62,63,75,T,G,T63G,-2.914047956466675,1.9497976381277908,0.355153211945459,0.4902687667662648,surface,1.0,0.0,0.0,0.0,0.46,0.46,0.0,-0.005,10.0,1.0,4,0.8316454458435076,0.8333333333333334,new_glycine,candidate
308,63,64,76,S,V,S64V,-2.9674220085144043,0.9961560240823246,0.48550432050957515,0.487629661134251,surface,1.0,0.0,0.0,0.0,0.46,0.46,0.0,0.053,10.0,1.0,4,0.8308998896512034,0.8333333333333334,surface_hydrophobic_gain,candidate
309,20,21,33,L,Y,L21Y,-3.388110637664795,0.9976793190507464,0.48529610477645335,0.5340434927143053,surface,1.0,0.0,0.0,0.0,0.95,0.9,-0.05,-0.013,10.0,1.0,4,0.830847835717923,0.8333333333333334,surface_hydrophobic_gain,candidate
310,19,20,32,F,I,F20I,-2.573639154434204,1.010750419024646,0.48350944577724897,0.5217878568730145,surface,1.0,0.0,0.0,0.0,0.95,0.9,-0.05,0.009,10.0,1.0,4,0.8304011709681218,0.8333333333333334,surface_hydrophobic_gain,candidate
311,219,220,232,F,W,F220W,-3.339272975921631,1.028070242400986,0.48114203841583636,0.542865325584724,surface,1.0,0.0,0.0,0.0,0.95,0.95,0.0,-0.028,10.0,1.0,4,0.8298093191277687,0.8333333333333334,surface_hydrophobic_gain,candidate
312,208,209,221,V,W,V209W,-3.5394508838653564,1.0280794156822708,0.4811407845408302,0.3817215625413528,surface,1.0,0.0,0.0,0.0,0.8,0.8,0.0,-0.07,10.0,1.0,4,0.8298090056590172,0.8333333333333334,surface_hydrophobic_gain,candidate
313,194,195,207,I,W,I195W,-2.735748291015625,1.0307630682366948,0.4807739621619429,0.483586090736935,surface,1.0,0.0,0.0,0.0,0.9,0.9,0.0,-0.037,10.0,1.0,4,0.8297173000642953,0.8333333333333334,surface_hydrophobic_gain,candidate
314,186,187,199,S,L,S187L,-1.6517610549926758,1.0345173064168875,0.4802608038628562,0.3541977489702976,surface,1.0,0.0,0.0,0.0,0.9,0.95,0.05,0.034,10.0,1.0,4,0.8295890104895236,0.8333333333333334,surface_hydrophobic_gain,candidate
315,13,14,26,V,G,V14G,-2.484318256378174,2.014207924582365,0.34634911602658514,0.5798626056289895,surface,1.0,0.0,0.0,0.0,0.85,0.8,-0.05,-0.073,10.0,1.0,4,0.8294444218637892,0.8333333333333334,new_glycine,candidate
316,59,60,72,H,I,H60I,-3.538534879684448,1.0420258789833952,0.4792344741144863,0.4087581179457117,surface,1.0,0.0,0.0,0.0,0.45,0.45,0.0,0.007,10.0,1.0,4,0.8293324280524311,0.8333333333333334,surface_hydrophobic_gain,candidate
317,173,174,186,S,L,S174L,-1.8702199459075928,1.0457954729644143,0.4787192168658245,0.4264098707288803,surface,1.0,0.0,0.0,0.0,0.9,0.9,0.0,0.034,10.0,1.0,4,0.8292036137402657,0.8333333333333334,surface_hydrophobic_gain,candidate
318,194,195,207,I,V,I195V,-2.402200937271118,1.0529731757447962,0.47773811295782964,0.483586090736935,surface,1.0,0.0,0.0,0.0,0.9,0.9,0.0,0.033,10.0,1.0,4,0.828958337763267,0.8333333333333334,surface_hydrophobic_gain,candidate
319,19,20,32,F,W,F20W,-3.0082921981811523,1.0536660646229166,0.47764340354913304,0.5217878568730145,surface,1.0,0.0,0.0,0.0,0.95,0.95,0.0,-0.028,10.0,1.0,4,0.8289346604110929,0.8333333333333334,surface_hydrophobic_gain,candidate
320,19,20,32,F,A,F20A,-3.1134748458862305,2.0379350015280124,0.3431059157118139,0.5217878568730145,surface,1.0,0.0,0.0,0.0,0.95,0.9,-0.05,-0.004,10.0,1.0,4,0.8286336217850964,0.8333333333333334,surface_hydrophobic_gain,candidate
321,204,205,217,L,V,L205V,-2.3488616943359375,1.0642091323699103,0.476202295539325,0.4506075432984762,surface,1.0,0.0,0.0,0.0,0.85,0.85,0.0,0.019,10.0,1.0,4,0.8285743834086409,0.8333333333333334,surface_hydrophobic_gain,candidate
322,205,206,218,Y,F,Y206F,-2.396195411682129,1.1386715625426405,0.46602419490231706,0.5365280738263327,surface,1.0,0.0,0.0,0.0,0.72,0.72,0.0,-0.01,10.0,1.0,4,0.8260298582493889,0.8333333333333334,surface_hydrophobic_gain,candidate
323,62,63,75,T,L,T63L,-2.6945648193359375,0.9018355335554702,0.49839677436163676,0.4902687667662648,surface,1.0,4.0,4.0,0.0,0.46,0.9,0.44,0.049,10.0,1.0,4,0.8228553974804159,0.6666666666666666,surface_hydrophobic_gain,candidate
324,170,171,183,S,F,S171F,-2.716750383377075,1.2477780688589064,0.45111067409909733,0.5675837211449435,surface,1.0,0.0,0.0,0.0,0.95,0.95,0.0,0.011,10.0,1.0,4,0.8223014780485839,0.8333333333333334,surface_hydrophobic_gain,candidate
325,206,207,219,S,I,S207I,-2.8240818977355957,1.257262059068978,0.44981432899493423,0.4910282563352441,surface,1.0,0.0,0.0,0.0,0.8,0.8,0.0,0.02,10.0,1.0,4,0.8219773917725431,0.8333333333333334,surface_hydrophobic_gain,candidate
326,63,64,76,S,I,S64I,-2.893488645553589,1.2875707534046796,0.4456715023317499,0.487629661134251,surface,1.0,0.0,0.0,0.0,0.46,0.46,0.0,0.02,10.0,1.0,4,0.820941685106747,0.8333333333333334,surface_hydrophobic_gain,candidate
327,189,190,202,V,I,V190I,-2.9180660247802734,1.29562442530073,0.4445706641927677,0.4356795357848295,surface,1.0,0.0,0.0,0.0,0.9,0.9,0.0,-0.033,10.0,1.0,4,0.8206664755720016,0.8333333333333334,surface_hydrophobic_gain,candidate
328,23,24,36,R,G,R24G,-3.0738372802734375,2.284804498500989,0.3093618842778427,0.5162095356512788,surface,1.0,0.0,0.0,0.0,0.95,0.85,-0.1,0.0,10.0,1.0,4,0.8201976139266036,0.8333333333333334,new_glycine,candidate
329,181,182,194,W,A,W182A,-2.701834201812744,2.3125506734475607,0.30556932257601344,0.5190249253423714,surface,1.0,0.0,0.0,0.0,0.95,0.95,0.0,0.024,10.0,1.0,4,0.8192494735011463,0.8333333333333334,surface_hydrophobic_gain,candidate
330,200,201,213,W,I,W201I,-2.5927627086639404,1.353050386498353,0.43672123984695344,0.4182914875367572,surface,1.0,0.0,0.0,0.0,0.85,0.9,0.05,0.037,10.0,1.0,4,0.818704119485548,0.8333333333333334,surface_hydrophobic_gain,candidate
331,53,54,66,Q,L,Q54L,-2.9326868057250977,1.0291272640340594,0.4809975565270239,0.8690262428252873,surface,1.0,4.0,4.0,0.0,0.45,0.8,0.35,0.034,10.0,1.0,4,0.8185055930217627,0.6666666666666666,surface_hydrophobic_gain,candidate
332,203,204,216,S,G,S204G,-3.3742337226867676,2.3410919296449606,0.30166808302192016,0.3537967601376614,surface,1.0,0.0,0.0,0.0,0.85,0.85,0.0,-0.02,10.0,1.0,4,0.818274163612623,0.8333333333333334,new_glycine,candidate
333,178,179,191,F,Y,F179Y,-3.5074567794799805,1.3793170112437565,0.43313091450525987,0.4679559337154675,surface,1.0,0.0,0.0,0.0,0.95,0.95,0.0,0.01,10.0,1.0,4,0.8178065381501246,0.8333333333333334,surface_hydrophobic_gain,candidate
334,217,218,230,I,Y,I218Y,-3.2862672805786133,1.4450536444863928,0.42414552325319377,0.4658870275077849,surface,1.0,0.0,0.0,0.0,0.95,0.95,0.0,0.001,10.0,1.0,4,0.815560190337108,0.8333333333333334,surface_hydrophobic_gain,candidate
335,197,198,210,M,V,M198V,-2.22704815864563,1.4626012441344756,0.4217469816699845,0.5635070254754507,surface,1.0,0.0,0.0,0.0,0.85,0.85,0.0,0.08,10.0,1.0,4,0.8149605549413057,0.8333333333333334,surface_hydrophobic_gain,candidate
336,179,180,192,V,L,V180L,-1.5202497243881226,1.5069512865530896,0.4156848749949119,0.4372446989110041,surface,1.0,0.0,0.0,0.0,0.95,0.95,0.0,-0.019,10.0,1.0,4,0.8134450282725376,0.8333333333333334,surface_hydrophobic_gain,candidate
337,23,24,36,R,C,R24C,-3.44584584236145,0.8937468184168438,0.4995024024819392,0.5162095356512788,surface,1.0,0.0,0.0,0.0,0.95,0.95,0.0,0.077,9.3,0.33333333333333337,10,0.8131851244300087,0.6666666666666666,new_cysteine,candidate
338,15,16,28,Q,G,Q16G,-2.6984705924987793,2.5121617040595083,0.27828494368705636,0.5796270280678725,surface,1.0,0.0,0.0,0.0,0.9,0.9,0.0,-0.02,10.0,1.0,4,0.8124283787789071,0.8333333333333334,new_glycine,candidate
339,217,218,230,I,L,I218L,-1.3890907764434814,1.5371559571025273,0.41155626710705884,0.4658870275077849,surface,1.0,0.0,0.0,0.0,0.95,0.95,0.0,0.014,10.0,1.0,4,0.8124128763005743,0.8333333333333334,surface_hydrophobic_gain,candidate
340,60,61,73,S,L,S61L,-2.614365339279175,1.2182358098590385,0.45514873845514536,0.351370234508708,surface,1.0,4.0,4.0,0.0,0.45,0.8,0.35,0.034,10.0,1.0,4,0.8120433885037931,0.6666666666666666,surface_hydrophobic_gain,candidate
341,198,199,211,W,F,W199F,-2.653848171234131,1.5570986731815992,0.4088303424930324,0.7436162597880298,surface,1.0,0.0,0.0,0.0,0.85,0.85,0.0,0.028,10.0,1.0,4,0.8117313951470677,0.8333333333333334,surface_hydrophobic_gain,candidate
342,225,226,238,I,V,I226V,-2.80012845993042,1.5664135113764814,0.40755711839404674,0.9347759504526854,surface,1.0,0.0,0.0,0.0,0.64,0.64,0.0,0.058,10.0,1.0,4,0.8114130891223212,0.8333333333333334,surface_hydrophobic_gain,candidate
343,212,213,225,I,A,I213A,-3.6019418239593506,2.5930164728006844,0.26723308879431773,0.352089292235681,surface,1.0,0.0,0.0,0.0,0.8,0.8,0.0,-0.013,10.0,1.0,4,0.8096654150557223,0.8333333333333334,surface_hydrophobic_gain,candidate
344,28,29,41,P,F,P29F,-2.254882574081421,-5.046755405254316,1.0,0.4505703006951685,surface,0.0,0.0,0.0,0.0,0.9,0.9,0.0,0.004,10.0,1.0,4,0.8095238095238095,1.0,surface_hydrophobic_gain,candidate
345,28,29,41,P,I,P29I,-2.540132522583008,-4.476171226648603,1.0,0.4505703006951685,surface,0.0,0.0,0.0,0.0,0.9,0.95,0.05,0.013,10.0,1.0,4,0.8095238095238095,1.0,surface_hydrophobic_gain,candidate
346,28,29,41,P,V,P29V,-3.004061460494995,-6.149427705262042,1.0,0.4505703006951685,surface,0.0,0.0,0.0,0.0,0.9,0.95,0.05,0.046,10.0,1.0,4,0.8095238095238095,1.0,surface_hydrophobic_gain,candidate
347,28,29,41,P,Y,P29Y,-3.283247947692871,-6.323895941042508,1.0,0.4505703006951685,surface,0.0,0.0,0.0,0.0,0.9,0.9,0.0,0.014,10.0,1.0,4,0.8095238095238095,1.0,surface_hydrophobic_gain,candidate
348,222,223,235,W,L,W223L,-1.5266371965408323,1.6334938966722916,0.3983880527225899,0.6152045749925127,surface,1.0,0.0,0.0,0.0,0.95,0.95,0.0,0.051,10.0,1.0,4,0.8091208227044571,0.8333333333333334,surface_hydrophobic_gain,candidate
349,16,17,29,A,W,A17W,-3.5473828315734863,1.638474932436452,0.39770720624515754,0.3527402636607528,surface,1.0,0.0,0.0,0.0,0.9,0.85,-0.05,-0.024,10.0,1.0,4,0.808950611085099,0.8333333333333334,surface_hydrophobic_gain,candidate
350,13,14,26,V,C,V14C,-3.441258430480957,1.020052695603681,0.48223793869703313,0.5798626056289895,surface,1.0,0.0,0.0,0.0,0.85,0.8,-0.05,0.004,9.3,0.33333333333333337,10,0.8088690084837822,0.6666666666666666,new_cysteine,candidate
351,113,114,126,T,L,T114L,-3.2688164710998535,-1.1639395866870927,0.7807628886354105,0.6960474691940525,surface,0.6,13.0,0.0,13.0,0.8,0.85,0.05,0.049,10.0,1.0,4,0.808094813372803,0.8333333333333334,surface_hydrophobic_gain,candidate
352,206,207,219,S,G,S207G,-3.0284905433654785,2.651317398379433,0.25926406755240117,0.4910282563352441,surface,1.0,0.0,0.0,0.0,0.8,0.8,0.0,-0.02,10.0,1.0,4,0.8076731597452432,0.8333333333333334,new_glycine,candidate
353,211,212,224,F,W,F212W,-2.6507091522216797,1.6925562923921689,0.3903149478547361,0.4819165431494899,surface,1.0,0.0,0.0,0.0,0.8,0.8,0.0,-0.028,10.0,1.0,4,0.8071025464874936,0.8333333333333334,surface_hydrophobic_gain,candidate
354,16,17,29,A,L,A17L,-1.5467277765274048,1.6981253472069966,0.38955372638738883,0.3527402636607528,surface,1.0,0.0,0.0,0.0,0.9,0.85,-0.05,0.027,10.0,1.0,4,0.8069122411206568,0.8333333333333334,surface_hydrophobic_gain,candidate
355,4,5,17,T,W,T5W,-3.231813430786133,1.7188567983479288,0.38671999136726987,0.6213985518859257,surface,1.0,0.0,0.0,0.0,0.64,0.64,0.0,-0.002,10.0,1.0,4,0.806203807365627,0.8333333333333334,surface_hydrophobic_gain,candidate
356,198,199,211,W,M,W199M,-3.3526864051818848,1.7277320014479756,0.3855068599919359,0.7436162597880298,surface,1.0,0.0,0.0,0.0,0.85,0.95,0.1,-0.01,10.0,1.0,4,0.8059005245217936,0.8333333333333334,surface_hydrophobic_gain,candidate
357,199,200,212,Y,I,Y200I,-2.7189981937408447,1.73790056979891,0.38411694145489617,0.5525357665348288,surface,1.0,0.0,0.0,0.0,0.85,0.85,0.0,-0.001,10.0,1.0,4,0.8055530448875337,0.8333333333333334,surface_hydrophobic_gain,candidate
358,218,219,231,F,Y,F219Y,-3.568634033203125,1.783232277308343,0.37792065320580026,0.542865325584724,surface,1.0,0.0,0.0,0.0,0.95,0.95,0.0,0.01,10.0,1.0,4,0.8040039728252597,0.8333333333333334,surface_hydrophobic_gain,candidate
359,211,212,224,F,L,F212L,-1.4523497819900513,1.80213216153129,0.3753372709121693,0.4819165431494899,surface,1.0,0.0,0.0,0.0,0.8,0.9,0.1,0.023,10.0,1.0,4,0.803358127251852,0.8333333333333334,surface_hydrophobic_gain,candidate
360,3,4,16,I,L,I4L,-2.0243334770202637,1.8085097907887755,0.3744655272387808,0.8035516572065813,surface,1.0,0.0,0.0,0.0,0.64,0.64,0.0,0.014,10.0,1.0,4,0.8031401913335048,0.8333333333333334,surface_hydrophobic_gain,candidate
361,188,189,201,T,F,T189F,-2.4106009006500244,1.816924020577062,0.37331540525955675,0.5761052608152962,surface,1.0,0.0,0.0,0.0,0.9,0.95,0.05,0.026,10.0,1.0,4,0.8028526608386988,0.8333333333333334,surface_hydrophobic_gain,candidate
362,219,220,232,F,A,F220A,-3.3042736053466797,2.792932692238878,0.2399069943371256,0.542865325584724,surface,1.0,0.0,0.0,0.0,0.95,0.95,0.0,-0.004,10.0,1.0,4,0.8028338914414244,0.8333333333333334,surface_hydrophobic_gain,candidate
363,172,173,185,L,S,L173S,-2.516202449798584,2.5029027840997173,0.2795505244493569,0.1081458103916343,buried,1.0,0.0,0.0,0.0,0.95,0.9,-0.05,-0.034,10.0,1.0,10,0.8020304882551965,0.6666666666666666,buried_hydrophobic_loss,candidate
364,170,171,183,S,L,S171L,-2.1308116912841797,1.864488382633624,0.3668139405259485,0.5675837211449435,surface,1.0,0.0,0.0,0.0,0.95,0.95,0.0,0.034,10.0,1.0,4,0.8012272946552967,0.8333333333333334,surface_hydrophobic_gain,candidate
365,197,198,210,M,L,M198L,-1.8516727685928345,1.8742891882152437,0.36547429064745174,0.5635070254754507,surface,1.0,0.0,0.0,0.0,0.85,0.85,0.0,0.061,10.0,1.0,4,0.8008923821856725,0.8333333333333334,surface_hydrophobic_gain,candidate
366,15,16,28,Q,V,Q16V,-2.1827054023742676,1.876206898947089,0.3652121631184936,0.5796270280678725,surface,1.0,0.0,0.0,0.0,0.9,0.9,0.0,0.053,10.0,1.0,4,0.800826850303433,0.8333333333333334,surface_hydrophobic_gain,candidate
367,179,180,192,V,W,V180W,-2.816141128540039,1.8897136960325156,0.3633659496696413,0.4372446989110041,surface,1.0,0.0,0.0,0.0,0.95,0.95,0.0,-0.07,10.0,1.0,4,0.8003652969412199,0.8333333333333334,surface_hydrophobic_gain,candidate
368,24,25,37,I,F,I25F,-2.40708589553833,1.891101097625892,0.3631763088936344,0.5353008520794389,surface,1.0,0.0,0.0,0.0,0.95,0.95,0.0,-0.009,10.0,1.0,4,0.8003178867472182,0.8333333333333334,surface_hydrophobic_gain,candidate
369,207,208,220,I,F,I208F,-2.445828914642334,1.8920317043352952,0.3630491063739232,0.501285153966085,surface,1.0,0.0,0.0,0.0,0.8,0.85,0.05,-0.009,10.0,1.0,4,0.8002860861172904,0.8333333333333334,surface_hydrophobic_gain,candidate
370,177,178,190,P,F,P178F,-2.5910167694091797,1.9139732944981915,0.36004996019650326,0.4952847667597114,surface,1.0,0.0,0.0,0.0,0.95,0.95,0.0,0.004,10.0,1.0,4,0.7995362995729354,0.8333333333333334,surface_hydrophobic_gain,candidate
371,217,218,230,I,F,I218F,-1.9218218326568604,1.9376975405764936,0.3568071468265668,0.4658870275077849,surface,1.0,0.0,0.0,0.0,0.95,0.95,0.0,-0.009,10.0,1.0,4,0.7987255962304513,0.8333333333333334,surface_hydrophobic_gain,candidate
372,3,4,16,I,G,I4G,-2.6274476051330566,2.9183245583947155,0.22276746464630248,0.8035516572065813,surface,1.0,0.0,0.0,0.0,0.64,0.64,0.0,-0.04,10.0,1.0,4,0.7985490090187185,0.8333333333333334,new_glycine,candidate
373,206,207,219,S,V,S207V,-2.995579957962036,1.9801861946644976,0.35099946909921387,0.4910282563352441,surface,1.0,0.0,0.0,0.0,0.8,0.8,0.0,0.053,10.0,1.0,4,0.797273676798613,0.8333333333333334,surface_hydrophobic_gain,candidate
374,197,198,210,M,G,M198G,-2.461118221282959,2.992739248257294,0.21259588952397412,0.5635070254754507,surface,1.0,0.0,0.0,0.0,0.85,0.72,-0.13,0.007,10.0,1.0,4,0.7960061152381365,0.8333333333333334,new_glycine,candidate
375,62,63,75,T,V,T63V,-3.227440357208252,1.689273796806276,0.3907636247289161,0.4902687667662648,surface,1.0,4.0,4.0,0.0,0.46,0.9,0.44,0.068,10.0,1.0,4,0.7959471100722358,0.6666666666666666,surface_hydrophobic_gain,candidate
376,84,85,97,F,A,F85A,-3.0634827613830566,-1.383972532814198,0.810838692822086,0.5082102075834648,surface,0.0,0.0,0.0,0.0,0.95,0.95,0.0,-0.004,10.0,1.0,4,0.7955668160626644,1.0,surface_hydrophobic_gain,candidate
377,194,195,207,I,F,I195F,-2.549851894378662,2.0825834648347836,0.3370030185626083,0.483586090736935,surface,1.0,0.0,0.0,0.0,0.9,0.9,0.0,-0.009,10.0,1.0,4,0.7937745641644617,0.8333333333333334,surface_hydrophobic_gain,candidate
378,210,211,223,P,Y,P211Y,-3.1313509941101074,2.0954816656197863,0.3352399927612537,0.4825511606722705,surface,1.0,0.0,0.0,0.0,0.8,0.9,0.1,0.014,10.0,1.0,4,0.793333807714123,0.8333333333333334,surface_hydrophobic_gain,candidate
379,191,192,204,L,A,L192A,-2.536738395690918,3.0726877817485843,0.20166790587144,0.5907372051546693,surface,1.0,0.0,0.0,0.0,0.9,0.9,0.0,-0.027,10.0,1.0,4,0.7932741193250029,0.8333333333333334,surface_hydrophobic_gain,candidate
380,16,17,29,A,V,A17V,-2.16088342666626,2.1122007365247555,0.33295470089214185,0.3527402636607528,surface,1.0,0.0,0.0,0.0,0.9,0.9,0.0,0.046,10.0,1.0,4,0.7927624847468451,0.8333333333333334,surface_hydrophobic_gain,candidate
381,56,57,69,T,C,T57C,-2.638510227203369,1.4935159396944755,0.4175213220743703,0.3756602521103613,surface,1.0,0.0,0.0,0.0,0.45,0.45,0.0,0.072,9.3,0.33333333333333337,10,0.7926898543281164,0.6666666666666666,new_cysteine,candidate
382,180,181,193,Q,V,Q181V,-2.554079532623291,2.118467061243507,0.3320981711836207,0.6074957195067492,surface,1.0,0.0,0.0,0.0,0.95,0.95,0.0,0.053,10.0,1.0,4,0.7925483523197148,0.8333333333333334,surface_hydrophobic_gain,candidate
383,184,185,197,G,C,G185C,-3.0827670097351074,1.5240535483437725,0.4133472056330305,0.6289681154143315,surface,1.0,0.0,0.0,0.0,0.72,0.72,0.0,0.077,9.3,0.33333333333333337,10,0.7916463252177816,0.6666666666666666,new_cysteine,candidate
384,67,68,80,I,C,I68C,-2.3522024154663086,1.5290205512106354,0.4126682772804914,0.7537288682113967,surface,1.0,0.0,0.0,0.0,0.8,0.72,-0.08,0.037,9.3,0.33333333333333337,10,0.7914765931296467,0.6666666666666666,new_cysteine,candidate
385,4,5,17,T,V,T5V,-2.6466712951660156,2.164143914337785,0.3258547057676121,0.6213985518859257,surface,1.0,0.0,0.0,0.0,0.64,0.8,0.16,0.068,10.0,1.0,4,0.7909874859657127,0.8333333333333334,surface_hydrophobic_gain,candidate
386,34,35,47,W,F,W35F,-2.3878133296966553,-1.3216970072088543,0.8023263925202637,0.4992718253273959,surface,0.19999999999999996,0.0,0.0,0.0,0.9,0.9,0.0,0.028,10.0,1.0,4,0.7901054076538755,1.0,surface_hydrophobic_gain,candidate
387,186,187,199,S,G,S187G,-2.750039577484131,3.211645011993369,0.18267415734093262,0.3541977489702976,surface,1.0,0.0,0.0,0.0,0.9,0.9,0.0,-0.02,10.0,1.0,4,0.7885256821923761,0.8333333333333334,new_glycine,candidate
388,15,16,28,Q,C,Q16C,-3.65283203125,1.6340951074531065,0.3983058745850112,0.5796270280678725,surface,1.0,0.0,0.0,0.0,0.9,0.9,0.0,0.057,9.3,0.33333333333333337,10,0.7878859924557767,0.6666666666666666,new_cysteine,candidate
389,207,208,220,I,Y,I208Y,-3.397643804550171,2.2707293579449015,0.3112857833062196,0.501285153966085,surface,1.0,0.0,0.0,0.0,0.8,0.85,0.05,0.001,10.0,1.0,4,0.7873452553503645,0.8333333333333334,surface_hydrophobic_gain,candidate
390,196,197,209,M,F,M197F,-2.870370388031006,2.2810221437460427,0.3098788857677405,0.4325299885567376,surface,1.0,0.0,0.0,0.0,0.9,0.85,-0.05,0.038,10.0,1.0,4,0.7869935309657448,0.8333333333333334,surface_hydrophobic_gain,candidate
391,173,174,186,S,I,S174I,-3.0762882232666016,2.310093658944026,0.30590516631393005,0.4264098707288803,surface,1.0,0.0,0.0,0.0,0.9,0.9,0.0,0.02,10.0,1.0,4,0.7860001011022921,0.8333333333333334,surface_hydrophobic_gain,candidate
392,199,200,212,Y,V,Y200V,-2.383256196975708,2.327494616193917,0.30352666894742153,0.5525357665348288,surface,1.0,0.0,0.0,0.0,0.85,0.85,0.0,0.032,10.0,1.0,4,0.785405476760665,0.8333333333333334,surface_hydrophobic_gain,candidate
393,0,1,13,G,I,G1I,-5.627803325653076,2.34652419740803,0.30092555866632986,1.0,surface,1.0,0.0,0.0,0.0,0.46,0.46,0.0,0.07,10.0,1.0,4,0.784755199190392,0.8333333333333334,surface_hydrophobic_gain,candidate
394,212,213,225,I,V,I213V,-2.873223781585694,2.369147983321909,0.2978331646995007,0.352089292235681,surface,1.0,0.0,0.0,0.0,0.8,0.8,0.0,0.033,10.0,1.0,4,0.7839821006986848,0.8333333333333334,surface_hydrophobic_gain,candidate
395,158,159,171,A,L,A159L,-1.4428694248199463,0.1231375001774495,0.604835241803225,0.3879034039828721,surface,0.6333333333333333,7.8,0.0,7.8,0.95,0.95,0.0,0.027,10.0,1.0,4,0.7837607889887003,0.6666666666666666,surface_hydrophobic_gain,candidate
396,225,226,238,I,C,I226C,-3.064183473587036,1.7671816374096352,0.38011457875722876,0.9347759504526854,surface,1.0,0.0,0.0,0.0,0.64,0.64,0.0,0.065,9.3,0.33333333333333337,10,0.7833381684988311,0.6666666666666666,new_cysteine,candidate
397,23,24,36,R,V,R24V,-2.52583646774292,2.391527952727131,0.2947740974580595,0.5162095356512788,surface,1.0,0.0,0.0,0.0,0.95,0.95,0.0,0.073,10.0,1.0,4,0.7832173338883245,0.8333333333333334,surface_hydrophobic_gain,candidate
398,178,179,191,F,G,F179G,-2.683452606201172,3.374353427428048,0.16043391319444555,0.4679559337154675,surface,1.0,0.0,0.0,0.0,0.95,0.85,-0.1,-0.031,10.0,1.0,4,0.7829656211557543,0.8333333333333334,new_glycine,candidate
399,20,21,33,L,F,L21F,-2.2293457984924316,2.4414234308127334,0.28795399776336983,0.5340434927143053,surface,1.0,0.0,0.0,0.0,0.95,0.9,-0.05,-0.023,10.0,1.0,4,0.7815123089646521,0.8333333333333334,surface_hydrophobic_gain,candidate
400,188,189,201,T,I,T189I,-2.8692917823791504,2.517887816732241,0.2775022543374511,0.5761052608152962,surface,1.0,0.0,0.0,0.0,0.9,0.9,0.0,0.035,10.0,1.0,4,0.7788993731081724,0.8333333333333334,surface_hydrophobic_gain,candidate
401,214,215,227,L,I,L215I,-2.404603958129883,2.5449328464150653,0.2738055305909374,0.4786156701853817,surface,1.0,0.0,0.0,0.0,0.8,0.8,0.0,-0.014,10.0,1.0,4,0.777975192171544,0.8333333333333334,surface_hydrophobic_gain,candidate
402,58,59,71,N,G,N59G,-2.791194200515747,3.533361875506728,0.13869940919121793,0.7188371915136466,surface,1.0,0.0,0.0,0.0,0.45,0.35,-0.1,0.014,10.0,1.0,4,0.7775319951549474,0.8333333333333334,new_glycine,candidate
403,206,207,219,S,W,S207W,-2.614955425262451,2.5713273566665293,0.27019772486957205,0.4910282563352441,surface,1.0,0.0,0.0,0.0,0.8,0.85,0.05,-0.017,10.0,1.0,4,0.7770732407412027,0.8333333333333334,surface_hydrophobic_gain,candidate
404,92,93,105,F,A,F93A,-2.9476587772369385,-0.8378810701146904,0.7361946897795691,0.5781800209636044,surface,0.0,0.0,0.0,0.0,0.95,0.95,0.0,-0.004,10.0,1.0,4,0.7769058153020352,1.0,surface_hydrophobic_gain,candidate
405,41,42,54,L,S,L42S,-2.1359703540802,2.294733380808509,0.3080047278822682,0.8257937933050429,surface,1.0,18.0,18.0,0.0,0.85,0.54,-0.31,-0.034,10.0,1.0,0,0.7762969566184543,0.5,predicted_tcell_epitope_loss,candidate
406,173,174,186,S,F,S174F,-2.5739593505859375,2.6073421352207333,0.26527494650075,0.4264098707288803,surface,1.0,0.0,0.0,0.0,0.9,0.9,0.0,0.011,10.0,1.0,4,0.7758425461489971,0.8333333333333334,surface_hydrophobic_gain,candidate
407,208,209,221,V,A,V209A,-3.4478702545166016,3.5909269101741756,0.13083097520834874,0.3817215625413528,surface,1.0,0.0,0.0,0.0,0.8,0.8,0.0,-0.046,10.0,1.0,4,0.7755648866592301,0.8333333333333334,surface_hydrophobic_gain,candidate
408,57,58,70,S,G,S58G,-2.737436532974243,3.594080059316014,0.13039997840614026,0.5705047942625909,surface,1.0,0.0,0.0,0.0,0.45,0.35,-0.1,-0.02,10.0,1.0,4,0.775457137458678,0.8333333333333334,new_glycine,candidate
409,173,174,186,S,Y,S174Y,-3.3359529972076416,2.6312989864488827,0.26200033886062446,0.4264098707288803,surface,1.0,0.0,0.0,0.0,0.9,0.9,0.0,0.021,10.0,1.0,4,0.7750238942389657,0.8333333333333334,surface_hydrophobic_gain,candidate
410,4,5,17,T,G,T5G,-2.947417736053467,3.60976701702009,0.12825576374875924,0.6213985518859257,surface,1.0,0.0,0.0,0.0,0.64,0.64,0.0,-0.005,10.0,1.0,4,0.7749210837943327,0.8333333333333334,new_glycine,candidate
411,4,5,17,T,C,T5C,-3.3975226879119873,2.017106279139398,0.3459529465180856,0.6213985518859257,surface,1.0,0.0,0.0,0.0,0.64,0.64,0.0,0.072,9.3,0.33333333333333337,10,0.7747977604390452,0.6666666666666666,new_cysteine,candidate
412,55,56,68,P,A,P56A,-3.199763298034668,3.2862239162694777,0.17248013612299484,0.8108818936318166,surface,1.0,4.0,4.0,0.0,0.45,0.9,0.45,0.0,10.0,1.0,4,0.7747095712540888,0.6666666666666666,surface_hydrophobic_gain,candidate
413,216,217,229,P,G,P217G,-3.0984621047973633,2.8441040039637073,0.23291250383695172,0.2489269983985085,partial,1.0,10.0,10.0,0.0,0.95,0.8,-0.15,-0.027,10.0,1.0,4,0.7729162547318738,0.6666666666666666,new_glycine,candidate
414,202,203,215,P,W,P203W,-2.800281286239624,2.7005567756871756,0.25253364878444984,0.5981911708895858,surface,1.0,0.0,0.0,0.0,0.85,0.85,0.0,-0.024,10.0,1.0,4,0.772657221719922,0.8333333333333334,surface_hydrophobic_gain,candidate
415,171,172,184,W,G,W172G,-3.0122036933898926,3.6786063446751314,0.11884627223697708,0.5259049471149402,surface,1.0,0.0,0.0,0.0,0.95,0.95,0.0,-0.003,10.0,1.0,4,0.7725687109163871,0.8333333333333334,new_glycine,candidate
416,170,171,183,S,V,S171V,-2.9030003547668457,2.7135365094642907,0.25075947842338864,0.5675837211449435,surface,1.0,0.0,0.0,0.0,0.95,0.95,0.0,0.053,10.0,1.0,4,0.7722136791296568,0.8333333333333334,surface_hydrophobic_gain,candidate
417,202,203,215,P,A,P203A,-3.075972080230713,3.6900018254268616,0.11728864982753984,0.5981911708895858,surface,1.0,0.0,0.0,0.0,0.85,0.85,0.0,0.0,10.0,1.0,4,0.7721793053140279,0.8333333333333334,surface_hydrophobic_gain,candidate
418,189,190,202,V,F,V190F,-2.663171768188477,2.7237025215872563,0.24936990929135028,0.4356795357848295,surface,1.0,0.0,0.0,0.0,0.9,0.9,0.0,-0.042,10.0,1.0,4,0.7718662868466472,0.8333333333333334,surface_hydrophobic_gain,candidate
419,4,5,17,T,I,T5I,-2.4394302368164062,2.725190281854509,0.24916655071590876,0.6213985518859257,surface,1.0,0.0,0.0,0.0,0.64,0.8,0.16,0.035,10.0,1.0,4,0.7718154472027868,0.8333333333333334,surface_hydrophobic_gain,candidate
420,44,45,57,S,G,S45G,-2.764023542404175,3.7028470326650904,0.11553286759385994,0.4538738763899593,surface,1.0,0.0,0.0,0.0,0.85,0.85,0.0,-0.02,10.0,1.0,4,0.7717403597556078,0.8333333333333334,new_glycine,candidate
421,172,173,185,L,T,L173T,-2.927258014678955,3.4054734112495453,0.1561801932121335,0.1081458103916343,buried,1.0,0.0,0.0,0.0,0.95,0.9,-0.05,-0.049,10.0,1.0,10,0.7711879054458906,0.6666666666666666,buried_hydrophobic_loss,candidate
422,1,2,14,E,A,E2A,-2.4098429679870605,3.39762469957401,0.1572530158035954,0.7447099458912851,surface,1.0,4.0,4.0,0.0,0.46,0.8,0.34,0.043,10.0,1.0,4,0.7709027911742389,0.6666666666666666,surface_hydrophobic_gain,candidate
423,27,28,40,I,A,I28A,-3.0824480056762695,0.2413769514784576,0.5886733594712272,0.4536268425733696,surface,0.19999999999999996,0.0,0.0,0.0,0.95,0.95,0.0,-0.013,10.0,1.0,4,0.7700254827249498,0.8333333333333334,surface_hydrophobic_gain,candidate
424,207,208,220,I,G,I208G,-3.4185574054718018,3.771736833685793,0.10611647699224147,0.501285153966085,surface,1.0,0.0,0.0,0.0,0.8,0.8,0.0,-0.04,10.0,1.0,4,0.7693862621052032,0.8333333333333334,new_glycine,candidate
425,17,18,30,G,C,G18C,-3.488124370574951,2.1869285592441656,0.3227403243500613,0.3508008687826638,surface,1.0,0.0,0.0,0.0,0.9,0.95,0.05,0.077,9.3,0.33333333333333337,10,0.7689946048970392,0.6666666666666666,new_cysteine,candidate
426,221,222,234,L,F,L222F,-2.179373264312744,2.8208104618688026,0.236096445256596,0.5573984363570041,surface,1.0,0.0,0.0,0.0,0.95,0.95,0.0,-0.023,10.0,1.0,4,0.7685479208379586,0.8333333333333334,surface_hydrophobic_gain,candidate
427,192,193,205,S,M,S193M,-3.313789129257202,2.825264977163954,0.2354875676674819,0.3676220378675029,surface,1.0,0.0,0.0,0.0,0.9,0.9,0.0,-0.027,10.0,1.0,4,0.76839570144068,0.8333333333333334,surface_hydrophobic_gain,candidate
428,217,218,230,I,W,I218W,-3.399498224258423,2.842798156816343,0.2330909971207673,0.4658870275077849,surface,1.0,0.0,0.0,0.0,0.95,0.95,0.0,-0.037,10.0,1.0,4,0.7677965588040014,0.8333333333333334,surface_hydrophobic_gain,candidate
429,180,181,193,Q,I,Q181I,-3.0459561347961426,2.8479142143337413,0.23239169482622757,0.6074957195067492,surface,1.0,0.0,0.0,0.0,0.95,0.95,0.0,0.02,10.0,1.0,4,0.7676217332303665,0.8333333333333334,surface_hydrophobic_gain,candidate
430,200,201,213,W,L,W201L,-1.4941375255584717,2.8608876435634443,0.23061838621944808,0.4182914875367572,surface,1.0,0.0,0.0,0.0,0.85,0.9,0.05,0.051,10.0,1.0,4,0.7671784060786716,0.8333333333333334,surface_hydrophobic_gain,candidate
431,196,197,209,M,G,M197G,-2.5396482944488525,3.862117942130339,0.09376248833918499,0.4325299885567376,surface,1.0,0.0,0.0,0.0,0.9,0.8,-0.1,0.007,10.0,1.0,4,0.7662977649419391,0.8333333333333334,new_glycine,candidate
432,195,196,208,W,A,W196A,-2.8390121459960938,3.867773122184417,0.09298949460828898,0.5035091173135009,surface,1.0,0.0,0.0,0.0,0.9,0.9,0.0,0.024,10.0,1.0,4,0.7661045165092152,0.8333333333333334,surface_hydrophobic_gain,candidate
433,34,35,47,W,A,W35A,-3.0876407623291016,-0.4921521330526275,0.688937785776023,0.4992718253273959,surface,0.0,0.0,0.0,0.0,0.9,0.9,0.0,0.024,10.0,1.0,4,0.7650915893011486,1.0,surface_hydrophobic_gain,candidate
434,95,96,108,V,I,V96I,-2.478640556335449,-0.5485745774932411,0.69665004169314,0.4919852537175682,surface,0.19999999999999996,0.0,0.0,0.0,0.95,0.95,0.0,-0.033,10.0,1.0,4,0.7636863199470946,1.0,surface_hydrophobic_gain,candidate
435,189,190,202,V,L,V190L,-2.0204274654388428,3.0093227802087767,0.2103291241668982,0.4356795357848295,surface,1.0,0.0,0.0,0.0,0.9,0.9,0.0,-0.019,10.0,1.0,4,0.7621060905655341,0.8333333333333334,surface_hydrophobic_gain,candidate
436,63,64,76,S,C,S64C,-2.493117570877075,2.4169224202792634,0.2913029853043294,0.487629661134251,surface,1.0,0.0,0.0,0.0,0.46,0.46,0.0,0.057,9.3,0.33333333333333337,10,0.7611352701356062,0.6666666666666666,new_cysteine,candidate
437,183,184,196,V,T,V184T,-2.9563732147216797,2.746398522940354,0.24626764435997972,0.6521911683002438,surface,1.0,18.0,18.0,0.0,0.95,0.64,-0.31,-0.068,10.0,1.0,0,0.7608626857378823,0.5,predicted_tcell_epitope_loss,candidate
438,170,171,183,S,I,S171I,-3.238921642303467,3.065953652332155,0.20258837874271296,0.5675837211449435,surface,1.0,0.0,0.0,0.0,0.95,0.95,0.0,0.02,10.0,1.0,4,0.7601709042094879,0.8333333333333334,surface_hydrophobic_gain,candidate
439,164,165,177,W,V,W165V,-2.7472612857818604,-2.386052340774995,0.9478107082140012,0.5254958566357822,surface,0.0,13.0,0.0,13.0,0.95,0.95,0.0,0.07,10.0,1.0,4,0.7598567682674507,0.8333333333333334,surface_hydrophobic_gain,candidate
440,15,16,28,Q,L,Q16L,-1.1877378225326538,3.096297257082256,0.19844078025419054,0.5796270280678725,surface,1.0,0.0,0.0,0.0,0.9,0.95,0.05,0.034,10.0,1.0,4,0.7591340045873572,0.8333333333333334,surface_hydrophobic_gain,candidate
441,190,191,203,W,F,W191F,-2.378241062164306,3.1014964459714633,0.19773011492104986,0.358169120339531,surface,1.0,0.0,0.0,0.0,0.9,0.9,0.0,0.028,10.0,1.0,4,0.758956338254072,0.8333333333333334,surface_hydrophobic_gain,candidate
442,187,188,200,P,Y,P188Y,-3.3976354598999023,2.2849141768820687,0.30934689258877557,0.621945563039597,surface,1.0,10.0,10.0,0.0,0.9,0.72,-0.18,0.014,10.0,1.0,4,0.7586915185864964,0.6666666666666666,surface_hydrophobic_gain,candidate
443,207,208,220,I,W,I208W,-2.603020668029785,3.1100656930063906,0.19655880398609182,0.501285153966085,surface,1.0,0.0,0.0,0.0,0.8,0.85,0.05,-0.037,10.0,1.0,4,0.7586635105203325,0.8333333333333334,surface_hydrophobic_gain,candidate
444,174,175,187,L,I,L175I,-3.3754663467407227,3.1242928371959806,0.19461412792592336,0.6701084025711792,surface,1.0,0.0,0.0,0.0,0.9,0.9,0.0,-0.014,10.0,1.0,4,0.7581773415052904,0.8333333333333334,surface_hydrophobic_gain,candidate
445,54,55,67,S,A,S55A,-2.978684425354004,4.102716768904315,0.06087558058757092,0.4090705493351112,surface,1.0,0.0,0.0,0.0,0.45,0.45,0.0,0.007,10.0,1.0,4,0.7580760380040357,0.8333333333333334,surface_hydrophobic_gain,candidate
446,50,51,63,Q,A,Q51A,-3.210806369781494,1.1901999406799746,0.45898089780434426,0.7653126909633534,surface,0.33333333333333337,0.0,0.0,0.0,0.46,0.46,0.0,0.007,10.0,1.0,4,0.757602367308229,0.8333333333333334,surface_hydrophobic_gain,candidate
447,164,165,177,W,A,W165A,-2.852600574493408,-1.342433113837444,0.8051607638884279,0.5254958566357822,surface,0.0,13.0,0.0,13.0,0.95,0.95,0.0,0.024,10.0,1.0,4,0.7575276155193907,0.8333333333333334,surface_hydrophobic_gain,candidate
448,6,7,19,G,W,G7W,-3.1256017684936523,3.1718728025409746,0.18811053041422077,0.5651321609982538,surface,1.0,0.0,0.0,0.0,0.64,0.64,0.0,0.003,10.0,1.0,4,0.7565514421273648,0.8333333333333334,surface_hydrophobic_gain,candidate
449,53,54,66,Q,V,Q54V,-3.5135583877563477,2.8447736340821734,0.23282097361534182,0.8690262428252873,surface,1.0,4.0,4.0,0.0,0.45,0.8,0.35,0.053,10.0,1.0,4,0.7564614472938422,0.6666666666666666,surface_hydrophobic_gain,candidate
450,169,170,182,F,Y,F170Y,-3.4276812076568604,-0.3178428607087653,0.6651118468191021,0.462924149481968,surface,0.19999999999999996,0.0,0.0,0.0,0.95,0.95,0.0,0.01,10.0,1.0,4,0.7558017712285852,1.0,surface_hydrophobic_gain,candidate
451,179,180,192,V,Y,V180Y,-3.4366745948791504,3.204634373826252,0.18363242556598303,0.4372446989110041,surface,1.0,0.0,0.0,0.0,0.95,0.95,0.0,-0.032,10.0,1.0,4,0.7554319159153053,0.8333333333333334,surface_hydrophobic_gain,candidate
452,195,196,208,W,V,W196V,-2.6760168075561523,3.2117069067338093,0.18266569708929103,0.5035091173135009,surface,1.0,0.0,0.0,0.0,0.9,0.9,0.0,0.07,10.0,1.0,4,0.7551902337961324,0.8333333333333334,surface_hydrophobic_gain,candidate
453,8,9,21,L,W,L9W,-2.7241010665893555,3.223066998402828,0.1811129119332775,0.5221373879708826,surface,1.0,0.0,0.0,0.0,0.64,0.64,0.0,-0.051,10.0,1.0,4,0.7548020375071289,0.8333333333333334,surface_hydrophobic_gain,candidate
454,20,21,33,L,G,L21G,-3.04951548576355,3.421890118329543,0.15393623076824203,0.5340434927143053,surface,1.0,10.0,10.0,0.0,0.95,0.8,-0.15,-0.054,10.0,1.0,4,0.7531721864646963,0.6666666666666666,new_glycine,candidate
455,164,165,177,W,L,W165L,-2.2841367721557617,-1.7223096070576958,0.8570852198679129,0.5254958566357822,surface,0.09999999999999998,13.0,0.0,13.0,0.95,0.95,0.0,0.051,10.0,1.0,4,0.7521753961809287,0.8333333333333334,surface_hydrophobic_gain,candidate
456,206,207,219,S,Y,S207Y,-3.017611026763916,3.3007064080954933,0.17050055717374624,0.4910282563352441,surface,1.0,0.0,0.0,0.0,0.8,0.85,0.05,0.021,10.0,1.0,4,0.7521489488172461,0.8333333333333334,surface_hydrophobic_gain,candidate
457,210,211,223,P,W,P211W,-2.9036717414855957,3.3074579664254884,0.16957770198382138,0.4825511606722705,surface,1.0,0.0,0.0,0.0,0.8,0.9,0.1,-0.024,10.0,1.0,4,0.751918235019765,0.8333333333333334,surface_hydrophobic_gain,candidate
458,225,226,238,I,Y,I226Y,-3.0876123905181885,3.3295782945406245,0.16655412452123752,0.9347759504526854,surface,1.0,0.0,0.0,0.0,0.64,0.64,0.0,0.002,10.0,1.0,4,0.7511623406541189,0.8333333333333334,surface_hydrophobic_gain,candidate
459,16,17,29,A,F,A17F,-2.6416523456573486,3.3296612447773555,0.1665427862415796,0.3527402636607528,surface,1.0,0.0,0.0,0.0,0.9,0.85,-0.05,0.004,10.0,1.0,4,0.7511595060842045,0.8333333333333334,surface_hydrophobic_gain,candidate
460,188,189,201,T,Y,T189Y,-3.6669669151306152,3.3458248135808617,0.16433342469437162,0.5761052608152962,surface,1.0,0.0,0.0,0.0,0.9,0.95,0.05,0.036,10.0,1.0,4,0.7506071656974025,0.8333333333333334,surface_hydrophobic_gain,candidate
461,12,13,25,L,G,L13G,-2.715379238128662,4.351397186420456,0.026884018533242737,0.5373417586254055,surface,1.0,0.0,0.0,0.0,0.85,0.8,-0.05,-0.054,10.0,1.0,4,0.7495781474904536,0.8333333333333334,new_glycine,candidate
462,15,16,28,Q,I,Q16I,-2.3207132816314697,3.3763396175912135,0.16016242536738912,0.5796270280678725,surface,1.0,0.0,0.0,0.0,0.9,0.9,0.0,0.02,10.0,1.0,4,0.7495644158656568,0.8333333333333334,surface_hydrophobic_gain,candidate
463,71,72,84,Y,F,Y72F,-3.3284716606140137,1.051849245570338,0.47789174042335913,0.2802738319834139,partial,0.19999999999999996,0.0,0.0,0.0,0.8,0.8,0.0,-0.01,10.0,1.0,0,0.7494729351058398,0.8333333333333334,,candidate
464,35,36,48,W,R,W36R,-3.033975601196289,0.0213698831888677,0.6187456264750054,0.241125503512105,partial,0.0,0.0,0.0,0.0,0.9,0.9,0.0,-0.003,9.6,1.0,0,0.7486864066187514,0.8333333333333334,,candidate
465,187,188,200,P,V,P188V,-2.3732059001922607,3.41439161707774,0.1549611838914552,0.621945563039597,surface,1.0,0.0,0.0,0.0,0.9,0.9,0.0,0.046,10.0,1.0,4,0.7482641054966733,0.8333333333333334,surface_hydrophobic_gain,candidate
466,44,45,57,S,F,S45F,-2.7319374084472656,3.416019562445342,0.1547386637327044,0.4538738763899593,surface,1.0,0.0,0.0,0.0,0.85,0.85,0.0,0.011,10.0,1.0,4,0.7482084754569857,0.8333333333333334,surface_hydrophobic_gain,candidate
467,183,184,196,V,L,V184L,-1.4322216510772705,3.4166000104491445,0.15465932361200796,0.6521911683002438,surface,1.0,0.0,0.0,0.0,0.95,0.95,0.0,-0.019,10.0,1.0,4,0.7481886404268115,0.8333333333333334,surface_hydrophobic_gain,candidate
468,84,85,97,F,L,F85L,-1.3494751453399658,-0.960124263287014,0.7529038345041094,0.5082102075834648,surface,0.0,0.0,0.0,0.0,0.95,0.95,0.0,0.023,10.0,1.0,4,0.747749768149837,1.0,surface_hydrophobic_gain,candidate
469,35,36,48,W,L,W36L,-1.7015727758407593,0.2330346331452233,0.5898136520368158,0.241125503512105,partial,0.0,0.0,0.0,0.0,0.9,0.9,0.0,0.051,10.0,1.0,0,0.747453413009204,0.8333333333333334,,candidate
470,158,159,171,A,I,A159I,-2.7688345909118652,1.1885718399612983,0.4592034391976809,0.3879034039828721,surface,0.6333333333333333,7.8,0.0,7.8,0.95,0.95,0.0,0.013,10.0,1.0,4,0.7473528383373143,0.6666666666666666,surface_hydrophobic_gain,candidate
471,2,3,15,N,I,N3I,-2.8504340648651123,3.4486793813513827,0.15027446718632476,0.6837786285727402,surface,1.0,0.0,0.0,0.0,0.64,0.64,0.0,0.063,10.0,1.0,4,0.7470924263203907,0.8333333333333334,surface_hydrophobic_gain,candidate
472,164,165,177,W,Q,W165Q,-2.6693034172058105,-0.8028938167962565,0.7314123615039346,0.5254958566357822,surface,0.0,13.0,0.0,13.0,0.95,0.95,0.0,0.017,10.0,1.0,0,0.7462333720661245,0.8333333333333334,,candidate
473,1,2,14,E,I,E2I,-2.8494184017181396,3.188911266847697,0.1857815813856757,0.7447099458912851,surface,1.0,4.0,4.0,0.0,0.46,0.8,0.34,0.06,10.0,1.0,4,0.7447015992364256,0.6666666666666666,surface_hydrophobic_gain,candidate
474,26,27,39,T,R,T27R,-2.773874521255493,4.9963253744975304,0.0,0.3096157917789457,partial,1.0,0.0,0.0,0.0,0.95,0.95,0.0,-0.005,9.6,1.0,0,0.744,0.8333333333333334,,candidate
475,88,89,101,L,F,L89F,-2.116477727890014,-0.8483746682377387,0.7376290358987188,0.5720354447561771,surface,0.0,0.0,0.0,0.0,0.95,0.95,0.0,-0.023,10.0,1.0,4,0.7439310684984892,1.0,surface_hydrophobic_gain,candidate
476,28,29,41,P,L,P29L,-1.6010547876358032,-0.8440106751578469,0.7370325315858282,0.4505703006951685,surface,0.0,0.0,0.0,0.0,0.9,0.95,0.05,0.027,10.0,1.0,4,0.7437819424202666,1.0,surface_hydrophobic_gain,candidate
477,25,26,38,L,I,L26I,-3.0680012702941895,3.5530731706473944,0.13600511698020523,0.4825913947630351,surface,1.0,0.0,0.0,0.0,0.95,0.95,0.0,-0.014,10.0,1.0,4,0.7435250887688609,0.8333333333333334,surface_hydrophobic_gain,candidate
478,98,99,111,D,A,D99A,-2.7873151302337646,0.1394815958631738,0.6026012044460731,0.2089369422290499,partial,0.09999999999999998,8.0,0.0,8.0,0.95,0.95,0.0,0.028,10.0,1.0,0,0.7431150898439127,0.6666666666666666,,candidate
479,173,174,186,S,G,S174G,-2.621748208999634,4.545443962227353,0.00036020500918709786,0.4264098707288803,surface,1.0,0.0,0.0,0.0,0.9,0.9,0.0,-0.02,10.0,1.0,4,0.7429471941094397,0.8333333333333334,new_glycine,candidate
480,222,223,235,W,G,W223G,-3.0553832054138184,4.785294208881396,0.0,0.6152045749925127,surface,1.0,0.0,0.0,0.0,0.95,0.95,0.0,-0.003,10.0,1.0,4,0.7428571428571429,0.8333333333333334,new_glycine,candidate
481,193,194,206,A,G,A194G,-3.2818899154663086,4.675794812121978,0.0,0.3350729207142208,partial,1.0,0.0,0.0,0.0,0.9,0.9,0.0,-0.027,10.0,1.0,4,0.7428571428571429,0.8333333333333334,new_glycine,candidate
482,92,93,105,F,S,F93S,-2.617614984512329,0.3777292527779536,0.5700356727680856,0.5781800209636044,surface,0.0,0.0,0.0,0.0,0.95,0.95,0.0,-0.011,10.0,1.0,0,0.7425089181920215,0.8333333333333334,,candidate
483,45,46,58,P,C,P46C,-3.0326454639434814,2.9647030353551713,0.21642809585589806,0.5963658067656283,surface,1.0,0.0,0.0,0.0,0.85,0.75,-0.1,0.05,9.3,0.33333333333333337,10,0.7424165477734984,0.6666666666666666,new_cysteine,candidate
484,34,35,47,W,S,W35S,-2.245579719543457,0.4167088412841622,0.564707641253602,0.4992718253273959,surface,0.0,0.0,0.0,0.0,0.9,0.9,0.0,0.017,10.0,1.0,0,0.7411769103134005,0.8333333333333334,,candidate
485,78,79,91,R,I,R79I,-2.2900118827819824,-0.7640512300564524,0.7261030564500657,0.4537014271421353,surface,0.0,0.0,0.0,0.0,0.95,0.95,0.0,0.04,10.0,1.0,4,0.741049573636326,1.0,surface_hydrophobic_gain,candidate
486,79,80,92,F,A,F80A,-3.268725872039795,0.2179565530001355,0.591874640602104,0.5082102075834648,surface,0.0,0.0,0.0,0.0,0.95,0.95,0.0,-0.004,10.0,1.0,4,0.7408258030076689,0.8333333333333334,surface_hydrophobic_gain,candidate
487,50,51,63,Q,S,Q51S,-1.902264952659607,1.9036821826530288,0.3614566289257376,0.7653126909633534,surface,0.33333333333333337,0.0,0.0,0.0,0.46,0.46,0.0,-0.0,10.0,1.0,0,0.7403641572314344,0.8333333333333334,,candidate
488,88,89,101,L,I,L89I,-2.108192443847656,0.1342426773605325,0.6033173003299339,0.5720354447561771,surface,0.19999999999999996,0.0,0.0,0.0,0.95,0.95,0.0,-0.014,10.0,1.0,4,0.740353134606293,0.8333333333333334,surface_hydrophobic_gain,candidate
489,81,82,94,I,L,I82L,-1.6286615133285522,0.5795320502035111,0.5424517062461434,0.3616754555652541,surface,0.30000000000000004,0.0,0.0,0.0,0.95,0.95,0.0,0.014,10.0,1.0,4,0.7401367360853455,0.8333333333333334,surface_hydrophobic_gain,candidate
490,79,80,92,F,W,F80W,-2.475039005279541,0.1488914321609513,0.6013149952719381,0.5082102075834648,surface,0.19999999999999996,0.0,0.0,0.0,0.95,0.95,0.0,-0.028,10.0,1.0,4,0.7398525583417941,0.8333333333333334,surface_hydrophobic_gain,candidate
491,80,81,93,I,A,I81A,-3.635605335235596,1.338142699137677,0.43875893780913433,0.2942444384259694,partial,0.19999999999999996,0.0,0.0,0.0,0.95,0.95,0.0,-0.013,10.0,1.0,0,0.7396897344522836,0.8333333333333334,,candidate
492,31,32,44,L,Q,L32Q,-3.077439785003662,0.4710007491383976,0.5572866035486314,0.4979948892504272,surface,0.0,0.0,0.0,0.0,0.9,0.9,0.0,-0.034,10.0,1.0,0,0.7393216508871578,0.8333333333333334,,candidate
493,17,18,30,G,Y,G18Y,-4.025654315948486,3.685887795614974,0.11785098722845344,0.3508008687826638,surface,1.0,0.0,0.0,0.0,0.9,0.95,0.05,0.041,10.0,1.0,4,0.7389865563309229,0.8333333333333334,surface_hydrophobic_gain,candidate
494,72,73,85,R,T,R73T,-3.1084609031677246,0.4833043154897041,0.5556048569788885,0.7211210401170018,surface,0.0,0.0,0.0,0.0,0.8,0.8,0.0,0.005,10.0,1.0,0,0.7389012142447221,0.8333333333333334,,candidate
495,87,88,100,L,A,L88A,-3.0411477088928223,1.155942957133561,0.4636634071617063,0.4445994427211632,surface,0.19999999999999996,0.0,0.0,0.0,0.95,0.95,0.0,-0.027,10.0,1.0,4,0.7387729946475695,0.8333333333333334,surface_hydrophobic_gain,candidate
496,5,6,18,S,V,S6V,-2.7579245567321777,3.693170668575931,0.11685550784709009,0.5223083039217894,surface,1.0,0.0,0.0,0.0,0.64,0.8,0.16,0.053,10.0,1.0,4,0.7387376864855821,0.8333333333333334,surface_hydrophobic_gain,candidate
497,88,89,101,L,T,L89T,-3.1470794677734375,0.4882124507817025,0.5549339751015965,0.5720354447561771,surface,0.0,0.0,0.0,0.0,0.95,0.95,0.0,-0.049,10.0,1.0,0,0.7387334937753991,0.8333333333333334,,candidate
498,157,158,170,F,S,F158S,-2.540377378463745,-0.1321363347130386,0.639728043119047,0.5671661207188943,surface,0.09999999999999998,13.0,0.0,13.0,0.95,0.9,-0.05,-0.011,10.0,1.0,0,0.7383122924699026,0.8333333333333334,,candidate
499,85,86,98,I,V,I86V,-2.6405997276306152,0.2131117264690374,0.592536868948506,0.4536268425733695,surface,0.19999999999999996,0.0,0.0,0.0,0.95,0.95,0.0,0.033,10.0,1.0,4,0.7376580267609361,0.8333333333333334,surface_hydrophobic_gain,candidate
500,2,3,15,N,V,N3V,-2.695294141769409,3.733980788510735,0.11127726514481373,0.6837786285727402,surface,1.0,0.0,0.0,0.0,0.64,0.64,0.0,0.101,10.0,1.0,4,0.737343125810013,0.8333333333333334,surface_hydrophobic_gain,candidate
501,160,161,173,Y,V,Y161V,-3.0941805839538574,0.9162296205490748,0.496429279268354,0.5119319596256366,surface,0.6,13.0,0.0,13.0,0.95,0.95,0.0,0.032,10.0,1.0,4,0.7370114110310388,0.6666666666666666,surface_hydrophobic_gain,candidate
502,202,203,215,P,L,P203L,-1.8695510625839231,3.748696208208002,0.1092658478133196,0.5981911708895858,surface,1.0,0.0,0.0,0.0,0.85,0.85,0.0,0.027,10.0,1.0,4,0.7368402714771395,0.8333333333333334,surface_hydrophobic_gain,candidate
503,223,224,236,V,F,V224F,-2.4017975330352783,3.7508049288553593,0.10897761157238106,0.7323455466023716,surface,1.0,0.0,0.0,0.0,0.95,0.95,0.0,-0.049,10.0,1.0,4,0.7367682124169048,0.8333333333333334,surface_hydrophobic_gain,candidate
504,50,51,63,Q,L,Q51L,-2.7733640670776367,0.8394123534581013,0.5069292572209696,0.7653126909633534,surface,0.33333333333333337,0.0,0.0,0.0,0.46,0.46,0.0,0.034,10.0,1.0,4,0.736256123829052,0.8333333333333334,surface_hydrophobic_gain,candidate
505,5,6,18,S,F,S6F,-2.735525131225586,3.797780746990042,0.10255659357214286,0.5223083039217894,surface,1.0,0.0,0.0,0.0,0.64,0.64,0.0,0.011,10.0,1.0,4,0.7351629579168453,0.8333333333333334,surface_hydrophobic_gain,candidate
506,60,61,73,S,C,S61C,-2.4319446086883545,3.2016337332380544,0.18404257632001186,0.351370234508708,surface,1.0,0.0,0.0,0.0,0.45,0.45,0.0,0.057,9.3,0.33333333333333337,10,0.7343201678895269,0.6666666666666666,new_cysteine,candidate
507,0,1,13,G,V,G1V,-5.147853851318359,3.824565008228319,0.09889551367267246,1.0,surface,1.0,0.0,0.0,0.0,0.46,0.46,0.0,0.127,10.0,1.0,4,0.7342476879419777,0.8333333333333334,surface_hydrophobic_gain,candidate
508,97,98,110,L,A,L98A,-2.633491039276123,1.3236156947942843,0.44074460107339164,0.3839510746926833,surface,0.19999999999999996,0.0,0.0,0.0,0.95,0.95,0.0,-0.027,10.0,1.0,4,0.7330432931254909,0.8333333333333334,surface_hydrophobic_gain,candidate
509,197,198,210,M,W,M198W,-3.194462776184082,3.890922632577258,0.08982524055521501,0.5635070254754507,surface,1.0,0.0,0.0,0.0,0.85,0.72,-0.13,0.01,10.0,1.0,4,0.7319801196626133,0.8333333333333334,surface_hydrophobic_gain,candidate
510,117,118,130,T,Q,T118Q,-3.1517043113708496,0.9275112142615852,0.49488722381991634,0.5911170325391507,surface,0.19999999999999996,7.8,0.0,7.8,0.8,0.8,0.0,0.015,10.0,1.0,0,0.7317499749690637,0.6666666666666666,,candidate
511,45,46,58,P,F,P46F,-3.01901912689209,3.905583672046987,0.08782125633364313,0.5963658067656283,surface,1.0,0.0,0.0,0.0,0.85,0.85,0.0,0.004,10.0,1.0,4,0.7314791236072203,0.8333333333333334,surface_hydrophobic_gain,candidate
512,0,1,13,G,W,G1W,-5.776772975921631,3.917742533993305,0.08615928908070714,1.0,surface,1.0,0.0,0.0,0.0,0.46,0.46,0.0,0.005,10.0,1.0,4,0.7310636317939864,0.8333333333333334,surface_hydrophobic_gain,candidate
513,90,91,103,L,A,L91A,-3.0804595947265625,1.4326372480549026,0.42584269231060357,0.4380239798885004,surface,0.19999999999999996,0.0,0.0,0.0,0.95,0.95,0.0,-0.027,10.0,1.0,4,0.7293178159347938,0.8333333333333334,surface_hydrophobic_gain,candidate
514,212,213,225,I,F,I213F,-1.9590251445770264,3.969699686396325,0.07905738380117777,0.352089292235681,surface,1.0,0.0,0.0,0.0,0.8,0.8,0.0,-0.009,10.0,1.0,4,0.729288155474104,0.8333333333333334,surface_hydrophobic_gain,candidate
515,200,201,213,W,F,W201F,-2.251255512237549,3.978734978614853,0.07782237020745508,0.4182914875367572,surface,1.0,0.0,0.0,0.0,0.85,0.85,0.0,0.028,10.0,1.0,4,0.7289794020756734,0.8333333333333334,surface_hydrophobic_gain,candidate
516,31,32,44,L,I,L32I,-3.028444766998291,0.4794372258816679,0.5561334406836054,0.4979948892504272,surface,0.19999999999999996,0.0,0.0,0.0,0.9,0.9,0.0,-0.014,10.0,1.0,4,0.728557169694711,0.8333333333333334,surface_hydrophobic_gain,candidate
517,117,118,130,T,S,T118S,-1.7632601261138916,1.0303034310949215,0.48083678892000903,0.5911170325391507,surface,0.19999999999999996,7.8,0.0,7.8,0.8,0.8,0.0,0.015,10.0,1.0,0,0.7282373662440869,0.6666666666666666,,candidate
518,41,42,54,L,F,L42F,-2.911032199859619,2.5466840067273324,0.2735661684609553,0.8257937933050429,surface,1.0,18.0,18.0,0.0,0.85,0.54,-0.31,-0.023,10.0,1.0,4,0.7272111262869357,0.5,predicted_tcell_epitope_loss;surface_hydrophobic_gain,candidate
519,46,47,59,V,L,V47L,-2.4885456562042236,4.039333706290449,0.06953926761026452,0.4286363017170435,surface,1.0,0.0,0.0,0.0,0.85,0.85,0.0,-0.019,10.0,1.0,4,0.7269086264263757,0.8333333333333334,surface_hydrophobic_gain,candidate
520,117,118,130,T,N,T118N,-3.4794821739196777,1.0790425639701198,0.4741747474285678,0.5911170325391507,surface,0.19999999999999996,7.8,0.0,7.8,0.8,0.8,0.0,-0.019,10.0,1.0,0,0.7265718558712265,0.6666666666666666,,candidate
521,222,223,235,W,I,W223I,-2.614285469055176,4.0706196269707675,0.06526286609520426,0.6152045749925127,surface,1.0,0.0,0.0,0.0,0.95,0.95,0.0,0.037,10.0,1.0,4,0.7258395260476106,0.8333333333333334,surface_hydrophobic_gain,candidate
522,30,31,43,S,A,S31A,-2.8576478958129883,0.6714961766096508,0.5298813384595303,0.4093287679828966,surface,0.0,0.0,0.0,0.0,0.9,0.9,0.0,0.007,10.0,1.0,4,0.7253274774720255,0.8333333333333334,surface_hydrophobic_gain,candidate
523,198,199,211,W,Y,W199Y,-3.1425628662109375,4.0907347612712215,0.06251337402568646,0.7436162597880298,surface,1.0,0.0,0.0,0.0,0.85,0.85,0.0,0.038,10.0,1.0,4,0.7251521530302312,0.8333333333333334,surface_hydrophobic_gain,candidate
524,167,168,180,V,Q,V168Q,-2.9743757247924805,1.7342270605996075,0.3846190650927461,0.6389901237493387,surface,0.43333333333333335,13.0,0.0,13.0,0.95,0.95,0.0,-0.053,10.0,1.0,0,0.7245350479633275,0.6666666666666666,,candidate
525,171,172,184,W,F,W172F,-2.310811996459961,4.114903520487303,0.05920980116347574,0.5259049471149402,surface,1.0,0.0,0.0,0.0,0.95,0.95,0.0,0.028,10.0,1.0,4,0.7243262598146785,0.8333333333333334,surface_hydrophobic_gain,candidate
526,212,213,225,I,Y,I213Y,-3.484516143798828,4.139935191583788,0.05578827883414117,0.352089292235681,surface,1.0,0.0,0.0,0.0,0.8,0.8,0.0,0.001,10.0,1.0,4,0.7234708792323449,0.8333333333333334,surface_hydrophobic_gain,candidate
527,30,31,43,S,R,S31R,-2.906663656234741,0.782001765005532,0.5147765803011408,0.4093287679828966,surface,0.0,0.0,0.0,0.0,0.9,0.9,0.0,-0.02,9.6,1.0,0,0.7226941450752852,0.8333333333333334,,candidate
528,6,7,19,G,I,G7I,-2.61795425415039,4.180797376420287,0.050202919498579024,0.5651321609982538,surface,1.0,0.0,0.0,0.0,0.64,0.8,0.16,0.04,10.0,1.0,4,0.7220745393984543,0.8333333333333334,surface_hydrophobic_gain,candidate
529,187,188,200,P,T,P188T,-3.039881706237793,4.652518591809326,0.0,0.621945563039597,surface,1.0,10.0,10.0,0.0,0.9,0.72,-0.18,-0.022,10.0,1.0,0,0.721830985915493,0.6666666666666666,,candidate
530,222,223,235,W,Y,W223Y,-2.7870969772338867,4.200845854798558,0.047462538475832705,0.6152045749925127,surface,1.0,0.0,0.0,0.0,0.95,0.95,0.0,0.038,10.0,1.0,4,0.7213894441427677,0.8333333333333334,surface_hydrophobic_gain,candidate
531,166,167,179,S,T,S167T,-2.887563705444336,1.482670254953291,0.41900379411452493,0.2179212969394062,partial,0.19999999999999996,4.8,0.0,4.8,0.95,0.95,0.0,-0.015,10.0,1.0,0,0.7212298217680679,0.6666666666666666,,candidate
532,50,51,63,Q,D,Q51D,-3.311624050140381,2.469443258961519,0.2841240310262051,0.7653126909633534,surface,0.33333333333333337,0.0,0.0,0.0,0.46,0.46,0.0,-0.021,10.0,1.0,0,0.7210310077565514,0.8333333333333334,,candidate
533,78,79,91,R,V,R79V,-2.732295036315918,-0.1707768460324814,0.6450097269421834,0.4537014271421353,surface,0.0,0.0,0.0,0.0,0.95,0.95,0.0,0.073,10.0,1.0,4,0.7207762412593555,1.0,surface_hydrophobic_gain,candidate
534,35,36,48,W,F,W36F,-2.709129810333252,1.893665977564524,0.3628257212741236,0.241125503512105,partial,0.19999999999999996,0.0,0.0,0.0,0.9,0.9,0.0,0.028,10.0,1.0,0,0.720706430318531,0.8333333333333334,,candidate
535,31,32,44,L,R,L32R,-2.92745304107666,0.849006062039166,0.5056179149616089,0.4979948892504272,surface,0.0,0.0,0.0,0.0,0.9,0.9,0.0,-0.054,9.6,1.0,0,0.7204044787404023,0.8333333333333334,,candidate
536,84,85,97,F,G,F85G,-3.0286319255828857,0.8336680549172115,0.5077144323556324,0.5082102075834648,surface,0.0,0.0,0.0,0.0,0.95,0.95,0.0,-0.031,10.0,1.0,4,0.719785750946051,0.8333333333333334,new_glycine,candidate
537,208,209,221,V,I,V209I,-2.2582406997680664,4.25027474884746,0.04070621509451533,0.3817215625413528,surface,1.0,0.0,0.0,0.0,0.8,0.8,0.0,-0.033,10.0,1.0,4,0.7197003632974384,0.8333333333333334,surface_hydrophobic_gain,candidate
538,154,155,167,S,A,S155A,-2.8355813026428223,0.3905161597255073,0.5682878594688641,0.2938837912028254,partial,0.0,8.0,0.0,8.0,0.9,0.9,0.0,0.007,10.0,1.0,0,0.7195367535996104,0.6666666666666666,,candidate
539,147,148,160,T,V,T148V,-2.8414363861083984,-1.2035721182240875,0.7861801694513495,0.4577464151339491,surface,0.0,13.0,0.0,13.0,0.54,0.54,0.0,0.068,10.0,1.0,4,0.7194491335767877,0.8333333333333334,surface_hydrophobic_gain,candidate
540,33,34,46,S,R,S34R,-2.83551025390625,0.8989986884685095,0.49878453628022723,0.4521879558936652,surface,0.0,0.0,0.0,0.0,0.9,0.9,0.0,-0.02,9.6,1.0,0,0.7186961340700568,0.8333333333333334,,candidate
541,167,168,180,V,L,V168L,-2.4892265796661377,2.039890266801706,0.3428386549377358,0.6389901237493387,surface,0.6333333333333333,7.8,0.0,7.8,0.95,0.95,0.0,-0.019,10.0,1.0,4,0.718261642272328,0.6666666666666666,surface_hydrophobic_gain,candidate
542,25,26,38,L,F,L26F,-2.6098179817199707,4.296656994580644,0.03436633115911747,0.4825913947630351,surface,1.0,0.0,0.0,0.0,0.95,0.95,0.0,-0.023,10.0,1.0,4,0.7181153923135889,0.8333333333333334,surface_hydrophobic_gain,candidate
543,91,92,104,I,L,I92L,-1.4723002910614014,0.8253171522691218,0.508855898291742,0.4284152585320657,surface,0.19999999999999996,0.0,0.0,0.0,0.95,0.95,0.0,0.014,10.0,1.0,4,0.7167377840967452,0.8333333333333334,surface_hydrophobic_gain,candidate
544,95,96,108,V,L,V96L,-1.55885648727417,0.82844884654304,0.5084278341067519,0.4919852537175682,surface,0.19999999999999996,0.0,0.0,0.0,0.95,0.95,0.0,-0.019,10.0,1.0,4,0.7166307680504975,0.8333333333333334,surface_hydrophobic_gain,candidate
545,142,143,155,T,S,T143S,-2.080872058868408,1.3982375588917648,0.43054470777493936,0.6220861953755906,surface,0.8333333333333334,31.8,7.2,24.6,0.35,0.35,0.0,0.015,10.0,1.0,15,0.7162729978692881,0.5,antibody_interface_mutation;protected_epitope_or_contact,candidate
546,79,80,92,F,S,F80S,-2.748712062835694,1.587239701346391,0.40471043373834215,0.5082102075834648,surface,0.09999999999999998,0.0,0.0,0.0,0.95,0.95,0.0,-0.011,10.0,1.0,0,0.7161776084345856,0.8333333333333334,,candidate
547,166,167,179,S,W,S167W,-2.569275140762329,0.5206882349616535,0.5504949338443808,0.2179212969394062,partial,0.0,8.0,0.0,8.0,0.95,0.95,0.0,-0.017,10.0,1.0,0,0.7150885221934896,0.6666666666666666,,candidate
548,61,62,74,P,L,P62L,-2.8885958194732666,4.390851043124144,0.021491160374884077,0.5992993034831954,surface,1.0,0.0,0.0,0.0,0.45,0.45,0.0,0.027,10.0,1.0,4,0.7148965996175306,0.8333333333333334,surface_hydrophobic_gain,candidate
549,14,15,27,L,F,L15F,-2.185652256011963,4.397336816432471,0.02060463473654739,0.5613741609346575,surface,1.0,0.0,0.0,0.0,0.85,0.85,0.0,-0.023,10.0,1.0,4,0.7146749682079464,0.8333333333333334,surface_hydrophobic_gain,candidate
550,147,148,160,T,N,T148N,-3.1874279975891113,1.4317627981150167,0.42596221888889996,0.4577464151339491,surface,0.19999999999999996,7.8,0.0,7.8,0.54,0.54,0.0,-0.019,10.0,1.0,0,0.7145187237363095,0.6666666666666666,,candidate
551,108,109,121,L,Q,L109Q,-3.4627256393432617,0.1367815427619234,0.6029702685784959,0.8519475990356202,surface,0.0,13.0,0.0,13.0,0.8,0.8,0.0,-0.034,10.0,1.0,0,0.7141228488347648,0.6666666666666666,,candidate
552,31,32,44,L,V,L32V,-2.992112159729004,0.927027053423501,0.4949534026663909,0.4979948892504272,surface,0.19999999999999996,0.0,0.0,0.0,0.9,0.9,0.0,0.019,10.0,1.0,4,0.7132621601904073,0.8333333333333334,surface_hydrophobic_gain,candidate
553,122,123,135,T,D,T123D,-3.1875157356262207,-2.2642735355623813,0.931165039626052,0.5653338355105508,surface,0.0,33.0,0.0,33.0,0.35,0.35,0.0,-0.006,10.0,1.0,15,0.7130477991419255,0.6666666666666666,antibody_interface_mutation;protected_epitope_or_contact,candidate
554,46,47,59,V,F,V47F,-3.179121732711792,4.452476163519805,0.013067762485508227,0.4286363017170435,surface,1.0,0.0,0.0,0.0,0.85,0.85,0.0,-0.042,10.0,1.0,4,0.7127907501451867,0.8333333333333334,surface_hydrophobic_gain,candidate
555,114,115,127,T,Q,T115Q,-3.594639778137207,0.5953069263354109,0.540295474218336,0.8224517875406545,surface,0.19999999999999996,18.6,10.8,7.8,0.8,0.46,-0.34,0.015,10.0,1.0,0,0.712679502357401,0.5,predicted_tcell_epitope_loss,candidate
556,147,148,160,T,Q,T148Q,-3.188441038131714,1.5100296640615625,0.41526409855762325,0.4577464151339491,surface,0.19999999999999996,7.8,0.0,7.8,0.54,0.54,0.0,0.015,10.0,1.0,0,0.7118441936534904,0.6666666666666666,,candidate
557,76,77,89,L,I,L77I,-2.8432459831237793,0.970160366688276,0.4890576079387935,0.360486034638781,surface,0.19999999999999996,0.0,0.0,0.0,0.95,0.95,0.0,-0.014,10.0,1.0,4,0.711788211508508,0.8333333333333334,surface_hydrophobic_gain,candidate
558,19,20,32,F,V,F20V,-2.7631518840789795,4.486314223352281,0.008442514860133699,0.5217878568730145,surface,1.0,0.0,0.0,0.0,0.95,0.9,-0.05,0.042,10.0,1.0,4,0.711634438238843,0.8333333333333334,surface_hydrophobic_gain,candidate
559,18,19,31,F,W,F19W,-3.21242094039917,4.501112002792411,0.006419839962248819,0.4523854151261132,surface,1.0,0.0,0.0,0.0,0.9,0.9,0.0,-0.028,10.0,1.0,4,0.7111287695143718,0.8333333333333334,surface_hydrophobic_gain,candidate
560,160,161,173,Y,L,Y161L,-2.778022289276123,1.6938892467618416,0.390132749346205,0.5119319596256366,surface,0.6,13.0,0.0,13.0,0.95,0.95,0.0,0.013,10.0,1.0,4,0.7104372785505016,0.6666666666666666,surface_hydrophobic_gain,candidate
561,218,219,231,F,L,F219L,-1.0726032257080078,4.823050362090669,0.0,0.542865325584724,surface,1.0,0.0,0.0,0.0,0.95,0.95,0.0,0.023,10.0,1.0,4,0.7095238095238096,0.8333333333333334,surface_hydrophobic_gain,candidate
562,17,18,30,G,I,G18I,-2.081083297729492,4.6520568549523205,0.0,0.3508008687826638,surface,1.0,0.0,0.0,0.0,0.9,0.95,0.05,0.04,10.0,1.0,4,0.7095238095238096,0.8333333333333334,surface_hydrophobic_gain,candidate
563,179,180,192,V,I,V180I,-2.4649500846862793,4.932921074435683,0.0,0.4372446989110041,surface,1.0,0.0,0.0,0.0,0.95,0.95,0.0,-0.033,10.0,1.0,4,0.7095238095238096,0.8333333333333334,surface_hydrophobic_gain,candidate
564,187,188,200,P,I,P188I,-2.713189601898194,4.9535613084027545,0.0,0.621945563039597,surface,1.0,0.0,0.0,0.0,0.9,0.9,0.0,0.013,10.0,1.0,4,0.7095238095238096,0.8333333333333334,surface_hydrophobic_gain,candidate
565,184,185,197,G,I,G185I,-2.9822068214416504,4.94737228052503,0.0,0.6289681154143315,surface,1.0,0.0,0.0,0.0,0.72,0.9,0.18,0.04,10.0,1.0,4,0.7095238095238096,0.8333333333333334,surface_hydrophobic_gain,candidate
566,213,214,226,P,Y,P214Y,-3.0813028812408447,4.555156195979862,0.0,0.4488574806702982,surface,1.0,0.0,0.0,0.0,0.8,0.9,0.1,0.014,10.0,1.0,4,0.7095238095238096,0.8333333333333334,surface_hydrophobic_gain,candidate
567,3,4,16,I,W,I4W,-3.0944766998291016,4.725399666997305,0.0,0.8035516572065813,surface,1.0,0.0,0.0,0.0,0.64,0.64,0.0,-0.037,10.0,1.0,4,0.7095238095238096,0.8333333333333334,surface_hydrophobic_gain,candidate
568,66,67,79,P,W,P67W,-3.2382779121398926,4.612701506333508,0.0,0.6200076548165526,surface,1.0,0.0,0.0,0.0,0.8,0.85,0.05,-0.024,10.0,1.0,4,0.7095238095238096,0.8333333333333334,surface_hydrophobic_gain,candidate
569,66,67,79,P,F,P67F,-3.2519967555999756,4.966284747123268,0.0,0.6200076548165526,surface,1.0,0.0,0.0,0.0,0.8,0.85,0.05,0.004,10.0,1.0,4,0.7095238095238096,0.8333333333333334,surface_hydrophobic_gain,candidate
570,113,114,126,T,C,T114C,-2.075137138366699,1.101763818804784,0.47106903065609795,0.6960474691940525,surface,0.6,13.0,0.0,13.0,0.8,0.7,-0.1,0.072,9.3,0.33333333333333337,10,0.7094570631636893,0.5,new_cysteine,candidate
571,84,85,97,F,V,F85V,-2.2907493114471436,0.1644105669623172,0.5991937199463655,0.5082102075834648,surface,0.0,0.0,0.0,0.0,0.95,0.95,0.0,0.042,10.0,1.0,4,0.709322239510401,0.8333333333333334,surface_hydrophobic_gain,candidate
572,147,148,160,T,I,T148I,-3.058190107345581,-0.903348763557574,0.7451433202605884,0.4577464151339491,surface,0.0,13.0,0.0,13.0,0.54,0.54,0.0,0.035,10.0,1.0,4,0.7091899212790975,0.8333333333333334,surface_hydrophobic_gain,candidate
573,55,56,68,P,L,P56L,-2.8763394355773926,4.2720978424473515,0.037723265943442885,0.8108818936318166,surface,1.0,4.0,4.0,0.0,0.45,0.9,0.45,0.027,10.0,1.0,4,0.7076870203758675,0.6666666666666666,surface_hydrophobic_gain,candidate
574,151,152,164,I,V,I152V,-2.831148386001587,1.907013788703921,0.36100123925352046,0.2834311721953384,partial,0.19999999999999996,4.8,0.0,4.8,0.9,0.9,0.0,0.033,10.0,1.0,0,0.7067291830528167,0.6666666666666666,,candidate
575,84,85,97,F,I,F85I,-2.0459697246551514,0.2427358363431722,0.5884876165821611,0.5082102075834648,surface,0.0,0.0,0.0,0.0,0.95,0.95,0.0,0.009,10.0,1.0,4,0.7066457136693498,0.8333333333333334,surface_hydrophobic_gain,candidate
576,28,29,41,P,W,P29W,-3.1771111488342285,0.2447589278526152,0.5882110847938052,0.4505703006951685,surface,0.0,0.0,0.0,0.0,0.9,0.9,0.0,-0.024,10.0,1.0,4,0.7065765807222609,0.8333333333333334,surface_hydrophobic_gain,candidate
577,124,125,137,T,Q,T125Q,-3.041184425354004,-1.0849918111317152,0.7699716963145773,0.5527709717903165,surface,0.19999999999999996,31.8,7.2,24.6,0.35,0.35,0.0,0.015,10.0,1.0,15,0.7061297450041977,0.6666666666666666,antibody_interface_mutation;protected_epitope_or_contact,candidate
578,50,51,63,Q,R,Q51R,-3.3170416355133057,2.7688163726439825,0.2432033993464935,0.7653126909633534,surface,0.33333333333333337,0.0,0.0,0.0,0.46,0.46,0.0,-0.02,9.6,1.0,0,0.7048008498366234,0.8333333333333334,,candidate
579,86,87,99,L,A,L87A,-3.3375468254089355,2.1617083971931947,0.3261876110803087,0.4492526259653698,surface,0.19999999999999996,0.0,0.0,0.0,0.95,0.95,0.0,-0.027,10.0,1.0,4,0.7044040456272201,0.8333333333333334,surface_hydrophobic_gain,candidate
580,36,37,49,T,K,T37K,-2.9972004890441895,1.338824690411741,0.4386657179692113,0.3704552175657172,surface,0.0,0.0,0.0,0.0,0.9,0.9,0.0,0.003,9.6,1.0,0,0.7036664294923028,0.8333333333333334,,candidate
581,37,38,50,S,T,S38T,-3.0254435539245605,2.41381641165151,0.29172753857662204,0.4231540457127382,surface,0.19999999999999996,0.0,0.0,0.0,0.9,0.9,0.0,-0.015,10.0,1.0,0,0.7029318846441556,0.8333333333333334,,candidate
582,114,115,127,T,S,T115S,-1.801933765411377,1.7721357142012266,0.3794374172405912,0.8224517875406545,surface,0.19999999999999996,7.8,0.0,7.8,0.8,0.8,0.0,0.015,10.0,1.0,0,0.7028875233242323,0.6666666666666666,,candidate
583,32,33,45,D,S,D33S,-2.114874839782715,1.5537977573901571,0.4092815371833165,0.3818348357506892,surface,0.0,0.0,0.0,0.0,0.9,0.9,0.0,0.021,10.0,1.0,0,0.7023203842958291,0.8333333333333334,,candidate
584,165,166,178,A,M,A166M,-3.237147331237793,2.0670483135936593,0.33912648313899285,0.2059520988595206,partial,0.19999999999999996,4.8,0.0,4.8,0.95,0.95,0.0,-0.034,10.0,1.0,0,0.7012604940241849,0.6666666666666666,,candidate
585,82,83,95,F,S,F83S,-2.5645928382873535,1.5865229619249703,0.4048084032236894,0.5132419918169644,surface,0.0,0.0,0.0,0.0,0.95,0.95,0.0,-0.011,10.0,1.0,0,0.7012021008059224,0.8333333333333334,,candidate
586,82,83,95,F,W,F83W,-3.508333921432495,1.3229351816257804,0.4408376188744192,0.5132419918169644,surface,0.19999999999999996,0.0,0.0,0.0,0.95,0.95,0.0,-0.028,10.0,1.0,4,0.6997332142424144,0.8333333333333334,surface_hydrophobic_gain,candidate
587,187,188,200,P,F,P188F,-2.6516427993774414,4.019923603210486,0.07219239056185611,0.621945563039597,surface,1.0,10.0,10.0,0.0,0.9,0.72,-0.18,0.004,10.0,1.0,4,0.6994028930797666,0.6666666666666666,surface_hydrophobic_gain,candidate
588,122,123,135,T,S,T123S,-2.531820774078369,0.1047036327088903,0.6073549253240158,0.5653338355105508,surface,0.19999999999999996,19.8,0.0,19.8,0.35,0.35,0.0,0.015,10.0,1.0,15,0.6992783691579657,0.5,antibody_interface_mutation;protected_epitope_or_contact,candidate
589,102,103,115,M,K,M103K,-3.25893497467041,-2.030499480122103,0.8992109943837304,0.5808497389206426,surface,0.0,33.0,0.0,33.0,0.95,0.95,0.0,0.015,9.6,1.0,15,0.6990592878313451,0.6666666666666666,antibody_interface_mutation;protected_epitope_or_contact,candidate
590,41,42,54,L,C,L42C,-2.684359550476074,2.753884335642738,0.2452444256057983,0.8257937933050429,surface,1.0,18.0,18.0,0.0,0.85,0.54,-0.31,0.023,9.3,0.33333333333333337,10,0.6989164048588608,0.3333333333333333,new_cysteine;predicted_tcell_epitope_loss,candidate
591,113,114,126,T,I,T114I,-3.696075916290283,2.0380634001710973,0.34308836519260655,0.6960474691940525,surface,0.6,13.0,0.0,13.0,0.8,0.8,0.0,0.035,10.0,1.0,4,0.6986761825121021,0.6666666666666666,surface_hydrophobic_gain,candidate
592,83,84,96,L,V,L84V,-2.6767218112945557,1.3870435260130307,0.43207479473166965,0.3978005280140996,surface,0.19999999999999996,0.0,0.0,0.0,0.95,0.95,0.0,0.019,10.0,1.0,4,0.697542508206727,0.8333333333333334,surface_hydrophobic_gain,candidate
593,76,77,89,L,R,L77R,-2.3694772720336914,1.532740320999153,0.41215983038765946,0.360486034638781,surface,0.0,0.0,0.0,0.0,0.95,0.95,0.0,-0.054,9.6,1.0,0,0.6970399575969148,0.8333333333333334,,candidate
594,221,222,234,L,C,L222C,-3.1619043350219727,4.353282675950709,0.026626295247225595,0.5573984363570041,surface,1.0,0.0,0.0,0.0,0.95,0.85,-0.1,0.023,9.3,0.33333333333333337,10,0.6949660976213303,0.6666666666666666,new_cysteine,candidate
595,30,31,43,S,L,S31L,-2.365506649017334,0.6386205454260221,0.5343750338964901,0.4093287679828966,surface,0.0,0.0,0.0,0.0,0.9,0.95,0.05,0.034,10.0,1.0,4,0.6931175679979321,0.8333333333333334,surface_hydrophobic_gain,candidate
596,159,160,172,K,T,K160T,-2.92986798286438,0.7736000702678894,0.5159249888927323,0.421507220095477,surface,0.0,13.0,0.0,13.0,0.95,0.95,0.0,-0.003,10.0,1.0,0,0.6923615289133239,0.6666666666666666,,candidate
597,116,117,129,S,V,S117V,-3.390895366668701,-0.4029383210535684,0.6767433522256918,0.6203920695012148,surface,0.0,13.0,0.0,13.0,0.8,0.85,0.05,0.053,10.0,1.0,4,0.6920899292703734,0.8333333333333334,surface_hydrophobic_gain,candidate
598,85,86,98,I,T,I86T,-3.4641664028167725,1.867359192922379,0.36642153598098637,0.4536268425733695,surface,0.0,0.0,0.0,0.0,0.95,0.95,0.0,-0.035,10.0,1.0,0,0.6916053839952466,0.8333333333333334,,candidate
599,128,129,141,Q,T,Q129T,-2.0371899604797363,-0.6442985844060445,0.7097343390156436,0.7681570470640114,surface,0.19999999999999996,31.8,7.2,24.6,0.8,0.8,0.0,-0.015,10.0,1.0,15,0.6910704056794642,0.6666666666666666,antibody_interface_mutation;protected_epitope_or_contact,candidate
600,35,36,48,W,I,W36I,-2.549493312835694,1.8871872987926963,0.3637112771763624,0.241125503512105,partial,0.0,0.0,0.0,0.0,0.9,0.9,0.0,0.037,10.0,1.0,0,0.6909278192940906,0.8333333333333334,,candidate
601,149,150,162,I,V,I150V,-2.894380569458008,0.9461894924028228,0.49233413235880574,0.4550307677045951,surface,0.19999999999999996,7.8,0.0,7.8,0.8,0.8,0.0,0.033,10.0,1.0,4,0.6906355116275955,0.6666666666666666,surface_hydrophobic_gain,candidate
602,72,73,85,R,G,R73G,-2.9335644245147705,1.730756948413671,0.38509338685431416,0.7211210401170018,surface,0.0,0.0,0.0,0.0,0.8,0.8,0.0,0.0,10.0,1.0,4,0.6891304895707214,0.8333333333333334,new_glycine,candidate
603,80,81,93,I,S,I81S,-2.804140090942383,1.948839817484668,0.35528413427602623,0.2942444384259694,partial,0.0,0.0,0.0,0.0,0.95,0.95,0.0,-0.02,10.0,1.0,0,0.6888210335690066,0.8333333333333334,,candidate
604,58,59,71,N,C,N59C,-2.314645290374756,4.833485445230849,0.0,0.7188371915136466,surface,1.0,0.0,0.0,0.0,0.45,0.45,0.0,0.091,9.3,0.33333333333333337,10,0.6883095238095239,0.6666666666666666,new_cysteine,candidate
605,52,53,65,S,C,S53C,-2.5853681564331055,4.825727348093949,0.0,0.3584475333653563,surface,1.0,0.0,0.0,0.0,0.46,0.46,0.0,0.057,9.3,0.33333333333333337,10,0.6883095238095239,0.6666666666666666,new_cysteine,candidate
606,61,62,74,P,C,P62C,-2.626413583755493,4.831516027673729,0.0,0.5992993034831954,surface,1.0,0.0,0.0,0.0,0.45,0.45,0.0,0.05,9.3,0.33333333333333337,10,0.6883095238095239,0.6666666666666666,new_cysteine,candidate
607,208,209,221,V,C,V209C,-3.4696028232574463,4.6622016813443,0.0,0.3817215625413528,surface,1.0,0.0,0.0,0.0,0.8,0.8,0.0,0.004,9.3,0.33333333333333337,10,0.6883095238095239,0.6666666666666666,new_cysteine,candidate
608,116,117,129,S,T,S117T,-1.1565436124801636,2.2220291607022773,0.31794250277438285,0.6203920695012148,surface,0.19999999999999996,7.8,0.0,7.8,0.8,0.8,0.0,-0.015,10.0,1.0,0,0.6875137947076803,0.6666666666666666,,candidate
609,27,28,40,I,N,I28N,-3.125699996948242,2.0036591195972733,0.3477910082464519,0.4536268425733696,surface,0.0,0.0,0.0,0.0,0.95,0.9,-0.05,-0.054,10.0,1.0,0,0.686947752061613,0.8333333333333334,,candidate
610,83,84,96,L,I,L84I,-1.876678466796875,1.7225256176938617,0.38621850877483666,0.3978005280140996,surface,0.19999999999999996,0.0,0.0,0.0,0.95,0.95,0.0,-0.014,10.0,1.0,4,0.6860784367175188,0.8333333333333334,surface_hydrophobic_gain,candidate
611,147,148,160,T,S,T148S,-2.1347155570983887,2.266781055887634,0.31182546775636377,0.4577464151339491,surface,0.19999999999999996,7.8,0.0,7.8,0.54,0.54,0.0,0.015,10.0,1.0,0,0.6859845359531755,0.6666666666666666,,candidate
612,157,158,170,F,W,F158W,-2.1227593421936035,1.0863036202876517,0.4731822501146957,0.5671661207188943,surface,0.19999999999999996,7.8,0.0,7.8,0.95,0.95,0.0,-0.028,10.0,1.0,4,0.6858475410665681,0.6666666666666666,surface_hydrophobic_gain,candidate
613,27,28,40,I,R,I28R,-3.033209800720215,1.8768301718567384,0.3651269693585799,0.4536268425733696,surface,0.0,0.0,0.0,0.0,0.95,0.9,-0.05,-0.04,9.6,1.0,0,0.685281742339645,0.8333333333333334,,candidate
614,132,133,145,M,L,M133L,-3.0216143131256104,-0.0453823181778716,0.6278698334297941,0.6872499282107164,surface,0.5666666666666667,31.8,7.2,24.6,0.8,0.8,0.0,0.061,10.0,1.0,19,0.6851280888068113,0.6666666666666666,antibody_interface_mutation;protected_epitope_or_contact;surface_hydrophobic_gain,candidate
615,83,84,96,L,A,L84A,-3.5989298820495605,2.743919529499408,0.24660649234898435,0.3978005280140996,surface,0.19999999999999996,0.0,0.0,0.0,0.95,0.95,0.0,-0.027,10.0,1.0,4,0.684508765944389,0.8333333333333334,surface_hydrophobic_gain,candidate
616,81,82,94,I,A,I82A,-3.328744888305664,2.7472774211037745,0.2461475097641005,0.3616754555652541,surface,0.19999999999999996,0.0,0.0,0.0,0.95,0.95,0.0,-0.013,10.0,1.0,4,0.6843940202981681,0.8333333333333334,surface_hydrophobic_gain,candidate
617,86,87,99,L,V,L87V,-2.615729808807373,1.8014464303843736,0.37543100194682744,0.4492526259653698,surface,0.19999999999999996,0.0,0.0,0.0,0.95,0.95,0.0,0.019,10.0,1.0,4,0.6833815600105164,0.8333333333333334,surface_hydrophobic_gain,candidate
618,33,34,46,S,G,S34G,-3.0716686248779297,1.901801405844651,0.36171370804049396,0.4521879558936652,surface,0.0,0.0,0.0,0.0,0.9,0.8,-0.1,-0.02,10.0,1.0,4,0.6832855698672664,0.8333333333333334,new_glycine,candidate
619,91,92,104,I,V,I92V,-2.513051986694336,1.804308050246732,0.3750398536203978,0.4284152585320657,surface,0.19999999999999996,0.0,0.0,0.0,0.95,0.95,0.0,0.033,10.0,1.0,4,0.6832837729289091,0.8333333333333334,surface_hydrophobic_gain,candidate
620,87,88,100,L,I,L88I,-2.28330135345459,1.8162624908553653,0.37340582825631075,0.4445994427211632,surface,0.19999999999999996,0.0,0.0,0.0,0.95,0.95,0.0,-0.014,10.0,1.0,4,0.6828752665878873,0.8333333333333334,surface_hydrophobic_gain,candidate
621,159,160,172,K,S,K160S,-2.1283175945281982,1.0605062587778775,0.476708432929394,0.421507220095477,surface,0.0,13.0,0.0,13.0,0.95,0.95,0.0,0.012,10.0,1.0,0,0.6825573899224894,0.6666666666666666,,candidate
622,112,113,125,S,Q,S113Q,-3.2257909774780273,2.376986497646044,0.29676173596086564,0.5443530419870862,surface,0.19999999999999996,7.8,0.0,7.8,0.46,0.46,0.0,0.0,10.0,1.0,0,0.6822186030043009,0.6666666666666666,,candidate
623,157,158,170,F,L,F158L,-2.081254720687866,0.352329770042104,0.5735074704358993,0.5671661207188943,surface,0.09999999999999998,13.0,0.0,13.0,0.95,0.95,0.0,0.023,10.0,1.0,4,0.6812809588229253,0.6666666666666666,surface_hydrophobic_gain,candidate
624,37,38,50,S,L,S38L,-2.1524527072906494,0.985138041825735,0.4870103435061951,0.4231540457127382,surface,0.0,0.0,0.0,0.0,0.9,0.9,0.0,0.034,10.0,1.0,4,0.6812763954003583,0.8333333333333334,surface_hydrophobic_gain,candidate
625,78,79,91,R,S,R79S,-2.590327024459839,2.185959824719646,0.32287273847431475,0.4537014271421353,surface,0.0,0.0,0.0,0.0,0.95,0.95,0.0,0.02,10.0,1.0,0,0.6807181846185787,0.8333333333333334,,candidate
626,164,165,177,W,S,W165S,-2.523991584777832,1.1493329909829413,0.4645669084378822,0.5254958566357822,surface,0.0,13.0,0.0,13.0,0.95,0.95,0.0,0.017,10.0,1.0,0,0.6795220087996114,0.6666666666666666,,candidate
627,160,161,173,Y,S,Y161S,-2.0088534355163574,3.787463856762088,0.10396678589003383,0.5119319596256366,surface,0.6,13.0,0.0,13.0,0.95,0.95,0.0,-0.021,10.0,1.0,0,0.6793719781626493,0.6666666666666666,,candidate
628,87,88,100,L,S,L88S,-2.3789894580841064,2.2575631456347764,0.31308544299486807,0.4445994427211632,surface,0.0,0.0,0.0,0.0,0.95,0.95,0.0,-0.034,10.0,1.0,0,0.6782713607487171,0.8333333333333334,,candidate
629,77,78,90,R,T,R78T,-3.1774327754974365,2.276634945460046,0.3104785619476047,0.402710397301052,surface,0.0,0.0,0.0,0.0,0.95,0.95,0.0,0.005,10.0,1.0,0,0.6776196404869012,0.8333333333333334,,candidate
630,166,167,179,S,A,S167A,-3.026456832885742,1.6279449702107058,0.3991465228910006,0.2179212969394062,partial,0.0,8.0,0.0,8.0,0.95,0.95,0.0,0.007,10.0,1.0,0,0.6772514194551446,0.6666666666666666,,candidate
631,91,92,104,I,S,I92S,-2.5449464321136475,2.2879694895773923,0.30892926882846594,0.4284152585320657,surface,0.0,0.0,0.0,0.0,0.95,0.95,0.0,-0.02,10.0,1.0,0,0.6772323172071165,0.8333333333333334,,candidate
632,158,159,171,A,G,A159G,-3.1858327388763428,2.309170240106255,0.3060313863397759,0.3879034039828721,surface,0.6333333333333333,31.0,18.0,13.0,0.95,0.72,-0.23,-0.027,10.0,1.0,4,0.677041045780115,0.5,new_glycine;predicted_tcell_epitope_loss,candidate
633,34,35,47,W,G,W35G,-3.1640825271606445,2.1013522521369623,0.3344375556096394,0.4992718253273959,surface,0.0,0.0,0.0,0.0,0.9,0.9,0.0,-0.003,10.0,1.0,4,0.6764665317595527,0.8333333333333334,new_glycine,candidate
634,95,96,108,V,W,V96W,-3.3578133583068848,1.13218066656691,0.46691142074643843,0.4919852537175682,surface,0.0,0.0,0.0,0.0,0.95,0.9,-0.05,-0.07,10.0,1.0,4,0.6762516647104192,0.8333333333333334,surface_hydrophobic_gain,candidate
635,167,168,180,V,F,V168F,-3.153092384338379,2.01053843002029,0.346850690912781,0.6389901237493387,surface,0.43333333333333335,13.0,0.0,13.0,0.95,0.95,0.0,-0.042,10.0,1.0,4,0.6746167639421458,0.6666666666666666,surface_hydrophobic_gain,candidate
636,98,99,111,D,S,D99S,-2.5847039222717285,1.7084689039460272,0.38813988908460073,0.2089369422290499,partial,0.0,8.0,0.0,8.0,0.95,0.95,0.0,0.021,10.0,1.0,0,0.6744997610035446,0.6666666666666666,,candidate
637,80,81,93,I,V,I81V,-3.0991744995117188,3.2681139176128795,0.17495555075068503,0.2942444384259694,partial,0.19999999999999996,0.0,0.0,0.0,0.95,0.95,0.0,0.033,10.0,1.0,0,0.6737388876876713,0.8333333333333334,,candidate
638,124,125,137,T,N,T125N,-3.4226632118225098,-0.1354087083195168,0.640175336442826,0.5527709717903165,surface,0.19999999999999996,31.8,7.2,24.6,0.35,0.35,0.0,-0.019,10.0,1.0,15,0.6736806550362598,0.6666666666666666,antibody_interface_mutation;protected_epitope_or_contact,candidate
639,112,113,125,S,A,S113A,-3.0545902252197266,0.8058226691160257,0.5115205549640854,0.5443530419870862,surface,0.0,17.0,4.0,13.0,0.46,0.8,0.34,0.007,10.0,1.0,4,0.6728499576545023,0.6666666666666666,surface_hydrophobic_gain,candidate
640,149,150,162,I,T,I150T,-2.238992691040039,1.810397923160053,0.3742074427088202,0.4550307677045951,surface,0.09999999999999998,13.0,0.0,13.0,0.8,0.8,0.0,-0.035,10.0,1.0,0,0.6719321423673459,0.6666666666666666,,candidate
641,27,28,40,I,V,I28V,-3.104893684387207,2.160233272806522,0.3263892424859025,0.4536268425733696,surface,0.19999999999999996,0.0,0.0,0.0,0.95,0.95,0.0,0.033,10.0,1.0,4,0.6711211201452852,0.8333333333333334,surface_hydrophobic_gain,candidate
642,90,91,103,L,I,L91I,-2.373893022537231,2.192399527462669,0.3219925101170228,0.4380239798885004,surface,0.19999999999999996,0.0,0.0,0.0,0.95,0.95,0.0,-0.014,10.0,1.0,4,0.6700219370530653,0.8333333333333334,surface_hydrophobic_gain,candidate
643,78,79,91,R,G,R79G,-3.044483184814453,2.3063777595264696,0.3064130841745365,0.4537014271421353,surface,0.0,0.0,0.0,0.0,0.95,0.85,-0.1,0.0,10.0,1.0,4,0.669460413900777,0.8333333333333334,new_glycine,candidate
644,29,30,42,Q,T,Q30T,-2.725170135498047,3.394571269643393,0.15767038221306895,0.5826530101118101,surface,0.19999999999999996,0.0,0.0,0.0,0.9,0.9,0.0,-0.015,10.0,1.0,0,0.6694175955532673,0.8333333333333334,,candidate
645,30,31,43,S,G,S31G,-2.7900702953338623,2.308510230080344,0.3061216016127608,0.4093287679828966,surface,0.0,0.0,0.0,0.0,0.9,0.9,0.0,-0.02,10.0,1.0,4,0.6693875432603331,0.8333333333333334,new_glycine,candidate
646,85,86,98,I,G,I86G,-3.680143117904663,2.32680086680989,0.30362149597671817,0.4536268425733695,surface,0.0,0.0,0.0,0.0,0.95,0.9,-0.05,-0.04,10.0,1.0,4,0.6687625168513225,0.8333333333333334,new_glycine,candidate
647,30,31,43,S,W,S31W,-3.039381265640259,1.3602077883650736,0.43574291082478744,0.4093287679828966,surface,0.0,0.0,0.0,0.0,0.9,0.95,0.05,-0.017,10.0,1.0,4,0.6684595372300064,0.8333333333333334,surface_hydrophobic_gain,candidate
648,90,91,103,L,T,L91T,-3.1324498653411865,2.572188044282825,0.2700800794320627,0.4380239798885004,surface,0.0,0.0,0.0,0.0,0.95,0.95,0.0,-0.049,10.0,1.0,0,0.6675200198580157,0.8333333333333334,,candidate
649,82,83,95,F,L,F83L,-1.5263842344284058,1.40050139663731,0.43023526892978536,0.5132419918169644,surface,0.0,0.0,0.0,0.0,0.95,0.95,0.0,0.023,10.0,1.0,4,0.667082626756256,0.8333333333333334,surface_hydrophobic_gain,candidate
650,116,117,129,S,L,S117L,-3.5824737548828125,0.3289005476855209,0.5767099576826756,0.6203920695012148,surface,0.0,13.0,0.0,13.0,0.8,0.85,0.05,0.034,10.0,1.0,4,0.6670815806346193,0.6666666666666666,surface_hydrophobic_gain,candidate
651,130,131,143,N,Q,N131Q,-3.337414026260376,2.693176103860935,0.2535424960708189,0.8517087100699299,surface,0.8,31.8,7.2,24.6,0.8,0.8,0.0,0.034,10.0,1.0,15,0.667022444943258,0.5,antibody_interface_mutation;protected_epitope_or_contact,candidate
652,79,80,92,F,G,F80G,-2.908167839050293,2.4044126246228643,0.2930129208898842,0.5082102075834648,surface,0.0,0.0,0.0,0.0,0.95,0.9,-0.05,-0.031,10.0,1.0,4,0.666110373079614,0.8333333333333334,new_glycine,candidate
653,83,84,96,L,M,L84M,-3.893196821212769,2.309427070525601,0.30599628077246244,0.3978005280140996,surface,0.19999999999999996,0.0,0.0,0.0,0.95,0.95,0.0,-0.061,10.0,1.0,4,0.6660228797169252,0.8333333333333334,surface_hydrophobic_gain,candidate
654,27,28,40,I,S,I28S,-2.036527156829834,2.6212502254190326,0.26337388120676875,0.4536268425733696,surface,0.0,0.0,0.0,0.0,0.95,0.9,-0.05,-0.02,10.0,1.0,0,0.6658434703016922,0.8333333333333334,,candidate
655,79,80,92,F,V,F80V,-2.854189395904541,1.4478878434737794,0.42375812302395044,0.5082102075834648,surface,0.0,0.0,0.0,0.0,0.95,0.95,0.0,0.042,10.0,1.0,4,0.6654633402797971,0.8333333333333334,surface_hydrophobic_gain,candidate
656,102,103,115,M,R,M103R,-3.2190098762512207,-1.0371723565584716,0.7634353635636277,0.5808497389206426,surface,0.0,33.0,0.0,33.0,0.95,0.95,0.0,0.007,9.6,1.0,15,0.6651153801263194,0.6666666666666666,antibody_interface_mutation;protected_epitope_or_contact,candidate
657,98,99,111,D,L,D99L,-1.9388976097106936,1.9966130989801627,0.3487541128183149,0.2089369422290499,partial,0.0,8.0,0.0,8.0,0.95,0.95,0.0,0.055,10.0,1.0,0,0.6646533169369732,0.6666666666666666,,candidate
658,94,95,107,L,I,L95I,-2.92321252822876,2.358314168577749,0.29931401425669324,0.384518436948033,surface,0.19999999999999996,0.0,0.0,0.0,0.95,0.95,0.0,-0.014,10.0,1.0,4,0.6643523130879829,0.8333333333333334,surface_hydrophobic_gain,candidate
659,166,167,179,S,Q,S167Q,-2.9691286087036133,3.1609858478813635,0.1895986435458903,0.2179212969394062,partial,0.19999999999999996,4.8,0.0,4.8,0.95,0.95,0.0,0.0,10.0,1.0,0,0.6638785341259092,0.6666666666666666,,candidate
660,124,125,137,T,S,T125S,-2.1783580780029297,0.1647222117453566,0.5991511219280439,0.5527709717903165,surface,0.19999999999999996,31.8,7.2,24.6,0.35,0.35,0.0,0.015,10.0,1.0,15,0.6634246014075643,0.5,antibody_interface_mutation;protected_epitope_or_contact,candidate
661,35,36,48,W,T,W36T,-2.901571989059448,2.6955171079108595,0.25322250953859715,0.241125503512105,partial,0.0,0.0,0.0,0.0,0.9,0.9,0.0,0.002,10.0,1.0,0,0.6633056273846493,0.8333333333333334,,candidate
662,30,31,43,S,V,S31V,-2.8107750415802,1.5303238296767745,0.41249013510388444,0.4093287679828966,surface,0.0,0.0,0.0,0.0,0.9,0.9,0.0,0.053,10.0,1.0,4,0.6626463432997807,0.8333333333333334,surface_hydrophobic_gain,candidate
663,34,35,47,W,L,W35L,-1.6561474800109863,1.543139617638701,0.41073837412433456,0.4992718253273959,surface,0.0,0.0,0.0,0.0,0.9,0.9,0.0,0.051,10.0,1.0,4,0.6622084030548933,0.8333333333333334,surface_hydrophobic_gain,candidate
664,79,80,92,F,C,F80C,-3.143268585205078,0.960482572824958,0.4903804436246094,0.5082102075834648,surface,0.0,0.0,0.0,0.0,0.95,0.9,-0.05,0.046,9.3,0.33333333333333337,10,0.6609046347156763,0.6666666666666666,new_cysteine,candidate
665,37,38,50,S,G,S38G,-2.7433271408081055,2.5710546310903055,0.2702350031098155,0.4231540457127382,surface,0.0,0.0,0.0,0.0,0.9,0.9,0.0,-0.02,10.0,1.0,4,0.6604158936345967,0.8333333333333334,new_glycine,candidate
666,128,129,141,Q,S,Q129S,-2.025979995727539,0.2573122492674429,0.5864951997710839,0.7681570470640114,surface,0.19999999999999996,31.8,7.2,24.6,0.8,0.8,0.0,-0.0,10.0,1.0,15,0.6602606208683243,0.5,antibody_interface_mutation;protected_epitope_or_contact,candidate
667,72,73,85,R,F,R73F,-2.647374153137207,1.6072782834619377,0.4019714054132947,0.7211210401170018,surface,0.0,0.0,0.0,0.0,0.8,0.8,0.0,0.031,10.0,1.0,4,0.6600166608771333,0.8333333333333334,surface_hydrophobic_gain,candidate
668,37,38,50,S,V,S38V,-3.0267529487609863,1.6084311026648948,0.40181382917200414,0.4231540457127382,surface,0.0,0.0,0.0,0.0,0.9,0.9,0.0,0.053,10.0,1.0,4,0.6599772668168106,0.8333333333333334,surface_hydrophobic_gain,candidate
669,139,140,152,T,Q,T140Q,-3.1799445152282715,0.29665759580746,0.5811171736208052,0.56691719820796,surface,0.19999999999999996,31.8,7.2,24.6,0.4,0.4,0.0,0.015,10.0,1.0,15,0.6589161143307546,0.5,antibody_interface_mutation;protected_epitope_or_contact,candidate
670,132,133,145,M,V,M133V,-3.607016324996948,0.3318899316560646,0.5763013455701744,0.6872499282107164,surface,0.4666666666666667,31.8,7.2,24.6,0.8,0.8,0.0,0.08,10.0,1.0,19,0.6572359668419065,0.5,antibody_interface_mutation;protected_epitope_or_contact;surface_hydrophobic_gain,candidate
671,169,170,182,F,V,F170V,-2.663811683654785,1.691713204602593,0.3904301876118623,0.462924149481968,surface,0.0,0.0,0.0,0.0,0.95,0.95,0.0,0.042,10.0,1.0,4,0.6571313564267751,0.8333333333333334,surface_hydrophobic_gain,candidate
672,80,81,93,I,W,I81W,-3.230327606201172,2.8780107838853155,0.2282778630185086,0.2942444384259694,partial,0.0,0.0,0.0,0.0,0.95,0.95,0.0,-0.037,10.0,1.0,0,0.6570694657546272,0.8333333333333334,,candidate
673,73,74,86,W,R,W74R,-2.397904396057129,2.711051476420721,0.2510991519519731,0.3894247264419068,surface,0.0,0.0,0.0,0.0,0.95,0.9,-0.05,-0.003,9.6,1.0,0,0.6567747879879933,0.8333333333333334,,candidate
674,48,49,61,L,Q,L49Q,-2.7756388187408447,2.871770572127218,0.22913082340568403,0.7183934000120901,surface,0.33333333333333337,18.0,18.0,0.0,0.85,0.54,-0.31,-0.034,10.0,1.0,0,0.6565784804993083,0.5,predicted_tcell_epitope_loss,candidate
675,85,86,98,I,W,I86W,-3.6368019580841064,1.7510237202102985,0.3823231677994854,0.4536268425733695,surface,0.0,0.0,0.0,0.0,0.95,0.95,0.0,-0.037,10.0,1.0,4,0.6551046014736809,0.8333333333333334,surface_hydrophobic_gain,candidate
676,116,117,129,S,Q,S117Q,-3.8712453842163086,3.173189317727406,0.18793057894034915,0.6203920695012148,surface,0.19999999999999996,7.8,0.0,7.8,0.8,0.8,0.0,0.0,10.0,1.0,0,0.6550108137491718,0.6666666666666666,,candidate
677,84,85,97,F,W,F85W,-3.708916187286377,2.6393697354675396,0.26089716648849837,0.5082102075834648,surface,0.19999999999999996,0.0,0.0,0.0,0.95,0.95,0.0,-0.028,10.0,1.0,4,0.6547481011459342,0.8333333333333334,surface_hydrophobic_gain,candidate
678,151,152,164,I,L,I152L,-2.4196882247924805,3.4299217844281884,0.15283840055177944,0.2834311721953384,partial,0.19999999999999996,4.8,0.0,4.8,0.9,0.9,0.0,0.014,10.0,1.0,0,0.6546884733773815,0.6666666666666666,,candidate
679,131,132,144,S,N,S132N,-3.315490245819092,0.4285552492810893,0.5630883826221003,0.5163896244357851,surface,0.19999999999999996,31.8,7.2,24.6,0.8,0.8,0.0,-0.034,10.0,1.0,15,0.6544089165810784,0.5,antibody_interface_mutation;protected_epitope_or_contact,candidate
680,166,167,179,S,R,S167R,-2.961732864379883,2.1274980644365087,0.33086374384706607,0.2179212969394062,partial,0.0,8.0,0.0,8.0,0.95,0.95,0.0,-0.02,9.6,1.0,0,0.6541807246941609,0.6666666666666666,,candidate
681,132,133,145,M,N,M133N,-3.5611462593078613,-1.014511539877276,0.760337907945231,0.6872499282107164,surface,0.2666666666666667,53.0,12.0,41.0,0.8,0.8,0.0,-0.007,10.0,1.0,15,0.6540029880527062,0.6666666666666666,antibody_interface_mutation;protected_epitope_or_contact,candidate
682,169,170,182,F,I,F170I,-2.967668056488037,1.7958011216957177,0.37620264638318046,0.462924149481968,surface,0.0,0.0,0.0,0.0,0.95,0.95,0.0,0.009,10.0,1.0,4,0.6535744711196046,0.8333333333333334,surface_hydrophobic_gain,candidate
683,36,37,49,T,D,T37D,-3.0444722175598145,3.0072970762859086,0.21060601304011795,0.3704552175657172,surface,0.0,0.0,0.0,0.0,0.9,0.9,0.0,-0.006,10.0,1.0,0,0.6526515032600295,0.8333333333333334,,candidate
684,92,93,105,F,W,F93W,-4.03664493560791,2.7185223276127317,0.2500779782526994,0.5781800209636044,surface,0.19999999999999996,0.0,0.0,0.0,0.95,0.95,0.0,-0.028,10.0,1.0,4,0.6520433040869844,0.8333333333333334,surface_hydrophobic_gain,candidate
685,157,158,170,F,V,F158V,-2.757528305053711,0.769262007597888,0.5165179488367269,0.5671661207188943,surface,0.0,13.0,0.0,13.0,0.95,0.9,-0.05,0.042,10.0,1.0,4,0.6520335784231321,0.6666666666666666,surface_hydrophobic_gain,candidate
686,80,81,93,I,F,I81F,-1.875370979309082,3.049847463875608,0.2047898971004819,0.2942444384259694,partial,0.0,0.0,0.0,0.0,0.95,0.95,0.0,-0.009,10.0,1.0,0,0.6511974742751205,0.8333333333333334,,candidate
687,132,133,145,M,S,M133S,-1.3677241802215576,-0.4749941015597301,0.6865924933800784,0.6872499282107164,surface,0.3666666666666667,53.0,12.0,41.0,0.8,0.8,0.0,0.027,10.0,1.0,15,0.650566634411418,0.6666666666666666,antibody_interface_mutation;protected_epitope_or_contact,candidate
688,90,91,103,L,F,L91F,-2.1433286666870117,1.8887655356607524,0.363495551559634,0.4380239798885004,surface,0.0,0.0,0.0,0.0,0.95,0.95,0.0,-0.023,10.0,1.0,4,0.6503976974137181,0.8333333333333334,surface_hydrophobic_gain,candidate
689,31,32,44,L,W,L32W,-2.619819402694702,1.916137284535239,0.35975416930808535,0.4979948892504272,surface,0.0,0.0,0.0,0.0,0.9,0.9,0.0,-0.051,10.0,1.0,4,0.6494623518508309,0.8333333333333334,surface_hydrophobic_gain,candidate
690,132,133,145,M,T,M133T,-1.337791919708252,0.0320575171888322,0.6172847580320764,0.6872499282107164,surface,0.4666666666666667,53.0,12.0,41.0,0.8,0.8,0.0,0.012,10.0,1.0,15,0.6482397005744175,0.5,antibody_interface_mutation;protected_epitope_or_contact,candidate
691,93,94,106,L,G,L94G,-2.8008198738098145,2.929742222297022,0.2212068100723431,0.5380192172919587,surface,0.0,0.0,0.0,0.0,0.95,0.95,0.0,-0.054,10.0,1.0,4,0.6481588453752287,0.8333333333333334,new_glycine,candidate
692,98,99,111,D,W,D99W,-2.847134828567505,2.509756326684567,0.27861372926302197,0.2089369422290499,partial,0.0,8.0,0.0,8.0,0.95,0.95,0.0,0.004,10.0,1.0,0,0.6471182210481499,0.6666666666666666,,candidate
693,168,169,181,R,L,R169L,-1.7100673913955688,0.9493566392362708,0.49190122224388955,0.5968501372916125,surface,0.0,13.0,0.0,13.0,0.95,0.95,0.0,0.054,10.0,1.0,4,0.6458793967749228,0.6666666666666666,surface_hydrophobic_gain,candidate
694,149,150,162,I,L,I150L,-2.676214694976806,2.2564926871909847,0.3132317615308515,0.4550307677045951,surface,0.19999999999999996,7.8,0.0,7.8,0.8,0.85,0.05,0.014,10.0,1.0,4,0.645859918920607,0.6666666666666666,surface_hydrophobic_gain,candidate
695,105,106,118,V,N,V106N,-3.289377212524414,-0.290965792444581,0.6614380813378247,0.4843894604453542,surface,0.0,33.0,0.0,33.0,0.8,0.8,0.0,-0.087,10.0,1.0,15,0.6456160595698687,0.6666666666666666,antibody_interface_mutation;protected_epitope_or_contact,candidate
696,32,33,45,D,W,D33W,-2.9247021675109863,2.044204973809144,0.3422488874262668,0.3818348357506892,surface,0.0,0.0,0.0,0.0,0.9,0.9,0.0,0.004,10.0,1.0,4,0.6450860313803762,0.8333333333333334,surface_hydrophobic_gain,candidate
697,169,170,182,F,L,F170L,-1.8556889295578003,2.0613651464108216,0.3399033023670208,0.462924149481968,surface,0.0,0.0,0.0,0.0,0.95,0.95,0.0,0.023,10.0,1.0,4,0.6444996351155647,0.8333333333333334,surface_hydrophobic_gain,candidate
698,88,89,101,L,V,L89V,-2.258749485015869,2.9445596737788264,0.2191814462477143,0.5720354447561771,surface,0.19999999999999996,0.0,0.0,0.0,0.95,0.95,0.0,0.019,10.0,1.0,4,0.6443191710857382,0.8333333333333334,surface_hydrophobic_gain,candidate
699,164,165,177,W,R,W165R,-2.98005747795105,2.02695301022203,0.34460701918705305,0.5254958566357822,surface,0.0,13.0,0.0,13.0,0.95,0.95,0.0,-0.003,9.6,1.0,0,0.6435320364869042,0.6666666666666666,,candidate
700,154,155,167,S,V,S155V,-2.7268505096435547,2.628481934992294,0.2623853952327879,0.2938837912028254,partial,0.0,8.0,0.0,8.0,0.9,0.9,0.0,0.053,10.0,1.0,0,0.6430611375405914,0.6666666666666666,,candidate
701,87,88,100,L,Y,L88Y,-3.615821599960327,2.1053279866537196,0.33389412147884734,0.4445994427211632,surface,0.0,0.0,0.0,0.0,0.95,0.95,0.0,-0.013,10.0,1.0,4,0.6429973398935214,0.8333333333333334,surface_hydrophobic_gain,candidate
702,90,91,103,L,G,L91G,-2.7525103092193604,3.099496144170473,0.19800353163586348,0.4380239798885004,surface,0.0,0.0,0.0,0.0,0.95,0.85,-0.1,-0.054,10.0,1.0,4,0.6423580257661088,0.8333333333333334,new_glycine,candidate
703,81,82,94,I,R,I82R,-3.031381607055664,3.13639939673169,0.19295930977082776,0.3616754555652541,surface,0.0,0.0,0.0,0.0,0.95,0.95,0.0,-0.04,9.6,1.0,0,0.6422398274427069,0.8333333333333334,,candidate
704,109,110,122,I,A,I110A,-2.9519033432006836,4.789236475669497,0.0,0.4631866611767308,surface,0.4666666666666667,7.8,0.0,7.8,0.8,0.8,0.0,-0.013,10.0,1.0,4,0.6408853118712274,0.6666666666666666,surface_hydrophobic_gain,candidate
705,77,78,90,R,A,R78A,-3.297255516052246,3.144978633438427,0.1917866333702949,0.402710397301052,surface,0.0,0.0,0.0,0.0,0.95,0.95,0.0,0.027,10.0,1.0,4,0.6408038011997166,0.8333333333333334,surface_hydrophobic_gain,candidate
706,78,79,91,R,Y,R79Y,-3.133955717086792,2.1702945155102498,0.32501399404807485,0.4537014271421353,surface,0.0,0.0,0.0,0.0,0.95,0.95,0.0,0.041,10.0,1.0,4,0.6407773080358283,0.8333333333333334,surface_hydrophobic_gain,candidate
707,161,162,174,L,S,L162S,-2.632715940475464,2.2853446787077587,0.30928804827096157,0.3704698597937473,surface,0.0,13.0,0.0,13.0,0.95,0.95,0.0,-0.034,10.0,1.0,0,0.6407022937578812,0.6666666666666666,,candidate
708,153,154,166,S,A,S154A,-3.0019705295562744,2.701452444717404,0.2524112218168372,0.3249329418635016,partial,0.0,8.0,0.0,8.0,0.9,0.9,0.0,0.007,10.0,1.0,0,0.6405675941866037,0.6666666666666666,,candidate
709,149,150,162,I,N,I150N,-3.212094783782959,2.2987730373808404,0.30745255639072855,0.4550307677045951,surface,0.0,13.0,0.0,13.0,0.8,0.8,0.0,-0.054,10.0,1.0,0,0.640243420787823,0.6666666666666666,,candidate
710,99,100,112,Y,A,Y100A,-3.0632777214050293,2.1247682608548644,0.3312368745051548,0.6622198273446417,surface,0.0,13.0,0.0,13.0,0.95,0.95,0.0,-0.014,10.0,1.0,4,0.6390466431735724,0.6666666666666666,surface_hydrophobic_gain,candidate
711,29,30,42,Q,I,Q30I,-3.0661206245422363,2.250173794659986,0.31409547661436077,0.5826530101118101,surface,0.0,0.0,0.0,0.0,0.9,0.9,0.0,0.02,10.0,1.0,4,0.6380476786773998,0.8333333333333334,surface_hydrophobic_gain,candidate
712,76,77,89,L,T,L77T,-2.877896785736084,3.4418840542322187,0.1512033050327367,0.360486034638781,surface,0.0,0.0,0.0,0.0,0.95,0.95,0.0,-0.049,10.0,1.0,0,0.6378008262581842,0.8333333333333334,,candidate
713,82,83,95,F,G,F83G,-3.188694953918457,3.238264526033049,0.17903559636225352,0.5132419918169644,surface,0.0,0.0,0.0,0.0,0.95,0.9,-0.05,-0.031,10.0,1.0,4,0.6376160419477063,0.8333333333333334,new_glycine,candidate
714,147,148,160,T,L,T148L,-2.7297608852386475,1.2361989354772618,0.4526933995698392,0.4577464151339491,surface,0.0,13.0,0.0,13.0,0.54,0.54,0.0,0.049,10.0,1.0,4,0.6360774411064102,0.6666666666666666,surface_hydrophobic_gain,candidate
715,97,98,110,L,F,L98F,-2.717433452606201,2.371704817556804,0.29748367682897947,0.3839510746926833,surface,0.0,0.0,0.0,0.0,0.95,0.95,0.0,-0.023,10.0,1.0,4,0.6338947287310545,0.8333333333333334,surface_hydrophobic_gain,candidate
716,166,167,179,S,K,S167K,-2.7531538009643555,2.7397994659862093,0.24716965448284056,0.2179212969394062,partial,0.0,8.0,0.0,8.0,0.95,0.95,0.0,-0.012,9.6,1.0,0,0.6332572023531046,0.6666666666666666,,candidate
717,108,109,121,L,S,L109S,-2.050854206085205,2.51274465850031,0.27820526096717324,0.8519475990356202,surface,0.0,13.0,0.0,13.0,0.8,0.8,0.0,-0.034,10.0,1.0,0,0.6329315969319341,0.6666666666666666,,candidate
718,161,162,174,L,A,L162A,-2.781280517578125,3.618231601967807,0.12709875883704047,0.3704698597937473,surface,0.19999999999999996,7.8,0.0,7.8,0.95,0.95,0.0,-0.027,10.0,1.0,4,0.6326600015804875,0.6666666666666666,surface_hydrophobic_gain,candidate
719,169,170,182,F,S,F170S,-2.4612436294555664,3.613082724924027,0.12780254715817918,0.462924149481968,surface,0.0,0.0,0.0,0.0,0.95,0.95,0.0,-0.011,10.0,1.0,0,0.6319506367895448,0.8333333333333334,,candidate
720,86,87,99,L,I,L87I,-2.193608045578003,3.3209481979571365,0.16773375284293057,0.4492526259653698,surface,0.19999999999999996,0.0,0.0,0.0,0.95,0.95,0.0,-0.014,10.0,1.0,4,0.6314572477345423,0.8333333333333334,surface_hydrophobic_gain,candidate
721,116,117,129,S,A,S117A,-3.0681519508361816,2.3564380627350374,0.29957045490775047,0.6203920695012148,surface,0.0,13.0,0.0,13.0,0.8,0.85,0.05,0.007,10.0,1.0,4,0.6311300382742213,0.6666666666666666,surface_hydrophobic_gain,candidate
722,95,96,108,V,S,V96S,-2.628010511398315,3.649234821649827,0.12286099908003445,0.4919852537175682,surface,0.0,0.0,0.0,0.0,0.95,0.9,-0.05,-0.053,10.0,1.0,0,0.6307152497700086,0.8333333333333334,,candidate
723,48,49,61,L,S,L49S,-2.049304485321045,3.6436996639017702,0.12361758723423188,0.7183934000120901,surface,0.33333333333333337,18.0,18.0,0.0,0.85,0.54,-0.31,-0.034,10.0,1.0,0,0.6302001714564454,0.5,predicted_tcell_epitope_loss,candidate
724,36,37,49,T,S,T37S,-2.1218247413635254,4.8570794022371615,0.0,0.3704552175657172,surface,0.19999999999999996,0.0,0.0,0.0,0.9,0.9,0.0,0.015,10.0,1.0,0,0.63,0.8333333333333334,,candidate
725,74,75,87,M,A,M75A,-3.0383100509643555,4.98404153139478,0.0,0.2005766659645047,partial,0.19999999999999996,0.0,0.0,0.0,0.95,0.95,0.0,0.034,10.0,1.0,0,0.63,0.8333333333333334,,candidate
726,109,110,122,I,T,I110T,-2.71274733543396,2.2895241747071395,0.3087167624454118,0.4631866611767308,surface,0.2666666666666667,31.0,18.0,13.0,0.8,0.46,-0.34,-0.035,10.0,1.0,0,0.6298552469493811,0.5,predicted_tcell_epitope_loss,candidate
727,98,99,111,D,G,D99G,-2.908155679702759,2.811525722135684,0.2373655552651317,0.2089369422290499,partial,0.0,8.0,0.0,8.0,0.95,0.85,-0.1,0.001,10.0,1.0,4,0.6296633204058202,0.6666666666666666,new_glycine,candidate
728,168,169,181,R,V,R169V,-2.2959401607513428,1.424543886859453,0.4269489554898721,0.5968501372916125,surface,0.0,13.0,0.0,13.0,0.95,0.95,0.0,0.073,10.0,1.0,4,0.6296413300864184,0.6666666666666666,surface_hydrophobic_gain,candidate
729,93,94,106,L,F,L94F,-2.0939722061157227,2.5227038169850857,0.27684396618962137,0.5380192172919587,surface,0.0,0.0,0.0,0.0,0.95,0.95,0.0,-0.023,10.0,1.0,4,0.6287348010712149,0.8333333333333334,surface_hydrophobic_gain,candidate
730,98,99,111,D,Y,D99Y,-3.0679826736450195,3.050213435790795,0.20473987322972653,0.2089369422290499,partial,0.0,8.0,0.0,8.0,0.95,0.95,0.0,0.042,10.0,1.0,0,0.6286497570398261,0.6666666666666666,,candidate
731,103,104,116,L,V,L104V,-2.683227062225342,2.46901819531206,0.28418213201204845,0.2635899393135536,partial,0.19999999999999996,16.8,0.0,16.8,0.8,0.8,0.0,0.019,10.0,1.0,15,0.626935875055326,0.5,antibody_interface_mutation;protected_epitope_or_contact,candidate
732,97,98,110,L,R,L98R,-3.3416061401367188,3.5950340372669416,0.13026958132445077,0.3839510746926833,surface,0.0,0.0,0.0,0.0,0.95,0.95,0.0,-0.054,9.6,1.0,0,0.6265673953311127,0.8333333333333334,,candidate
733,156,157,169,A,S,A157S,-2.029944896697998,3.1198867414065035,0.19521638716266287,0.3057614228944624,partial,0.0,8.0,0.0,8.0,0.9,0.9,0.0,-0.007,10.0,1.0,0,0.6262688855230601,0.6666666666666666,,candidate
734,116,117,129,S,N,S117N,-3.614041805267334,4.454147435267487,0.012839320142164934,0.6203920695012148,surface,0.30000000000000004,7.8,0.0,7.8,0.8,0.8,0.0,-0.034,10.0,1.0,0,0.6262379990496257,0.6666666666666666,,candidate
735,168,169,181,R,S,R169S,-2.7620186805725098,2.737441019706637,0.24749202515385926,0.5968501372916125,surface,0.0,13.0,0.0,13.0,0.95,0.95,0.0,0.02,10.0,1.0,0,0.6252532879786057,0.6666666666666666,,candidate
736,91,92,104,I,T,I92T,-3.209801197052002,3.8471394098349943,0.09580986993475005,0.4284152585320657,surface,0.0,0.0,0.0,0.0,0.95,0.95,0.0,-0.035,10.0,1.0,0,0.6239524674836875,0.8333333333333334,,candidate
737,74,75,87,M,S,M75S,-1.955883741378784,3.039566930775436,0.2061951198450649,0.2005766659645047,partial,0.0,10.0,10.0,0.0,0.95,0.8,-0.15,0.027,10.0,1.0,0,0.6233797658767591,0.6666666666666666,,candidate
738,32,33,45,D,T,D33T,-2.987304210662842,3.870971062318347,0.0925523754269949,0.3818348357506892,surface,0.0,0.0,0.0,0.0,0.9,0.9,0.0,0.006,10.0,1.0,0,0.6231380938567488,0.8333333333333334,,candidate
739,27,28,40,I,F,I28F,-2.8007454872131348,2.6905206323484663,0.2539054664470196,0.4536268425733696,surface,0.0,0.0,0.0,0.0,0.95,0.95,0.0,-0.009,10.0,1.0,4,0.6230001761355645,0.8333333333333334,surface_hydrophobic_gain,candidate
740,159,160,172,K,L,K160L,-2.3527684211730957,1.6200042168898676,0.40023192644613126,0.421507220095477,surface,0.0,13.0,0.0,13.0,0.95,0.95,0.0,0.046,10.0,1.0,4,0.6229620728254832,0.6666666666666666,surface_hydrophobic_gain,candidate
741,114,115,127,T,N,T115N,-2.5297279357910156,3.690380858725121,0.11723684062596662,0.8224517875406545,surface,0.30000000000000004,18.6,10.8,7.8,0.8,0.46,-0.34,-0.019,10.0,1.0,0,0.6219148439593085,0.5,predicted_tcell_epitope_loss,candidate
742,110,111,123,P,S,P111S,-2.0210976600646973,2.83720809576738,0.23385508988259884,0.7753362151228865,surface,0.0,13.0,0.0,13.0,0.46,0.46,0.0,-0.007,10.0,1.0,0,0.6218440541607906,0.6666666666666666,,candidate
743,95,96,108,V,Y,V96Y,-3.3788723945617676,2.7422411938172786,0.24683590024550028,0.4919852537175682,surface,0.0,0.0,0.0,0.0,0.95,0.9,-0.05,-0.032,10.0,1.0,4,0.6212327845851846,0.8333333333333334,surface_hydrophobic_gain,candidate
744,35,36,48,W,V,W36V,-2.8136892318725586,3.945481413288064,0.08236772460497155,0.241125503512105,partial,0.0,0.0,0.0,0.0,0.9,0.9,0.0,0.07,10.0,1.0,0,0.6205919311512429,0.8333333333333334,,candidate
745,119,120,132,P,D,P120D,-3.115144729614258,0.4482125703398765,0.5604014680058811,0.5295085263070328,surface,0.0,33.0,0.0,33.0,0.8,0.8,0.0,-0.028,10.0,1.0,15,0.6203569062368828,0.5,antibody_interface_mutation;protected_epitope_or_contact,candidate
746,34,35,47,W,C,W35C,-3.1337738037109375,2.155744235886573,0.3270028387575862,0.4992718253273959,surface,0.0,0.0,0.0,0.0,0.9,0.9,0.0,0.074,9.3,0.33333333333333337,10,0.6200602334989205,0.6666666666666666,new_cysteine,candidate
747,158,159,171,A,W,A159W,-2.082785129547119,2.1265871731317816,0.33098825151284306,0.3879034039828721,surface,0.43333333333333335,31.0,18.0,13.0,0.95,0.72,-0.23,-0.024,10.0,1.0,4,0.6199469287400485,0.5,predicted_tcell_epitope_loss;surface_hydrophobic_gain,candidate
748,91,92,104,I,F,I92F,-2.2575411796569824,2.8006525427445013,0.23885178548661368,0.4284152585320657,surface,0.0,0.0,0.0,0.0,0.95,0.95,0.0,-0.009,10.0,1.0,4,0.619236755895463,0.8333333333333334,surface_hydrophobic_gain,candidate
749,77,78,90,R,L,R78L,-1.7604379653930664,2.816938524218358,0.2366256916292302,0.402710397301052,surface,0.0,0.0,0.0,0.0,0.95,0.95,0.0,0.054,10.0,1.0,4,0.6186802324311171,0.8333333333333334,surface_hydrophobic_gain,candidate
750,48,49,61,L,V,L49V,-3.686654090881348,4.281151563772426,0.036485733316959035,0.7183934000120901,surface,0.33333333333333337,0.0,0.0,0.0,0.85,0.85,0.0,0.019,10.0,1.0,4,0.6186452428530493,0.8333333333333334,surface_hydrophobic_gain,candidate
751,88,89,101,L,Y,L89Y,-3.779207229614258,2.8330567984414188,0.23442252129545715,0.5720354447561771,surface,0.0,0.0,0.0,0.0,0.95,0.95,0.0,-0.013,10.0,1.0,4,0.6181294398476739,0.8333333333333334,surface_hydrophobic_gain,candidate
752,154,155,167,S,F,S155F,-2.465078353881836,3.3627544643359215,0.16201934914332272,0.2938837912028254,partial,0.0,8.0,0.0,8.0,0.9,0.9,0.0,0.011,10.0,1.0,0,0.617969626018225,0.6666666666666666,,candidate
753,80,81,93,I,R,I81R,-3.4803080558776855,3.882093075305363,0.09103213270586197,0.2942444384259694,partial,0.0,0.0,0.0,0.0,0.95,0.95,0.0,-0.04,9.6,1.0,0,0.6167580331764655,0.8333333333333334,,candidate
754,105,106,118,V,T,V106T,-2.5086002349853516,0.553821536792384,0.545966017991282,0.4843894604453542,surface,0.0,33.0,0.0,33.0,0.8,0.8,0.0,-0.068,10.0,1.0,15,0.616748043733233,0.5,antibody_interface_mutation;protected_epitope_or_contact,candidate
755,165,166,178,A,S,A166S,-2.853762626647949,1.948545712807288,0.355324334777101,0.2059520988595206,partial,0.0,26.0,18.0,8.0,0.95,0.72,-0.23,-0.007,10.0,1.0,0,0.6155916470745569,0.5,predicted_tcell_epitope_loss,candidate
756,122,123,135,T,N,T123N,-1.614355444908142,2.5571098935303667,0.27214107764851225,0.5653338355105508,surface,0.19999999999999996,19.8,0.0,19.8,0.35,0.35,0.0,-0.019,10.0,1.0,15,0.6154749072390898,0.5,antibody_interface_mutation;protected_epitope_or_contact,candidate
757,39,40,52,N,R,N40R,-3.113615036010742,3.951352305722594,0.0815652456382081,0.2317580288796837,partial,0.0,0.0,0.0,0.0,0.54,0.54,0.0,0.014,9.6,1.0,0,0.614391311409552,0.8333333333333334,,candidate
758,132,133,145,M,A,M133A,-3.367527961730957,2.5947941841002944,0.2669900974701157,0.6872499282107164,surface,0.4666666666666667,31.8,7.2,24.6,0.8,0.8,0.0,0.034,10.0,1.0,19,0.6132414881502252,0.5,antibody_interface_mutation;protected_epitope_or_contact;surface_hydrophobic_gain,candidate
759,108,109,121,L,V,L109V,-2.7299964427948,3.233066799047606,0.17974606187108555,0.8519475990356202,surface,0.19999999999999996,7.8,0.0,7.8,0.8,0.8,0.0,0.019,10.0,1.0,4,0.6124884940056655,0.6666666666666666,surface_hydrophobic_gain,candidate
760,122,123,135,T,A,T123A,-3.046203136444092,0.9323364859220646,0.49422766838441234,0.5653338355105508,surface,0.09999999999999998,33.0,0.0,33.0,0.35,0.36,0.01,0.022,10.0,1.0,19,0.6116705991886584,0.5,antibody_interface_mutation;protected_epitope_or_contact;surface_hydrophobic_gain,candidate
761,98,99,111,D,F,D99F,-2.6166865825653076,3.572434913165353,0.13335860432411162,0.2089369422290499,partial,0.0,8.0,0.0,8.0,0.95,0.95,0.0,0.032,10.0,1.0,0,0.6108044398134223,0.6666666666666666,,candidate
762,158,159,171,A,T,A159T,-3.371455430984497,3.5844534051775554,0.13171582391899295,0.3879034039828721,surface,0.43333333333333335,31.0,18.0,13.0,0.95,0.72,-0.23,-0.022,10.0,1.0,0,0.6106050123177764,0.5,predicted_tcell_epitope_loss,candidate
763,111,112,124,G,N,G112N,-2.4283957481384277,3.1999895656716717,0.1842673138543085,0.6869945400310018,surface,0.0,13.0,0.0,13.0,0.46,0.5,0.04,-0.014,10.0,1.0,0,0.609447110153718,0.6666666666666666,,candidate
764,116,117,129,S,G,S117G,-2.978362560272217,3.4917159322680504,0.14439189868455193,0.6203920695012148,surface,0.09999999999999998,13.0,0.0,13.0,0.8,0.8,0.0,-0.02,10.0,1.0,4,0.6073353992184217,0.6666666666666666,new_glycine,candidate
765,127,128,140,A,L,A128L,-3.0000762939453125,0.6454675366381366,0.5334391342024303,0.7960268775940537,surface,0.19999999999999996,31.8,7.2,24.6,0.8,0.8,0.0,0.027,10.0,1.0,19,0.6065204139999705,0.5,antibody_interface_mutation;protected_epitope_or_contact;surface_hydrophobic_gain,candidate
766,32,33,45,D,F,D33F,-2.7664880752563477,3.185117566080919,0.18630013373618837,0.3818348357506892,surface,0.0,0.0,0.0,0.0,0.9,0.9,0.0,0.032,10.0,1.0,4,0.6060988429578567,0.8333333333333334,surface_hydrophobic_gain,candidate
767,91,92,104,I,G,I92G,-2.838752508163452,4.170979492943161,0.05154490371586551,0.4284152585320657,surface,0.0,0.0,0.0,0.0,0.95,0.9,-0.05,-0.04,10.0,1.0,4,0.6057433687861092,0.8333333333333334,new_glycine,candidate
768,36,37,49,T,G,T37G,-2.6808664798736572,4.190382666031667,0.048892728009083175,0.3704552175657172,surface,0.0,0.0,0.0,0.0,0.9,0.8,-0.1,-0.005,10.0,1.0,4,0.6050803248594137,0.8333333333333334,new_glycine,candidate
769,142,143,155,T,L,T143L,-2.836843967437744,0.4250589700412206,0.5635662810989015,0.6220861953755906,surface,0.5333333333333333,53.0,12.0,41.0,0.35,0.7,0.35,0.049,10.0,1.0,19,0.6043338908649334,0.5,antibody_interface_mutation;protected_epitope_or_contact;surface_hydrophobic_gain,candidate
770,121,122,134,K,A,K122A,-3.21059513092041,1.862104062003368,0.3671398479032575,0.8086949898278086,surface,0.6,51.0,18.0,33.0,0.8,0.35,-0.45,0.019,10.0,1.0,19,0.604194418716257,0.3333333333333333,antibody_interface_mutation;predicted_tcell_epitope_loss;protected_epitope_or_contact;surface_hydrophobic_gain,candidate
771,168,169,181,R,I,R169I,-2.4074323177337646,2.1948959527347824,0.3216512794105659,0.5968501372916125,surface,0.0,13.0,0.0,13.0,0.95,0.95,0.0,0.04,10.0,1.0,4,0.6033169110665919,0.6666666666666666,surface_hydrophobic_gain,candidate
772,32,33,45,D,G,D33G,-3.095226764678955,4.25000886425272,0.040742558256520844,0.3818348357506892,surface,0.0,0.0,0.0,0.0,0.9,0.9,0.0,0.001,10.0,1.0,4,0.6030427824212731,0.8333333333333334,new_glycine,candidate
773,88,89,101,L,C,L89C,-3.3592405319213867,2.6579916972314663,0.2583517727852296,0.5720354447561771,surface,0.0,0.0,0.0,0.0,0.95,0.85,-0.1,0.023,9.3,0.33333333333333337,10,0.6028974670058314,0.6666666666666666,new_cysteine,candidate
774,73,74,86,W,T,W74T,-2.923222780227661,4.479372296034285,0.009391391155111672,0.3894247264419068,surface,0.0,0.0,0.0,0.0,0.95,0.9,-0.05,0.002,10.0,1.0,0,0.6023478477887779,0.8333333333333334,,candidate
775,142,143,155,T,E,T143E,-3.178567409515381,1.245993950892057,0.4513545411361086,0.6220861953755906,surface,0.43333333333333335,53.0,12.0,41.0,0.35,0.35,0.0,-0.008,10.0,1.0,15,0.6017571463504255,0.5,antibody_interface_mutation;protected_epitope_or_contact,candidate
776,31,32,44,L,G,L32G,-2.95153284072876,4.291061734408345,0.035131134577321754,0.4979948892504272,surface,0.0,0.0,0.0,0.0,0.9,0.8,-0.1,-0.054,10.0,1.0,4,0.6016399265014734,0.8333333333333334,new_glycine,candidate
777,92,93,105,F,T,F93T,-3.3966102600097656,4.500729566655934,0.006472114290057562,0.5781800209636044,surface,0.0,0.0,0.0,0.0,0.95,0.95,0.0,-0.026,10.0,1.0,0,0.6016180285725145,0.8333333333333334,,candidate
778,135,136,148,S,T,S136T,-2.5668179988861084,1.9778775626924696,0.35131503076555515,0.4333771530376341,surface,0.19999999999999996,31.8,7.2,24.6,0.4,0.4,0.0,-0.015,10.0,1.0,15,0.601465578616942,0.5,antibody_interface_mutation;protected_epitope_or_contact,candidate
779,163,164,176,E,T,E164T,-2.6384754180908203,3.4605711729413997,0.1486490051744518,0.4284740173489859,surface,0.0,13.0,0.0,13.0,0.95,0.95,0.0,0.008,10.0,1.0,0,0.6005425329837538,0.6666666666666666,,candidate
780,83,84,96,L,S,L84S,-2.71439790725708,4.543369871338427,0.0006437077870149466,0.3978005280140996,surface,0.0,0.0,0.0,0.0,0.95,0.95,0.0,-0.034,10.0,1.0,0,0.6001609269467537,0.8333333333333334,,candidate
781,88,89,101,L,S,L89S,-2.672633647918701,4.59547179176252,0.0,0.5720354447561771,surface,0.0,0.0,0.0,0.0,0.95,0.95,0.0,-0.034,10.0,1.0,0,0.6,0.8333333333333334,,candidate
782,169,170,182,F,T,F170T,-3.0592501163482666,4.774563542317253,0.0,0.462924149481968,surface,0.0,0.0,0.0,0.0,0.95,0.95,0.0,-0.026,10.0,1.0,0,0.6,0.8333333333333334,,candidate
783,86,87,99,L,T,L87T,-3.2485220432281494,4.977891274725835,0.0,0.4492526259653698,surface,0.0,0.0,0.0,0.0,0.95,0.95,0.0,-0.049,10.0,1.0,0,0.6,0.8333333333333334,,candidate
784,96,97,109,L,T,L97T,-3.4115660190582275,4.78068781411838,0.0,0.4260077787338744,surface,0.0,0.0,0.0,0.0,0.95,0.95,0.0,-0.049,10.0,1.0,0,0.6,0.8333333333333334,,candidate
785,77,78,90,R,G,R78G,-2.7966625690460205,4.340278187404692,0.02840384928148343,0.402710397301052,surface,0.0,0.0,0.0,0.0,0.95,0.9,-0.05,0.0,10.0,1.0,4,0.5999581051775138,0.8333333333333334,new_glycine,review_manually
786,163,164,176,E,N,E164N,-3.053455114364624,3.5198226567798656,0.14055005428067857,0.4284740173489859,surface,0.0,13.0,0.0,13.0,0.95,0.95,0.0,-0.011,10.0,1.0,0,0.5985177952603105,0.6666666666666666,,review_manually
787,32,33,45,D,V,D33V,-2.9489150047302246,3.415631032777128,0.15479177097154107,0.3818348357506892,surface,0.0,0.0,0.0,0.0,0.9,0.9,0.0,0.074,10.0,1.0,4,0.5982217522666948,0.8333333333333334,surface_hydrophobic_gain,review_manually
788,164,165,177,W,G,W165G,-2.959531545639038,3.324487879634546,0.16724992178541498,0.5254958566357822,surface,0.0,13.0,0.0,13.0,0.95,0.95,0.0,-0.003,10.0,1.0,4,0.5980499049936375,0.6666666666666666,new_glycine,review_manually
789,161,162,174,L,T,L162T,-3.0357069969177246,3.544248538236843,0.13721133596272883,0.3704698597937473,surface,0.0,13.0,0.0,13.0,0.95,0.95,0.0,-0.049,10.0,1.0,0,0.5976831156808231,0.6666666666666666,,review_manually
790,36,37,49,T,L,T37L,-2.5805678367614746,3.4534835347839703,0.14961779835347744,0.3704552175657172,surface,0.0,0.0,0.0,0.0,0.9,0.9,0.0,0.049,10.0,1.0,4,0.596928259112179,0.8333333333333334,surface_hydrophobic_gain,review_manually
791,112,113,125,S,C,S113C,-2.3341240882873535,1.771222253770361,0.3795622760743912,0.5443530419870862,surface,0.0,13.0,0.0,13.0,0.46,0.46,0.0,0.057,9.3,0.33333333333333337,10,0.5965803745182626,0.5,new_cysteine,review_manually
792,73,74,86,W,G,W74G,-2.737582206726074,4.451322566715589,0.01322544501535039,0.3894247264419068,surface,0.0,0.0,0.0,0.0,0.95,0.9,-0.05,-0.003,10.0,1.0,4,0.5961635041109805,0.8333333333333334,new_glycine,review_manually
793,37,38,50,S,C,S38C,-2.8139240741729736,2.8652558198831457,0.23002131010899907,0.4231540457127382,surface,0.0,0.0,0.0,0.0,0.9,0.9,0.0,0.057,9.3,0.33333333333333337,10,0.5958148513367737,0.6666666666666666,new_cysteine,review_manually
794,121,122,134,K,S,K122S,-2.140949249267578,2.3266065122626287,0.3036480618588241,0.8086949898278086,surface,0.6,51.0,18.0,33.0,0.8,0.35,-0.45,0.012,10.0,1.0,15,0.5954643293480057,0.3333333333333333,antibody_interface_mutation;predicted_tcell_epitope_loss;protected_epitope_or_contact,review_manually
795,92,93,105,F,V,F93V,-2.535823106765747,3.5148182344855172,0.14123409740986215,0.5781800209636044,surface,0.0,0.0,0.0,0.0,0.95,0.95,0.0,0.042,10.0,1.0,4,0.5948323338762751,0.8333333333333334,surface_hydrophobic_gain,review_manually
796,38,39,51,L,I,L39I,-3.1755590438842773,4.395797617292487,0.020815024374795987,0.3758005017045072,surface,0.19999999999999996,0.0,0.0,0.0,0.9,0.9,0.0,-0.014,10.0,1.0,4,0.5947275656175086,0.8333333333333334,surface_hydrophobic_gain,review_manually
797,29,30,42,Q,R,Q30R,-3.087117910385132,4.777534736450093,0.0,0.5826530101118101,surface,0.0,0.0,0.0,0.0,0.9,0.95,0.05,-0.02,9.6,1.0,0,0.594,0.8333333333333334,,review_manually
798,29,30,42,Q,F,Q30F,-2.564647912979126,3.58395021107566,0.13178460437911443,0.5826530101118101,surface,0.0,0.0,0.0,0.0,0.9,0.9,0.0,0.011,10.0,1.0,4,0.5924699606185881,0.8333333333333334,surface_hydrophobic_gain,review_manually
799,110,111,123,P,Q,P111Q,-3.02637243270874,4.167203868594868,0.05206098524174807,0.7753362151228865,surface,0.09999999999999998,13.0,0.0,13.0,0.46,0.46,0.0,-0.007,10.0,1.0,0,0.5913955280005779,0.6666666666666666,,review_manually
800,38,39,51,L,S,L39S,-2.291135787963867,3.3590779988269333,0.16252187687243624,0.3758005017045072,surface,0.0,18.0,18.0,0.0,0.9,0.5,-0.4,-0.034,10.0,1.0,0,0.5899262438659963,0.5,predicted_tcell_epitope_loss,review_manually
801,77,78,90,R,F,R78F,-2.511047124862671,3.697277106807519,0.11629420812206359,0.402710397301052,surface,0.0,0.0,0.0,0.0,0.95,0.95,0.0,0.031,10.0,1.0,4,0.5885973615543255,0.8333333333333334,surface_hydrophobic_gain,review_manually
802,151,152,164,I,T,I152T,-2.542210817337036,4.2292200004445135,0.043584140883869305,0.2834311721953384,partial,0.0,8.0,0.0,8.0,0.9,0.8,-0.1,-0.035,10.0,1.0,0,0.5883608239533618,0.6666666666666666,,review_manually
803,90,91,103,L,W,L91W,-3.4319217205047607,3.7147131187405193,0.11391091921045426,0.4380239798885004,surface,0.0,0.0,0.0,0.0,0.95,0.95,0.0,-0.051,10.0,1.0,4,0.5880015393264232,0.8333333333333334,surface_hydrophobic_gain,review_manually
804,102,103,115,M,I,M103I,-2.4488399028778076,2.6833121382871923,0.2548907791453391,0.5808497389206426,surface,0.30000000000000004,19.8,0.0,19.8,0.95,0.95,0.0,0.047,10.0,1.0,19,0.5856861421371061,0.5,antibody_interface_mutation;protected_epitope_or_contact;surface_hydrophobic_gain,review_manually
805,87,88,100,L,C,L88C,-3.1516854763031006,3.1828006621286704,0.18661682608073804,0.4445994427211632,surface,0.0,0.0,0.0,0.0,0.95,0.9,-0.05,0.023,9.3,0.33333333333333337,10,0.5849637303297084,0.6666666666666666,new_cysteine,review_manually
806,121,122,134,K,T,K122T,-2.1480395793914795,2.652371833657128,0.25911993918663745,0.8086949898278086,surface,0.6,51.0,18.0,33.0,0.8,0.35,-0.45,-0.003,10.0,1.0,15,0.5843322986799592,0.3333333333333333,antibody_interface_mutation;predicted_tcell_epitope_loss;protected_epitope_or_contact,review_manually
807,115,116,128,T,C,T116C,-2.242532968521118,2.210054976728202,0.31957922681429773,0.6142980410667529,surface,0.0,13.0,0.0,13.0,0.8,0.7,-0.1,0.072,9.3,0.33333333333333337,10,0.5815846122032392,0.5,new_cysteine,review_manually
808,152,153,165,P,D,P153D,-3.0546669960021973,4.029060393437078,0.07094350343569389,0.3501205825035126,surface,0.0,13.0,0.0,13.0,0.9,0.9,0.0,-0.028,10.0,1.0,0,0.5811161575490643,0.6666666666666666,,review_manually
809,140,141,153,K,D,K141D,-2.8867475986480713,0.0243357529139984,0.6183402284713597,0.7019831277326631,surface,0.0,53.0,12.0,41.0,0.4,0.4,0.0,-0.009,10.0,1.0,15,0.5785035681842383,0.5,antibody_interface_mutation;protected_epitope_or_contact,review_manually
810,117,118,130,T,V,T118V,-3.4691765308380127,3.3658813348898775,0.1615919443016699,0.5911170325391507,surface,0.09999999999999998,13.0,0.0,13.0,0.8,0.9,0.1,0.068,10.0,1.0,4,0.5783020772893679,0.6666666666666666,surface_hydrophobic_gain,review_manually
811,143,144,156,D,N,D144N,-3.154716968536377,0.0392374960468941,0.6163033430121876,0.8206938429167546,surface,0.0,53.0,12.0,41.0,0.35,0.35,0.0,-0.013,10.0,1.0,15,0.5779943468194453,0.5,antibody_interface_mutation;protected_epitope_or_contact,review_manually
812,154,155,167,S,Y,S155Y,-3.4586427211761475,4.787485311924058,0.0,0.2938837912028254,partial,0.0,8.0,0.0,8.0,0.9,0.9,0.0,0.021,10.0,1.0,0,0.5774647887323944,0.6666666666666666,,review_manually
813,161,162,174,L,V,L162V,-2.4795827865600586,4.28992163316866,0.03528697242906753,0.3704698597937473,surface,0.19999999999999996,7.8,0.0,7.8,0.95,0.95,0.0,0.019,10.0,1.0,4,0.576373721645161,0.6666666666666666,surface_hydrophobic_gain,review_manually
814,95,96,108,V,C,V96C,-3.2683699131011963,2.613995389322781,0.26436552829270676,0.4919852537175682,surface,0.0,10.0,10.0,0.0,0.95,0.8,-0.15,0.004,9.3,0.33333333333333337,10,0.5762318917981936,0.5,new_cysteine,review_manually
815,117,118,130,T,I,T118I,-3.8776156902313232,3.0312496144221655,0.2073319949467376,0.5911170325391507,surface,0.0,13.0,0.0,13.0,0.8,0.9,0.1,0.035,10.0,1.0,4,0.5747370899506348,0.6666666666666666,surface_hydrophobic_gain,review_manually
816,150,151,163,P,A,P151A,-3.121356248855591,4.085863267135494,0.06317924750646076,0.6253978374723381,surface,0.0,13.0,0.0,13.0,0.9,0.9,0.0,0.0,10.0,1.0,4,0.5720322364238989,0.6666666666666666,surface_hydrophobic_gain,review_manually
817,142,143,155,T,G,T143G,-2.272536277770996,1.9163581961053635,0.359723973406778,0.6220861953755906,surface,0.43333333333333335,53.0,12.0,41.0,0.35,0.35,0.0,-0.005,10.0,1.0,19,0.5717066472752358,0.5,antibody_interface_mutation;new_glycine;protected_epitope_or_contact,review_manually
818,163,164,176,E,G,E164G,-2.7206833362579346,4.634888122282348,0.0,0.4284740173489859,surface,0.09999999999999998,13.0,0.0,13.0,0.95,0.85,-0.1,0.003,10.0,1.0,4,0.5712374245472838,0.6666666666666666,new_glycine,review_manually
819,121,122,134,K,L,K122L,-3.2160897254943848,1.8724874697082328,0.3657205634623649,0.8086949898278086,surface,0.6,51.0,18.0,33.0,0.8,0.4,-0.4,0.046,10.0,1.0,19,0.5705062642727006,0.3333333333333333,antibody_interface_mutation;predicted_tcell_epitope_loss;protected_epitope_or_contact;surface_hydrophobic_gain,review_manually
820,102,103,115,M,S,M103S,-2.709883689880371,1.1088392672671148,0.47010190365883886,0.5808497389206426,surface,0.0,43.0,10.0,33.0,0.95,0.8,-0.15,0.027,10.0,1.0,15,0.5696130010656152,0.5,antibody_interface_mutation;protected_epitope_or_contact,review_manually
821,149,150,162,I,Q,I150Q,-3.3693904876708984,4.371099981091561,0.024190888232128116,0.4550307677045951,surface,0.0,13.0,0.0,13.0,0.8,0.8,0.0,-0.02,10.0,1.0,0,0.5694280037481729,0.6666666666666666,,review_manually
822,121,122,134,K,G,K122G,-2.798295021057129,2.906208965805547,0.22442351750898093,0.8086949898278086,surface,0.6,51.0,18.0,33.0,0.8,0.35,-0.45,-0.008,10.0,1.0,19,0.5685153361176879,0.3333333333333333,antibody_interface_mutation;new_glycine;predicted_tcell_epitope_loss;protected_epitope_or_contact,review_manually
823,108,109,121,L,G,L109G,-2.5754528045654297,4.188847507281764,0.049102565375578555,0.8519475990356202,surface,0.0,13.0,0.0,13.0,0.8,0.8,0.0,-0.054,10.0,1.0,4,0.5685130658911783,0.6666666666666666,new_glycine,review_manually
824,168,169,181,R,G,R169G,-2.763103485107422,4.191150009702028,0.048787841543761035,0.5968501372916125,surface,0.0,13.0,0.0,13.0,0.95,0.9,-0.05,0.0,10.0,1.0,4,0.568434384933224,0.6666666666666666,new_glycine,review_manually
825,149,150,162,I,S,I150S,-2.2543439865112305,4.404306485478401,0.01965196648771972,0.4550307677045951,surface,0.0,13.0,0.0,13.0,0.8,0.8,0.0,-0.02,10.0,1.0,0,0.5682932733120708,0.6666666666666666,,review_manually
826,81,82,94,I,C,I82C,-3.2388627529144287,3.7408673712403697,0.11033595377605077,0.3616754555652541,surface,0.0,0.0,0.0,0.0,0.95,0.95,0.0,0.037,9.3,0.33333333333333337,10,0.5658935122535366,0.6666666666666666,new_cysteine,review_manually
827,32,33,45,D,I,D33I,-2.856287956237793,4.362946476389595,0.025305372290846395,0.3818348357506892,surface,0.0,0.0,0.0,0.0,0.9,0.9,0.0,0.041,10.0,1.0,4,0.5658501525965212,0.8333333333333334,surface_hydrophobic_gain,review_manually
828,161,162,174,L,F,L162F,-2.5970945358276367,3.3272334358729267,0.1668746379324172,0.3704698597937473,surface,0.0,13.0,0.0,13.0,0.95,0.95,0.0,-0.023,10.0,1.0,4,0.5646227506970547,0.6666666666666666,surface_hydrophobic_gain,review_manually
829,152,153,165,P,S,P153S,-1.9685537815093992,4.536011898616039,0.0016494523843790798,0.3501205825035126,surface,0.0,13.0,0.0,13.0,0.9,0.9,0.0,-0.007,10.0,1.0,0,0.5637926447862356,0.6666666666666666,,review_manually
830,114,115,127,T,D,T115D,-3.750920295715332,3.054278354753251,0.2041842486793971,0.8224517875406545,surface,0.0,31.0,18.0,13.0,0.8,0.46,-0.34,-0.006,10.0,1.0,0,0.5637221185078775,0.5,predicted_tcell_epitope_loss,review_manually
831,110,111,123,P,N,P111N,-2.6524548530578613,4.928810915386805,0.0,0.7753362151228865,surface,0.0,13.0,0.0,13.0,0.46,0.46,0.0,-0.041,10.0,1.0,0,0.5633802816901409,0.6666666666666666,,review_manually
832,139,140,152,T,L,T140L,-2.624000310897827,-0.7077579915936667,0.7184084614049103,0.56691719820796,surface,0.0,53.0,12.0,41.0,0.4,0.7,0.3,0.049,10.0,1.0,19,0.5630444359414355,0.6666666666666666,antibody_interface_mutation;protected_epitope_or_contact;surface_hydrophobic_gain,review_manually
833,85,86,98,I,Y,I86Y,-3.4963018894195557,4.4452453014985736,0.014056132609524985,0.4536268425733695,surface,0.0,0.0,0.0,0.0,0.95,0.95,0.0,0.001,10.0,1.0,4,0.5630378426761908,0.8333333333333334,surface_hydrophobic_gain,review_manually
834,105,106,118,V,F,V106F,-3.025866746902466,0.9500382252275016,0.49180805780115744,0.4843894604453542,surface,0.0,33.0,0.0,33.0,0.8,0.8,0.0,-0.042,10.0,1.0,19,0.5627323632095114,0.5,antibody_interface_mutation;protected_epitope_or_contact;surface_hydrophobic_gain,review_manually
835,78,79,91,R,C,R79C,-2.9714231491088867,3.870544607050533,0.09261066662999384,0.4537014271421353,surface,0.0,0.0,0.0,0.0,0.95,0.85,-0.1,0.077,9.3,0.33333333333333337,10,0.5614621904670224,0.6666666666666666,new_cysteine,review_manually
836,161,162,174,L,G,L162G,-3.0858373641967773,4.4072020356538815,0.019256180303771853,0.3704698597937473,surface,0.0,13.0,0.0,13.0,0.95,0.85,-0.1,-0.054,10.0,1.0,4,0.5610514696232267,0.6666666666666666,new_glycine,review_manually
837,131,132,144,S,T,S132T,-2.5320937633514404,3.1828664112581464,0.1866078389814042,0.5163896244357851,surface,0.19999999999999996,31.8,7.2,24.6,0.8,0.8,0.0,-0.015,10.0,1.0,15,0.5602887806709044,0.5,antibody_interface_mutation;protected_epitope_or_contact,review_manually
838,39,40,52,N,C,N40C,-3.009631395339966,3.91234560247176,0.08689698340561569,0.2317580288796837,partial,0.0,0.0,0.0,0.0,0.54,0.54,0.0,0.091,9.3,0.33333333333333337,10,0.5600337696609279,0.6666666666666666,new_cysteine,review_manually
839,165,166,178,A,F,A166F,-2.363312005996704,3.5842319331916883,0.13174609642225676,0.2059520988595206,partial,0.0,26.0,18.0,8.0,0.95,0.72,-0.23,0.004,10.0,1.0,0,0.5596970874858459,0.5,predicted_tcell_epitope_loss,review_manually
840,128,129,141,Q,N,Q129N,-3.0304222106933594,3.204199384834965,0.18369188322428187,0.7681570470640114,surface,0.19999999999999996,31.8,7.2,24.6,0.8,0.8,0.0,-0.034,10.0,1.0,15,0.5595597917316237,0.5,antibody_interface_mutation;protected_epitope_or_contact,review_manually
841,78,79,91,R,L,R79L,-1.8821477890014648,4.664641331038865,0.0,0.4537014271421353,surface,0.0,0.0,0.0,0.0,0.95,0.95,0.0,0.054,10.0,1.0,4,0.5595238095238095,0.8333333333333334,surface_hydrophobic_gain,review_manually
842,92,93,105,F,I,F93I,-2.1967835426330566,4.886615864387807,0.0,0.5781800209636044,surface,0.0,0.0,0.0,0.0,0.95,0.95,0.0,0.009,10.0,1.0,4,0.5595238095238095,0.8333333333333334,surface_hydrophobic_gain,review_manually
843,97,98,110,L,W,L98W,-2.909048557281494,4.8599708996173945,0.0,0.3839510746926833,surface,0.0,0.0,0.0,0.0,0.95,0.95,0.0,-0.051,10.0,1.0,4,0.5595238095238095,0.8333333333333334,surface_hydrophobic_gain,review_manually
844,76,77,89,L,C,L77C,-2.7356197834014893,3.9360948231493462,0.08365075631436636,0.360486034638781,surface,0.0,0.0,0.0,0.0,0.95,0.85,-0.1,0.023,9.3,0.33333333333333337,10,0.5592222128881155,0.6666666666666666,new_cysteine,review_manually
845,114,115,127,T,G,T115G,-2.7075984477996826,3.042146601385525,0.20584251052223035,0.8224517875406545,surface,0.0,31.0,18.0,13.0,0.8,0.46,-0.34,-0.005,10.0,1.0,4,0.5569938268257286,0.5,new_glycine;predicted_tcell_epitope_loss,review_manually
846,107,108,120,P,A,P108A,-3.201557159423828,4.906286791339369,0.0,0.3501205825035126,surface,0.0,13.0,0.0,13.0,0.8,0.8,0.0,0.0,10.0,1.0,4,0.5562374245472838,0.6666666666666666,surface_hydrophobic_gain,review_manually
847,133,134,146,F,N,F134N,-2.9904866218566895,1.1027896851236392,0.47092880731649966,0.6245262618659327,surface,0.43333333333333335,71.0,30.0,41.0,0.8,0.4,-0.4,-0.045,10.0,1.0,15,0.5559464875434107,0.3333333333333333,antibody_interface_mutation;predicted_tcell_epitope_loss;protected_epitope_or_contact,review_manually
848,133,134,146,F,S,F134S,-2.2546305656433105,2.5873107056510207,0.2680129971605354,0.6245262618659327,surface,0.43333333333333335,53.0,12.0,41.0,0.8,0.85,0.05,-0.011,10.0,1.0,15,0.5559217603565323,0.5,antibody_interface_mutation;protected_epitope_or_contact,review_manually
849,103,104,116,L,I,L104I,-2.8908631801605225,4.553528563193709,0.0,0.2635899393135536,partial,0.19999999999999996,16.8,0.0,16.8,0.8,0.8,0.0,-0.014,10.0,1.0,15,0.5558903420523139,0.5,antibody_interface_mutation;protected_epitope_or_contact,review_manually
850,135,136,148,S,A,S136A,-2.9244914054870605,0.5323359962046652,0.5489028277869743,0.4333771530376341,surface,0.0,53.0,12.0,41.0,0.4,0.46,0.06,0.007,10.0,1.0,19,0.5540013608702848,0.5,antibody_interface_mutation;protected_epitope_or_contact;surface_hydrophobic_gain,review_manually
851,93,94,106,L,C,L94C,-3.542048215866089,4.188801948113792,0.049108792754882225,0.5380192172919587,surface,0.0,0.0,0.0,0.0,0.95,0.85,-0.1,0.023,9.3,0.33333333333333337,10,0.5505867219982444,0.6666666666666666,new_cysteine,review_manually
852,105,106,118,V,L,V106L,-2.4184205532073975,3.3325476645655954,0.1661482480695483,0.4843894604453542,surface,0.19999999999999996,19.8,0.0,19.8,0.8,0.8,0.0,-0.019,10.0,1.0,19,0.5485005093681584,0.5,antibody_interface_mutation;protected_epitope_or_contact;surface_hydrophobic_gain,review_manually
853,158,159,171,A,F,A159F,-2.3997678756713867,4.234604247676316,0.042848180345747,0.3879034039828721,surface,0.43333333333333335,31.0,18.0,13.0,0.95,0.72,-0.23,0.004,10.0,1.0,4,0.5479119109482745,0.5,predicted_tcell_epitope_loss;surface_hydrophobic_gain,review_manually
854,119,120,132,P,T,P120T,-1.9300565719604492,3.0240794269971047,0.2083120715978647,0.5295085263070328,surface,0.09999999999999998,33.0,0.0,33.0,0.8,0.8,0.0,-0.022,10.0,1.0,15,0.5473345571348787,0.5,antibody_interface_mutation;protected_epitope_or_contact,review_manually
855,99,100,112,Y,L,Y100L,-1.8435794115066528,3.846623983610982,0.09588032237589084,0.6622198273446417,surface,0.0,13.0,0.0,13.0,0.95,0.95,0.0,0.013,10.0,1.0,4,0.5468741718079231,0.6666666666666666,surface_hydrophobic_gain,review_manually
856,119,120,132,P,A,P120A,-2.9785351753234863,2.410433355242162,0.29218996088160376,0.5295085263070328,surface,0.0,33.0,0.0,33.0,0.8,0.8,0.0,0.0,10.0,1.0,19,0.5461611723129562,0.5,antibody_interface_mutation;protected_epitope_or_contact;surface_hydrophobic_gain,review_manually
857,139,140,152,T,S,T140S,-2.287264585494995,4.487150923446279,0.008328148222623288,0.56691719820796,surface,0.4,31.8,7.2,24.6,0.4,0.4,0.0,0.015,10.0,1.0,15,0.5457188579812091,0.5,antibody_interface_mutation;protected_epitope_or_contact,review_manually
858,115,116,128,T,I,T116I,-3.5995426177978516,3.925057260998756,0.08515945564227356,0.6142980410667529,surface,0.0,13.0,0.0,13.0,0.8,0.8,0.0,0.035,10.0,1.0,4,0.5441939551245188,0.6666666666666666,surface_hydrophobic_gain,review_manually
859,163,164,176,E,F,E164F,-3.017244338989258,4.011356200105411,0.07336344945422646,0.4284740173489859,surface,0.0,13.0,0.0,13.0,0.95,0.95,0.0,0.034,10.0,1.0,4,0.541244953577507,0.6666666666666666,surface_hydrophobic_gain,review_manually
860,90,91,103,L,C,L91C,-3.4142215251922607,4.4818560909934035,0.009051886857481817,0.4380239798885004,surface,0.0,0.0,0.0,0.0,0.95,0.85,-0.1,0.023,9.3,0.33333333333333337,10,0.5405724955238944,0.6666666666666666,new_cysteine,review_manually
861,85,86,98,I,C,I86C,-3.2946605682373047,4.795393329095077,0.0,0.4536268425733695,surface,0.0,0.0,0.0,0.0,0.95,0.95,0.0,0.037,9.3,0.33333333333333337,10,0.5383095238095239,0.6666666666666666,new_cysteine,review_manually
862,165,166,178,A,G,A166G,-2.924973249435425,4.50535145557609,0.005840358779885535,0.2059520988595206,partial,0.09999999999999998,26.0,18.0,8.0,0.95,0.72,-0.23,-0.027,10.0,1.0,4,0.536077795932396,0.5,new_glycine;predicted_tcell_epitope_loss,review_manually
863,127,128,140,A,S,A128S,-2.0609946250915527,1.2921583902010525,0.44504442866666527,0.7960268775940537,surface,0.0,53.0,12.0,41.0,0.8,0.8,0.0,-0.007,10.0,1.0,15,0.5351796182330647,0.5,antibody_interface_mutation;protected_epitope_or_contact,review_manually
864,102,103,115,M,W,M103W,-3.03541898727417,0.9694291824037008,0.4891575518597122,0.5808497389206426,surface,0.0,43.0,10.0,33.0,0.95,0.8,-0.15,0.01,10.0,1.0,19,0.533900722639643,0.5,antibody_interface_mutation;protected_epitope_or_contact;surface_hydrophobic_gain,review_manually
865,105,106,118,V,S,V106S,-1.9866886138916016,3.026246081480963,0.20801591651225737,0.4843894604453542,surface,0.0,33.0,0.0,33.0,0.8,0.8,0.0,-0.053,10.0,1.0,15,0.5322605183634768,0.5,antibody_interface_mutation;protected_epitope_or_contact,review_manually
866,161,162,174,L,W,L162W,-2.7071683406829834,4.2751710284148885,0.03730319912610591,0.3704698597937473,surface,0.0,13.0,0.0,13.0,0.95,0.95,0.0,-0.051,10.0,1.0,4,0.5322298909954769,0.6666666666666666,surface_hydrophobic_gain,review_manually
867,110,111,123,P,L,P111L,-2.8097589015960693,3.9665127431936753,0.07949299983688529,0.7753362151228865,surface,0.0,17.0,4.0,13.0,0.46,0.85,0.39,0.027,10.0,1.0,4,0.531509735539369,0.6666666666666666,surface_hydrophobic_gain,review_manually
868,131,132,144,S,A,S132A,-3.0912349224090576,1.4317095593399929,0.42596949597626776,0.5163896244357851,surface,0.0,53.0,12.0,41.0,0.8,0.8,0.0,0.007,10.0,1.0,19,0.5232680279176082,0.5,antibody_interface_mutation;protected_epitope_or_contact;surface_hydrophobic_gain,review_manually
869,163,164,176,E,L,E164L,-2.4526474475860596,4.549836029290589,0.0,0.4284740173489859,surface,0.0,13.0,0.0,13.0,0.95,0.95,0.0,0.057,10.0,1.0,4,0.5229040912139504,0.6666666666666666,surface_hydrophobic_gain,review_manually
870,115,116,128,T,L,T116L,-3.300293445587158,4.564452854684873,0.0,0.6142980410667529,surface,0.0,13.0,0.0,13.0,0.8,0.8,0.0,0.049,10.0,1.0,4,0.5229040912139504,0.6666666666666666,surface_hydrophobic_gain,review_manually
871,110,111,123,P,F,P111F,-3.492105484008789,4.804175244093074,0.0,0.7753362151228865,surface,0.0,13.0,0.0,13.0,0.46,0.46,0.0,0.004,10.0,1.0,4,0.5229040912139504,0.6666666666666666,surface_hydrophobic_gain,review_manually
872,130,131,143,N,L,N131L,-2.8003060817718506,3.1015954832610646,0.19771657773863405,0.8517087100699299,surface,0.6,53.0,12.0,41.0,0.8,0.8,0.0,0.068,10.0,1.0,19,0.5228714650248665,0.5,antibody_interface_mutation;protected_epitope_or_contact;surface_hydrophobic_gain,review_manually
873,161,162,174,L,C,L162C,-3.185596466064453,4.015027866342166,0.07286157772674573,0.3704698597937473,surface,0.0,13.0,0.0,13.0,0.95,0.95,0.0,0.023,9.3,0.33333333333333337,10,0.5199051999313512,0.5,new_cysteine,review_manually
874,135,136,148,S,G,S136G,-2.067393064498902,1.563513471464944,0.40795351826982973,0.4333771530376341,surface,0.0,53.0,12.0,41.0,0.4,0.4,0.0,-0.02,10.0,1.0,19,0.5187640334909986,0.5,antibody_interface_mutation;new_glycine;protected_epitope_or_contact,review_manually
875,119,120,132,P,N,P120N,-2.7995662689208984,3.4888941102524313,0.14477760713360566,0.5295085263070328,surface,0.0,33.0,0.0,33.0,0.8,0.8,0.0,-0.041,10.0,1.0,15,0.5164509410188138,0.5,antibody_interface_mutation;protected_epitope_or_contact,review_manually
876,103,104,116,L,N,L104N,-3.1527657508850098,3.917586135920942,0.08618066677837632,0.2635899393135536,partial,0.0,28.0,0.0,28.0,0.8,0.8,0.0,-0.068,10.0,1.0,15,0.5158862129722601,0.5,antibody_interface_mutation;protected_epitope_or_contact,review_manually
877,119,120,132,P,S,P120S,-2.034749984741211,3.950749887460802,0.08164758882362222,0.5295085263070328,surface,0.09999999999999998,33.0,0.0,33.0,0.8,0.8,0.0,-0.007,10.0,1.0,15,0.515668436441318,0.5,antibody_interface_mutation;protected_epitope_or_contact,review_manually
878,100,101,113,Q,F,Q101F,-1.876120924949646,2.3909913384939045,0.2948474460401076,0.4750735399940746,surface,0.0,33.0,0.0,33.0,0.95,0.95,0.0,0.011,10.0,1.0,19,0.513492210269249,0.5,antibody_interface_mutation;protected_epitope_or_contact;surface_hydrophobic_gain,review_manually
879,139,140,152,T,D,T140D,-3.4303247928619385,1.9389612561443528,0.3566344124127637,0.56691719820796,surface,0.0,53.0,12.0,41.0,0.4,0.4,0.0,-0.006,10.0,1.0,15,0.5130771141695893,0.5,antibody_interface_mutation;protected_epitope_or_contact,review_manually
880,114,115,127,T,C,T115C,-1.7302383184432983,2.8129130969369385,0.23717591815127903,0.8224517875406545,surface,0.0,31.0,18.0,13.0,0.8,0.46,-0.34,0.072,9.3,0.33333333333333337,10,0.5102795596853718,0.3333333333333333,new_cysteine;predicted_tcell_epitope_loss,review_manually
881,125,126,138,T,D,T126D,-3.1373157501220703,2.0540486067218353,0.3409033835770541,0.5238949133244046,surface,0.0,53.0,12.0,41.0,0.8,0.8,0.0,-0.006,10.0,1.0,15,0.5091443569606618,0.5,antibody_interface_mutation;protected_epitope_or_contact,review_manually
882,124,125,137,T,A,T125A,-3.3811399936676025,1.97336584229447,0.35193172759038815,0.5527709717903165,surface,0.0,53.0,12.0,41.0,0.35,0.46,0.11,0.022,10.0,1.0,19,0.5047585858211383,0.5,antibody_interface_mutation;protected_epitope_or_contact;surface_hydrophobic_gain,review_manually
883,128,129,141,Q,A,Q129A,-2.677767276763916,1.977873765568404,0.35131554978582846,0.7681570470640114,surface,0.0,53.0,12.0,41.0,0.8,0.8,0.0,0.007,10.0,1.0,19,0.5046045413699983,0.5,antibody_interface_mutation;protected_epitope_or_contact;surface_hydrophobic_gain,review_manually
884,100,101,113,Q,Y,Q101Y,-2.9501285552978516,2.6735538648795227,0.2562246153974773,0.4750735399940746,surface,0.0,33.0,0.0,33.0,0.95,0.95,0.0,0.021,10.0,1.0,19,0.5038365026085914,0.5,antibody_interface_mutation;protected_epitope_or_contact;surface_hydrophobic_gain,review_manually
885,127,128,140,A,G,A128G,-2.4232239723205566,2.513450723751987,0.2781087505098703,0.7960268775940537,surface,0.09999999999999998,53.0,12.0,41.0,0.8,0.8,0.0,-0.027,10.0,1.0,19,0.5013028415510089,0.5,antibody_interface_mutation;new_glycine;protected_epitope_or_contact,review_manually
886,124,125,137,T,I,T125I,-3.3611602783203125,1.302039428769433,0.44369381192324386,0.5527709717903165,surface,0.0,53.0,12.0,41.0,0.35,0.46,0.11,0.035,10.0,1.0,19,0.4943657735710188,0.5,antibody_interface_mutation;protected_epitope_or_contact;surface_hydrophobic_gain,review_manually
887,104,105,117,P,S,P105S,-2.2432000637054443,4.136711154178386,0.05622896519226228,0.6579833848807009,surface,0.0,33.0,0.0,33.0,0.8,0.8,0.0,-0.007,10.0,1.0,15,0.4943137805334781,0.5,antibody_interface_mutation;protected_epitope_or_contact,review_manually
888,127,128,140,A,V,A128V,-3.0021235942840576,4.424033962697877,0.016955462385069064,0.7960268775940537,surface,0.30000000000000004,31.8,7.2,24.6,0.8,0.8,0.0,0.046,10.0,1.0,19,0.4923994960456301,0.5,antibody_interface_mutation;protected_epitope_or_contact;surface_hydrophobic_gain,review_manually
889,127,128,140,A,T,A128T,-2.1250219345092773,2.5725211640976795,0.2700345460403656,0.7960268775940537,surface,0.0,53.0,12.0,41.0,0.8,0.8,0.0,-0.022,10.0,1.0,15,0.49142714757648975,0.5,antibody_interface_mutation;protected_epitope_or_contact,review_manually
890,128,129,141,Q,V,Q129V,-3.3112759590148926,1.4712135889890303,0.4205697797918436,0.7681570470640114,surface,0.0,53.0,12.0,41.0,0.8,0.8,0.0,0.053,10.0,1.0,19,0.4885847655381688,0.5,antibody_interface_mutation;protected_epitope_or_contact;surface_hydrophobic_gain,review_manually
891,38,39,51,L,C,L39C,-3.2294154167175293,4.61556669782027,0.0,0.3758005017045072,surface,0.0,18.0,18.0,0.0,0.9,0.5,-0.4,0.023,9.3,0.33333333333333337,10,0.4876052984574111,0.3333333333333333,new_cysteine;predicted_tcell_epitope_loss,review_manually
892,100,101,113,Q,W,Q101W,-2.8748977184295654,3.197831962686223,0.1845622317111345,0.4750735399940746,surface,0.0,33.0,0.0,33.0,0.95,0.95,0.0,-0.017,10.0,1.0,19,0.48592090668700555,0.5,antibody_interface_mutation;protected_epitope_or_contact;surface_hydrophobic_gain,review_manually
893,125,126,138,T,A,T126A,-2.9376096725463867,2.58390221339613,0.2684788962335347,0.5238949133244046,surface,0.0,53.0,12.0,41.0,0.8,0.8,0.0,0.022,10.0,1.0,19,0.4838953779819249,0.5,antibody_interface_mutation;protected_epitope_or_contact;surface_hydrophobic_gain,review_manually
894,145,146,158,N,A,N146A,-3.1165263652801514,2.6487287497814123,0.25961790405603646,0.4811348826758137,surface,0.0,53.0,12.0,41.0,0.35,0.35,0.0,0.041,10.0,1.0,19,0.4816801299375503,0.5,antibody_interface_mutation;protected_epitope_or_contact;surface_hydrophobic_gain,review_manually
895,132,133,145,M,C,M133C,-2.4245731830596924,2.2676012542433455,0.31171335670402,0.6872499282107164,surface,0.2666666666666667,53.0,12.0,41.0,0.8,0.8,0.0,0.084,9.3,0.33333333333333337,25,0.4801563740519272,0.5,antibody_interface_mutation;new_cysteine;protected_epitope_or_contact,review_manually
896,121,122,134,K,V,K122V,-3.281039237976074,4.774437812797032,0.0,0.8086949898278086,surface,0.6,51.0,18.0,33.0,0.8,0.35,-0.45,0.065,10.0,1.0,19,0.4790761234071093,0.3333333333333333,antibody_interface_mutation;predicted_tcell_epitope_loss;protected_epitope_or_contact;surface_hydrophobic_gain,review_manually
897,133,134,146,F,L,F134L,-2.828075885772705,4.344332738160631,0.027849641937779057,0.6245262618659327,surface,0.5333333333333333,53.0,12.0,41.0,0.8,0.8,0.0,0.023,10.0,1.0,19,0.4704047310746527,0.5,antibody_interface_mutation;protected_epitope_or_contact;surface_hydrophobic_gain,review_manually
898,140,141,153,K,S,K141S,-2.047354221343994,3.214390553199564,0.18229887554265023,0.7019831277326631,surface,0.0,53.0,12.0,41.0,0.4,0.4,0.0,0.012,10.0,1.0,15,0.469493229952061,0.5,antibody_interface_mutation;protected_epitope_or_contact,review_manually
899,119,120,132,P,I,P120I,-3.2057089805603027,3.691624525390011,0.1170668466512228,0.5295085263070328,surface,0.0,33.0,0.0,33.0,0.8,0.8,0.0,0.013,10.0,1.0,19,0.46904706042202765,0.5,antibody_interface_mutation;protected_epitope_or_contact;surface_hydrophobic_gain,review_manually
900,143,144,156,D,Q,D144Q,-2.8329639434814453,3.290212468637776,0.17193494994915737,0.8206938429167546,surface,0.0,53.0,12.0,41.0,0.35,0.35,0.0,0.021,10.0,1.0,15,0.4669022485536878,0.5,antibody_interface_mutation;protected_epitope_or_contact,review_manually
901,126,127,139,P,L,P127L,-2.859579801559448,4.265572742434983,0.03861516705972878,0.6742818094999697,surface,0.4666666666666667,53.0,12.0,41.0,0.8,0.8,0.0,0.027,10.0,1.0,19,0.4630961123551401,0.5,antibody_interface_mutation;protected_epitope_or_contact;surface_hydrophobic_gain,review_manually
902,104,105,117,P,L,P105L,-2.4487719535827637,3.940860747326554,0.08299931295170093,0.6579833848807009,surface,0.0,33.0,0.0,33.0,0.8,0.85,0.05,0.027,10.0,1.0,19,0.4605301769971472,0.5,antibody_interface_mutation;protected_epitope_or_contact;surface_hydrophobic_gain,review_manually
903,135,136,148,S,V,S136V,-2.8472580909729004,2.375225999796328,0.2970023744176563,0.4333771530376341,surface,0.0,53.0,12.0,41.0,0.4,0.46,0.06,0.053,10.0,1.0,19,0.45769291419462194,0.5,antibody_interface_mutation;protected_epitope_or_contact;surface_hydrophobic_gain,review_manually
904,132,133,145,M,G,M133G,-3.3728106021881104,4.5759211018437895,0.0,0.6872499282107164,surface,0.2666666666666667,53.0,12.0,41.0,0.8,0.8,0.0,0.007,10.0,1.0,19,0.45677565392354125,0.5,antibody_interface_mutation;new_glycine;protected_epitope_or_contact,review_manually
905,143,144,156,D,A,D144A,-2.779850482940674,3.542087849047902,0.1375066756657083,0.8206938429167546,surface,0.0,53.0,12.0,41.0,0.35,0.36,0.01,0.028,10.0,1.0,19,0.45115232283996826,0.5,antibody_interface_mutation;protected_epitope_or_contact;surface_hydrophobic_gain,review_manually
906,126,127,139,P,Q,P127Q,-3.1268486976623535,3.483959128473032,0.1454521585963502,0.6742818094999697,surface,0.2666666666666667,71.0,30.0,41.0,0.8,0.45,-0.35,-0.007,10.0,1.0,15,0.44957732536337325,0.3333333333333333,antibody_interface_mutation;predicted_tcell_epitope_loss;protected_epitope_or_contact,review_manually
907,125,126,138,T,V,T126V,-3.0137643814086914,2.639411408204296,0.26089147033665994,0.5238949133244046,surface,0.0,53.0,12.0,41.0,0.8,0.8,0.0,0.068,10.0,1.0,19,0.4486651881743729,0.5,antibody_interface_mutation;protected_epitope_or_contact;surface_hydrophobic_gain,review_manually
908,142,143,155,T,C,T143C,-2.624058723449707,3.937528644516192,0.08345477052484274,0.6220861953755906,surface,0.43333333333333335,53.0,12.0,41.0,0.35,0.35,0.0,0.072,9.3,0.33333333333333337,25,0.44809172750713294,0.5,antibody_interface_mutation;new_cysteine;protected_epitope_or_contact,review_manually
909,134,135,147,P,A,P135A,-3.1772007942199707,3.3148238971074875,0.16857086963101342,0.5316868552810766,surface,0.0,57.0,16.0,41.0,0.4,0.8,0.4,0.0,10.0,1.0,19,0.4476507656974918,0.5,antibody_interface_mutation;protected_epitope_or_contact;surface_hydrophobic_gain,review_manually
910,125,126,138,T,C,T126C,-1.6108421087265017,2.0719537145255345,0.3384559750151822,0.5238949133244046,surface,0.0,53.0,12.0,41.0,0.8,0.8,0.0,0.072,9.3,0.33333333333333337,25,0.44684202862971784,0.5,antibody_interface_mutation;new_cysteine;protected_epitope_or_contact,review_manually
911,143,144,156,D,G,D144G,-2.410581111907959,4.175121355788349,0.05097876188077877,0.8206938429167546,surface,0.09999999999999998,53.0,12.0,41.0,0.35,0.35,0.0,0.001,10.0,1.0,19,0.4445203443937359,0.5,antibody_interface_mutation;new_glycine;protected_epitope_or_contact,review_manually
912,134,135,147,P,Q,P135Q,-3.1579489707946777,4.315865921410932,0.03174070653265726,0.5316868552810766,surface,0.0,53.0,12.0,41.0,0.4,0.4,0.0,-0.007,10.0,1.0,15,0.43185368769956267,0.5,antibody_interface_mutation;protected_epitope_or_contact,review_manually
913,124,125,137,T,C,T125C,-2.452627182006836,2.5590088236476163,0.2718815171991531,0.5527709717903165,surface,0.0,53.0,12.0,41.0,0.35,0.35,0.0,0.072,9.3,0.33333333333333337,25,0.43019841417571053,0.5,antibody_interface_mutation;new_cysteine;protected_epitope_or_contact,review_manually
914,135,136,148,S,C,S136C,-2.5998940467834473,2.722865044313892,0.249484382159745,0.4333771530376341,surface,0.0,53.0,12.0,41.0,0.4,0.4,0.0,0.057,9.3,0.33333333333333337,25,0.42459913041585845,0.5,antibody_interface_mutation;new_cysteine;protected_epitope_or_contact,review_manually
915,119,120,132,P,C,P120C,-2.508359670639038,4.425133553398041,0.01680516182705838,0.5295085263070328,surface,0.0,33.0,0.0,33.0,0.8,0.7,-0.1,0.05,9.3,0.33333333333333337,25,0.42276735350170086,0.5,antibody_interface_mutation;new_cysteine;protected_epitope_or_contact,review_manually
916,124,125,137,T,G,T125G,-3.084932327270508,4.559525305950729,0.0,0.5527709717903165,surface,0.0,53.0,12.0,41.0,0.35,0.35,0.0,-0.005,10.0,1.0,19,0.41677565392354127,0.5,antibody_interface_mutation;new_glycine;protected_epitope_or_contact,review_manually
917,127,128,140,A,C,A128C,-1.898742198944092,3.5822867115068107,0.13201198436096684,0.7960268775940537,surface,0.0,53.0,12.0,41.0,0.8,0.8,0.0,0.05,9.3,0.33333333333333337,25,0.3952310309661639,0.5,antibody_interface_mutation;new_cysteine;protected_epitope_or_contact,review_manually
918,143,144,156,D,L,D144L,-2.957939624786377,4.714365286631562,0.0,0.8206938429167546,surface,0.0,53.0,12.0,41.0,0.35,0.4,0.05,0.055,10.0,1.0,19,0.38344232059020794,0.5,antibody_interface_mutation;protected_epitope_or_contact;surface_hydrophobic_gain,review_manually
919,128,129,141,Q,C,Q129C,-2.166903018951416,4.634864219766655,0.0,0.7681570470640114,surface,0.0,53.0,12.0,41.0,0.8,0.8,0.0,0.057,9.3,0.33333333333333337,25,0.3622280348759222,0.5,antibody_interface_mutation;new_cysteine;protected_epitope_or_contact,review_manually
920,220,221,233,C,T,C221T,-3.2469000816345215,0.2439298187748022,0.5883244138325361,0.5171327884766733,surface,1.0,0.0,0.0,0.0,0.95,0.95,0.0,-0.072,10.0,0.33333333333333337,25,0.8191049129819437,0.6666666666666666,possible_disulfide_loss,reject
921,64,65,77,C,A,C65A,-3.284748077392578,0.754848507932536,0.5184880974040664,0.186155655858357,partial,1.0,0.0,0.0,0.0,0.46,0.46,0.0,-0.05,10.0,0.33333333333333337,25,0.8016458338748262,0.6666666666666666,possible_disulfide_loss,reject
922,220,221,233,C,I,C221I,-2.1999292373657227,0.8824925777382191,0.5010407191062347,0.5171327884766733,surface,1.0,0.0,0.0,0.0,0.95,0.95,0.0,-0.037,10.0,0.33333333333333337,29,0.7568077988241778,0.6666666666666666,possible_disulfide_loss;surface_hydrophobic_gain,reject
923,89,90,102,C,T,C90T,-3.91864562034607,-2.233624416838836,0.9269756811256616,0.4335172118769226,surface,0.0,0.0,0.0,0.0,0.95,0.95,0.0,-0.072,10.0,0.33333333333333337,25,0.753767729805225,0.8333333333333334,possible_disulfide_loss,reject
924,220,221,233,C,S,C221S,-2.5170817375183105,2.221009009253237,0.3180819449613923,0.5171327884766733,surface,1.0,0.0,0.0,0.0,0.95,0.95,0.0,-0.057,10.0,0.33333333333333337,25,0.7515442957641577,0.6666666666666666,possible_disulfide_loss,reject
925,220,221,233,C,L,C221L,-1.5068223476409912,1.3282049050714022,0.44011731233279383,0.5171327884766733,surface,1.0,0.0,0.0,0.0,0.95,0.95,0.0,-0.023,10.0,0.33333333333333337,29,0.7415769471308177,0.6666666666666666,possible_disulfide_loss;surface_hydrophobic_gain,reject
926,47,48,60,C,A,C48A,-3.0457916259765625,2.318867022273423,0.304705955185788,0.3871591182032692,surface,1.0,0.0,0.0,0.0,0.85,0.85,0.0,-0.05,10.0,0.33333333333333337,29,0.7410574411773995,0.6666666666666666,possible_disulfide_loss;surface_hydrophobic_gain,reject
927,47,48,60,C,N,C48N,-2.935080051422119,2.766778821819912,0.24348190754575982,0.3871591182032692,surface,1.0,0.0,0.0,0.0,0.85,0.85,0.0,-0.091,10.0,0.33333333333333337,25,0.7328942864102496,0.6666666666666666,possible_disulfide_loss,reject
928,47,48,60,C,S,C48S,-1.9021170139312744,2.9983548167011236,0.21182831021421045,0.3871591182032692,surface,1.0,0.0,0.0,0.0,0.85,0.85,0.0,-0.057,10.0,0.33333333333333337,25,0.7249808870773622,0.6666666666666666,possible_disulfide_loss,reject
929,220,221,233,C,V,C221V,-2.612356662750244,2.0227699231917313,0.34517879586247147,0.5171327884766733,surface,1.0,0.0,0.0,0.0,0.95,0.95,0.0,-0.004,10.0,0.33333333333333337,29,0.7178423180132371,0.6666666666666666,possible_disulfide_loss;surface_hydrophobic_gain,reject
930,64,65,77,C,N,C65N,-2.123709201812744,3.364118250046033,0.16183293636881846,0.186155655858357,partial,1.0,0.0,0.0,0.0,0.46,0.46,0.0,-0.091,10.0,0.33333333333333337,25,0.7124820436160142,0.6666666666666666,possible_disulfide_loss,reject
931,75,76,88,C,A,C76A,-2.9413249492645264,-0.1426058488020771,0.6411590972462307,0.3206615720507638,partial,0.09999999999999998,0.0,0.0,0.0,0.95,0.95,0.0,-0.05,10.0,0.33333333333333337,25,0.6973135838353672,0.8333333333333334,possible_disulfide_loss,reject
932,89,90,102,C,V,C90V,-2.354538679122925,-1.7567234668011338,0.8617891722767191,0.4335172118769226,surface,0.0,0.0,0.0,0.0,0.95,0.95,0.0,-0.004,10.0,0.33333333333333337,29,0.696994912116799,0.8333333333333334,possible_disulfide_loss;surface_hydrophobic_gain,reject
933,89,90,102,C,A,C90A,-3.6190128326416016,-0.3381413672064468,0.6678864036182168,0.4335172118769226,surface,0.09999999999999998,0.0,0.0,0.0,0.95,0.95,0.0,-0.05,10.0,0.33333333333333337,29,0.6968525532855067,0.8333333333333334,possible_disulfide_loss;surface_hydrophobic_gain,reject
934,106,107,119,C,N,C107N,-3.13327693939209,-1.4947028036247616,0.8259741623099701,0.5378406622945726,surface,0.0,13.0,0.0,13.0,0.8,0.8,0.0,-0.091,10.0,0.33333333333333337,25,0.6918976317914429,0.6666666666666666,possible_disulfide_loss,reject
935,75,76,88,C,T,C76T,-2.5835156440734863,0.3554170733657997,0.5730854739491791,0.3206615720507638,partial,0.0,0.0,0.0,0.0,0.95,0.95,0.0,-0.072,10.0,0.33333333333333337,25,0.6652951780111044,0.6666666666666666,possible_disulfide_loss,reject
936,47,48,60,C,P,C48P,-2.1038527488708496,3.522288042910816,0.14021306624400443,0.3871591182032692,surface,1.0,0.0,0.0,0.0,0.85,0.85,0.0,-0.05,9.2,0.0,33,0.6641246951324297,0.6666666666666666,new_proline;possible_disulfide_loss,reject
937,89,90,102,C,M,C90M,-4.325970649719238,-0.1415084530088393,0.6410090967050679,0.4335172118769226,surface,0.0,0.0,0.0,0.0,0.95,0.95,0.0,-0.084,10.0,0.33333333333333337,29,0.6417998932238861,0.8333333333333334,possible_disulfide_loss;surface_hydrophobic_gain,reject
938,148,149,161,C,A,C149A,-2.7625391483306885,0.4551728744380625,0.5594500798305129,0.316521818282207,partial,0.0,8.0,0.0,8.0,0.8,0.8,0.0,-0.05,10.0,0.33333333333333337,25,0.6393511182138322,0.5,possible_disulfide_loss,reject
939,148,149,161,C,S,C149S,-2.1985249519348145,0.4578526367955646,0.5590837891938166,0.316521818282207,partial,0.0,8.0,0.0,8.0,0.8,0.8,0.0,-0.057,10.0,0.33333333333333337,25,0.6392595455546581,0.5,possible_disulfide_loss,reject
940,148,149,161,C,G,C149G,-2.8428869247436523,0.4268401065871785,0.5633228215855475,0.316521818282207,partial,0.0,8.0,0.0,8.0,0.8,0.8,0.0,-0.077,10.0,0.33333333333333337,29,0.6331764465097337,0.5,new_glycine;possible_disulfide_loss,reject
941,148,149,161,C,T,C149T,-2.3331947326660156,0.7260033715925829,0.5224308736453901,0.316521818282207,partial,0.0,8.0,0.0,8.0,0.8,0.8,0.0,-0.072,10.0,0.33333333333333337,25,0.6300963166675515,0.5,possible_disulfide_loss,reject
942,75,76,88,C,W,C76W,-2.978302240371704,1.477160286709818,0.4197569391724918,0.3206615720507638,partial,0.0,0.0,0.0,0.0,0.95,0.95,0.0,-0.074,10.0,0.33333333333333337,25,0.6269630443169325,0.6666666666666666,possible_disulfide_loss,reject
943,106,107,119,C,A,C107A,-3.2326884269714355,0.3093561333981256,0.5793814393284806,0.5378406622945726,surface,0.0,13.0,0.0,13.0,0.8,0.8,0.0,-0.05,10.0,0.33333333333333337,29,0.6231065939032133,0.5,possible_disulfide_loss;surface_hydrophobic_gain,reject
944,148,149,161,C,N,C149N,-3.227686882019043,1.2572731085285795,0.44981281866937073,0.316521818282207,partial,0.0,8.0,0.0,8.0,0.8,0.8,0.0,-0.091,10.0,0.33333333333333337,25,0.6119418029235466,0.5,possible_disulfide_loss,reject
945,75,76,88,C,S,C76S,-2.128592014312744,2.039310274909326,0.3429179327135967,0.3206615720507638,partial,0.0,0.0,0.0,0.0,0.95,0.95,0.0,-0.057,10.0,0.33333333333333337,25,0.6077532927022088,0.6666666666666666,possible_disulfide_loss,reject
946,75,76,88,C,R,C76R,-2.6709582805633545,1.9320008746605597,0.357585811165795,0.3206615720507638,partial,0.0,0.0,0.0,0.0,0.95,0.95,0.0,-0.077,9.6,0.33333333333333337,25,0.6054202623152584,0.6666666666666666,possible_disulfide_loss,reject
947,136,137,149,C,Q,C137Q,-3.1508421897888184,-2.384653444898561,0.9476194963105216,0.1460425968936708,buried,0.0,48.0,12.0,36.0,0.4,0.4,0.0,-0.057,10.0,0.33333333333333337,40,0.5969317017100919,0.6666666666666666,antibody_interface_mutation;possible_disulfide_loss;protected_epitope_or_contact,reject
948,75,76,88,C,G,C76G,-2.858349084854126,2.2529287877275124,0.31371890286259774,0.3206615720507638,partial,0.0,0.0,0.0,0.0,0.95,0.95,0.0,-0.077,10.0,0.33333333333333337,29,0.5933106780966019,0.6666666666666666,new_glycine;possible_disulfide_loss,reject
949,75,76,88,C,I,C76I,-2.977094888687134,2.8840289889798214,0.22745524821848195,0.3206615720507638,partial,0.0,0.0,0.0,0.0,0.95,0.95,0.0,-0.037,10.0,0.33333333333333337,25,0.5788876215784301,0.6666666666666666,possible_disulfide_loss,reject
950,120,121,133,C,Q,C121Q,-3.4403481483459473,0.0,0.6216666273232567,0.214163612782732,partial,0.0,28.0,0.0,28.0,0.8,0.8,0.0,-0.057,10.0,0.33333333333333337,40,0.5717815126322897,0.5,antibody_interface_mutation;possible_disulfide_loss;protected_epitope_or_contact,reject
951,120,121,133,C,L,C121L,-2.986502170562744,0.4578526367955646,0.5590837891938166,0.214163612782732,partial,0.0,28.0,0.0,28.0,0.8,0.9,0.1,-0.023,10.0,0.33333333333333337,40,0.5561358030999297,0.5,antibody_interface_mutation;possible_disulfide_loss;protected_epitope_or_contact,reject
952,120,121,133,C,G,C121G,-2.412272691726685,0.4268401065871785,0.5633228215855475,0.214163612782732,partial,0.0,28.0,0.0,28.0,0.8,0.8,0.0,-0.077,10.0,0.33333333333333337,44,0.5500527040550053,0.5,antibody_interface_mutation;new_glycine;possible_disulfide_loss;protected_epitope_or_contact,reject
953,123,124,136,C,A,C124A,-3.157970905303955,-0.8826015707792294,0.7423074335517668,0.0746833702679729,buried,0.0,48.0,12.0,36.0,0.35,0.45,0.1,-0.05,10.0,0.33333333333333337,40,0.5456036860204032,0.6666666666666666,antibody_interface_mutation;possible_disulfide_loss;protected_epitope_or_contact,reject
954,136,137,149,C,N,C137N,-3.29565167427063,-0.8729701123195923,0.7409909313471523,0.1460425968936708,buried,0.0,48.0,12.0,36.0,0.4,0.4,0.0,-0.091,10.0,0.33333333333333337,40,0.5452745604692496,0.6666666666666666,antibody_interface_mutation;possible_disulfide_loss;protected_epitope_or_contact,reject
955,89,90,102,C,G,C90G,-3.662617683410645,3.909155149867445,0.08733307913347466,0.4335172118769226,surface,0.0,0.0,0.0,0.0,0.95,0.95,0.0,-0.077,10.0,0.33333333333333337,29,0.5367142221643212,0.6666666666666666,new_glycine;possible_disulfide_loss,reject
956,120,121,133,C,A,C121A,-2.725297451019287,1.295746455745757,0.44455398412810443,0.214163612782732,partial,0.0,28.0,0.0,28.0,0.8,0.9,0.1,-0.05,10.0,0.33333333333333337,40,0.5275033518335017,0.5,antibody_interface_mutation;possible_disulfide_loss;protected_epitope_or_contact,reject
957,120,121,133,C,V,C121V,-3.002763271331787,1.295746455745757,0.44455398412810443,0.214163612782732,partial,0.0,28.0,0.0,28.0,0.8,0.9,0.1,-0.004,10.0,0.33333333333333337,40,0.5275033518335017,0.5,antibody_interface_mutation;possible_disulfide_loss;protected_epitope_or_contact,reject
958,136,137,149,C,A,C137A,-3.010565996170044,-0.1384562342148001,0.6405918958431052,0.1460425968936708,buried,0.0,48.0,12.0,36.0,0.4,0.4,0.0,-0.05,10.0,0.33333333333333337,40,0.5201748015932378,0.6666666666666666,antibody_interface_mutation;possible_disulfide_loss;protected_epitope_or_contact,reject
959,138,139,151,C,S,C139S,-2.1434519290924072,-0.0804972411359585,0.6326696125788109,0.295434018684476,partial,0.0,48.0,12.0,36.0,0.4,0.4,0.0,-0.057,10.0,0.33333333333333337,40,0.5181942307771642,0.6666666666666666,antibody_interface_mutation;possible_disulfide_loss;protected_epitope_or_contact,reject
960,106,107,119,C,P,C107P,-2.1155261993408203,2.336123418640966,0.3023472175183022,0.5378406622945726,surface,0.0,13.0,0.0,13.0,0.8,0.8,0.0,-0.05,9.2,0.0,33,0.5180385146411449,0.5,new_proline;possible_disulfide_loss,reject
961,123,124,136,C,Q,C124Q,-3.742828607559204,0.0283394673467682,0.6177929698293299,0.0746833702679729,buried,0.0,48.0,12.0,36.0,0.35,0.45,0.1,-0.057,10.0,0.33333333333333337,40,0.514475070089794,0.5,antibody_interface_mutation;possible_disulfide_loss;protected_epitope_or_contact,reject
962,146,147,159,C,A,C147A,-2.9415030479431152,0.2774916351957586,0.5837369252923301,0.0654799711236553,buried,0.0,48.0,12.0,36.0,0.54,0.54,0.0,-0.05,10.0,0.33333333333333337,40,0.505961058955544,0.5,antibody_interface_mutation;possible_disulfide_loss;protected_epitope_or_contact,reject
963,138,139,151,C,A,C139A,-3.057215690612793,0.4268401065871785,0.5633228215855475,0.295434018684476,partial,0.0,48.0,12.0,36.0,0.4,0.4,0.0,-0.05,10.0,0.33333333333333337,40,0.5008575330288484,0.5,antibody_interface_mutation;possible_disulfide_loss;protected_epitope_or_contact,reject
964,123,124,136,C,I,C124I,-3.5066444873809814,0.4268401065871785,0.5633228215855475,0.0746833702679729,buried,0.0,48.0,12.0,36.0,0.35,0.45,0.1,-0.037,10.0,0.33333333333333337,40,0.5008575330288484,0.5,antibody_interface_mutation;possible_disulfide_loss;protected_epitope_or_contact,reject
965,123,124,136,C,T,C124T,-1.1781716346740725,0.4551728744380625,0.5594500798305129,0.0746833702679729,buried,0.0,48.0,12.0,36.0,0.35,0.45,0.1,-0.072,10.0,0.33333333333333337,40,0.4998893475900897,0.5,antibody_interface_mutation;possible_disulfide_loss;protected_epitope_or_contact,reject
966,123,124,136,C,S,C124S,-1.9510653018951416,0.4551728744380625,0.5594500798305129,0.0746833702679729,buried,0.0,48.0,12.0,36.0,0.35,0.45,0.1,-0.057,10.0,0.33333333333333337,40,0.4998893475900897,0.5,antibody_interface_mutation;possible_disulfide_loss;protected_epitope_or_contact,reject
967,138,139,151,C,Q,C139Q,-3.2723546028137207,0.4551728744380625,0.5594500798305129,0.295434018684476,partial,0.0,48.0,12.0,36.0,0.4,0.4,0.0,-0.057,10.0,0.33333333333333337,40,0.4998893475900897,0.5,antibody_interface_mutation;possible_disulfide_loss;protected_epitope_or_contact,reject
968,138,139,151,C,I,C139I,-3.354259490966797,0.4551728744380625,0.5594500798305129,0.295434018684476,partial,0.0,48.0,12.0,36.0,0.4,0.4,0.0,-0.037,10.0,0.33333333333333337,40,0.4998893475900897,0.5,antibody_interface_mutation;possible_disulfide_loss;protected_epitope_or_contact,reject
969,123,124,136,C,L,C124L,-3.358781099319458,0.4578526367955646,0.5590837891938166,0.0746833702679729,buried,0.0,48.0,12.0,36.0,0.35,0.45,0.1,-0.023,10.0,0.33333333333333337,40,0.49979777493091554,0.5,antibody_interface_mutation;possible_disulfide_loss;protected_epitope_or_contact,reject
970,148,149,161,C,P,C149P,-2.1884164810180664,3.333776110036979,0.16598033464521045,0.316521818282207,partial,0.0,8.0,0.0,8.0,0.8,0.8,0.0,-0.05,9.2,0.0,33,0.49803130096512555,0.5,new_proline;possible_disulfide_loss,reject
971,137,138,150,C,T,C138T,-1.897111654281616,0.2136708045907767,0.592460449828504,0.5079853736421586,surface,0.0,53.0,12.0,41.0,0.4,0.4,0.0,-0.072,10.0,0.33333333333333337,40,0.4940574330473339,0.5,antibody_interface_mutation;possible_disulfide_loss;protected_epitope_or_contact,reject
972,137,138,150,C,V,C138V,-2.982994556427002,-0.7490979260750805,0.7240591232554987,0.5079853736421586,surface,0.0,53.0,12.0,41.0,0.4,0.4,0.0,-0.004,10.0,0.33333333333333337,44,0.48648091092789203,0.6666666666666666,antibody_interface_mutation;possible_disulfide_loss;protected_epitope_or_contact;surface_hydrophobic_gain,reject
973,137,138,150,C,I,C138I,-3.1792216300964355,-0.5985747528237653,0.7034844522166969,0.5079853736421586,surface,0.0,53.0,12.0,41.0,0.4,0.4,0.0,-0.037,10.0,0.33333333333333337,44,0.4813372431681916,0.6666666666666666,antibody_interface_mutation;possible_disulfide_loss;protected_epitope_or_contact;surface_hydrophobic_gain,reject
974,106,107,119,C,F,C107F,-2.780219554901123,3.512996384714256,0.14148312192161117,0.5378406622945726,surface,0.0,13.0,0.0,13.0,0.8,0.8,0.0,-0.046,10.0,0.33333333333333337,29,0.48029868121816266,0.5,possible_disulfide_loss;surface_hydrophobic_gain,reject
975,136,137,149,C,L,C137L,-2.615878105163574,1.6793147558857413,0.39212490343687867,0.1460425968936708,buried,0.0,48.0,12.0,36.0,0.4,0.4,0.0,-0.023,10.0,0.33333333333333337,40,0.4580580534916811,0.5,antibody_interface_mutation;possible_disulfide_loss;protected_epitope_or_contact,reject
976,137,138,150,C,L,C138L,-3.078794002532959,0.2490123020047576,0.5876297007311722,0.5079853736421586,surface,0.0,53.0,12.0,41.0,0.4,0.4,0.0,-0.023,10.0,0.33333333333333337,44,0.45237355529681045,0.5,antibody_interface_mutation;possible_disulfide_loss;protected_epitope_or_contact;surface_hydrophobic_gain,reject
977,123,124,136,C,N,C124N,-3.204343318939209,2.0206055205177336,0.345474643153298,0.0746833702679729,buried,0.0,48.0,12.0,36.0,0.35,0.45,0.1,-0.091,10.0,0.33333333333333337,40,0.44639548842078597,0.5,antibody_interface_mutation;possible_disulfide_loss;protected_epitope_or_contact,reject
978,106,107,119,C,L,C107L,-1.966683268547058,4.924030196482704,0.0,0.5378406622945726,surface,0.0,13.0,0.0,13.0,0.8,0.8,0.0,-0.023,10.0,0.33333333333333337,29,0.4449279007377599,0.5,possible_disulfide_loss;surface_hydrophobic_gain,reject
979,120,121,133,C,P,C121P,-2.1490330696105957,2.4702313999605394,0.2840163018212144,0.214163612782732,partial,0.0,28.0,0.0,28.0,0.8,0.8,0.0,-0.05,9.2,0.0,48,0.44441655030439814,0.5,antibody_interface_mutation;new_proline;possible_disulfide_loss;protected_epitope_or_contact,reject
980,137,138,150,C,S,C138S,-2.1713991165161133,1.8929834946318351,0.3629190083177486,0.5079853736421586,surface,0.0,53.0,12.0,41.0,0.4,0.4,0.0,-0.057,10.0,0.33333333333333337,40,0.4366720726696451,0.5,antibody_interface_mutation;possible_disulfide_loss;protected_epitope_or_contact,reject
981,138,139,151,C,P,C139P,-1.9012168645858765,1.1553888982646183,0.4637391402114315,0.295434018684476,partial,0.0,48.0,12.0,36.0,0.4,0.35,-0.05,-0.05,9.2,0.0,48,0.4330092317329383,0.5,antibody_interface_mutation;new_proline;possible_disulfide_loss;protected_epitope_or_contact,reject
982,138,139,151,C,N,C139N,-3.1664764881134033,2.908390087359976,0.22412538495232082,0.295434018684476,partial,0.0,48.0,12.0,36.0,0.4,0.4,0.0,-0.091,10.0,0.33333333333333337,40,0.4160581738705416,0.5,antibody_interface_mutation;possible_disulfide_loss;protected_epitope_or_contact,reject
983,146,147,159,C,T,C147T,-2.564791440963745,2.939165204442702,0.21991880402208408,0.0654799711236553,buried,0.0,48.0,12.0,36.0,0.54,0.54,0.0,-0.072,10.0,0.33333333333333337,40,0.41500652863798243,0.5,antibody_interface_mutation;possible_disulfide_loss;protected_epitope_or_contact,reject
984,137,138,150,C,N,C138N,-1.7211995124816897,2.8195755746736495,0.23626523918554054,0.5079853736421586,surface,0.0,53.0,12.0,41.0,0.4,0.4,0.0,-0.091,10.0,0.33333333333333337,40,0.405008630386593,0.5,antibody_interface_mutation;possible_disulfide_loss;protected_epitope_or_contact,reject
985,136,137,149,C,T,C137T,-2.3694238662719727,3.316637452974362,0.16832297879423752,0.1460425968936708,buried,0.0,48.0,12.0,36.0,0.4,0.4,0.0,-0.072,10.0,0.33333333333333337,40,0.40210757233102085,0.5,antibody_interface_mutation;possible_disulfide_loss;protected_epitope_or_contact,reject
986,146,147,159,C,S,C147S,-2.165090560913086,3.814591342845461,0.10025879136520943,0.0654799711236553,buried,0.0,48.0,12.0,36.0,0.54,0.54,0.0,-0.057,10.0,0.33333333333333337,40,0.38509152547376385,0.5,antibody_interface_mutation;possible_disulfide_loss;protected_epitope_or_contact,reject
987,136,137,149,C,D,C137D,-3.2582898139953613,0.1175835530963809,0.6055943982287217,0.1460425968936708,buried,0.0,48.0,12.0,36.0,0.4,0.4,0.0,-0.078,10.0,0.33333333333333337,56,0.3828539986182133,0.5,accessibility_risk;antibody_interface_mutation;buried_charge;possible_disulfide_loss;protected_epitope_or_contact,reject
988,136,137,149,C,G,C137G,-2.433026075363159,3.6898885837763378,0.11730412857182293,0.1460425968936708,buried,0.0,48.0,12.0,36.0,0.4,0.35,-0.05,-0.077,10.0,0.33333333333333337,44,0.38221000263256,0.5,antibody_interface_mutation;new_glycine;possible_disulfide_loss;protected_epitope_or_contact,reject
989,146,147,159,C,G,C147G,-2.227210521697998,4.700122553281233,0.0,0.0654799711236553,buried,0.09999999999999998,48.0,12.0,36.0,0.54,0.54,0.0,-0.077,10.0,0.33333333333333337,44,0.36788397048960425,0.5,antibody_interface_mutation;new_glycine;possible_disulfide_loss;protected_epitope_or_contact,reject
