pos,s_protein_pos,construct_pos,wt,mut,esm_score,ddg
0,1,13,G,M,-0.0786839351058006,9.260907186224813
129,130,142,G,C,-0.3731144070625305,29.370930520260686
89,90,102,C,L,-0.9217205047607422,7.509132867626306
80,81,93,I,L,-1.028612494468689,7.451345550086444
218,219,231,F,L,-1.0726032257080078,4.823050362090669
212,213,225,I,L,-1.152437448501587,-6.306159160774882
116,117,129,S,T,-1.1565436124801636,2.2220291607022773
123,124,136,C,T,-1.1781716346740725,0.45517287443806254
15,16,28,Q,L,-1.1877378225326538,3.096297257082256
85,86,98,I,L,-1.1897644996643066,-8.147088148706871
208,209,221,V,L,-1.2238092422485352,6.241372954803751
17,18,30,G,L,-1.300022006034851,-2.866970291134294
23,24,36,R,L,-1.324655532836914,-1.831418554982406
219,220,232,F,L,-1.3286521434783936,16.738162808895936
132,133,145,M,T,-1.337791919708252,0.03205751718883221
84,85,97,F,L,-1.3494751453399658,-0.960124263287014
132,133,145,M,S,-1.3677241802215576,-0.4749941015597301
217,218,230,I,L,-1.3890907764434814,1.5371559571025273
92,93,105,F,L,-1.405893087387085,6.920689575526069
100,101,113,Q,L,-1.4072073698043823,7.391543627697388
183,184,196,V,L,-1.4322216510772705,3.4166000104491445
207,208,220,I,L,-1.4396358728408811,0.13089486785395366
158,159,171,A,L,-1.4428694248199463,0.12313750017744951
211,212,224,F,L,-1.4523497819900513,1.80213216153129
91,92,104,I,L,-1.4723002910614014,0.8253171522691218
216,217,229,P,L,-1.4763802289962769,1.8422640313154375
193,194,206,A,L,-1.4794756174087524,7.093254372929607
18,19,31,F,L,-1.485834002494812,34.49887197966751
13,14,26,V,L,-1.4871556758880615,0.002196456878891695
200,201,213,W,L,-1.4941375255584717,2.8608876435634443
9,10,22,G,L,-1.500393629074097,1.665092389464462
220,221,233,C,L,-1.5068223476409912,1.3282049050714022
179,180,192,V,L,-1.5202497243881226,1.5069512865530896
48,49,61,L,P,-1.5207724571228027,28.849015718620876
205,206,218,Y,L,-1.5248403549194336,13.709629448151588
82,83,95,F,L,-1.5263842344284058,1.4005013966373099
222,223,235,W,L,-1.5266371965408323,1.6334938966722916
188,189,201,T,L,-1.5285547971725464,8.941736845836886
144,145,157,G,P,-1.5351455211639404,281.0834662648839
16,17,29,A,L,-1.5467277765274048,1.6981253472069966
180,181,193,Q,L,-1.5562838315963743,9.185925649556623
58,59,71,N,S,-1.558476448059082,2.810758476086903
95,96,108,V,L,-1.55885648727417,0.82844884654304
10,11,23,P,L,-1.561232328414917,0.44003876912773876
121,122,134,K,P,-1.5623154640197754,13.773083584030985
55,56,68,P,S,-1.5709632635116575,3.3120336016423835
182,183,195,F,L,-1.571154236793518,-1.9121753414140699
213,214,226,P,L,-1.5765663385391235,5.823192021082377
45,46,58,P,L,-1.578474044799805,6.063205536735438
79,80,92,F,L,-1.5796489715576172,8.55751586521734
111,112,124,G,T,-1.5926454067230225,11.11003394151237
28,29,41,P,L,-1.6010547876358032,-0.8440106751578469
4,5,17,T,L,-1.608746886253357,5.065075736435915
125,126,138,T,C,-1.6108421087265017,2.0719537145255345
165,166,178,A,L,-1.611588478088379,8.614231319563373
122,123,135,T,N,-1.614355444908142,2.5571098935303667
59,60,72,H,S,-1.6152822971343994,5.42969361985547
149,150,162,I,P,-1.6198680400848389,97.43705246027278
124,125,137,T,P,-1.6268301010131836,164.16151822930965
81,82,94,I,L,-1.6286615133285522,0.5795320502035111
19,20,32,F,L,-1.6318035125732422,-0.19679342150209322
209,210,222,S,L,-1.639424443244934,7.313124770702757
61,62,74,P,S,-1.6426712274551392,0.8838332613637476
203,204,216,S,L,-1.645430088043213,9.201505915595135
86,87,99,L,F,-1.6469604969024658,6.861088238449838
53,54,66,Q,S,-1.6482534408569336,6.065760387597891
186,187,199,S,L,-1.6517610549926758,1.0345173064168875
201,202,214,G,L,-1.654205322265625,3.8218611685526866
190,191,203,W,L,-1.6545075178146362,28.10971092120451
34,35,47,W,L,-1.6561474800109863,1.543139617638701
225,226,238,I,L,-1.6691142320632937,26.993587062092047
187,188,200,P,L,-1.6709178686141968,6.099561226312062
109,110,122,I,P,-1.6785054206848145,37.834658310484656
5,6,18,S,L,-1.682190179824829,7.568156623035065
56,57,69,T,S,-1.6883150339126587,1.7652394773222113
194,195,207,I,L,-1.6892272233963013,6.341129097121041
51,52,64,N,S,-1.6985361576080322,10.6742883589244
35,36,48,W,L,-1.7015727758407593,0.23303463314522332
59,60,72,H,P,-1.7030097246170044,15.796502285314546
224,225,237,Y,L,-1.7032495737075806,10.038918042971545
168,169,181,R,L,-1.7100673913955688,0.9493566392362709
137,138,150,C,N,-1.7211995124816897,2.8195755746736495
118,119,131,G,T,-1.7231314182281494,29.72971174048223
114,115,127,T,C,-1.7302383184432983,2.8129130969369385
25,26,38,L,P,-1.7342748641967771,149.0917295757361
192,193,205,S,L,-1.7383638620376587,8.961690631750741
60,61,73,S,P,-1.740655779838562,6.058441590749226
178,179,191,F,L,-1.746544599533081,-1.1978674474635227
6,7,19,G,L,-1.7467918395996094,-1.4087556103002044
7,8,20,F,L,-1.7472277879714966,21.496061156969745
210,211,223,P,L,-1.7547802925109863,-7.247239991119216
77,78,90,R,L,-1.7604379653930664,2.816938524218358
62,63,75,T,S,-1.7610907554626465,6.45776262158256
117,118,130,T,S,-1.7632601261138916,1.0303034310949215
65,66,78,P,S,-1.7697796821594238,5.379558112083885
24,25,37,I,L,-1.7883002758026123,9.282505845709352
58,59,71,N,P,-1.793285846710205,98.71185165334953
114,115,127,T,S,-1.801933765411377,1.7721357142012266
121,122,134,K,C,-1.8056193590164185,5.275379490830517
171,172,184,W,L,-1.805671453475952,5.034509607770133
41,42,54,L,P,-1.8118104934692385,109.18291787130246
102,103,115,M,L,-1.8121485710144043,5.706765588041037
112,113,125,S,T,-1.816800594329834,8.93015048623522
131,132,144,S,C,-1.8169589042663576,9.376264326883813
89,90,102,C,I,-1.819678544998169,5.211695483674362
40,41,53,F,S,-1.8229060173034668,13.739989675135064
195,196,208,W,L,-1.823853611946106,7.910187196589504
206,207,219,S,L,-1.8278276920318604,-0.371688721710143
62,63,75,T,P,-1.830559492111206,25.678677572383208
167,168,180,V,S,-1.8397836685180664,-0.0669843246633377
39,40,52,N,L,-1.84067702293396,14.370163854642271
99,100,112,Y,L,-1.8435794115066528,3.846623983610982
111,112,124,G,S,-1.8463555574417112,5.545098970532365
22,23,35,T,L,-1.8463999032974243,10.19012924936385
46,47,59,V,S,-1.8507957458496096,4.107669567758592
197,198,210,M,L,-1.8516727685928345,1.8742891882152435
57,58,70,S,P,-1.8527549505233765,11.54303119678434
169,170,182,F,L,-1.8556889295578003,2.0613651464108216
128,129,141,Q,P,-1.8564454317092896,18.18951061873389
108,109,121,L,P,-1.8597763776779177,23.818152547497846
154,155,167,S,L,-1.861370325088501,11.054352831055382
85,86,98,I,F,-1.8658384084701536,5.387151138296474
130,131,143,N,C,-1.867431879043579,7.925208542649671
126,127,139,P,C,-1.868313908576965,6.553669815237981
111,112,124,G,P,-1.868431806564331,130.93668754567028
202,203,215,P,L,-1.8695510625839231,3.7486962082080026
173,174,186,S,L,-1.8702199459075928,1.0457954729644143
117,118,130,T,P,-1.8707448244094849,14.732451344323806
80,81,93,I,F,-1.875370979309082,3.049847463875608
100,101,113,Q,F,-1.876120924949646,2.3909913384939045
83,84,96,L,I,-1.876678466796875,1.7225256176938615
49,50,62,G,P,-1.8806785345077517,159.11032375985744
78,79,91,R,L,-1.8821477890014648,4.664641331038865
96,97,109,L,F,-1.8844481706619265,17.627932538355253
223,224,236,V,L,-1.886408448219299,16.381036754021125
139,140,152,T,P,-1.8889164924621584,278.0074699361916
113,114,126,T,S,-1.8908412456512451,-1.4036235507340962
214,215,227,L,F,-1.890885353088379,7.19187483406165
133,134,146,F,C,-1.8943426609039309,12.854645583242302
137,138,150,C,T,-1.897111654281616,0.2136708045907767
127,128,140,A,C,-1.898742198944092,3.5822867115068107
120,121,133,C,T,-1.9003626108169556,6.9591239820586
138,139,151,C,P,-1.9012168645858765,1.1553888982646185
47,48,60,C,S,-1.9021170139312744,2.9983548167011236
50,51,63,Q,S,-1.902264952659607,1.9036821826530286
198,199,211,W,L,-1.9030436277389529,-0.2662866928646963
208,209,221,V,F,-1.9049780368804932,0.0075377222486281426
130,131,143,N,S,-1.9061567783355713,8.78157020844975
118,119,131,G,C,-1.9149006605148315,32.50853299970214
181,182,194,W,L,-1.9149558544158936,8.221101233451066
170,171,183,S,P,-1.9210268259048464,-2.619210459144199
217,218,230,I,F,-1.9218218326568604,1.9376975405764938
119,120,132,P,T,-1.9300565719604492,3.0240794269971047
70,71,83,G,S,-1.9302595853805544,24.143683065573327
54,55,67,S,P,-1.9336843490600584,68.08105014688991
87,88,100,L,F,-1.936044692993164,10.823560515907332
145,146,158,N,S,-1.9369564056396484,8.330429690105348
72,73,85,R,L,-1.938065767288208,6.5993481690946965
98,99,111,D,L,-1.9388976097106936,1.9966130989801627
215,216,228,L,I,-1.9393517971038816,23.65481280124527
68,69,81,C,P,-1.9401476383209229,185.0116349256063
213,214,226,P,F,-1.941429853439331,-2.3605013482190316
176,177,189,V,L,-1.94761323928833,-7.859066850145155
67,68,80,I,S,-1.9503185749053955,0.6987384783381003
140,141,153,K,C,-1.950588583946228,14.12094038917104
123,124,136,C,S,-1.9510653018951416,0.45517287443806254
68,69,81,C,S,-1.9520224332809448,11.96695270603584
64,65,77,C,S,-1.954246401786804,7.64583213724859
113,114,126,T,N,-1.954566478729248,-2.3980533510881514
143,144,156,D,S,-1.9554523229599,8.270294768323708
74,75,87,M,S,-1.955883741378784,3.039566930775436
212,213,225,I,F,-1.9590251445770264,3.969699686396325
64,65,77,C,P,-1.9640171527862549,217.29194455624474
42,43,55,G,L,-1.964990496635437,28.143976548300543
106,107,119,C,L,-1.966683268547058,4.924030196482704
152,153,165,P,S,-1.9685537815093992,4.536011898616039
219,220,232,F,I,-1.9715884923934937,20.644303468212343
134,135,147,P,S,-1.9726980924606323,8.364158029783482
89,90,102,C,F,-1.9735163450241089,5.810229100691288
71,72,84,Y,S,-1.975269556045532,13.332709859421925
131,132,144,S,P,-1.9785281419754028,17.083958804101485
109,110,122,I,C,-1.9842286109924316,5.254429368380784
105,106,118,V,S,-1.9866886138916016,3.026246081480963
174,175,187,L,S,-1.9925837516784668,-1.94449418374046
120,121,133,C,S,-1.996570706367493,8.629361181275044
53,54,66,Q,P,-2.0000977516174316,35.769957704488775
216,217,229,P,F,-2.000666618347168,1.1794427210304548
51,52,64,N,P,-2.0052688121795654,112.98053081783917
69,70,82,P,L,-2.006110429763794,6.430504043612984
155,156,168,W,S,-2.0066792964935303,11.597965852775133
210,211,223,P,F,-2.0081396102905273,-6.544593437789615
160,161,173,Y,S,-2.0088534355163574,3.7874638567620877
184,185,197,G,L,-2.0092580318450928,-0.6083365558444029
49,50,62,G,S,-2.014369487762451,9.030467826498295
112,113,125,S,N,-2.0159597396850586,7.297602523218416
107,108,120,P,S,-2.018322467803955,5.370757563962911
189,190,202,V,L,-2.0204274654388428,3.0093227802087767
110,111,123,P,S,-2.0210976600646973,2.83720809576738
3,4,16,I,L,-2.0243334770202637,1.8085097907887757
162,163,175,W,L,-2.0251550674438477,9.319287091767535
128,129,141,Q,S,-2.025979995727539,0.2573122492674429
76,77,89,L,S,-2.0286614894866943,7.968092045640049
83,84,96,L,F,-2.028846740722656,6.556943489408127
156,157,169,A,S,-2.029944896697998,3.1198867414065035
42,43,55,G,P,-2.0328757762908936,192.35629369298633
119,120,132,P,S,-2.034749984741211,3.950749887460802
44,45,57,S,L,-2.0347752571105957,7.382565527858787
27,28,40,I,S,-2.036527156829834,2.6212502254190326
128,129,141,Q,T,-2.0371899604797363,-0.6442985844060445
218,219,231,F,I,-2.0376367568969727,11.445693858880304
144,145,157,G,S,-2.037759065628052,13.941463381739595
56,57,69,T,P,-2.043552875518799,166.645279290201
29,30,42,Q,S,-2.0457026958465576,8.770286680196591
84,85,97,F,I,-2.0459697246551514,0.2427358363431722
140,141,153,K,S,-2.047354221343994,3.2143905531995642
115,116,128,T,S,-2.0477614402770996,-0.3612082359198894
151,152,164,I,P,-2.0481414794921875,266.59311691299865
48,49,61,L,S,-2.049304485321045,3.6436996639017707
108,109,121,L,S,-2.050854206085205,2.51274465850031
10,11,23,P,F,-2.0560317039489746,-5.335310508080568
27,28,40,I,L,-2.0563745498657227,-4.743587257492436
115,116,128,T,N,-2.059929370880127,-1.3800594327985891
127,128,140,A,S,-2.0609946250915527,1.2921583902010525
196,197,209,M,L,-2.062836170196533,6.872607350876024
115,116,128,T,P,-2.063323736190796,52.19206105008803
122,123,135,T,P,-2.065610885620117,159.29967492523178
43,44,56,G,S,-2.067075729370117,5.071969898991313
135,136,148,S,G,-2.067393064498902,1.563513471464944
52,53,65,S,P,-2.069894790649414,258.43744082893056
199,200,212,Y,L,-2.071489095687866,0.8559387711615614
118,119,131,G,S,-2.072906494140625,29.956418583398204
9,10,22,G,I,-2.0742125511169434,13.491131249225646
113,114,126,T,C,-2.075137138366699,1.101763818804784
66,67,79,P,S,-2.075577974319458,2.540486078801621
53,54,66,Q,T,-2.0761218070983887,7.344947435690244
150,151,163,P,S,-2.078533887863159,11.614161487680576
143,144,156,D,T,-2.07977294921875,7.260071053538468
142,143,155,T,S,-2.080872058868408,1.3982375588917648
145,146,158,N,T,-2.080882787704468,10.306884355580848
17,18,30,G,I,-2.081083297729492,4.6520568549523205
157,158,170,F,L,-2.081254720687866,0.352329770042104
221,222,234,L,I,-2.0817646980285645,12.42483231742898
52,53,65,S,N,-2.0817880630493164,3.496854796369007
158,159,171,A,W,-2.082785129547119,2.1265871731317816
126,127,139,P,D,-2.0838866233825684,9.915622853641935
177,178,190,P,L,-2.0860207080841064,0.039706580696702076
186,187,199,S,V,-2.0880134105682373,10.996884259824412
168,169,181,R,F,-2.0893731117248535,5.595211038207822
65,66,78,P,C,-2.0903608798980713,40.02822738765502
32,33,45,D,L,-2.090515375137329,9.17256173313092
93,94,106,L,F,-2.0939722061157227,2.5227038169850857
143,144,156,D,P,-2.095538377761841,80.481796460255
198,199,211,W,V,-2.0955801010131836,5.454590481094897
47,48,60,C,P,-2.1038527488708496,3.522288042910816
88,89,101,L,I,-2.108192443847656,0.13424267736053253
92,93,105,F,P,-2.111666679382324,268.4374670647011
182,183,195,F,V,-2.112018585205078,5.3511229333767005
216,217,229,P,I,-2.1125941276550293,1.463078577862234
32,33,45,D,S,-2.114874839782715,1.5537977573901571
106,107,119,C,P,-2.1155261993408203,2.336123418640966
116,117,129,S,C,-2.1160902976989746,7.863413138512669
88,89,101,L,F,-2.116477727890014,-0.8483746682377387
116,117,129,S,P,-2.120103120803833,102.13184523131343
118,119,131,G,P,-2.120513439178467,38.98299597752532
36,37,49,T,S,-2.1218247413635254,4.8570794022371615
157,158,170,F,W,-2.1227593421936035,1.0863036202876515
136,137,149,C,S,-2.1235947608947754,8.163858923025089
64,65,77,C,N,-2.123709201812744,3.364118250046033
127,128,140,A,T,-2.1250219345092773,2.5725211640976795
159,160,172,K,S,-2.1283175945281982,1.0605062587778775
75,76,88,C,S,-2.128592014312744,2.039310274909326
222,223,235,W,F,-2.130608558654785,8.914788152607855
170,171,183,S,L,-2.1308116912841797,1.864488382633624
139,140,152,T,C,-2.1320087909698486,8.616907745222875
147,148,160,T,S,-2.1347155570983887,2.266781055887634
67,68,80,I,P,-2.135673761367798,51.9073209782176
41,42,54,L,S,-2.1359703540802,2.294733380808509
121,122,134,K,S,-2.140949249267578,2.3266065122626287
90,91,103,L,F,-2.1433286666870117,1.8887655356607524
138,139,151,C,S,-2.1434519290924072,-0.08049724113595857
29,30,42,Q,L,-2.1462693214416504,8.47479714454596
220,221,233,C,F,-2.1478476524353027,10.294684583227195
121,122,134,K,T,-2.1480395793914795,2.652371833657128
120,121,133,C,P,-2.1490330696105957,2.4702313999605394
37,38,50,S,L,-2.1524527072906494,0.985138041825735
184,185,197,G,S,-2.15680193901062,-2.5910894132696853
215,216,228,L,F,-2.1573357582092285,12.197640907076106
16,17,29,A,V,-2.16088342666626,2.1122007365247555
69,70,82,P,S,-2.164851665496826,3.3656783130744543
146,147,159,C,S,-2.165090560913086,3.8145913428454605
128,129,141,Q,C,-2.166903018951416,4.634864219766655
82,83,95,F,I,-2.170513153076172,6.111495659855905
137,138,150,C,S,-2.1713991165161133,1.8929834946318351
11,12,24,L,F,-2.17398738861084,36.10211319983813
190,191,203,W,I,-2.175978899002075,27.6590304271416
134,135,147,P,C,-2.1768910884857178,7.636718446363261
72,73,85,R,S,-2.176907777786255,6.931202525922856
40,41,53,F,P,-2.1777753829956055,246.04048944547458
124,125,137,T,S,-2.1783580780029297,0.16472221174535662
26,27,39,T,G,-2.178396463394165,6.616785934689005
221,222,234,L,F,-2.179373264312744,2.8208104618688026
15,16,28,Q,V,-2.1827054023742676,1.876206898947089
154,155,167,S,P,-2.1829512119293213,95.40060738419137
3,4,16,I,S,-2.183102607727051,0.9020349756019073
14,15,27,L,F,-2.185652256011963,4.397336816432471
70,71,83,G,P,-2.1858878135681152,77.47403728594423
148,149,161,C,P,-2.1884164810180664,3.333776110036979
86,87,99,L,I,-2.193608045578003,3.3209481979571365
125,126,138,T,P,-2.193789482116699,28.45535349884375
92,93,105,F,I,-2.1967835426330566,4.886615864387807
17,18,30,G,V,-2.1978909969329834,6.211034976346696
148,149,161,C,S,-2.1985249519348145,0.45785263679556465
220,221,233,C,I,-2.1999292373657227,0.8824925777382191
166,167,179,S,L,-2.199979543685913,12.684467752277044
146,147,159,C,P,-2.201714038848877,146.4779225929021
225,226,238,I,F,-2.202672004699707,12.682731842594194
105,106,118,V,P,-2.2028839588165283,59.413460723638536
163,164,176,E,S,-2.205631971359253,8.962624267782246
63,64,76,S,P,-2.2074639797210693,127.52451762452432
165,166,178,A,V,-2.210538864135742,14.473922138408852
190,191,203,W,V,-2.2122044563293457,28.91632722684716
81,82,94,I,F,-2.215054512023926,5.934203705956179
174,175,187,L,W,-2.2200231552124023,11.300755233303732
110,111,123,P,T,-2.2249088287353516,10.38965116218526
138,139,151,C,T,-2.22678279876709,6.583113322615645
197,198,210,M,V,-2.22704815864563,1.4626012441344756
146,147,159,C,G,-2.227210521697998,4.700122553281233
209,210,222,S,F,-2.2272753715515137,24.463167190415504
45,46,58,P,S,-2.2275614738464355,5.861596609255741
114,115,127,T,P,-2.228355884552002,37.297341082392734
177,178,190,P,S,-2.228614330291748,-7.203812703459164
20,21,33,L,F,-2.2293457984924316,2.4414234308127334
95,96,108,V,F,-2.232041597366333,8.430535264721811
186,187,199,S,I,-2.234002113342285,9.35891619007873
156,157,169,A,D,-2.234081745147705,9.865261435945115
127,128,140,A,P,-2.234525203704834,14.282687394119876
33,34,46,S,L,-2.2345387935638428,9.194268919501837
149,150,162,I,T,-2.238992691040039,1.8103979231600533
20,21,33,L,I,-2.239654064178467,9.506396060203826
115,116,128,T,C,-2.242532968521118,2.210054976728202
73,74,86,W,S,-2.2428131103515625,6.388725331306034
104,105,117,P,S,-2.2432000637054443,4.136711154178386
130,131,143,N,P,-2.24332332611084,87.07987840533673
34,35,47,W,S,-2.245579719543457,0.4167088412841622
155,156,168,W,L,-2.2460620403289795,10.29061121020726
98,99,111,D,V,-2.247445821762085,12.202131811387801
17,18,30,G,F,-2.248289108276367,6.875814973649426
91,92,104,I,P,-2.2498323917388916,200.98313499123094
108,109,121,L,T,-2.250971794128418,9.044940775946202
200,201,213,W,F,-2.251255512237549,3.9787349786148525
149,150,162,I,S,-2.2543439865112305,4.404306485478401
133,134,146,F,S,-2.2546305656433105,2.5873107056510207
28,29,41,P,F,-2.254882574081421,-5.046755405254316
91,92,104,I,F,-2.2575411796569824,2.8006525427445013
203,204,216,S,I,-2.257744789123535,8.517921107813777
208,209,221,V,I,-2.2582406997680664,4.25027474884746
6,7,19,G,S,-2.258242607116699,5.5842504132447175
43,44,56,G,L,-2.2583670616149902,42.45803023137972
88,89,101,L,V,-2.258749485015869,2.9445596737788264
99,100,112,Y,S,-2.260345220565796,7.906070497519863
141,142,154,P,G,-2.261070489883423,15.477794529940581
192,193,205,S,V,-2.261248826980591,11.854156027840816
7,8,20,F,I,-2.264786720275879,53.9770916371875
151,152,164,I,S,-2.265588760375977,17.16532412947555
141,142,154,P,C,-2.265716075897217,12.506144503018959
112,113,125,S,P,-2.26712703704834,204.76277537067153
137,138,150,C,P,-2.2674336433410645,192.1593879818377
123,124,136,C,P,-2.2704038619995117,6.9591239820586
61,62,74,P,T,-2.271207332611084,7.357928503915105
201,202,214,G,I,-2.272429943084717,26.1150003329293
142,143,155,T,G,-2.272536277770996,1.9163581961053637
31,32,44,L,S,-2.272649049758911,7.227477608051174
4,5,17,T,F,-2.2729194164276123,6.5362459231959065
224,225,237,Y,F,-2.2732653617858887,0.780438927388218
113,114,126,T,P,-2.2733092308044434,22.164589160477703
1,2,14,E,G,-2.274301290512085,13.765195572843709
189,190,202,V,S,-2.2747979164123535,2.153585228252382
46,47,59,V,P,-2.2754626274108887,107.35125028862223
50,51,63,Q,G,-2.2766356468200684,5.32868082369373
16,17,29,A,I,-2.2788472175598145,7.04163099545633
174,175,187,L,P,-2.281217575073242,182.22690895910438
87,88,100,L,I,-2.28330135345459,1.8162624908553653
164,165,177,W,L,-2.2841367721557617,-1.7223096070576958
139,140,152,T,S,-2.287264585494995,4.487150923446279
71,72,84,Y,G,-2.288701057434082,16.323864088666085
78,79,91,R,I,-2.2900118827819824,-0.7640512300564524
84,85,97,F,V,-2.2907493114471436,0.16441056696231726
176,177,189,V,S,-2.290881633758545,2.397852486345414
25,26,38,L,S,-2.2911181449890137,6.2940657804331295
38,39,51,L,S,-2.291135787963867,3.3590779988269333
57,58,70,S,T,-2.2922966480255127,1.1018526199777625
2,3,15,N,G,-2.2929365634918213,24.558932885106685
168,169,181,R,V,-2.2959401607513428,1.4245438868594533
203,204,216,S,V,-2.298666477203369,7.7210275911893405
44,45,57,S,C,-2.3005666732788086,8.529799551125734
145,146,158,N,P,-2.301787853240967,208.1178048571275
147,148,160,T,P,-2.301910400390625,76.45305789053657
144,145,157,G,T,-2.3020715713500977,18.015189367857488
93,94,106,L,I,-2.3024485111236572,8.489280758560938
203,204,216,S,F,-2.30301284790039,-0.4378512445392744
178,179,191,F,W,-2.30305814743042,-0.010507663273017442
55,56,68,P,T,-2.3036513328552246,5.505771530638867
204,205,217,L,I,-2.308255195617676,9.47198656707019
171,172,184,W,F,-2.310811996459961,4.114903520487303
58,59,71,N,C,-2.314645290374756,4.833485445230849
136,137,149,C,P,-2.3148789405822754,123.81589967486727
183,184,196,V,F,-2.3150243759155273,7.5769924243247715
42,43,55,G,S,-2.3153226375579834,8.695438749791322
2,3,15,N,L,-2.3153328895568848,5.30997409697585
140,141,153,K,P,-2.318476676940918,73.51560009398548
142,143,155,T,P,-2.320194959640503,26.604284077736963
15,16,28,Q,I,-2.3207132816314697,3.3763396175912135
18,19,31,F,I,-2.3208324909210205,32.17894455347118
141,142,154,P,T,-2.322051525115967,22.776189444405247
10,11,23,P,I,-2.3238773345947266,0.05334849728433255
78,79,91,R,F,-2.3250203132629395,10.528149414792438
205,206,218,Y,V,-2.3255209922790527,15.817217883400247
165,166,178,A,I,-2.327111005783081,19.97414753820169
73,74,86,W,P,-2.3271820545196533,51.17074158894599
201,202,214,G,F,-2.329987049102783,125.78893142165887
39,40,52,N,S,-2.3300013542175293,11.33721216074781
31,32,44,L,P,-2.330751419067383,259.39466078412084
23,24,36,R,F,-2.331183433532715,10.379387345335886
74,75,87,M,R,-2.3327865600585938,11.03851920292766
148,149,161,C,T,-2.3331947326660156,0.7260033715925829
112,113,125,S,C,-2.3341240882873535,1.771222253770361
59,60,72,H,T,-2.3360469341278076,-0.25250437640573864
14,15,27,L,I,-2.33860182762146,9.256802421420957
63,64,76,S,T,-2.338897943496704,7.061373918093636
75,76,88,C,L,-2.3390800952911377,32.53108578834042
9,10,22,G,F,-2.33915114402771,11.829024751736938
106,107,119,C,S,-2.3392693996429443,6.731102321594221
213,214,226,P,I,-2.340024709701538,-4.731338652950171
39,40,52,N,P,-2.342862129211426,321.1001856243094
9,10,22,G,V,-2.343815326690674,15.924383015866624
1,2,14,E,L,-2.345165729522705,12.986389145553915
197,198,210,M,A,-2.345921516418457,0.3634144060393396
179,180,192,V,F,-2.3461008071899414,5.977873672237024
109,110,122,I,S,-2.346264600753784,10.737479739662717
180,181,193,Q,G,-2.348005771636963,5.219225741046955
204,205,217,L,V,-2.3488616943359375,1.0642091323699105
67,68,80,I,C,-2.3522024154663086,1.5290205512106354
193,194,206,A,I,-2.352587938308716,-0.1030909439326706
159,160,172,K,L,-2.3527684211730957,1.6200042168898676
117,118,130,T,C,-2.354334592819214,5.4937346736873
10,11,23,P,V,-2.354422092437744,0.6206419770379057
89,90,102,C,V,-2.354538679122925,-1.7567234668011338
65,66,78,P,L,-2.356511116027832,11.673370730259421
26,27,39,T,S,-2.3587214946746826,3.949855015751666
141,142,154,P,S,-2.35921311378479,12.634138918140025
50,51,63,Q,P,-2.361318349838257,43.854630492161334
77,78,90,R,I,-2.3622560501098633,10.522098438237322
165,166,178,A,F,-2.363312005996704,3.5842319331916883
216,217,229,P,V,-2.363626480102539,9.437993831995868
193,194,206,A,W,-2.364865303039551,1.5052296495102837
30,31,43,S,L,-2.365506649017334,0.6386205454260221
193,194,206,A,F,-2.366605043411255,0.21028669230150854
64,65,77,C,T,-2.366843938827514,37.00383584523507
96,97,109,L,I,-2.367373466491699,10.966487114627967
195,196,208,W,S,-2.368824005126953,1.731117217317319
136,137,149,C,T,-2.3694238662719727,3.316637452974362
76,77,89,L,R,-2.3694772720336914,1.532740320999153
202,203,215,P,S,-2.3705718517303467,5.691082084607956
134,135,147,P,G,-2.3708391189575195,9.361042220797458
23,24,36,R,I,-2.373196601867676,6.95081949901828
187,188,200,P,V,-2.3732059001922607,3.41439161707774
90,91,103,L,I,-2.373893022537231,2.192399527462669
101,102,114,G,L,-2.373910427093506,336.37949926413194
178,179,191,F,V,-2.3746769428253174,7.384320896310442
160,161,173,Y,A,-2.376058578491211,7.1291706089190825
74,75,87,M,G,-2.376375913619995,6.76751443189039
190,191,203,W,F,-2.378241062164306,3.1014964459714633
130,131,143,N,T,-2.3782854080200195,8.390870354723347
87,88,100,L,S,-2.3789894580841064,2.2575631456347764
155,156,168,W,P,-2.3797640800476074,160.28280939170193
38,39,51,L,P,-2.3802433013916016,196.91595997824737
133,134,146,F,P,-2.3813130855560303,75.3988448469101
196,197,209,M,A,-2.381753444671631,6.467350829252837
126,127,139,P,T,-2.3829710483551025,9.926929190367105
199,200,212,Y,V,-2.383256196975708,2.327494616193917
206,207,219,S,F,-2.3837485313415527,9.212851905213029
96,97,109,L,Y,-2.3856685161590576,21.57549962575041
34,35,47,W,F,-2.3878133296966553,-1.3216970072088543
26,27,39,T,L,-2.3894028663635254,3.6069419699463197
191,192,204,L,S,-2.390282154083252,10.130316299631488
53,54,66,Q,C,-2.3914027214050293,9.883557921563408
22,23,35,T,S,-2.3949031829833984,0.8731826883641247
19,20,32,F,S,-2.395773410797119,0.05888319527332442
205,206,218,Y,F,-2.396195411682129,1.1386715625426405
212,213,225,I,S,-2.396226406097412,13.637002754569039
73,74,86,W,R,-2.397904396057129,2.711051476420721
158,159,171,A,F,-2.3997678756713867,4.234604247676316
223,224,236,V,F,-2.4017975330352783,3.7508049288553593
156,157,169,A,T,-2.402163028717041,5.078306658186989
194,195,207,I,V,-2.402200937271118,1.0529731757447962
210,211,223,P,I,-2.402444362640381,-7.103774312220821
214,215,227,L,I,-2.404603958129883,2.5449328464150653
125,126,138,T,S,-2.4047255516052246,7.168712960734865
32,33,45,D,P,-2.406233787536621,272.4123183553412
24,25,37,I,F,-2.40708589553833,1.8911010976258922
168,169,181,R,I,-2.4074323177337646,2.1948959527347824
207,208,220,I,S,-2.4091756343841553,3.7272191049404455
1,2,14,E,A,-2.4098429679870605,3.39762469957401
71,72,84,Y,R,-2.4100351333618164,12.52899771518969
143,144,156,D,G,-2.410581111907959,4.175121355788349
188,189,201,T,F,-2.4106009006500244,1.816924020577062
193,194,206,A,V,-2.4113240242004395,8.787518494581377
120,121,133,C,G,-2.412272691726685,0.4268401065871785
211,212,224,F,I,-2.4122838973999023,-0.049267382873551924
141,142,154,P,D,-2.412327527999878,12.984360997175145
90,91,103,L,S,-2.413055658340454,10.903835442885338
150,151,163,P,T,-2.413086414337158,15.469420097900866
171,172,184,W,P,-2.413379192352295,14.031402171933053
58,59,71,N,T,-2.4134483337402344,7.202315893874925
104,105,117,P,G,-2.4143729209899902,5.028832347228558
224,225,237,Y,I,-2.414756774902344,7.303283226937083
1,2,14,E,S,-2.4177284240722656,2.3092148197702045
24,25,37,I,S,-2.4178988933563232,-0.05152648487711531
105,106,118,V,L,-2.4184205532073975,3.3325476645655954
72,73,85,R,C,-2.419503927230835,9.184944928323205
151,152,164,I,L,-2.4196882247924805,3.4299217844281884
198,199,211,W,I,-2.4197494983673096,-3.3411520824496392
140,141,153,K,T,-2.420987129211426,12.851121635999618
133,134,146,F,T,-2.421487331390381,5.254967206573326
180,181,193,Q,S,-2.422755718231201,8.745936172023903
127,128,140,A,G,-2.4232239723205566,2.513450723751987
132,133,145,M,C,-2.4245731830596924,2.2676012542433455
8,9,21,L,S,-2.425980567932129,1.919036613003641
128,129,141,Q,G,-2.4263875484466553,8.79077154232806
49,50,62,G,L,-2.427117347717285,234.93202919484753
111,112,124,G,N,-2.4283957481384277,3.1999895656716717
74,75,87,M,T,-2.42860746383667,12.097700913581889
169,170,182,F,P,-2.43061900138855,264.5417803825826
48,49,61,L,C,-2.4314591884613037,11.877447521512693
43,44,56,G,P,-2.431854724884033,248.45707135820103
60,61,73,S,C,-2.4319446086883545,3.2016337332380544
192,193,205,S,W,-2.432274580001831,9.587589475814525
136,137,149,C,G,-2.433026075363159,3.6898885837763373
199,200,212,Y,S,-2.433779716491699,12.607979096536496
4,5,17,T,I,-2.4394302368164062,2.725190281854509
204,205,217,L,F,-2.4397048950195312,8.057024893480389
214,215,227,L,S,-2.440859794616699,2.5695766813066143
101,102,114,G,P,-2.441746950149536,177.60302609817836
66,67,79,P,G,-2.442361831665039,12.653004883085373
210,211,223,P,S,-2.4429931640625,-7.181903330774958
28,29,41,P,S,-2.4437217712402344,-7.4334492782589905
207,208,220,I,F,-2.445828914642334,1.8920317043352952
196,197,209,M,V,-2.44633412361145,8.980486312385324
104,105,117,P,L,-2.4487719535827637,3.9408607473265533
102,103,115,M,I,-2.4488399028778076,2.6833121382871923
181,182,194,W,F,-2.4488742351531982,-0.3189641837366821
185,186,198,L,F,-2.4491875171661377,4.732800550633499
184,185,197,G,F,-2.4497430324554443,9.594511041129806
54,55,67,S,T,-2.451204299926758,-0.2620550251510281
124,125,137,T,C,-2.452627182006836,2.5590088236476163
163,164,176,E,L,-2.4526474475860596,4.549836029290589
175,176,188,L,V,-2.4538002014160156,12.209756443486356
14,15,27,L,V,-2.454068660736084,9.668865172016524
72,73,85,R,P,-2.454378843307495,23.924925294509364
68,69,81,C,L,-2.4550180435180664,48.98267645147894
67,68,80,I,G,-2.456249475479126,11.385478822250207
126,127,139,P,S,-2.456705331802368,10.564230749653404
140,141,153,K,N,-2.4569075107574463,6.163915962129067
51,52,64,N,G,-2.458378553390503,12.153918379459753
205,206,218,Y,I,-2.4597387313842773,11.913128412206163
73,74,86,W,L,-2.4603865146636963,80.1509532150906
197,198,210,M,G,-2.461118221282959,2.992739248257294
169,170,182,F,S,-2.4612436294555664,3.613082724924027
188,189,201,T,V,-2.4625723361968994,0.1396005318221114
81,82,94,I,S,-2.464616060256958,9.490440518188962
179,180,192,V,I,-2.4649500846862793,4.932921074435683
154,155,167,S,F,-2.465078353881836,3.3627544643359215
187,188,200,P,W,-2.4667530059814453,13.242214230651882
153,154,166,S,T,-2.467420816421509,6.997432760399533
186,187,199,S,F,-2.4693610668182373,9.249628827828587
171,172,184,W,S,-2.4706287384033203,-1.2724969104070283
162,163,175,W,S,-2.471937656402588,11.746573005364496
40,41,53,F,C,-2.4722466468811035,6.73142081567903
213,214,226,P,S,-2.4727907180786133,-3.5975192427630986
96,97,109,L,V,-2.474425792694092,5.553986227054509
79,80,92,F,W,-2.475039005279541,0.14889143216095135
101,102,114,G,S,-2.476783037185669,51.281514442490106
15,16,28,Q,F,-2.4779508113861084,8.029628610062787
95,96,108,V,I,-2.478640556335449,-0.5485745774932411
161,162,174,L,V,-2.4795827865600586,4.28992163316866
41,42,54,L,G,-2.48128604888916,10.035318711069976
99,100,112,Y,F,-2.4817609786987305,9.390022455458393
155,156,168,W,T,-2.481956243515014,10.866302823426452
15,16,28,Q,A,-2.4831228256225586,0.13964863190886945
225,226,238,I,S,-2.483520984649658,3.0300525586817457
13,14,26,V,G,-2.484318256378174,2.014207924582365
11,12,24,L,S,-2.4844565391540527,11.462982873571889
181,182,194,W,V,-2.484596490859986,10.488007634073142
103,104,116,L,S,-2.4850611686706543,5.549209925405819
71,72,84,Y,P,-2.4855051040649414,420.2528613827392
94,95,107,L,P,-2.4870574474334717,249.184900438074
6,7,19,G,F,-2.488416910171509,32.118648912747005
46,47,59,V,L,-2.4885456562042236,4.039333706290449
167,168,180,V,L,-2.4892265796661377,2.039890266801706
175,176,188,L,W,-2.4897069931030273,10.060254925722688
201,202,214,G,V,-2.489813804626465,19.712770749184642
48,49,61,L,G,-2.4905552864074707,5.650220327154273
135,136,148,S,P,-2.4909727573394775,63.462082168476
151,152,164,I,C,-2.4915714263916016,9.977388837878436
79,80,92,F,I,-2.4919910430908203,6.600314638676991
166,167,179,S,V,-2.4920740127563477,10.922620214456856
202,203,215,P,F,-2.4926140308380127,0.4180369007768263
63,64,76,S,C,-2.493117570877075,2.4169224202792634
110,111,123,P,G,-2.4946868419647217,7.146334766583038
13,14,26,V,F,-2.4966022968292236,8.265742907563322
59,60,72,H,Q,-2.4978792667388916,8.293402108759494
12,13,25,L,V,-2.497987747192383,9.413599256555528
47,48,60,C,L,-2.50103759765625,11.784850393144097
106,107,119,C,I,-2.5011417865753174,21.58429789827636
51,52,64,N,T,-2.5018224716186523,14.292216305928434
182,183,195,F,A,-2.5028533935546875,6.800840417235918
177,178,190,P,G,-2.5033769607543945,1.6625519512702454
4,5,17,T,S,-2.505783796310425,0.6898147730419169
122,123,135,T,C,-2.5058770179748535,9.295717265838505
142,143,155,T,A,-2.5060958862304688,6.918730221419764
87,88,100,L,V,-2.506875991821289,8.184197100871359
188,189,201,T,S,-2.507202625274658,-0.4905828021535399
40,41,53,F,L,-2.507657766342163,146.76950017376203
119,120,132,P,C,-2.508359670639038,4.425133553398041
105,106,118,V,T,-2.5086002349853516,0.553821536792384
152,153,165,P,T,-2.509866714477539,5.0426318999491855
26,27,39,T,P,-2.510749101638794,311.81878963757055
77,78,90,R,F,-2.511047124862671,3.697277106807519
215,216,228,L,V,-2.5110626220703125,28.695265412532194
219,220,232,F,V,-2.512216091156006,21.487373897427176
91,92,104,I,V,-2.513051986694336,1.804308050246732
3,4,16,I,P,-2.513650894165039,27.19151912833098
39,40,52,N,F,-2.5137808322906494,5.575332511806494
21,22,34,L,F,-2.5155839920043945,5.010936100117021
172,173,185,L,S,-2.516202449798584,2.5029027840997173
220,221,233,C,S,-2.5170817375183105,2.221009009253237
2,3,15,N,S,-2.5173323154449463,0.33438534709949863
181,182,194,W,S,-2.5178215503692627,2.04663694435817
147,148,160,T,C,-2.51843786239624,7.630090170248366
7,8,20,F,S,-2.520081043243408,5.895412456799136
176,177,189,V,F,-2.5206165313720703,10.010878741040699
62,63,75,T,C,-2.520634651184082,7.522019047758874
37,38,50,S,F,-2.520773410797119,9.633601125244866
170,171,183,S,G,-2.5211572647094727,9.365655283215403
102,103,115,M,F,-2.5230109691619873,5.4137644011295265
164,165,177,W,S,-2.523991584777832,1.1493329909829413
194,195,207,I,S,-2.524728298187256,-4.284084641376694
222,223,235,W,S,-2.5248255729675293,1.8757255120801801
23,24,36,R,V,-2.52583646774292,2.391527952727131
11,12,24,L,V,-2.527507781982422,9.730188933723127
223,224,236,V,I,-2.528330087661743,33.640870037749266
185,186,198,L,V,-2.5290331840515137,41.19842555989902
109,110,122,I,L,-2.5293498039245605,9.795408454731955
114,115,127,T,N,-2.5297279357910156,3.6903808587251206
185,186,198,L,S,-2.530738592147827,8.361516264881175
16,17,29,A,G,-2.5313639640808105,8.378339869028139
172,173,185,L,V,-2.531538248062134,46.52385310928415
122,123,135,T,S,-2.531820774078369,0.10470363270889038
131,132,144,S,T,-2.5320937633514404,3.1828664112581464
94,95,107,L,F,-2.5322346687316895,9.12185576035182
196,197,209,M,S,-2.5342648029327393,0.4568370490620737
86,87,99,L,S,-2.535384178161621,11.878372497659711
92,93,105,F,V,-2.535823106765747,3.5148182344855172
191,192,204,L,A,-2.536738395690918,3.0726877817485843
12,13,25,L,S,-2.5371949672698975,7.3864671579229935
196,197,209,M,G,-2.5396482944488525,3.8621179421303395
28,29,41,P,I,-2.540132522583008,-4.476171226648603
157,158,170,F,S,-2.540377378463745,-0.13213633471303865
180,181,193,Q,F,-2.542074203491211,5.129155708785788
151,152,164,I,T,-2.542210817337036,4.2292200004445135
124,125,137,T,L,-2.543985366821289,5.332243050787326
46,47,59,V,T,-2.5443427562713623,7.752720871084136
103,104,116,L,P,-2.54443097114563,29.229733270215434
91,92,104,I,S,-2.5449464321136475,2.2879694895773923
188,189,201,T,W,-2.5452370643615723,7.472240618437013
5,6,18,S,W,-2.5455706119537354,9.524010494080471
181,182,194,W,G,-2.547760009765625,9.683346277529722
7,8,20,F,V,-2.5480003356933594,46.82112015541793
163,164,176,E,A,-2.5486080646514893,9.668272129235902
196,197,209,M,W,-2.5494844913482666,10.888649191829018
35,36,48,W,I,-2.549493312835694,1.8871872987926963
194,195,207,I,F,-2.549851894378662,2.0825834648347836
107,108,120,P,L,-2.550886392593384,19.191852222722275
180,181,193,Q,V,-2.554079532623291,2.118467061243507
1,2,14,E,V,-2.556100845336914,5.1190189603778435
21,22,34,L,V,-2.556425094604492,7.139076707777974
153,154,166,S,P,-2.5566039085388184,86.6920033768696
162,163,175,W,V,-2.5575175285339355,12.22833340102477
173,174,186,S,V,-2.5594406127929688,9.599734357371744
150,151,163,P,C,-2.560779094696045,7.882631271924595
179,180,192,V,P,-2.561215877532959,221.3768350582224
160,161,173,Y,G,-2.5616066455841064,11.071148414105608
46,47,59,V,G,-2.5623409748077393,8.022195747541844
185,186,198,L,I,-2.5633816719055176,40.99080549496142
99,100,112,Y,I,-2.563814163208008,6.920943477301535
166,167,179,S,G,-2.5639853477478027,5.502350076331254
82,83,95,F,S,-2.5645928382873535,1.5865229619249703
29,30,42,Q,F,-2.564647912979126,3.58395021107566
146,147,159,C,T,-2.564791440963745,2.939165204442702
135,136,148,S,T,-2.5668179988861084,1.9778775626924698
70,71,83,G,T,-2.567107677459717,114.36737736990614
50,51,63,Q,C,-2.5675559043884277,7.619359311039602
13,14,26,V,I,-2.56856918334961,0.0006735618264883669
166,167,179,S,W,-2.569275140762329,0.5206882349616535
93,94,106,L,S,-2.5695881843566895,7.502162309073469
13,14,26,V,A,-2.569861888885498,0.3219585658292772
29,30,42,Q,P,-2.571291208267212,66.19169117984211
27,28,40,I,P,-2.5716745853424072,322.1792878906952
20,21,33,L,V,-2.5725321769714355,9.663534902617243
12,13,25,L,A,-2.572932004928589,8.60026259899098
153,154,166,S,G,-2.5730977058410645,7.034838867130759
19,20,32,F,I,-2.573639154434204,1.010750419024646
173,174,186,S,F,-2.5739593505859375,2.6073421352207333
52,53,65,S,T,-2.5742640495300293,2.3457930903365423
108,109,121,L,G,-2.5754528045654297,4.188847507281764
93,94,106,L,V,-2.575652837753296,9.750301186569686
149,150,162,I,C,-2.5771806240081787,6.9359341657868185
102,103,115,M,Y,-2.5772483348846436,11.736129250522993
179,180,192,V,S,-2.5782928466796875,4.8864771588544045
8,9,21,L,F,-2.579101085662842,11.478344417498818
197,198,210,M,S,-2.579737663269043,1.1018350662404828
70,71,83,G,L,-2.580502986907959,196.98470161859433
36,37,49,T,L,-2.5805678367614746,3.4534835347839703
66,67,79,P,T,-2.580907106399536,4.100479064923263
191,192,204,L,V,-2.581000804901123,8.174948607079614
98,99,111,D,I,-2.5812902450561523,8.603171888305326
202,203,215,P,V,-2.58162784576416,0.6590932566107881
71,72,84,Y,C,-2.5823848247528076,8.228655118893357
75,76,88,C,T,-2.5835156440734863,0.35541707336579975
178,179,191,F,S,-2.584500312805176,5.0723296404858615
175,176,188,L,F,-2.5846381187438965,9.022057139694425
217,218,230,I,S,-2.5847036838531494,3.6695641365203073
98,99,111,D,S,-2.5847039222717285,1.7084689039460272
52,53,65,S,C,-2.5853681564331055,4.825727348093949
134,135,147,P,T,-2.5853841304779053,10.055990103489876
21,22,34,L,I,-2.586338758468628,9.45643826385134
18,19,31,F,V,-2.586703300476074,19.80827751985487
183,184,196,V,S,-2.5869667530059814,20.07008168074276
46,47,59,V,C,-2.587470531463623,10.919440417577505
215,216,228,L,S,-2.587825298309326,11.346305535441275
171,172,184,W,V,-2.588096618652344,-0.6755373369284143
102,103,115,M,V,-2.5890369415283203,67.06706759625706
78,79,91,R,S,-2.590327024459839,2.185959824719646
177,178,190,P,F,-2.5910167694091797,1.9139732944981915
44,45,57,S,P,-2.592050552368164,6.783137875901332
94,95,107,L,V,-2.5921802520751953,5.650507649503652
210,211,223,P,V,-2.5924220085144043,-6.748131524950452
200,201,213,W,I,-2.5927627086639404,1.353050386498353
217,218,230,I,V,-2.5951435565948486,0.8666382557027532
169,170,182,F,W,-2.5966055393218994,11.7867882317326
161,162,174,L,F,-2.5970945358276367,3.3272334358729267
38,39,51,L,G,-2.5976099967956543,5.698652071929473
119,120,132,P,G,-2.598290205001831,5.532697803605743
67,68,80,I,T,-2.599717140197754,1.71294457003944
135,136,148,S,C,-2.5998940467834473,2.7228650443138918
33,34,46,S,P,-2.600027322769165,218.2925721358471
207,208,220,I,W,-2.603020668029785,3.1100656930063906
95,96,108,V,P,-2.6046249866485596,227.4144366879725
168,169,181,R,A,-2.605250358581543,6.358742626576202
11,12,24,L,I,-2.6063976287841797,5.742035524032076
174,175,187,L,F,-2.6097922325134277,8.717899506553522
25,26,38,L,F,-2.6098179817199707,4.296656994580644
200,201,213,W,V,-2.610548734664917,9.831108638259934
68,69,81,C,T,-2.610762119293213,10.628481191535286
144,145,157,G,C,-2.611670970916748,13.375053386279205
220,221,233,C,V,-2.612356662750244,2.0227699231917313
222,223,235,W,I,-2.614285469055176,4.0706196269707675
60,61,73,S,L,-2.614365339279175,1.2182358098590385
206,207,219,S,W,-2.614955425262451,2.5713273566665293
86,87,99,L,V,-2.615729808807373,1.8014464303843738
136,137,149,C,L,-2.615878105163574,1.6793147558857413
98,99,111,D,F,-2.6166865825653076,3.5724349131653526
92,93,105,F,S,-2.617614984512329,0.37772925277795366
6,7,19,G,I,-2.61795425415039,4.180797376420287
35,36,48,W,S,-2.6190032958984375,6.826236155254037
31,32,44,L,W,-2.619819402694702,1.916137284535239
173,174,186,S,G,-2.621748208999634,4.545443962227353
47,48,60,C,G,-2.623693466186523,7.595549283221203
202,203,215,P,I,-2.62377405166626,0.3717888206456905
139,140,152,T,L,-2.624000310897827,-0.7077579915936667
161,162,174,L,I,-2.6240501403808594,8.500049764852065
142,143,155,T,C,-2.624058723449707,3.937528644516192
187,188,200,P,S,-2.624281883239746,3.2634514960546994
94,95,107,L,S,-2.6260554790496826,10.58865261803129
61,62,74,P,C,-2.626413583755493,4.831516027673729
175,176,188,L,S,-2.6264781951904297,2.767075984578696
22,23,35,T,F,-2.626763343811035,8.733533918499404
3,4,16,I,G,-2.6274476051330566,2.9183245583947155
95,96,108,V,S,-2.628010511398315,3.649234821649827
180,181,193,Q,A,-2.628058671951294,8.387112822866925
190,191,203,W,S,-2.628281593322754,3.8471808027035195
21,22,34,L,S,-2.628450870513916,10.791310654667711
224,225,237,Y,S,-2.628742933273315,3.8523601343483733
60,61,73,S,T,-2.6296305656433105,0.13973338868891005
125,126,138,T,L,-2.6301355361938477,33.79325028020776
162,163,175,W,A,-2.630807638168335,7.171736900506403
167,168,180,V,G,-2.6309876441955566,7.93477226204169
161,162,174,L,S,-2.632715940475464,2.2853446787077587
97,98,110,L,A,-2.633491039276123,1.3236156947942845
167,168,180,V,T,-2.63376522064209,0.044282819181660216
183,184,196,V,W,-2.634988307952881,-3.2423005271641614
105,106,118,V,G,-2.6359176635742188,12.153406660096664
50,51,63,Q,T,-2.6365537643432617,1.1251918997602957
172,173,185,L,A,-2.6368887424468994,1.1635564797686584
163,164,176,E,T,-2.6384754180908203,3.4605711729413997
56,57,69,T,C,-2.638510227203369,1.4935159396944755
54,55,67,S,C,-2.6390347480773926,6.285481260944721
85,86,98,I,V,-2.6405997276306152,0.21311172646903742
16,17,29,A,F,-2.6416523456573486,3.3296612447773555
39,40,52,N,G,-2.643610954284668,9.739613074193755
172,173,185,L,F,-2.64385724067688,1.7950493259421592
195,196,208,W,G,-2.643932580947876,9.572236995032313
204,205,217,L,S,-2.6449227333068848,3.2455912824790403
205,206,218,Y,S,-2.6452291011810303,9.005333094450066
224,225,237,Y,V,-2.6453137397766113,8.287286810598118
92,93,105,F,G,-2.6461181640625,10.716638025193163
4,5,17,T,V,-2.6466712951660156,2.164143914337785
72,73,85,R,F,-2.647374153137207,1.6072782834619375
130,131,143,N,G,-2.647501230239868,12.21738039846673
14,15,27,L,S,-2.647900342941284,6.558847847695688
132,133,145,M,P,-2.6483817100524902,92.02586600512271
221,222,234,L,V,-2.6484158039093018,6.598014964976642
36,37,49,T,N,-2.649203062057495,8.790145384486323
211,212,224,F,W,-2.6507091522216797,1.6925562923921689
187,188,200,P,F,-2.6516427993774414,4.019923603210486
133,134,146,F,D,-2.6524336338043213,10.719954343075528
110,111,123,P,N,-2.6524548530578613,4.928810915386805
198,199,211,W,G,-2.652723789215088,-0.8248637790222801
211,212,224,F,S,-2.6532135009765625,12.459606502038525
143,144,156,D,C,-2.65339732170105,5.171427143092387
67,68,80,I,L,-2.6534454822540283,25.26106547546209
198,199,211,W,F,-2.653848171234131,1.5570986731815992
45,46,58,P,G,-2.6543996334075928,6.4553292567434255
218,219,231,F,V,-2.6548800468444824,10.52874187272738
176,177,189,V,P,-2.655296802520752,237.63081996038616
133,134,146,F,G,-2.6573243141174316,11.497407204617218
191,192,204,L,G,-2.6577749252319336,14.911567435350491
20,21,33,L,S,-2.658407688140869,7.670812087530351
24,25,37,I,P,-2.6592559814453125,143.35352546037274
36,37,49,T,R,-2.6604373455047607,9.586784244387616
49,50,62,G,C,-2.660977363586426,16.862407245651525
195,196,208,W,F,-2.66120982170105,6.716783391972513
66,67,79,P,L,-2.661475419998169,10.16859943389096
189,190,202,V,F,-2.663171768188477,2.7237025215872563
169,170,182,F,V,-2.663811683654785,1.6917132046025927
34,35,47,W,I,-2.664505958557129,5.642783280648359
148,149,161,C,L,-2.6646568775177,6.9591239820586
57,58,70,S,Q,-2.6649723052978516,1.4421458274543397
199,200,212,Y,F,-2.666414976119995,9.878996736023566
209,210,222,S,G,-2.6672048568725586,1.3869073171439936
88,89,101,L,P,-2.668997287750244,202.3163126660641
29,30,42,Q,G,-2.6691675186157227,10.973242592670033
164,165,177,W,Q,-2.6693034172058105,-0.8028938167962565
34,35,47,W,P,-2.669498920440674,338.30354515643154
10,11,23,P,G,-2.6703920364379883,-4.789481168513419
115,116,128,T,G,-2.670600652694702,8.178342391494255
183,184,196,V,P,-2.6706299781799316,132.44807211367703
75,76,88,C,R,-2.6709582805633545,1.9320008746605595
107,108,120,P,G,-2.672276258468628,14.12697135618538
77,78,90,R,S,-2.672365188598633,12.427750000160756
103,104,116,L,G,-2.6724154949188232,11.506391251936634
88,89,101,L,S,-2.672633647918701,4.59547179176252
42,43,55,G,F,-2.673044204711914,14.971658084630008
153,154,166,S,D,-2.6735177040100098,17.025845549263693
159,160,172,K,G,-2.6740403175354004,11.97523459949457
224,225,237,Y,W,-2.6744067668914795,5.222466731695022
201,202,214,G,S,-2.6756722927093506,11.356639631504834
195,196,208,W,V,-2.6760168075561523,3.2117069067338093
149,150,162,I,L,-2.676214694976806,2.2564926871909847
83,84,96,L,V,-2.6767218112945557,1.3870435260130307
90,91,103,L,V,-2.677100658416748,6.518894744426973
209,210,222,S,I,-2.6771512031555176,16.014732951839903
12,13,25,L,F,-2.6773056983947754,5.837218796182924
128,129,141,Q,A,-2.677767276763916,1.977873765568404
13,14,26,V,S,-2.6778242588043213,0.09072012514667449
99,100,112,Y,P,-2.678236246109009,340.3136473713026
198,199,211,W,A,-2.6782546043395996,1.683873230618758
205,206,218,Y,A,-2.6784021854400635,0.5728102824640473
175,176,188,L,P,-2.6790618896484375,194.6403816365185
18,19,31,F,S,-2.6793179512023926,5.360651679331625
94,95,107,L,G,-2.679548740386963,11.708878574870766
211,212,224,F,V,-2.6804428100585938,7.047367882907565
36,37,49,T,G,-2.6808664798736572,4.190382666031667
168,169,181,R,P,-2.6810731887817383,209.0598848195408
208,209,221,V,S,-2.681874513626098,7.493737806166791
158,159,171,A,V,-2.682013988494873,10.02180176421325
103,104,116,L,V,-2.683227062225342,2.46901819531206
178,179,191,F,G,-2.683452606201172,3.374353427428048
41,42,54,L,C,-2.684359550476074,2.753884335642738
162,163,175,W,P,-2.68442702293396,386.9177311305481
133,134,146,F,A,-2.6866204738616943,13.722638661833344
97,98,110,L,V,-2.687150478363037,23.87479205136924
217,218,230,I,P,-2.6893739700317383,90.04421640220954
176,177,189,V,G,-2.690807342529297,1.1500493807968724
152,153,165,P,L,-2.691401958465576,8.56524419296511
74,75,87,M,L,-2.691544532775879,8.09133147516252
178,179,191,F,P,-2.6926722526550293,102.60665566839015
156,157,169,A,E,-2.6928839683532715,7.461661172583035
62,63,75,T,L,-2.6945648193359375,0.9018355335554702
2,3,15,N,V,-2.695294141769409,3.733980788510735
47,48,60,C,T,-2.69545578956604,6.18081317911367
10,11,23,P,S,-2.695671558380127,-8.326513477580988
156,157,169,A,G,-2.6963813304901123,13.065956288742882
103,104,116,L,C,-2.6975696086883545,12.362820900820623
59,60,72,H,C,-2.69791579246521,7.0635366281738925
15,16,28,Q,G,-2.6984705924987793,2.5121617040595083
222,223,235,W,V,-2.6985950469970703,5.5297134131623125
66,67,79,P,C,-2.699580669403076,6.311189756528165
185,186,198,L,W,-2.6996943950653076,4.521122389013328
197,198,210,M,F,-2.699965476989746,9.960313176215323
181,182,194,W,A,-2.701834201812744,2.3125506734475607
209,210,222,S,V,-2.7018818855285645,10.008428638088162
138,139,151,C,G,-2.702402114868164,6.9591239820586
131,132,144,S,G,-2.7047553062438965,9.380853513846432
69,70,82,P,R,-2.7048048973083496,14.19383299618363
70,71,83,G,R,-2.705458641052246,57.56985783805757
192,193,205,S,I,-2.705965518951416,12.028911875037068
43,44,56,G,C,-2.7065296173095703,7.0850793553019
73,74,86,W,C,-2.706686496734619,9.08300074337086
161,162,174,L,W,-2.7071683406829834,4.2751710284148885
114,115,127,T,G,-2.7075984477996826,3.042146601385525
35,36,48,W,F,-2.709129810333252,1.893665977564524
102,103,115,M,S,-2.709883689880371,1.1088392672671148
30,31,43,S,T,-2.7104175090789795,0.7341171961484179
81,82,94,I,P,-2.710979461669922,252.29672164498726
64,65,77,C,L,-2.712719202041626,11.81232354745282
160,161,173,Y,T,-2.7127208709716797,6.608887169457148
109,110,122,I,T,-2.71274733543396,2.2895241747071395
39,40,52,N,V,-2.7129969596862793,18.293641062103745
208,209,221,V,P,-2.7130439281463623,174.3005868085534
63,64,76,S,G,-2.713125705718994,9.986575334407519
187,188,200,P,I,-2.713189601898194,4.9535613084027545
79,80,92,F,R,-2.714276075363159,6.233614166743735
83,84,96,L,S,-2.71439790725708,4.543369871338427
85,86,98,I,S,-2.714439392089844,11.18033497623037
182,183,195,F,I,-2.715357780456543,9.45864392445759
12,13,25,L,G,-2.715379238128662,4.351397186420456
107,108,120,P,T,-2.716313362121582,14.32951918008979
55,56,68,P,C,-2.7163472175598145,12.851142342888636
197,198,210,M,I,-2.716358184814453,10.342107411201482
206,207,219,S,P,-2.716374635696411,185.74187796261077
170,171,183,S,F,-2.716750383377075,1.2477780688589064
199,200,212,Y,T,-2.7174301147460938,8.395987636583868
97,98,110,L,F,-2.717433452606201,2.371704817556804
174,175,187,L,G,-2.7177622318267822,11.084297727971034
164,165,177,W,T,-2.7178735733032227,-2.0806468664700333
196,197,209,M,T,-2.718071937561035,1.4598970309855304
199,200,212,Y,I,-2.7189981937408447,1.73790056979891
207,208,220,I,V,-2.719400405883789,8.290566312917804
184,185,197,G,V,-2.7196741104125977,65.98059381044254
173,174,186,S,P,-2.7199950218200684,174.3147352861542
163,164,176,E,G,-2.7206833362579346,4.634888122282348
93,94,106,L,P,-2.722858190536499,260.04555136200554
220,221,233,C,P,-2.7237868309020996,201.57748975458702
82,83,95,F,V,-2.7238645553588867,8.659816487092712
8,9,21,L,W,-2.7241010665893555,3.223066998402828
103,104,116,L,T,-2.724306583404541,11.641112529959855
21,22,34,L,A,-2.7246363162994385,8.230334461252767
54,55,67,S,N,-2.724942207336426,-0.7827092251146723
29,30,42,Q,T,-2.725170135498047,3.394571269643393
158,159,171,A,P,-2.7252860069274902,248.3790561308835
120,121,133,C,A,-2.725297451019287,1.295746455745757
204,205,217,L,W,-2.725348472595215,0.5405294479977556
69,70,82,P,G,-2.7254772186279297,7.61304527090067
56,57,69,T,G,-2.7255144119262695,7.941392209963624
154,155,167,S,V,-2.7268505096435547,2.628481934992294
207,208,220,I,P,-2.7270760536193848,107.3318366132425
194,195,207,I,A,-2.7278590202331543,-7.1971536465475765
153,154,166,S,L,-2.7287142276763916,15.174120183584478
192,193,205,S,A,-2.7297139167785645,0.2961785461229738
147,148,160,T,L,-2.7297608852386475,1.2361989354772618
169,170,182,F,G,-2.7298030853271484,14.262423464818426
108,109,121,L,V,-2.7299964427948,3.233066799047606
214,215,227,L,V,-2.73022198677063,5.830453328267424
189,190,202,V,G,-2.731379985809326,11.021667738080964
157,158,170,F,T,-2.731619119644165,8.732207917522544
44,45,57,S,F,-2.7319374084472656,3.416019562445342
17,18,30,G,S,-2.732067584991455,5.276295611587216
78,79,91,R,V,-2.732295036315918,-0.17077684603248144
117,118,130,T,G,-2.733078956604004,5.629563259911947
141,142,154,P,N,-2.7342183589935303,12.852451197862422
71,72,84,Y,L,-2.734772205352783,37.09897037112535
5,6,18,S,F,-2.735525131225586,3.7977807469900426
76,77,89,L,C,-2.7356197834014893,3.9360948231493467
194,195,207,I,W,-2.735748291015625,1.0307630682366948
154,155,167,S,W,-2.73743200302124,10.40426268665476
57,58,70,S,G,-2.737436532974243,3.5940800593160134
73,74,86,W,G,-2.737582206726074,4.451322566715589
77,78,90,R,V,-2.737658977508545,5.929416467750741
154,155,167,S,I,-2.737813711166382,10.254806271007567
184,185,197,G,P,-2.7382826805114746,298.1251932932595
221,222,234,L,S,-2.7393321990966797,2.1691414069064194
23,24,36,R,A,-2.739512205123902,1.739756285543649
44,45,57,S,I,-2.7407965660095215,15.881202075143449
104,105,117,P,T,-2.741175889968872,8.773673027551524
37,38,50,S,G,-2.7433271408081055,2.5710546310903055
30,31,43,S,F,-2.7433910369873047,9.089138162287156
203,204,216,S,W,-2.7438549995422363,5.958764777304168
76,77,89,L,W,-2.7439565658569336,7.921017538818546
213,214,226,P,V,-2.7464160919189453,-3.567416786582612
162,163,175,W,G,-2.7471232414245605,8.066736138143256
164,165,177,W,V,-2.7472612857818604,-2.386052340774995
63,64,76,S,L,-2.748063087463379,9.417158468211028
55,56,68,P,Q,-2.7483959197998047,4.339923669282825
79,80,92,F,S,-2.748712062835694,1.587239701346391
192,193,205,S,G,-2.7493982315063477,1.2039577333264333
186,187,199,S,G,-2.750039577484131,3.211645011993369
100,101,113,Q,S,-2.7504777908325195,9.869362961665104
17,18,30,G,A,-2.7507410049438477,-1.5214691262253837
50,51,63,Q,N,-2.750861167907715,9.270149264602878
69,70,82,P,C,-2.7519240379333496,12.159558146729182
90,91,103,L,G,-2.7525103092193604,3.099496144170473
166,167,179,S,K,-2.7531538009643555,2.7397994659862093
84,85,97,F,S,-2.753634452819824,-2.5369372697826975
177,178,190,P,V,-2.7538645267486572,-6.399717193478068
51,52,64,N,C,-2.753873348236084,9.146154999197392
192,193,205,S,F,-2.7553927898406982,5.463783394055326
222,223,235,W,P,-2.7556076049804688,369.44933493324066
221,222,234,L,P,-2.755683660507202,231.40087128088362
157,158,170,F,V,-2.757528305053711,0.769262007597888
5,6,18,S,V,-2.7579245567321777,3.693170668575931
198,199,211,W,S,-2.760457992553711,1.5631717049723761
168,169,181,R,S,-2.7620186805725098,2.737441019706637
54,55,67,S,L,-2.762324333190918,7.147139232377299
8,9,21,L,P,-2.7624731063842773,88.54069994921207
148,149,161,C,A,-2.7625391483306885,0.45517287443806254
171,172,184,W,I,-2.7627053260803223,-1.4311836131570317
168,169,181,R,G,-2.763103485107422,4.191150009702028
19,20,32,F,V,-2.7631518840789795,4.486314223352281
145,146,158,N,C,-2.7633633613586426,6.909143600241066
191,192,204,L,T,-2.7635984420776367,13.391336291319647
44,45,57,S,G,-2.764023542404175,3.7028470326650904
32,33,45,D,F,-2.7664880752563477,3.185117566080919
74,75,87,M,P,-2.7666170597076416,245.1219548760028
38,39,51,L,R,-2.7669591903686523,5.877615190104905
185,186,198,L,P,-2.7686235904693604,277.43903074669157
158,159,171,A,I,-2.7688345909118652,1.1885718399612983
142,143,155,T,V,-2.771806240081787,9.739849076244468
131,132,144,S,L,-2.7724127769470215,8.789833271500868
139,140,152,T,G,-2.772555351257324,15.32043238159281
223,224,236,V,S,-2.773162841796875,11.096107448801547
50,51,63,Q,L,-2.7733640670776367,0.8394123534581013
30,31,43,S,I,-2.773568868637085,6.182005847324319
26,27,39,T,R,-2.773874521255493,4.9963253744975304
97,98,110,L,P,-2.774538516998291,279.9263003937675
97,98,110,L,S,-2.774672508239746,9.420179661686063
172,173,185,L,G,-2.774857521057129,5.4246861142914895
189,190,202,V,T,-2.774961471557617,3.505046331116091
48,49,61,L,Q,-2.7756388187408447,2.871770572127218
12,13,25,L,I,-2.7766149044036865,8.156654988517744
160,161,173,Y,L,-2.778022289276123,1.6938892467618416
143,144,156,D,A,-2.779850482940674,3.5420878490479026
106,107,119,C,F,-2.780219554901123,3.5129963847142562
2,3,15,N,A,-2.781212329864502,9.754436407555488
161,162,174,L,A,-2.781280517578125,3.618231601967807
111,112,124,G,C,-2.7814433574676514,9.063384421266278
214,215,227,L,P,-2.782111644744873,159.29239154627024
81,82,94,I,V,-2.782985210418701,8.860191228370866
76,77,89,L,F,-2.78335952758789,10.311303163631237
182,183,195,F,W,-2.78445816040039,4.755193266323772
156,157,169,A,P,-2.784609794616699,117.84985177363359
199,200,212,Y,A,-2.7853140830993652,8.07793996797875
113,114,126,T,G,-2.7854132652282715,5.835037834620437
23,24,36,R,S,-2.786799907684326,0.41836106480479884
222,223,235,W,Y,-2.7870969772338867,4.200845854798558
98,99,111,D,A,-2.7873151302337646,0.13948159586317388
200,201,213,W,S,-2.787436246871948,19.802007506312634
160,161,173,Y,W,-2.788254976272583,7.361749060669979
138,139,151,C,L,-2.789207935333252,9.056578081691214
4,5,17,T,P,-2.7893528938293457,30.575023950755394
140,141,153,K,L,-2.789431095123291,19.00875920354457
30,31,43,S,G,-2.7900702953338623,2.308510230080344
182,183,195,F,G,-2.79042911529541,10.289576362278808
9,10,22,G,S,-2.791082859039306,8.7140943001055
58,59,71,N,G,-2.791194200515747,3.5333618755067278
14,15,27,L,A,-2.7927823066711426,10.390693877771355
49,50,62,G,T,-2.7966532707214355,33.858459728412015
77,78,90,R,G,-2.7966625690460205,4.340278187404692
99,100,112,Y,V,-2.7971575260162354,18.17435070978422
172,173,185,L,I,-2.7978830337524414,2.721258697102712
24,25,37,I,V,-2.7978861331939697,0.43612989706826966
108,109,121,L,C,-2.798042058944702,6.2806041570526645
121,122,134,K,G,-2.798295021057129,2.906208965805547
119,120,132,P,N,-2.7995662689208984,3.4888941102524313
61,62,74,P,Q,-2.7999444007873535,5.194305322719515
225,226,238,I,V,-2.80012845993042,1.5664135113764814
202,203,215,P,W,-2.800281286239624,2.7005567756871756
130,131,143,N,L,-2.8003060817718506,3.1015954832610646
24,25,37,I,G,-2.800502061843872,8.095226814249997
27,28,40,I,F,-2.8007454872131348,2.6905206323484663
93,94,106,L,G,-2.8008198738098145,2.9297422222970226
181,182,194,W,P,-2.803969383239746,298.39452904209077
80,81,93,I,S,-2.804140090942383,1.948839817484668
173,174,186,S,A,-2.8041858673095703,1.1093754267216127
184,185,197,G,W,-2.804372787475586,-0.09833906926627378
120,121,133,C,N,-2.8049724102020264,7.010916877361296
199,200,212,Y,P,-2.805713176727295,125.85640964448135
163,164,176,E,V,-2.807096481323242,9.838218232408053
7,8,20,F,P,-2.808095932006836,169.1908506138169
97,98,110,L,G,-2.8082661628723145,7.456762967165787
52,53,65,S,L,-2.808433532714844,60.51625176779385
110,111,123,P,L,-2.8097589015960693,3.9665127431936753
181,182,194,W,I,-2.810041666030884,10.977086013931455
194,195,207,I,G,-2.8100624084472656,1.1021321849933656
193,194,206,A,S,-2.810230016708374,0.7459782106101898
58,59,71,N,L,-2.810567617416382,12.563417280537351
30,31,43,S,V,-2.8107750415802,1.5303238296767745
176,177,189,V,W,-2.811063766479492,10.281703843098057
22,23,35,T,P,-2.8110880851745605,294.31458315934594
178,179,191,F,A,-2.8111350536346436,7.281601824003133
71,72,84,Y,T,-2.813096046447754,18.489388627595588
35,36,48,W,V,-2.8136892318725586,3.9454814132880642
159,160,172,K,V,-2.8138883113861084,16.567283878767284
37,38,50,S,C,-2.8139240741729736,2.8652558198831457
96,97,109,L,W,-2.814495086669922,16.490041765081287
189,190,202,V,A,-2.814537525177002,1.612082866071546
112,113,125,S,G,-2.814934730529785,5.290001648537896
8,9,21,L,V,-2.8156256675720215,6.75697191977315
179,180,192,V,W,-2.816141128540039,1.8897136960325156
42,43,55,G,T,-2.817953586578369,16.271057153019967
5,6,18,S,P,-2.8180246353149414,14.418979327256977
56,57,69,T,N,-2.81917953491211,8.907581848907625
43,44,56,G,Q,-2.8197522163391113,12.053066007660675
223,224,236,V,W,-2.8198299407958984,8.755651399101453
75,76,88,C,F,-2.8200807571411133,11.81849984640661
8,9,21,L,I,-2.8205642700195312,6.5113346897013
106,107,119,C,T,-2.820596933364868,19.697428757173668
40,41,53,F,T,-2.8209524154663086,7.988200397895525
176,177,189,V,I,-2.8213956356048584,7.28158390107717
16,17,29,A,S,-2.82314395904541,0.13627161916679142
206,207,219,S,I,-2.8240818977355957,1.257262059068978
21,22,34,L,G,-2.824751853942871,6.723185052252859
67,68,80,I,V,-2.824854850769043,7.865015974801338
172,173,185,L,P,-2.824880838394165,223.92849419922527
69,70,82,P,Q,-2.8267152309417725,5.479004119073693
163,164,176,E,D,-2.8274776935577393,-0.022700116579642327
133,134,146,F,L,-2.828075885772705,4.344332738160631
15,16,28,Q,S,-2.8307242393493652,2.8831219632577927
135,136,148,S,L,-2.8308935165405273,10.438228059454445
151,152,164,I,V,-2.831148386001587,1.907013788703921
2,3,15,N,T,-2.8315353393554688,4.118106159777994
11,12,24,L,A,-2.8328824043273926,7.298946061461379
143,144,156,D,Q,-2.8329639434814453,3.290212468637776
173,174,186,S,W,-2.833188533782959,9.131690437689144
175,176,188,L,A,-2.833315849304199,2.605104470423271
182,183,195,F,M,-2.8349053859710693,-0.043924966895133366
156,157,169,A,L,-2.835166931152344,62.31877430540163
33,34,46,S,R,-2.83551025390625,0.8989986884685095
154,155,167,S,A,-2.8355813026428223,0.39051615972550735
110,111,123,P,C,-2.8361129760742188,5.5148750436909495
94,95,107,L,A,-2.8366127014160156,9.262048509791782
142,143,155,T,L,-2.836843967437744,0.4250589700412206
91,92,104,I,G,-2.838752508163452,4.170979492943161
195,196,208,W,A,-2.8390121459960938,3.867773122184417
199,200,212,Y,G,-2.8396506309509277,9.894692537584717
55,56,68,P,N,-2.8400702476501465,1.8079511418974334
209,210,222,S,A,-2.840761184692383,-9.550015668557023
108,109,121,L,A,-2.841261863708496,7.3427259800809
159,160,172,K,A,-2.841315984725952,8.043456851862118
147,148,160,T,V,-2.8414363861083984,-1.2035721182240877
145,146,158,N,G,-2.8414738178253174,5.368040282990364
111,112,124,G,A,-2.8416688442230225,6.5337052087062375
185,186,198,L,G,-2.8417820930480957,12.63868694863072
191,192,204,L,I,-2.8418171405792236,7.429431519355262
148,149,161,C,G,-2.8428869247436523,0.4268401065871785
76,77,89,L,I,-2.8432459831237793,0.9701603666882761
37,38,50,S,W,-2.843787670135498,6.0106944923444985
190,191,203,W,A,-2.846369743347168,1.312409518399818
10,11,23,P,A,-2.846482276916504,-4.142939007072357
98,99,111,D,W,-2.847134828567505,2.509756326684567
135,136,148,S,V,-2.8472580909729004,2.375225999796328
106,107,119,C,V,-2.8478453159332275,18.862896583658085
32,33,45,D,R,-2.8485331535339355,6.099522258224738
215,216,228,L,P,-2.8485844135284424,266.1680719604313
6,7,19,G,V,-2.848684787750244,7.83044607889849
187,188,200,P,A,-2.848755121231079,1.6430786281610494
1,2,14,E,I,-2.8494184017181396,3.188911266847697
2,3,15,N,I,-2.8504340648651123,3.4486793813513827
144,145,157,G,A,-2.851426601409912,17.372918195222496
40,41,53,F,G,-2.852241039276123,10.128232822008272
164,165,177,W,A,-2.852600574493408,-1.3424331138374441
172,173,185,L,W,-2.8532121181488037,17.322143547648807
11,12,24,L,G,-2.853299617767334,19.053878032170985
165,166,178,A,S,-2.853762626647949,1.948545712807288
101,102,114,G,V,-2.8539750576019287,656.5881422683107
175,176,188,L,I,-2.85408353805542,8.086003215360961
79,80,92,F,V,-2.854189395904541,1.4478878434737794
103,104,116,L,A,-2.854400634765625,14.499635907239508
95,96,108,V,G,-2.8545398712158203,10.708905617310904
170,171,183,S,W,-2.855416774749756,10.079859170666055
223,224,236,V,G,-2.855478286743164,9.903929525576928
155,156,168,W,V,-2.856137752532959,9.591639231170461
5,6,18,S,G,-2.8561882972717285,8.877130766438484
32,33,45,D,I,-2.856287956237793,4.362946476389595
195,196,208,W,I,-2.856626272201538,9.737980447380949
151,152,164,I,A,-2.8574728965759277,8.660676411828092
30,31,43,S,A,-2.8576478958129883,0.6714961766096508
42,43,55,G,C,-2.857835531234741,19.739904577471577
75,76,88,C,G,-2.858349084854126,2.2529287877275124
177,178,190,P,A,-2.8584723472595215,-6.381431428455073
43,44,56,G,F,-2.8587288856506348,15.834975361411466
140,141,153,K,G,-2.859086036682129,21.24999392186669
126,127,139,P,L,-2.859579801559448,4.265572742434983
188,189,201,T,P,-2.8597350120544434,36.792985481688675
159,160,172,K,Q,-2.8598098754882812,7.232059149913994
224,225,237,Y,G,-2.859938144683838,7.402372508670453
57,58,70,S,C,-2.8600544929504395,0.35037995326121063
33,34,46,S,T,-2.8600850105285645,0.7281437328853713
159,160,172,K,W,-2.860218048095703,7.862684966269171
216,217,229,P,S,-2.8610591888427734,-0.8985844215673069
18,19,31,F,A,-2.8623948097229004,20.011487146496165
223,224,236,V,P,-2.8626298904418945,122.7472488663739
188,189,201,T,G,-2.862830638885498,9.589838324544644
167,168,180,V,A,-2.8648533821105957,0.2705894830510829
34,35,47,W,V,-2.865017890930176,7.178196166974772
22,23,35,T,W,-2.8663148880004883,6.723424827510939
64,65,77,C,Q,-2.8669347763061523,5.080276069954095
33,34,46,S,F,-2.8675036430358887,11.340747434238665
69,70,82,P,T,-2.868980407714844,6.560585554413137
188,189,201,T,I,-2.8692917823791504,2.517887816732241
196,197,209,M,F,-2.870370388031006,2.2810221437460427
137,138,150,C,D,-2.8705880641937256,7.578191361705649
126,127,139,P,A,-2.87125015258789,9.79948915613619
177,178,190,P,W,-2.8719587326049805,-4.083849058695989
156,157,169,A,N,-2.8720407485961914,10.155275517010352
223,224,236,V,Y,-2.8723342418670654,6.963329701006842
26,27,39,T,F,-2.8730719089508057,38.26970854238709
212,213,225,I,V,-2.873223781585694,2.369147983321909
145,146,158,N,L,-2.873678684234619,8.719661310935521
57,58,70,S,L,-2.8744959831237793,8.047858122446371
122,123,135,T,G,-2.874873638153076,5.539811083446352
100,101,113,Q,W,-2.8748977184295654,3.197831962686223
191,192,204,L,F,-2.87498140335083,13.45469117575891
55,56,68,P,L,-2.8763394355773926,4.2720978424473515
56,57,69,T,L,-2.8767874240875244,9.300982026704276
76,77,89,L,T,-2.877896785736084,3.4418840542322187
135,136,148,S,D,-2.878756046295166,8.01621922110013
134,135,147,P,L,-2.8787660598754883,6.276501167392723
70,71,83,G,C,-2.8791720867156982,25.887599327139583
48,49,61,L,T,-2.8801002502441406,10.995958233481417
43,44,56,G,T,-2.880885124206543,4.843629039499319
187,188,200,P,G,-2.8809876441955566,17.427350166138467
188,189,201,T,A,-2.8829474449157715,0.26964718230260587
27,28,40,I,G,-2.883098602294922,7.669356926599448
103,104,116,L,F,-2.8841471672058105,8.154565585960711
27,28,40,I,T,-2.8855438232421875,6.0434020841921665
140,141,153,K,D,-2.8867475986480713,0.024335752913998476
66,67,79,P,V,-2.8871421813964844,11.407029746692388
166,167,179,S,T,-2.887563705444336,1.482670254953291
61,62,74,P,L,-2.8885958194732666,4.390851043124144
152,153,165,P,C,-2.888606071472168,10.05626250135441
1,2,14,E,T,-2.888683795928955,9.07265069972857
103,104,116,L,I,-2.8908631801605225,4.553528563193709
145,146,158,N,V,-2.891154527664185,36.22041468157511
63,64,76,S,I,-2.893488645553589,1.2875707534046796
149,150,162,I,V,-2.894380569458008,0.9461894924028229
219,220,232,F,S,-2.8951220512390137,4.009850950508337
41,42,54,L,T,-2.895416021347046,10.70315330343135
161,162,174,L,P,-2.895479917526245,128.3139398920004
141,142,154,P,L,-2.8958232402801514,337.24761052035745
206,207,219,S,A,-2.89615249633789,0.16106841608439026
22,23,35,T,G,-2.899966239929199,6.363869169070881
35,36,48,W,T,-2.901571989059448,2.6955171079108595
225,226,238,I,G,-2.9026317596435547,9.914248146261457
170,171,183,S,V,-2.9030003547668457,2.7135365094642907
189,190,202,V,W,-2.90329647064209,11.159641656339659
210,211,223,P,W,-2.9036717414855957,3.3074579664254884
3,4,16,I,T,-2.903773784637451,6.835468819132132
22,23,35,T,V,-2.9043688774108887,22.86595185255186
30,31,43,S,R,-2.906663656234741,0.782001765005532
31,32,44,L,F,-2.9078280925750732,10.35845178224406
98,99,111,D,G,-2.908155679702759,2.811525722135684
79,80,92,F,G,-2.908167839050293,2.4044126246228643
135,136,148,S,N,-2.908712387084961,8.275661623586018
97,98,110,L,W,-2.909048557281494,4.8599708996173945
41,42,54,L,F,-2.911032199859619,2.5466840067273324
205,206,218,Y,P,-2.9121875762939453,277.1699012012139
117,118,130,T,A,-2.912415027618408,8.869788229423932
96,97,109,L,S,-2.912609815597534,7.447722718428963
57,58,70,S,N,-2.912825584411621,5.377925767127692
201,202,214,G,W,-2.912897825241089,22.65462686270166
178,179,191,F,I,-2.913043975830078,9.734089108774583
40,41,53,F,N,-2.9131410121917725,9.388516980166628
62,63,75,T,G,-2.914047956466675,1.9497976381277908
119,120,132,P,V,-2.914149761199951,10.293600829541049
169,170,182,F,A,-2.9144511222839355,11.981714322318908
154,155,167,S,G,-2.915705680847168,9.933691840504821
36,37,49,T,P,-2.915858745574951,350.22092097947876
22,23,35,T,R,-2.916393518447876,11.119497461060405
95,96,108,V,A,-2.9177417755126953,7.530424920105247
35,36,48,W,G,-2.917754650115967,10.764571063646429
189,190,202,V,I,-2.9180660247802734,1.2956244253007299
75,76,88,C,P,-2.9181997776031494,256.11751487907316
74,75,87,M,C,-2.9188125133514404,6.4865415039147365
29,30,42,Q,V,-2.9191341400146484,9.497389157874295
37,38,50,S,R,-2.9225423336029053,9.60051442633619
158,159,171,A,S,-2.9227731227874756,7.525366030831663
94,95,107,L,I,-2.92321252822876,2.358314168577749
73,74,86,W,T,-2.923222780227661,4.479372296034285
141,142,154,P,A,-2.923652172088623,5.307319065639376
101,102,114,G,T,-2.9237003326416016,298.9018872928119
96,97,109,L,G,-2.9241623878479004,18.321756617433266
205,206,218,Y,W,-2.9243927001953125,-0.48456842129183997
135,136,148,S,A,-2.9244914054870605,0.5323359962046652
32,33,45,D,W,-2.9247021675109863,2.044204973809144
165,166,178,A,G,-2.924973249435425,4.50535145557609
109,110,122,I,V,-2.9253439903259277,6.856707126243521
5,6,18,S,A,-2.9260740280151367,1.049313241272955
162,163,175,W,F,-2.926112651824951,5.132237553536299
159,160,172,K,P,-2.9261560440063477,433.06037736502503
117,118,130,T,L,-2.92636775970459,8.17179910731329
47,48,60,C,F,-2.9271697998046875,94.66896896976692
172,173,185,L,T,-2.927258014678955,3.4054734112495453
31,32,44,L,R,-2.92745304107666,0.849006062039166
37,38,50,S,P,-2.927473783493042,206.71021844250893
100,101,113,Q,I,-2.9275002479553223,11.078040153854374
71,72,84,Y,N,-2.9279685020446777,6.69874761450194
88,89,101,L,A,-2.928194046020508,6.919744976451398
203,204,216,S,T,-2.928367376327514,1.490704041223978
35,36,48,W,A,-2.928795337677002,-0.16741541490739564
200,201,213,W,G,-2.9292843341827393,10.955483333037705
118,119,131,G,A,-2.929344892501831,28.812735887080976
56,57,69,T,A,-2.929856300354004,-1.4776508947108482
159,160,172,K,T,-2.92986798286438,0.7736000702678894
6,7,19,G,T,-2.9302444458007812,-1.3146532446847914
39,40,52,N,I,-2.930779457092285,40.66498045909435
115,116,128,T,A,-2.9315648078918457,5.743866434403685
53,54,66,Q,L,-2.9326868057250977,1.0291272640340594
223,224,236,V,A,-2.9330575466156006,10.292570258252056
19,20,32,F,Y,-2.933224678039551,0.1335672101520231
72,73,85,R,G,-2.9335644245147705,1.7307569484136707
109,110,122,I,G,-2.9338696002960205,13.274509598657517
101,102,114,G,A,-2.9341928958892822,56.10806418114913
2,3,15,N,E,-2.9347376823425293,5.424827412085506
47,48,60,C,N,-2.935080051422119,2.766778821819912
211,212,224,F,P,-2.9359755516052246,199.0428157343235
175,176,188,L,G,-2.9359936714172363,5.669750205582432
125,126,138,T,G,-2.936121940612793,5.906035093519563
3,4,16,I,F,-2.936168670654297,7.941749430520076
61,62,74,P,G,-2.9365720748901367,9.391163151554622
205,206,218,Y,G,-2.937340259552002,16.029526847859984
136,137,149,C,V,-2.937485694885254,17.906249046669018
67,68,80,I,A,-2.937574863433838,7.50166269924955
125,126,138,T,A,-2.9376096725463867,2.5839022133961294
209,210,222,S,W,-2.9383997917175293,25.246531899647664
38,39,51,L,F,-2.9386396408081055,6.421653382207978
5,6,18,S,I,-2.9396800994873047,11.940210722502172
36,37,49,T,A,-2.9403109550476074,8.333112623954491
211,212,224,F,Y,-2.9403867721557617,-0.5404878520022294
55,56,68,P,G,-2.940663576126098,5.031841634807279
75,76,88,C,A,-2.9413249492645264,-0.14260584880207716
146,147,159,C,A,-2.9415030479431152,0.2774916351957586
1,2,14,E,P,-2.9426891803741455,49.442578550649074
107,108,120,P,C,-2.943556308746338,7.643298407212171
7,8,20,F,G,-2.9437670707702637,8.155421521406993
180,181,193,Q,P,-2.944197416305542,235.17003230511565
47,48,60,C,V,-2.9445204734802246,64.03402849275147
189,190,202,V,P,-2.9446933269500732,92.50329207739276
94,95,107,L,W,-2.9448091983795166,9.22627154136569
77,78,90,R,P,-2.9458580017089844,201.89526671458185
195,196,208,W,P,-2.945932149887085,318.4774664305977
177,178,190,P,T,-2.9462332725524902,-5.801488295500349
200,201,213,W,Y,-2.9467010498046875,8.869939912618463
53,54,66,Q,N,-2.9472217559814453,2.192112108420588
51,52,64,N,L,-2.9472768306732178,14.846026491256964
22,23,35,T,Y,-2.9472928047180176,8.483845502682698
4,5,17,T,G,-2.947417736053467,3.60976701702009
193,194,206,A,P,-2.947445869445801,240.74676961482893
92,93,105,F,A,-2.9476587772369385,-0.8378810701146904
192,193,205,S,P,-2.948472023010254,271.82787855162894
32,33,45,D,V,-2.9489150047302246,3.415631032777128
152,153,165,P,G,-2.94955062866211,13.848426695813032
38,39,51,L,W,-2.949706554412842,12.871815639833358
51,52,64,N,A,-2.949754238128662,12.236445701617697
182,183,195,F,T,-2.950009822845459,10.087784729608188
100,101,113,Q,Y,-2.9501285552978516,2.6735538648795227
157,158,170,F,Q,-2.950254440307617,9.682545674046537
2,3,15,N,P,-2.951066732406616,108.49476360904447
59,60,72,H,L,-2.951270818710327,0.021894396906020575
31,32,44,L,G,-2.95153284072876,4.291061734408345
109,110,122,I,A,-2.9519033432006836,4.789236475669497
191,192,204,L,W,-2.9520747661590576,7.441596206225029
189,190,202,V,Q,-2.9525794982910156,8.82402260167703
170,171,183,S,T,-2.953352451324463,9.492588060425362
164,165,177,W,E,-2.9543511867523193,-1.0971494434702436
182,183,195,F,S,-2.954404830932617,1.1111422341177786
76,77,89,L,P,-2.954704761505127,261.3190383614128
102,103,115,M,P,-2.9548933506011963,257.05674053546494
38,39,51,L,Q,-2.9550955295562744,9.721640734418884
34,35,47,W,T,-2.955324172973633,-0.7716815179551304
183,184,196,V,T,-2.9563732147216797,2.7463985229403534
14,15,27,L,G,-2.957286834716797,14.820013685546314
143,144,156,D,L,-2.957939624786377,4.714365286631562
202,203,215,P,G,-2.9585680961608887,-1.8031688317748262
201,202,214,G,A,-2.9590976238250732,11.67460658402507
164,165,177,W,G,-2.959531545639038,3.324487879634546
225,226,238,I,P,-2.9607627391815186,223.89972854009864
166,167,179,S,R,-2.961732864379883,2.1274980644365087
59,60,72,H,N,-2.963777780532837,2.570614927633983
186,187,199,S,W,-2.9643478393554688,11.751381987946274
164,165,177,W,K,-2.964771509170532,6.338193466881364
79,80,92,F,T,-2.9659361839294434,-0.9813725604591923
204,205,217,L,G,-2.9660840034484863,9.865405021663037
63,64,76,S,V,-2.9674220085144043,0.9961560240823246
169,170,182,F,I,-2.967668056488037,1.7958011216957175
202,203,215,P,Y,-2.9677605628967285,-2.008384304128981
100,101,113,Q,T,-2.9687139987945557,9.437890615805713
65,66,78,P,T,-2.968911647796631,7.584972405322219
166,167,179,S,Q,-2.9691286087036133,3.1609858478813635
29,30,42,Q,A,-2.969825029373169,9.48998822464057
154,155,167,S,T,-2.9704835414886475,6.785236974892314
18,19,31,F,G,-2.970484733581543,10.031723608038533
77,78,90,R,C,-2.9711313247680664,5.38773968491256
78,79,91,R,C,-2.9714231491088867,3.870544607050533
155,156,168,W,A,-2.971785068511963,12.111359540823969
3,4,16,I,V,-2.972055673599243,0.1123074082771609
167,168,180,V,Q,-2.9743757247924805,1.7342270605996077
186,187,199,S,P,-2.9746530055999756,8.101837703711908
38,39,51,L,T,-2.975013256072998,6.162653241247767
33,34,46,S,Q,-2.9759490489959717,6.985230655779901
75,76,88,C,I,-2.977094888687134,2.8840289889798214
176,177,189,V,A,-2.9777989387512207,-7.214998386254422
167,168,180,V,P,-2.977871894836426,130.37994732232733
75,76,88,C,W,-2.978302240371704,1.4771602867098181
116,117,129,S,G,-2.978362560272217,3.4917159322680504
119,120,132,P,A,-2.9785351753234863,2.410433355242162
54,55,67,S,A,-2.978684425354004,4.102716768904315
12,13,25,L,T,-2.979402780532837,10.566973684109314
164,165,177,W,R,-2.98005747795105,2.02695301022203
6,7,19,G,P,-2.980475664138794,79.82318671702319
170,171,183,S,A,-2.980739116668701,1.7435802669278928
184,185,197,G,A,-2.9808926582336426,-0.5903839199668823
160,161,173,Y,D,-2.981344699859619,8.082750555955158
184,185,197,G,I,-2.9822068214416504,4.94737228052503
184,185,197,G,T,-2.98250675201416,1.8680696637477467
137,138,150,C,V,-2.982994556427002,-0.7490979260750805
204,205,217,L,P,-2.984626293182373,259.35188567082986
192,193,205,S,T,-2.9850192070007324,4.538844267560421
206,207,219,S,T,-2.98531723022461,0.5939266524492837
2,3,15,N,W,-2.9855151176452637,5.753189646805481
44,45,57,S,V,-2.985624074935913,24.08092764975595
37,38,50,S,I,-2.985715866088867,5.4887848859297605
214,215,227,L,Y,-2.986185073852539,10.233016230846886
190,191,203,W,G,-2.9863204956054688,6.632010686170645
120,121,133,C,L,-2.986502170562744,0.45785263679556465
32,33,45,D,T,-2.987304210662842,3.870971062318347
25,26,38,L,T,-2.9873132705688477,4.555641123357191
197,198,210,M,P,-2.9879050254821777,198.5789135913193
41,42,54,L,Q,-2.9887843132019043,8.537765851326071
52,53,65,S,G,-2.98883318901062,12.271684815249841
190,191,203,W,T,-2.9892797470092773,5.294112602758673
72,73,85,R,I,-2.9894893169403076,10.476565744545383
45,46,58,P,V,-2.9901537895202637,10.215223786438969
82,83,95,F,P,-2.990154266357422,380.72635408849595
133,134,146,F,N,-2.9904866218566895,1.1027896851236392
16,17,29,A,T,-2.990537405014038,11.180984854089843
107,108,120,P,N,-2.9908838272094727,8.101635245106081
157,158,170,F,A,-2.99112606048584,9.127650720217503
157,158,170,F,P,-2.9913930892944336,150.78952519667803
24,25,37,I,A,-2.991421699523926,0.8586340654167088
31,32,44,L,V,-2.992112159729004,0.927027053423501
65,66,78,P,G,-2.994302988052368,15.573902140551468
106,107,119,C,G,-2.9950618743896484,12.086034446229178
151,152,164,I,G,-2.99556303024292,20.622321548808998
206,207,219,S,V,-2.995579957962036,1.9801861946644976
122,123,135,T,V,-2.9955930709838867,14.250336737797625
119,120,132,P,L,-2.996429681777954,11.7756656141014
153,154,166,S,F,-2.99676513671875,296.1112575210686
36,37,49,T,K,-2.9972004890441895,1.338824690411741
148,149,161,C,V,-2.9974615573883057,6.5312949637601605
150,151,163,P,G,-2.9982998371124268,6.564744085663335
220,221,233,C,G,-2.998863697052002,8.905192730687304
171,172,184,W,A,-2.9992754459381104,-0.22340444600837372
40,41,53,F,R,-2.9993391036987305,13.838348832417978
127,128,140,A,L,-3.0000762939453125,0.6454675366381366
104,105,117,P,Q,-3.000699520111084,9.538245279970397
162,163,175,W,T,-3.0010218620300293,10.754689471875167
20,21,33,L,A,-3.0013270378112793,-0.07920306599459082
104,105,117,P,V,-3.001373291015625,16.332447722960524
8,9,21,L,G,-3.001671314239502,10.766832955882592
118,119,131,G,L,-3.001678466796875,28.22639983489671
153,154,166,S,A,-3.0019705295562744,2.701452444717404
127,128,140,A,V,-3.0021235942840576,4.424033962697877
120,121,133,C,V,-3.002763271331787,1.295746455745757
183,184,196,V,I,-3.0033810138702393,7.046686237796109
28,29,41,P,V,-3.004061460494995,-6.149427705262042
9,10,22,G,P,-3.004586696624756,36.410669896320485
61,62,74,P,N,-3.0064311027526855,10.840764523526104
53,54,66,Q,G,-3.007119655609131,1.4794009596523097
91,92,104,I,A,-3.007233142852783,9.049537991325224
31,32,44,L,T,-3.0077829360961914,8.227915976616828
19,20,32,F,W,-3.0082921981811523,1.0536660646229166
39,40,52,N,C,-3.009631395339966,3.9123456024717598
136,137,149,C,A,-3.010565996170044,-0.13845623421480013
78,79,91,R,W,-3.0109729766845703,6.934852638338327
54,55,67,S,G,-3.011759996414185,11.121713145959689
171,172,184,W,G,-3.0122036933898926,3.6786063446751314
21,22,34,L,T,-3.012216091156006,5.208688357503888
65,66,78,P,F,-3.0129637718200684,8.454193373666783
125,126,138,T,V,-3.0137643814086914,2.639411408204296
30,31,43,S,P,-3.0143539905548096,261.3096850091938
59,60,72,H,G,-3.0147783756256104,8.749538223966567
212,213,225,I,P,-3.0155138969421387,174.95261991236356
45,46,58,P,T,-3.0165982246398926,3.763555601778478
163,164,176,E,F,-3.017244338989258,4.011356200105411
191,192,204,L,N,-3.0174427032470703,2.900624000558196
206,207,219,S,Y,-3.017611026763916,3.3007064080954933
186,187,199,S,A,-3.0178990364074707,0.5943380569477199
195,196,208,W,T,-3.0182135105133057,1.0720281199407395
52,53,65,S,Q,-3.018307685852051,73.01500093278929
159,160,172,K,R,-3.018692970275879,11.08409036603615
66,67,79,P,R,-3.0188560485839844,12.887195414634846
45,46,58,P,F,-3.01901912689209,3.905583672046987
60,61,73,S,Q,-3.019165515899658,1.5497936123014142
105,106,118,V,A,-3.0203120708465576,10.52207061619572
218,219,231,F,P,-3.021040916442871,187.54166112212314
200,201,213,W,P,-3.0212268829345703,346.22720995021564
132,133,145,M,L,-3.0216143131256104,-0.04538231817787164
174,175,187,L,V,-3.0227019786834717,10.87106072296001
35,36,48,W,P,-3.0230650901794434,193.26785125832197
37,38,50,S,T,-3.0254435539245605,2.41381641165151
105,106,118,V,F,-3.025866746902466,0.9500382252275017
24,25,37,I,T,-3.026304006576538,0.7507415437536338
110,111,123,P,Q,-3.02637243270874,4.167203868594868
166,167,179,S,A,-3.026456832885742,1.6279449702107058
168,169,181,R,T,-3.0266270637512207,6.165844970470232
37,38,50,S,V,-3.0267529487609863,1.6084311026648948
6,7,19,G,A,-3.0267984867095947,-1.185817896299568
142,143,155,T,K,-3.0272433757781982,6.525702906252718
31,32,44,L,I,-3.028444766998291,0.4794372258816679
206,207,219,S,G,-3.0284905433654785,2.651317398379433
84,85,97,F,G,-3.0286319255828857,0.8336680549172115
128,129,141,Q,N,-3.0304222106933594,3.204199384834965
155,156,168,W,G,-3.030776023864746,13.919236080758765
5,6,18,S,T,-3.030970573425293,7.946664590312366
202,203,215,P,T,-3.030979633331299,5.144970842054079
81,82,94,I,R,-3.031381607055664,3.13639939673169
207,208,220,I,A,-3.0324625968933105,0.13856332213634914
45,46,58,P,C,-3.0326454639434814,2.9647030353551713
27,28,40,I,R,-3.033209800720215,1.8768301718567386
210,211,223,P,A,-3.0332584381103516,-3.316422488197759
35,36,48,W,R,-3.033975601196289,0.02136988318886779
156,157,169,A,V,-3.033989667892456,70.50800265134745
150,151,163,P,L,-3.03440260887146,25.139991272583813
178,179,191,F,T,-3.0352227687835693,8.268078666480505
104,105,117,P,A,-3.0352327823638916,10.739049003965306
102,103,115,M,W,-3.03541898727417,0.9694291824037009
144,145,157,G,K,-3.0355114936828613,11.547104369752617
161,162,174,L,T,-3.0357069969177246,3.544248538236843
222,223,235,W,A,-3.036839008331299,9.00785373691076
197,198,210,M,T,-3.0381572246551514,3.4552918866241953
33,34,46,S,A,-3.0382347106933594,8.969296587122074
74,75,87,M,A,-3.0383100509643555,4.98404153139478
43,44,56,G,R,-3.038410186767578,161.2345641228098
49,50,62,G,N,-3.038604736328125,21.214860477578156
101,102,114,G,N,-3.0387120246887207,138.6266317153741
30,31,43,S,W,-3.039381265640259,1.3602077883650736
187,188,200,P,T,-3.039881706237793,4.652518591809326
1,2,14,E,F,-3.040051221847534,14.476126805503327
26,27,39,T,N,-3.040154457092285,0.9450405102421087
126,127,139,P,G,-3.040966510772705,10.84813525883203
87,88,100,L,A,-3.0411477088928223,1.1559429571335613
124,125,137,T,Q,-3.041184425354004,-1.0849918111317152
204,205,217,L,A,-3.0412325859069824,1.3409714301723739
214,215,227,L,G,-3.042814254760742,12.097979023395624
46,47,59,V,A,-3.043107032775879,5.721689162471705
152,153,165,P,N,-3.0442895889282227,5.422546976973251
36,37,49,T,D,-3.0444722175598145,3.0072970762859086
78,79,91,R,G,-3.044483184814453,2.3063777595264696
39,40,52,N,T,-3.0450003147125244,6.411857802108045
47,48,60,C,A,-3.0457916259765625,2.318867022273423
185,186,198,L,T,-3.0458695888519287,15.231256276231647
174,175,187,L,T,-3.0459206104278564,2.0933634903032043
218,219,231,F,S,-3.04593563079834,2.5696253126405395
180,181,193,Q,I,-3.0459561347961426,2.8479142143337413
122,123,135,T,A,-3.046203136444092,0.9323364859220646
19,20,32,F,T,-3.0462818145751953,5.308661706729993
181,182,194,W,T,-3.0467305183410645,0.378855211102632
62,63,75,T,A,-3.046919107437134,7.041934335776489
3,4,16,I,R,-3.04693341255188,6.962783576831157
96,97,109,L,A,-3.046971082687378,15.395731163026255
18,19,31,F,Y,-3.0472378730773926,9.27187819814145
185,186,198,L,A,-3.048529148101806,14.410340973996313
203,204,216,S,A,-3.0492920875549316,7.397677879958167
42,43,55,G,R,-3.049352645874023,22.456565112855685
20,21,33,L,G,-3.04951548576355,3.421890118329543
165,166,178,A,T,-3.049710512161255,13.233860097295974
176,177,189,V,T,-3.049908399581909,1.8998341862916845
23,24,36,R,W,-3.050039529800415,8.749107919418464
21,22,34,L,W,-3.0515170097351074,5.902674217539698
163,164,176,E,N,-3.053455114364624,3.5198226567798656
163,164,176,E,P,-3.053490161895752,236.51307141490733
12,13,25,L,P,-3.0537562370300293,230.3284995340217
167,168,180,V,W,-3.05419397354126,5.587794624251956
112,113,125,S,A,-3.0545902252197266,0.8058226691160257
152,153,165,P,D,-3.0546669960021973,4.029060393437078
210,211,223,P,T,-3.0551602840423584,-0.9850551983927858
222,223,235,W,G,-3.0553832054138184,4.785294208881396
7,8,20,F,T,-3.0556907653808594,3.397894146431554
40,41,53,F,Q,-3.056276321411133,11.260968476539972
138,139,151,C,A,-3.057215690612793,0.4268401065871785
165,166,178,A,W,-3.0574676990509033,5.326897388699649
147,148,160,T,I,-3.058190107345581,-0.9033487635575739
88,89,101,L,G,-3.0584230422973633,9.62980116197906
100,101,113,Q,V,-3.058543920516968,18.24552890156258
174,175,187,L,A,-3.058929443359375,0.6351090922149751
68,69,81,C,I,-3.058988094329834,111.67045336873468
194,195,207,I,T,-3.059206485748291,-4.253724435367872
169,170,182,F,T,-3.0592501163482666,4.774563542317253
22,23,35,T,I,-3.059889316558838,123.89592905975655
25,26,38,L,G,-3.0598959922790527,9.618443877130858
144,145,157,G,L,-3.059966564178467,13.181994965993397
133,134,146,F,V,-3.060415506362915,6.1549080259943025
101,102,114,G,F,-3.0623903274536133,407.1989223980222
8,9,21,L,T,-3.0627355575561523,8.8430273087165
60,61,73,S,N,-3.06326675415039,3.024894513359868
99,100,112,Y,A,-3.0632777214050293,2.1247682608548644
84,85,97,F,A,-3.0634827613830566,-1.383972532814198
225,226,238,I,C,-3.064183473587036,1.7671816374096352
220,221,233,C,A,-3.064263820648194,8.59653803116771
29,30,42,Q,I,-3.0661206245422363,2.250173794659986
180,181,193,Q,W,-3.0667636394500732,12.849072327902377
146,147,159,C,Y,-3.066831111907959,433.71307637996534
98,99,111,D,Y,-3.0679826736450195,3.050213435790795
25,26,38,L,I,-3.0680012702941895,3.5530731706473944
116,117,129,S,A,-3.0681519508361816,2.3564380627350374
67,68,80,I,R,-3.0687663555145264,2.5090543886200294
210,211,223,P,G,-3.0703024864196777,0.33631987359552795
130,131,143,N,A,-3.070862293243408,10.988351048455513
33,34,46,S,G,-3.0716686248779297,1.901801405844651
150,151,163,P,D,-3.072652578353882,10.43266973935772
179,180,192,V,G,-3.0735273361206055,8.089307496328786
23,24,36,R,G,-3.0738372802734375,2.284804498500989
49,50,62,G,A,-3.0740652084350586,22.39190210314473
97,98,110,L,I,-3.0741071701049805,18.394280084218167
207,208,220,I,T,-3.074775218963623,6.667932598791936
202,203,215,P,A,-3.075972080230713,3.6900018254268616
173,174,186,S,I,-3.0762882232666016,2.3100936589440266
31,32,44,L,Q,-3.077439785003662,0.4710007491383976
81,82,94,I,T,-3.0780274868011475,8.130344995563178
137,138,150,C,L,-3.078794002532959,0.24901230200475766
90,91,103,L,A,-3.0804595947265625,1.4326372480549026
146,147,159,C,L,-3.080655574798584,81.84638309625603
21,22,34,L,P,-3.0809168815612793,274.9548798493403
213,214,226,P,Y,-3.0813028812408447,4.555156195979862
196,197,209,M,I,-3.0813992023468018,8.387931702692356
27,28,40,I,A,-3.0824480056762695,0.2413769514784576
19,20,32,F,G,-3.0825185775756836,1.5032502141313557
184,185,197,G,C,-3.0827670097351074,1.5240535483437725
105,106,118,V,C,-3.0832877159118652,12.78412555818727
147,148,160,T,G,-3.0836691856384277,10.261517187777315
198,199,211,W,T,-3.0837903022766113,1.8683764326282244
224,225,237,Y,C,-3.0840611457824707,15.206733398774304
124,125,137,T,G,-3.084932327270508,4.559525305950729
139,140,152,T,V,-3.0851051807403564,6.770200800270231
72,73,85,R,W,-3.0857224464416504,5.979685559418556
161,162,174,L,G,-3.0858373641967773,4.4072020356538815
68,69,81,C,F,-3.0865159034729004,49.308432875441156
29,30,42,Q,R,-3.087117910385132,4.777534736450093
225,226,238,I,Y,-3.0876123905181885,3.3295782945406245
34,35,47,W,A,-3.0876407623291016,-0.4921521330526275
149,150,162,I,A,-3.087982177734375,6.498034213203198
68,69,81,C,R,-3.0883655548095703,19.999051107403147
224,225,237,Y,A,-3.089625120162964,6.41629979788155
44,45,57,S,T,-3.090045928955078,1.7440966985836894
70,71,83,G,I,-3.090519905090332,131.62490946605269
131,132,144,S,A,-3.0912349224090576,1.4317095593399927
215,216,228,L,G,-3.092489242553711,17.083322632003274
160,161,173,Y,V,-3.0941805839538574,0.9162296205490748
3,4,16,I,W,-3.0944766998291016,4.725399666997305
78,79,91,R,P,-3.09476089477539,235.98778037785675
32,33,45,D,G,-3.095226764678955,4.25000886425272
150,151,163,P,Q,-3.0964038372039795,6.319336017872331
33,34,46,S,N,-3.097248077392578,0.6910178279608772
98,99,111,D,C,-3.0977959632873535,5.327554310459675
204,205,217,L,T,-3.0983800888061523,3.9540592080898023
216,217,229,P,G,-3.0984621047973633,2.8441040039637073
80,81,93,I,V,-3.0991744995117188,3.2681139176128795
160,161,173,Y,Q,-3.099648714065552,0.6987904137239411
157,158,170,F,I,-3.099748134613037,7.015268485090473
26,27,39,T,Q,-3.0998694896698,11.407550699842432
7,8,20,F,W,-3.1008083820343018,10.261586753959875
49,50,62,G,F,-3.1011133193969727,38.317475202474725
28,29,41,P,R,-3.102583408355713,-6.69605286316073
199,200,212,Y,W,-3.103452682495117,-5.0154028375333155
99,100,112,Y,T,-3.103487014770508,7.789610144116466
82,83,95,F,T,-3.103823184967041,9.269580168040363
150,151,163,P,N,-3.1040573120117188,14.040370449218017
177,178,190,P,I,-3.1041276454925537,-3.841360574680607
56,57,69,T,Q,-3.104471206665039,1.9984433614883415
27,28,40,I,V,-3.104893684387207,2.160233272806522
105,106,118,V,I,-3.10500168800354,15.878791629099567
45,46,58,P,A,-3.107071876525879,7.1789269383363035
70,71,83,G,F,-3.1073381900787354,75.3594430908025
6,7,19,G,Y,-3.108241081237793,0.8224722465869263
72,73,85,R,T,-3.1084609031677246,0.4833043154897041
17,18,30,G,T,-3.10879898071289,4.361256891789537
126,127,139,P,V,-3.1097841262817383,5.48747962142329
160,161,173,Y,E,-3.1107003688812256,1.5111567302252524
70,71,83,G,V,-3.111179828643799,131.62489827554188
140,141,153,K,A,-3.1124653816223145,11.490884750363364
19,20,32,F,A,-3.1134748458862305,2.0379350015280124
39,40,52,N,R,-3.113615036010742,3.951352305722594
87,88,100,L,G,-3.114365816116333,11.300204995831905
224,225,237,Y,P,-3.115128517150879,192.3867015038965
119,120,132,P,D,-3.115144729614258,0.4482125703398765
125,126,138,T,N,-3.116398334503174,7.712219337411852
145,146,158,N,A,-3.1165263652801514,2.6487287497814123
153,154,166,S,V,-3.117635726928711,86.42459192612665
142,143,155,T,Q,-3.1179165840148926,6.261025082726746
63,64,76,S,A,-3.118347644805908,10.686374453287158
191,192,204,L,Y,-3.11856746673584,12.056134636401907
122,123,135,T,L,-3.121255397796631,11.245313553192489
150,151,163,P,A,-3.121356248855591,4.085863267135494
11,12,24,L,P,-3.1214370727539062,220.22552662048864
61,62,74,P,A,-3.122556209564209,9.041068340746563
93,94,106,L,T,-3.1231398582458496,8.133289780031077
64,65,77,C,H,-3.123661756515503,27.416783443279883
84,85,97,F,T,-3.124078273773194,-1.5887938644426072
6,7,19,G,W,-3.1256017684936523,3.1718728025409746
27,28,40,I,N,-3.125699996948242,2.0036591195972733
126,127,139,P,Q,-3.1268486976623535,3.483959128473032
216,217,229,P,A,-3.1296958923339844,6.647103531753999
155,156,168,W,Q,-3.130764961242676,6.802814495922917
210,211,223,P,Y,-3.1313509941101074,2.0954816656197863
33,34,46,S,I,-3.1320137977600098,9.766787437476466
90,91,103,L,T,-3.1324498653411865,2.572188044282825
54,55,67,S,Q,-3.132941722869873,0.2866335721483324
106,107,119,C,N,-3.13327693939209,-1.4947028036247616
57,58,70,S,A,-3.1332855224609375,7.3607430639678455
225,226,238,I,R,-3.13360595703125,1.1680857354455156
34,35,47,W,C,-3.1337738037109375,2.155744235886573
166,167,179,S,P,-3.1338489055633545,370.4604133017904
78,79,91,R,Y,-3.133955717086792,2.1702945155102498
101,102,114,G,R,-3.1343305110931396,402.33672040799513
93,94,106,L,A,-3.1345365047454834,7.94943025923385
125,126,138,T,D,-3.1373157501220703,2.0540486067218353
43,44,56,G,N,-3.1378583908081055,10.149528375072975
52,53,65,S,H,-3.138080596923828,12.792495102271403
15,16,28,Q,T,-3.138561725616455,0.5636674129218591
127,128,140,A,N,-3.1392970085144043,8.703042672764468
101,102,114,G,W,-3.139368057250977,2400.007326167895
21,22,34,L,Y,-3.139838218688965,11.849983115219175
99,100,112,Y,R,-3.142362117767334,5.82458962532985
45,46,58,P,Q,-3.1424100399017334,3.0881474150590407
198,199,211,W,Y,-3.1425628662109375,4.0907347612712215
153,154,166,S,N,-3.143260955810547,0.3666243720360285
79,80,92,F,C,-3.143268585205078,0.960482572824958
10,11,23,P,T,-3.1442980766296387,-3.6340197294637733
9,10,22,G,T,-3.144671678543091,6.916273730632042
203,204,216,S,Y,-3.1460351943969727,-0.9532203735727194
73,74,86,W,F,-3.1463639736175537,6.506887271243272
43,44,56,G,I,-3.1465768814086914,48.82893052147875
88,89,101,L,T,-3.1470794677734375,0.4882124507817025
41,42,54,L,R,-3.149846076965332,6.433599636638519
114,115,127,T,A,-3.150561809539795,8.185503727173113
136,137,149,C,Q,-3.1508421897888184,-2.384653444898561
138,139,151,C,V,-3.1509432792663574,6.9591239820586
173,174,186,S,T,-3.1510796546936035,3.3086455965506048
87,88,100,L,C,-3.1516854763031006,3.1828006621286704
117,118,130,T,Q,-3.1517043113708496,0.9275112142615853
103,104,116,L,N,-3.1527657508850098,3.917586135920942
213,214,226,P,W,-3.152793884277344,-0.01069140320777251
167,168,180,V,F,-3.153092384338379,2.01053843002029
216,217,229,P,W,-3.153294086456299,-0.8908178650516447
219,220,232,F,P,-3.1544079780578613,252.6235427461439
143,144,156,D,N,-3.154716968536377,0.039237496046894194
7,8,20,F,A,-3.1551499366760254,5.435754202002556
23,24,36,R,T,-3.1555168628692627,31.533817975857005
25,26,38,L,Q,-3.1568593978881836,9.433360281635032
180,181,193,Q,T,-3.1571292877197266,2.7345501810188466
201,202,214,G,T,-3.157601833343506,13.813049190109098
134,135,147,P,Q,-3.1579489707946777,4.315865921410932
123,124,136,C,A,-3.157970905303955,-0.8826015707792294
104,105,117,P,R,-3.1584632396698,12.239331937222516
217,218,230,I,A,-3.160144329071045,9.323547702579845
36,37,49,T,F,-3.160752296447754,5.161863763568022
221,222,234,L,C,-3.1619043350219727,4.353282675950709
219,220,232,F,Y,-3.1626546382904053,5.791342410015204
175,176,188,L,T,-3.1632614135742188,3.9530106693129596
34,35,47,W,G,-3.1640825271606445,2.1013522521369623
124,125,137,T,V,-3.1659326553344727,9.533304918961562
138,139,151,C,N,-3.1664764881134033,2.908390087359976
19,20,32,F,P,-3.1667115688323975,400.15860865061575
28,29,41,P,G,-3.168656349182129,-3.0198042463269985
107,108,120,P,F,-3.169012546539306,16.31099178552597
74,75,87,M,V,-3.1705880165100098,6.392392955640503
123,124,136,C,G,-3.1709728240966797,6.5312949637601605
68,69,81,C,Q,-3.1710469722747803,13.60235809183473
195,196,208,W,Y,-3.171185255050659,6.243350193130652
131,132,144,S,V,-3.171969413757324,12.233136048140352
73,74,86,W,A,-3.1729276180267334,7.246506591099092
46,47,59,V,I,-3.1746315956115723,0.22168524888388674
45,46,58,P,R,-3.1750130653381348,9.114874816396878
38,39,51,L,I,-3.1755590438842773,4.395797617292487
25,26,38,L,R,-3.175701141357422,2.854017997485471
104,105,117,P,F,-3.17590069770813,13.076094675006004
155,156,168,W,E,-3.175902843475342,11.559626474947322
76,77,89,L,G,-3.175992488861084,5.037266541293377
28,29,41,P,W,-3.1771111488342285,0.24475892785261522
134,135,147,P,A,-3.1772007942199707,3.3148238971074875
77,78,90,R,T,-3.1774327754974365,2.276634945460046
144,145,157,G,Q,-3.177783727645874,12.825429660333782
142,143,155,T,E,-3.178567409515381,1.245993950892057
174,175,187,L,Y,-3.1786370277404785,6.135822509902312
46,47,59,V,F,-3.179121732711792,4.452476163519805
137,138,150,C,I,-3.1792216300964355,-0.5985747528237653
99,100,112,Y,G,-3.179327964782715,18.15468356533688
87,88,100,L,P,-3.1797029972076416,268.9935896752526
3,4,16,I,Q,-3.1798648834228516,-0.35131611321207856
139,140,152,T,Q,-3.1799445152282715,0.29665759580746
14,15,27,L,T,-3.181717872619629,9.919337594107958
179,180,192,V,A,-3.1824636459350586,9.614769063336723
151,152,164,I,D,-3.18289566040039,9.609497638953712
194,195,207,I,P,-3.1832916736602783,211.49778623391964
47,48,60,C,I,-3.183765411376953,105.59449612131579
168,169,181,R,W,-3.1839065551757812,7.570798892643666
162,163,175,W,I,-3.1852567195892334,16.152879276958913
200,201,213,W,T,-3.1853654384613037,3.1199873485723515
161,162,174,L,C,-3.185596466064453,4.015027866342166
158,159,171,A,G,-3.1858327388763428,2.309170240106255
223,224,236,V,C,-3.18689489364624,9.206027419730958
111,112,124,G,V,-3.1871883869171143,21.718199628974105
147,148,160,T,N,-3.1874279975891113,1.4317627981150167
122,123,135,T,D,-3.1875157356262207,-2.2642735355623813
20,21,33,L,T,-3.1883368492126465,5.801868949153857
147,148,160,T,Q,-3.188441038131714,1.5100296640615625
82,83,95,F,G,-3.188694953918457,3.238264526033049
66,67,79,P,A,-3.189790725708008,5.656718989174237
114,115,127,T,L,-3.190401077270508,7.391458396031396
80,81,93,I,P,-3.1905016899108887,253.83442122643802
149,150,162,I,G,-3.190635681152344,10.800539380161581
46,47,59,V,N,-3.192527532577514,10.005115017743151
183,184,196,V,G,-3.193568229675293,10.003295298609316
146,147,159,C,F,-3.193568468093872,406.02471660272533
197,198,210,M,W,-3.194462776184082,3.890922632577258
44,45,57,S,N,-3.1949429512023926,9.9505873321325
104,105,117,P,C,-3.1962170600891113,14.68948145308184
225,226,238,I,W,-3.197800874710083,11.512216137794326
63,64,76,S,N,-3.198737621307373,2.259552683720301
26,27,39,T,A,-3.1991090774536133,4.367997458936543
152,153,165,P,A,-3.1991324424743652,5.1318786105647405
18,19,31,F,T,-3.1995015144348145,5.482596731548995
190,191,203,W,P,-3.199580669403076,115.76502888162887
55,56,68,P,A,-3.199763298034668,3.2862239162694777
20,21,33,L,P,-3.200174331665039,164.0952741856078
214,215,227,L,W,-3.2007315158843994,8.557123012373381
113,114,126,T,A,-3.2009992599487305,-1.3969252119907196
107,108,120,P,A,-3.201557159423828,4.906286791339369
13,14,26,V,T,-3.2029519081115723,4.336324032519656
123,124,136,C,N,-3.204343318939209,2.0206055205177336
112,113,125,S,L,-3.204477310180664,6.658531985875243
60,61,73,S,H,-3.2046141624450684,2.4815048712079033
93,94,106,L,Y,-3.2049591541290283,8.073673229041617
119,120,132,P,I,-3.2057089805603027,3.6916245253900115
126,127,139,P,N,-3.206019401550293,10.795310669376818
49,50,62,G,Q,-3.206140518188477,48.50087106084169
5,6,18,S,R,-3.209568738937378,1.9493807684261242
42,43,55,G,V,-3.209789276123047,39.239910545349346
91,92,104,I,T,-3.209801197052002,3.8471394098349947
125,126,138,T,I,-3.210244655609131,7.965767231335349
145,146,158,N,I,-3.210587978363037,11.725827028257868
121,122,134,K,A,-3.21059513092041,1.8621040620033682
50,51,63,Q,A,-3.210806369781494,1.1901999406799746
87,88,100,L,T,-3.2111213207244873,7.030961932008381
149,150,162,I,N,-3.212094783782959,2.2987730373808404
18,19,31,F,W,-3.21242094039917,4.501112002792411
94,95,107,L,T,-3.21242618560791,6.693944262755849
215,216,228,L,A,-3.212611675262451,0.4523917543173184
9,10,22,G,A,-3.213360548019409,10.812340553336071
58,59,71,N,Q,-3.213833808898926,3.7216502677036942
209,210,222,S,T,-3.2139296531677246,5.297919808516156
121,122,134,K,L,-3.2160897254943848,1.8724874697082328
53,54,66,Q,A,-3.2164816856384277,1.3494555735708786
167,168,180,V,N,-3.2180285453796387,8.319182228272211
162,163,175,W,Q,-3.218628406524658,5.8839345959992215
102,103,115,M,R,-3.2190098762512207,-1.0371723565584716
155,156,168,W,I,-3.221741199493408,7.710936234952328
24,25,37,I,W,-3.2223048210144043,8.480585083664153
177,178,190,P,R,-3.2239742279052734,-6.775904906342646
139,140,152,T,A,-3.224069833755493,11.065030156585635
26,27,39,T,V,-3.224152088165283,9.893758178813528
11,12,24,L,T,-3.2256503105163574,9.016882904668364
112,113,125,S,Q,-3.2257909774780273,2.376986497646044
214,215,227,L,A,-3.226557731628418,9.399670564615121
74,75,87,M,I,-3.2270421981811523,15.130730978300107
62,63,75,T,V,-3.227440357208252,1.689273796806276
40,41,53,F,A,-3.227572441101074,13.494826216979675
148,149,161,C,N,-3.227686882019043,1.2572731085285795
147,148,160,T,A,-3.2285866737365723,5.608481856739729
153,154,166,S,W,-3.2291345596313477,156.38909059109648
38,39,51,L,C,-3.2294154167175293,4.61556669782027
80,81,93,I,W,-3.230327606201172,2.8780107838853155
4,5,17,T,W,-3.231813430786133,1.7188567983479288
106,107,119,C,A,-3.2326884269714355,0.3093561333981256
222,223,235,W,C,-3.232761859893799,8.289883280756897
73,74,86,W,K,-3.233365297317505,-0.9053278226175507
69,70,82,P,F,-3.23512601852417,8.70868855470286
152,153,165,P,Q,-3.2365856170654297,5.178689229664826
165,166,178,A,M,-3.237147331237793,2.0670483135936593
24,25,37,I,R,-3.237147569656372,6.842322613657416
200,201,213,W,A,-3.2372851371765137,0.30420128928312806
68,69,81,C,H,-3.237323522567749,35.040312760751135
148,149,161,C,D,-3.2380995750427246,9.053872380231496
66,67,79,P,W,-3.2382779121398926,4.612701506333508
140,141,153,K,V,-3.2384676933288574,18.095104840088936
118,119,131,G,V,-3.238471269607544,32.187429134943386
81,82,94,I,C,-3.2388627529144287,3.7408673712403697
1,2,14,E,W,-3.238912343978882,7.382946736664053
170,171,183,S,I,-3.238921642303467,3.065953652332155
157,158,170,F,Y,-3.239224433898926,6.51246656857154
82,83,95,F,A,-3.2394556999206543,8.90819833517287
84,85,97,F,P,-3.2409536838531494,286.9854745708865
70,71,83,G,N,-3.2412893772125244,72.73439014948192
118,119,131,G,N,-3.2423410415649414,32.04591803902338
209,210,222,S,Y,-3.2424707412719727,23.3204262271106
53,54,66,Q,H,-3.242682456970215,1.0112214628954348
152,153,165,P,V,-3.243025064468384,6.455710840559732
42,43,55,G,A,-3.2430295944213867,28.128910769614663
62,63,75,T,N,-3.2431163787841797,-0.47909176276368726
112,113,125,S,V,-3.2432241439819336,15.6097076090835
139,140,152,T,N,-3.24347186088562,11.228891498443204
193,194,206,A,T,-3.245363235473633,7.7859374767019744
83,84,96,L,T,-3.2454912662506104,5.048540682703845
51,52,64,N,Q,-3.245683193206787,10.97312045964793
220,221,233,C,T,-3.2469000816345215,0.24392981877480224
68,69,81,C,G,-3.24716854095459,16.58063834001132
211,212,224,F,A,-3.2481894493103027,9.075137650595138
42,43,55,G,Q,-3.2484445571899414,18.469072900894275
86,87,99,L,T,-3.2485220432281494,4.977891274725835
72,73,85,R,V,-3.250147819519043,9.723460058851629
213,214,226,P,T,-3.2504653930664062,24.27748456649124
66,67,79,P,F,-3.2519967555999756,4.966284747123268
144,145,157,G,N,-3.2544002532958984,8.222134048854514
109,110,122,I,N,-3.2544853687286377,9.163250651095098
115,116,128,T,V,-3.2550811767578125,11.036182266885817
69,70,82,P,W,-3.255577325820923,9.658614739784525
58,59,71,N,A,-3.255787134170532,10.624592869170044
59,60,72,H,A,-3.256498336791992,6.329345936977006
9,10,22,G,W,-3.2566583156585693,10.516865926644073
127,128,140,A,I,-3.258091926574707,5.968245950079677
136,137,149,C,D,-3.2582898139953613,0.11758355309638091
10,11,23,P,W,-3.2584500312805176,-4.208627309710664
102,103,115,M,K,-3.25893497467041,-2.030499480122103
65,66,78,P,R,-3.259425163269043,11.808265588773452
4,5,17,T,A,-3.260875940322876,1.3680956518844596
65,66,78,P,N,-3.2609996795654297,12.36206599093856
135,136,148,S,Y,-3.261127471923828,5.592375153179773
71,72,84,Y,K,-3.2619943618774414,17.000864517500986
221,222,234,L,Y,-3.262078046798706,9.008481222945079
111,112,124,G,L,-3.262443780899048,13.020946215443814
100,101,113,Q,A,-3.263388156890869,8.085628225047799
212,213,225,I,W,-3.263650417327881,21.809189894187284
205,206,218,Y,T,-3.2645792961120605,14.823827373219274
215,216,228,L,W,-3.2646021842956543,12.453238046176182
44,45,57,S,A,-3.2662458419799805,8.180110530583931
214,215,227,L,T,-3.2663378715515137,3.611113740252506
134,135,147,P,N,-3.266883373260498,12.097136027744284
95,96,108,V,C,-3.2683699131011963,2.613995389322781
211,212,224,F,T,-3.26867151260376,7.154386899648387
79,80,92,F,A,-3.268725872039795,0.2179565530001355
113,114,126,T,L,-3.2688164710998535,-1.1639395866870927
182,183,195,F,P,-3.2688608169555664,228.61879481159298
203,204,216,S,P,-3.2689247131347656,231.76251978560745
138,139,151,C,Q,-3.2723546028137207,0.45517287443806254
171,172,184,W,T,-3.2728424072265625,0.5352531625069901
108,109,121,L,N,-3.2731313705444336,5.668159748831897
209,210,222,S,P,-3.2765238285064697,416.4078100467118
179,180,192,V,T,-3.2770016193389893,10.403378397758559
62,63,75,T,Q,-3.2770559787750244,2.7175870696316338
107,108,120,P,Q,-3.2793002128601074,5.543746611942652
183,184,196,V,A,-3.279414653778076,-0.5194219411528707
121,122,134,K,V,-3.281039237976074,4.774437812797032
193,194,206,A,G,-3.2818899154663086,4.675794812121978
86,87,99,L,C,-3.282836437225342,9.715104669613652
28,29,41,P,Y,-3.283247947692871,-6.323895941042508
218,219,231,F,A,-3.2836833000183105,-0.4328095097883988
64,65,77,C,A,-3.284748077392578,0.754848507932536
151,152,164,I,Q,-3.284824848175049,13.991751687718477
64,65,77,C,G,-3.286200046539306,8.669753163539497
217,218,230,I,Y,-3.2862672805786133,1.4450536444863928
105,106,118,V,N,-3.289377212524414,-0.290965792444581
28,29,41,P,T,-3.2910008430480957,-5.836664619816588
96,97,109,L,P,-3.291660785675049,225.220465263783
186,187,199,S,T,-3.2919576168060303,4.132205469771293
56,57,69,T,V,-3.2931032180786133,5.8307161796780065
85,86,98,I,C,-3.2946605682373047,4.795393329095077
14,15,27,L,P,-3.294962167739868,256.7648368767299
136,137,149,C,N,-3.29565167427063,-0.8729701123195923
97,98,110,L,M,-3.2956948280334473,6.148111838747923
128,129,141,Q,D,-3.297149658203125,7.113784715211182
77,78,90,R,A,-3.297255516052246,3.144978633438427
217,218,230,I,G,-3.29844331741333,10.398593641148295
107,108,120,P,D,-3.298712968826294,9.78101308412613
221,222,234,L,T,-3.2993011474609375,3.5642924577638837
13,14,26,V,P,-3.2997970581054688,100.11891989309234
115,116,128,T,L,-3.300293445587158,4.564452854684873
65,66,78,P,H,-3.300563335418701,8.646061184825669
221,222,234,L,G,-3.3008408546447754,7.6590609728054915
13,14,26,V,W,-3.301028251647949,8.90052184707946
63,64,76,S,Q,-3.301058530807495,1.6144038967024699
201,202,214,G,Y,-3.3011322021484375,131.6366937535126
18,19,31,F,P,-3.3039474487304688,160.68871579001262
219,220,232,F,A,-3.3042736053466797,2.792932692238878
208,209,221,V,T,-3.304309368133545,22.099440168098738
183,184,196,V,Q,-3.304910182952881,5.6876676840200275
128,129,141,Q,L,-3.307684898376465,7.021796595710043
130,131,143,N,V,-3.3081042766571045,15.691970652937357
54,55,67,S,V,-3.308295726776123,5.983319742804724
128,129,141,Q,V,-3.3112759590148926,1.4712135889890305
50,51,63,Q,D,-3.311624050140381,2.469443258961519
64,65,77,C,K,-3.312056541442871,14.419755520030662
150,151,163,P,V,-3.312122344970703,18.447650593121807
213,214,226,P,C,-3.3134231567382812,-4.303527559876784
82,83,95,F,C,-3.3137853145599365,8.956425715245643
192,193,205,S,M,-3.313789129257202,2.825264977163954
131,132,144,S,N,-3.315490245819092,0.42855524928108935
50,51,63,Q,R,-3.3170416355133057,2.7688163726439825
108,109,121,L,I,-3.3178441524505615,9.771003011853225
49,50,62,G,V,-3.319180727005005,120.06088565263687
25,26,38,L,V,-3.3194727897644043,14.248223378827674
145,146,158,N,K,-3.3204619884490967,7.969803797545069
100,101,113,Q,P,-3.321094036102295,106.39018464977613
81,82,94,I,G,-3.324474811553955,10.509516494424531
143,144,156,D,V,-3.325249671936035,19.09060386714509
110,111,123,P,A,-3.325317621231079,12.334549374092546
148,149,161,C,Q,-3.326940536499023,5.210334900870521
213,214,226,P,G,-3.3271565437316895,-3.5350267472596784
217,218,230,I,C,-3.327622413635254,10.876171075244542
71,72,84,Y,F,-3.3284716606140137,1.051849245570338
81,82,94,I,A,-3.328744888305664,2.7472774211037745
52,53,65,S,I,-3.333286762237549,12.24512416976853
123,124,136,C,V,-3.334113359451294,6.9591239820586
118,119,131,G,I,-3.335444450378418,39.13523875286552
173,174,186,S,Y,-3.3359529972076416,2.6312989864488827
76,77,89,L,V,-3.336254358291626,8.779912751419488
185,186,198,L,Y,-3.336728096008301,7.788081974701754
8,9,21,L,A,-3.3368983268737793,1.5790432282348092
130,131,143,N,Q,-3.337414026260376,2.693176103860935
86,87,99,L,A,-3.3375468254089355,2.1617083971931947
221,222,234,L,W,-3.337754249572754,10.405378793237674
60,61,73,S,G,-3.338104486465454,10.506087859775903
58,59,71,N,H,-3.338157415390014,1.9010285973680539
172,173,185,L,D,-3.3382558822631836,5.357790976374474
220,221,233,C,Y,-3.3388967514038086,9.753545797751997
25,26,38,L,W,-3.339036226272583,6.466706139314908
219,220,232,F,W,-3.339272975921631,1.028070242400986
219,220,232,F,T,-3.3394813537597656,12.673815589430092
131,132,144,S,Q,-3.3403446674346924,8.554731391789744
97,98,110,L,R,-3.3416061401367188,3.5950340372669416
146,147,159,C,V,-3.3419485092163086,45.61257482156739
201,202,214,G,P,-3.3439924716949463,234.69779583478984
144,145,157,G,V,-3.3442296981811523,24.69681773050837
216,217,229,P,C,-3.3443009853363037,7.790781610199076
80,81,93,I,C,-3.3449578285217285,5.195349431743978
83,84,96,L,C,-3.345858573913574,9.00541773472139
137,138,150,C,G,-3.34611177444458,10.828620750675384
51,52,64,N,V,-3.346797466278076,26.68311031181156
219,220,232,F,G,-3.3471431732177734,7.076692355407317
92,93,105,F,C,-3.3479976654052734,5.019765790661893
134,135,147,P,Y,-3.349168300628662,8.30074083485863
198,199,211,W,M,-3.3526864051818848,1.7277320014479756
138,139,151,C,I,-3.354259490966797,0.45517287443806254
65,66,78,P,Q,-3.3558032512664795,6.465644361076897
114,115,127,T,V,-3.356606721878052,5.524934079871855
95,96,108,V,W,-3.3578133583068848,1.13218066656691
208,209,221,V,Y,-3.3578152656555176,-0.013780907826060229
216,217,229,P,Y,-3.3584580421447754,3.3151810457691795
123,124,136,C,L,-3.358781099319458,0.45785263679556465
88,89,101,L,C,-3.3592405319213867,2.6579916972314663
86,87,99,L,P,-3.359344482421875,171.90147833636638
11,12,24,L,W,-3.3596601486206055,79.45684220990759
131,132,144,S,I,-3.3602514266967773,12.015200442391404
124,125,137,T,I,-3.3611602783203125,1.302039428769433
67,68,80,I,Q,-3.361802816390991,9.842210000535601
62,63,75,T,F,-3.364121437072754,5.063941947515673
132,133,145,M,A,-3.367527961730957,2.5947941841002944
60,61,73,S,A,-3.36781644821167,0.8408006241418207
149,150,162,I,Q,-3.3693904876708984,4.371099981091561
8,9,21,L,Q,-3.3694748878479004,1.4751196350092073
51,52,64,N,R,-3.370685338973999,6.108120886232143
181,182,194,W,Y,-3.370967149734497,6.972248035560597
158,159,171,A,T,-3.371455430984497,3.5844534051775554
94,95,107,L,Y,-3.371903419494629,9.385419514671185
141,142,154,P,V,-3.3727493286132812,36.9749935422704
132,133,145,M,G,-3.3728106021881104,4.5759211018437895
203,204,216,S,G,-3.3742337226867676,2.3410919296449606
196,197,209,M,Y,-3.3751742839813232,8.450243900723137
174,175,187,L,I,-3.3754663467407227,3.1242928371959806
211,212,224,F,G,-3.3761096000671387,11.54888876427475
122,123,135,T,I,-3.376255750656128,13.898212248898972
95,96,108,V,Y,-3.3788723945617676,2.7422411938172786
48,49,61,L,A,-3.38052749633789,5.253911428001004
124,125,137,T,A,-3.3811399936676025,1.97336584229447
7,8,20,F,Y,-3.381371021270752,6.613441303271031
215,216,228,L,Y,-3.384596824645996,9.602253100552161
41,42,54,L,W,-3.384840965270996,10.19973771330558
85,86,98,I,P,-3.3855690956115723,251.45353405317968
20,21,33,L,Y,-3.388110637664795,0.9976793190507465
54,55,67,S,I,-3.390683889389038,8.245263941180838
116,117,129,S,V,-3.390895366668701,-0.4029383210535684
215,216,228,L,T,-3.3909671306610107,29.939044255355725
171,172,184,W,Y,-3.392548084259033,-3.3382683027913345
12,13,25,L,W,-3.3942928314208984,5.3325715959721265
134,135,147,P,D,-3.3944997787475586,6.733486598425202
109,110,122,I,F,-3.3946566581726074,7.953466272102901
92,93,105,F,T,-3.3966102600097656,4.500729566655934
4,5,17,T,C,-3.3975226879119873,2.017106279139398
187,188,200,P,Y,-3.3976354598999023,2.2849141768820687
207,208,220,I,Y,-3.397643804550171,2.2707293579449015
217,218,230,I,W,-3.399498224258423,2.842798156816343
17,18,30,G,P,-3.4024786949157715,166.86120886679205
194,195,207,I,C,-3.4035098552703857,-5.297490584228228
218,219,231,F,C,-3.4059247970581055,10.292786562199922
69,70,82,P,H,-3.407238006591797,12.57619451264486
96,97,109,L,T,-3.4115660190582275,4.78068781411838
20,21,33,L,C,-3.412349224090576,9.682589841725871
52,53,65,S,A,-3.4141836166381836,9.148093503917096
90,91,103,L,C,-3.4142215251922607,4.4818560909934035
12,13,25,L,Q,-3.4168341159820557,1.2809084614232802
137,138,150,C,A,-3.417283058166504,9.885164475056854
207,208,220,I,G,-3.4185574054718018,3.771736833685793
120,121,133,C,I,-3.4202260971069336,6.9591239820586
48,49,61,L,R,-3.4221994876861572,9.898263764228773
124,125,137,T,N,-3.4226632118225098,-0.1354087083195168
156,157,169,A,C,-3.4231135845184326,5.306933196399541
169,170,182,F,Y,-3.4276812076568604,-0.31784286070876533
176,177,189,V,Y,-3.427706241607666,10.412780082619804
139,140,152,T,D,-3.4303247928619385,1.9389612561443528
89,90,102,C,S,-3.43054461479187,6.10463780721102
90,91,103,L,W,-3.4319217205047607,3.7147131187405193
41,42,54,L,A,-3.4336395263671875,0.7426073909674074
158,159,171,A,Y,-3.435206174850464,7.4827105740913
113,114,126,T,V,-3.435324192047119,8.759966725016056
179,180,192,V,Y,-3.4366745948791504,3.204634373826252
80,81,93,I,G,-3.4370288848876953,11.102590696794437
120,121,133,C,Q,-3.4403481483459473,0.0
91,92,104,I,C,-3.4408445358276367,12.398050622908102
13,14,26,V,C,-3.441258430480957,1.020052695603681
130,131,143,N,I,-3.442131519317627,25.654025679265033
193,194,206,A,M,-3.4427051544189453,6.759277072158682
141,142,154,P,Y,-3.443065881729126,620.2039101865917
146,147,159,C,N,-3.4434499740600586,12.758567854825117
23,24,36,R,C,-3.44584584236145,0.8937468184168438
208,209,221,V,A,-3.4478702545166016,3.5909269101741756
11,12,24,L,C,-3.4545109272003174,19.498799630156896
48,49,61,L,N,-3.456627368927002,8.726874328110284
154,155,167,S,Y,-3.4586427211761475,4.787485311924058
111,112,124,G,I,-3.461308002471924,21.22215677650729
9,10,22,G,Y,-3.4614081382751465,7.6572403373776865
108,109,121,L,Q,-3.4627256393432617,0.13678154276192345
85,86,98,I,T,-3.4641664028167725,1.867359192922379
57,58,70,S,H,-3.467543125152588,9.55219917792806
83,84,96,L,G,-3.4682071208953857,5.275641115394933
117,118,130,T,V,-3.4691765308380127,3.3658813348898775
208,209,221,V,C,-3.4696028232574463,4.6622016813443
16,17,29,A,P,-3.470204591751098,220.305199843129
218,219,231,F,G,-3.471986770629883,5.985881658814151
112,113,125,S,I,-3.472752094268799,16.867873629299424
129,130,142,G,L,-3.4727728366851807,15.701525056858543
86,87,99,L,G,-3.4784350395202637,10.446768146908823
117,118,130,T,N,-3.4794821739196777,1.0790425639701198
170,171,183,S,R,-3.4797420501708984,9.534281407670107
80,81,93,I,R,-3.4803080558776855,3.882093075305363
118,119,131,G,D,-3.48177719116211,38.85649233885812
165,166,178,A,P,-3.483397960662842,290.1208781754017
14,15,27,L,C,-3.484437942504883,5.34880714960218
212,213,225,I,Y,-3.484516143798828,4.139935191583788
17,18,30,G,C,-3.488124370574951,2.1869285592441656
61,62,74,P,H,-3.4909896850585938,3.2469370064118834
110,111,123,P,F,-3.492105484008789,4.804175244093074
60,61,73,S,I,-3.4955222606658936,9.467117074383339
85,86,98,I,Y,-3.4963018894195557,4.4452453014985736
129,130,142,G,A,-3.496320962905884,23.709522727186197
129,130,142,G,P,-3.497741937637329,127.8282363709007
90,91,103,L,P,-3.5019216537475586,254.40393125123978
83,84,96,L,P,-3.5020906925201416,210.4115215415529
123,124,136,C,I,-3.5066444873809814,0.4268401065871785
178,179,191,F,Y,-3.5074567794799805,1.3793170112437565
121,122,134,K,Q,-3.5080373287200928,8.14051474567691
82,83,95,F,W,-3.508333921432495,1.3229351816257804
121,122,134,K,N,-3.5087380409240723,7.659537032609705
84,85,97,F,C,-3.508763551712036,31.01322751037486
127,128,140,A,D,-3.508852005004883,7.151277833157792
190,191,203,W,C,-3.510209560394287,10.557244053989507
204,205,217,L,Y,-3.511209011077881,0.8057552441749181
53,54,66,Q,V,-3.5135583877563477,2.8447736340821734
56,57,69,T,I,-3.5156102180480957,33.88771176208047
212,213,225,I,T,-3.51884388923645,3.1435504415604214
55,56,68,P,V,-3.5246758460998535,6.964316852672312
110,111,123,P,V,-3.5254907608032227,10.631757897344187
175,176,188,L,Y,-3.5271286964416504,10.293430666380004
61,62,74,P,V,-3.528985023498535,13.440230133401144
10,11,23,P,C,-3.536102533340454,-4.667180886800168
59,60,72,H,I,-3.538534879684448,1.0420258789833952
208,209,221,V,W,-3.5394508838653564,1.0280794156822708
93,94,106,L,C,-3.542048215866089,4.188801948113792
89,90,102,C,P,-3.546323776245117,264.11842339745203
16,17,29,A,W,-3.5473828315734863,1.638474932436452
212,213,225,I,C,-3.548387289047241,6.958932583600131
57,58,70,S,V,-3.548753261566162,-3.189442894301351
132,133,145,M,N,-3.5611462593078613,-1.014511539877276
55,56,68,P,H,-3.5637712478637695,6.500579550138525
218,219,231,F,Y,-3.568634033203125,1.7832322773083433
116,117,129,S,L,-3.5824737548828125,0.3289005476855209
114,115,127,T,Q,-3.594639778137207,0.5953069263354109
91,92,104,I,Y,-3.5955522060394287,7.829631255560116
83,84,96,L,A,-3.5989298820495605,2.743919529499408
115,116,128,T,I,-3.5995426177978516,3.9250572609987557
212,213,225,I,A,-3.6019418239593506,2.5930164728006844
58,59,71,N,V,-3.60227370262146,17.958224615341805
14,15,27,L,Y,-3.6062674522399902,12.246995886181082
113,114,126,T,Q,-3.606966257095337,-3.354792442910309
132,133,145,M,V,-3.607016324996948,0.3318899316560646
116,117,129,S,N,-3.614041805267334,4.454147435267487
87,88,100,L,Y,-3.615821599960327,2.1053279866537196
89,90,102,C,A,-3.6190128326416016,-0.33814136720644683
186,187,199,S,Y,-3.633657932281494,9.115363051081147
80,81,93,I,A,-3.635605335235596,1.338142699137677
85,86,98,I,W,-3.6368019580841064,1.7510237202102985
116,117,129,S,I,-3.6440606117248535,6.34586114502298
15,16,28,Q,C,-3.65283203125,1.6340951074531063
218,219,231,F,T,-3.657599449157715,4.193075529963153
89,90,102,C,G,-3.662617683410645,3.909155149867445
188,189,201,T,Y,-3.6669669151306152,3.3458248135808617
129,130,142,G,V,-3.670845508575439,33.293264539667405
15,16,28,Q,W,-3.6738533973693848,7.141960044533789
85,86,98,I,G,-3.680143117904663,2.32680086680989
16,17,29,A,M,-3.681917667388916,10.233706118147893
48,49,61,L,V,-3.686654090881348,4.281151563772426
113,114,126,T,I,-3.696075916290283,2.0380634001710973
129,130,142,G,S,-3.7046782970428462,12.941499772398004
84,85,97,F,W,-3.708916187286377,2.6393697354675396
86,87,99,L,Y,-3.7094993591308594,10.415520648467805
115,116,128,T,Q,-3.7169477939605713,5.268170755003609
123,124,136,C,Q,-3.742828607559204,0.028339467346768288
114,115,127,T,D,-3.750920295715332,3.054278354753251
88,89,101,L,Y,-3.779207229614258,2.8330567984414188
132,133,145,M,Q,-3.789133071899414,5.677691077110012
129,130,142,G,T,-3.8054440021514897,16.301921216978144
111,112,124,G,Q,-3.833907127380371,6.1222560529885754
116,117,129,S,Q,-3.8712453842163086,3.173189317727406
129,130,142,G,I,-3.8741800785064697,24.95957357084177
117,118,130,T,I,-3.8776156902313232,3.0312496144221655
83,84,96,L,M,-3.893196821212769,2.309427070525601
89,90,102,C,T,-3.91864562034607,-2.233624416838836
17,18,30,G,Y,-4.025654315948486,3.685887795614974
92,93,105,F,W,-4.03664493560791,2.7185223276127317
129,130,142,G,Y,-4.08321475982666,17.961236437164928
129,130,142,G,F,-4.188064098358154,25.91803273828731
89,90,102,C,M,-4.325970649719238,-0.1415084530088393
0,1,13,G,L,-4.391885280609131,8.30774682672154
0,1,13,G,S,-5.02689266204834,6.319944843398503
0,1,13,G,V,-5.147853851318359,3.824565008228319
0,1,13,G,P,-5.3305768966674805,-1.9198274693064832
0,1,13,G,A,-5.432412624359131,0.755779919240922
0,1,13,G,T,-5.439389228820801,1.0661578632340252
0,1,13,G,F,-5.60883903503418,9.702882736699394
0,1,13,G,I,-5.627803325653076,2.34652419740803
0,1,13,G,W,-5.776772975921631,3.917742533993305
