pos,wt,mut,esm_score,ddg,alignment_column,msa_depth,msa_observed,msa_consensus,wt_frequency,mut_frequency,position_entropy,conservation_score_raw,conservation_penalty,conservation_mode,asa,rsa,surface_class,accessibility_penalty
72,G,C,-0.1894068717956543,0.8880822348897084,72,139,139,G,0.9640287769784172,0.0,0.0631245876099252,0.9368754123900748,30.0,msa,44.26007677268751,0.42557766127584146,surface,0
0,I,M,-0.2085775136947631,1.6706280914710303,0,139,48,I,0.9583333333333334,0.0416666666666666,0.0578173184160061,0.942182681583994,21.0,msa,104.81342065742899,0.5320478205960862,surface,4
32,A,L,-0.912675142288208,-2.0493498649922515,32,139,55,C,0.0181818181818181,0.0,0.0303351945483401,0.96966480545166,6.0,msa,57.14913921805281,0.4430165830856807,surface,4
28,I,L,-0.9970988035202026,0.7466454866067807,28,139,55,I,1.0,0.0,0.0,1.0,24.0,msa,49.63103153785892,0.2519341702429387,partial,0
35,F,L,-1.1162946224212646,-1.949445129706362,35,139,55,F,1.0,0.0,0.0,1.0,30.0,msa,58.24272762076741,0.24267803175319755,partial,0
34,I,L,-1.203979253768921,-0.4468093136206335,34,139,55,I,1.0,0.0,0.0,1.0,24.0,msa,82.1187186907143,0.4168462877701234,surface,4
38,V,L,-1.257968544960022,-1.9649652552033672,38,139,55,V,1.0,0.0,0.0,1.0,24.0,msa,71.25006474635506,0.40948313072617853,surface,4
23,I,L,-1.3209820985794067,-1.8495145570216776,23,139,55,I,1.0,0.0,0.0,1.0,24.0,msa,60.657984052847254,0.3079085484916104,partial,0
27,F,L,-1.3801945447921753,-2.359224392501659,27,139,55,F,1.0,0.0,0.0,1.0,30.0,msa,59.722694220761724,0.24884455925317386,partial,0
25,F,L,-1.4801664352416992,-1.8331287572719075,25,139,55,F,1.0,0.0,0.0,1.0,30.0,msa,42.52143143359662,0.17717263097331923,partial,0
59,S,T,-1.509732723236084,-2.0495810290665872,59,139,139,S,0.9856115107913668,0.0,0.0284685318889823,0.9715314681110176,24.0,msa,37.32666975080914,0.24081722419876864,partial,0
43,Q,F,-1.574679613113403,1.3561279658935916,43,139,105,Q,0.961904761904762,0.0,0.0540244319945852,0.9459755680054148,30.0,msa,98.39389022908361,0.43730617879592715,surface,4
74,S,C,-1.58680522441864,4.2887883885174745,74,139,139,S,1.0,0.0,0.0,1.0,30.0,msa,89.75414600696385,0.579059006496541,surface,0
24,I,L,-1.597322940826416,-0.1886995037278609,24,139,55,I,0.9818181818181818,0.0181818181818181,0.0303351945483401,0.96966480545166,21.0,msa,28.052022219769505,0.14239605187700255,buried,0
66,C,T,-1.6351981163024902,2.0986873777810047,66,139,139,C,0.9928057553956836,0.0,0.0142429670997965,0.9857570329002034,30.0,msa,19.326324022647547,0.11572649115357812,buried,0
57,T,S,-1.6881183385849,-1.8885511337226717,57,139,139,T,0.9928057553956836,0.0,0.0142429670997965,0.9857570329002034,24.0,msa,63.96850642660588,0.3719099210849179,surface,0
54,G,S,-1.6922523975372314,-5.181252173492879,54,139,139,G,0.9928057553956836,0.0,0.0142429670997965,0.9857570329002034,30.0,msa,91.16093863087076,0.8765474868352958,surface,0
43,Q,L,-1.7334154844284058,-2.5202815924364472,43,139,105,Q,0.961904761904762,0.0,0.0540244319945852,0.9459755680054148,30.0,msa,98.39389022908361,0.43730617879592715,surface,4
60,T,S,-1.741141676902771,0.6276976058273647,60,139,139,T,0.935251798561151,0.0,0.1003090562394382,0.8996909437605618,24.0,msa,35.76665537000137,0.2079456707558219,partial,0
71,Q,S,-1.7586876153945925,-0.4428541081298078,71,139,139,Q,0.9496402877697842,0.0,0.0835009187140195,0.9164990812859805,24.0,msa,178.87347666960216,0.7949932296426763,surface,0
29,L,F,-1.7911171913146973,3.270436912001969,29,139,55,L,1.0,0.0,0.0,1.0,30.0,msa,60.385645668892856,0.3004260978551883,partial,0
56,S,T,-1.8031984567642212,-2.1109545834853805,56,139,139,S,0.920863309352518,0.0503597122302158,0.1196530392664537,0.8803469607335462,18.0,msa,118.9558780406117,0.7674572776813657,surface,0
39,L,F,-1.8230239152908323,1.2596374245219408,39,139,55,L,0.9818181818181818,0.0,0.0303351945483401,0.96966480545166,30.0,msa,94.19500085111348,0.46863184503041533,surface,4
67,M,S,-1.8290387392044067,-3.790539035104075,67,139,139,T,0.014388489208633,0.0,0.0251393489658203,0.9748606510341796,12.0,msa,139.95408227527605,0.6247950101574824,surface,0
58,T,S,-1.836150050163269,-2.6939942705445503,58,139,139,T,0.9856115107913668,0.0,0.0284685318889823,0.9715314681110176,24.0,msa,138.84050077691398,0.8072122138192673,surface,0
73,T,C,-1.846359372138977,0.3351431791076322,73,139,139,T,0.8776978417266187,0.0,0.1387927954342322,0.8612072045657677,22.0,msa,122.97880053086897,0.7149930263422615,surface,0
101,G,L,-1.8466901779174805,-4.185099880662818,101,139,139,A,0.3884892086330935,0.0,0.2617420822038793,0.7382579177961207,12.0,msa,34.06803392131721,0.3275772492434347,partial,0
42,Y,L,-1.865387797355652,-0.8499849931333756,42,139,55,Y,0.9636363636363636,0.0,0.0605579893382868,0.9394420106617132,30.0,msa,112.88290298106912,0.42921255886338067,surface,4
20,R,L,-1.8710240125656128,1.1173648976337065,20,139,55,R,1.0,0.0,0.0,1.0,30.0,msa,57.0350994047275,0.2081572970975456,partial,0
86,D,S,-1.8744356632232664,3.029534841361027,86,139,139,D,0.9568345323741008,0.0,0.0658688907339786,0.9341311092660214,30.0,msa,155.5735405949881,0.8060805212175549,surface,0
22,F,L,-1.886050581932068,-2.8710377562076417,22,139,55,F,0.9818181818181818,0.0,0.0303351945483401,0.96966480545166,30.0,msa,62.66473290899549,0.2611030537874812,partial,0
98,W,S,-1.88760244846344,1.3346641421034064,98,139,139,W,0.9784172661870504,0.0,0.0347616222042651,0.9652383777957348,30.0,msa,109.61927830244329,0.3846290466752396,surface,0
27,F,I,-1.8895492553710935,-3.5537729405016876,27,139,55,F,1.0,0.0,0.0,1.0,30.0,msa,59.722694220761724,0.24884455925317386,partial,0
52,I,P,-1.894311547279358,2.000135056301474,52,139,139,I,0.8705035971223022,0.0,0.1379338564278194,0.8620661435721806,22.0,msa,84.70497829411434,0.4299745091071794,surface,0
82,T,C,-1.894979238510132,0.9262163716814767,82,139,139,T,0.9280575539568344,0.0,0.0941412500040876,0.9058587499959124,30.0,msa,58.16691470685098,0.33817973666773826,partial,0
7,W,L,-1.9088643789291384,-1.7010079803322071,7,139,48,W,1.0,0.0,0.0,1.0,30.0,msa,62.68686228764738,0.21995390276367502,partial,0
36,L,I,-1.9209121465682983,-2.4034301325123693,36,139,55,L,0.9636363636363636,0.0,0.0521442361324774,0.9478557638675226,24.0,msa,98.91147390194783,0.49209688508431754,surface,4
88,N,S,-1.9222005605697632,0.9247708872192106,88,139,139,N,1.0,0.0,0.0,1.0,24.0,msa,125.04428460326874,0.6412527415552243,surface,0
71,Q,T,-1.9251415729522705,-1.0053202673468604,71,139,139,Q,0.9496402877697842,0.0,0.0835009187140195,0.9164990812859805,24.0,msa,178.87347666960216,0.7949932296426763,surface,0
27,F,V,-1.9273275136947632,0.0361392931184241,27,139,55,F,1.0,0.0,0.0,1.0,30.0,msa,59.722694220761724,0.24884455925317386,partial,0
63,C,S,-1.9327954053878784,-4.160950735581764,63,139,139,C,1.0,0.0,0.0,1.0,30.0,msa,75.62861552499871,0.4528659612275372,surface,0
75,M,S,-1.9416632652282717,-2.8544583093729443,75,139,139,M,0.8992805755395683,0.0071942446043165,0.1457327329274661,0.8542672670725339,19.0,msa,172.79632957501562,0.7714121856027483,surface,0
62,P,S,-1.944346070289612,1.4167539032548575,62,139,139,P,0.9568345323741008,0.014388489208633,0.0685482845239413,0.9314517154760588,27.0,msa,79.58942244530917,0.5005624053164098,surface,0
70,A,S,-1.9534746408462524,-1.8693214850835032,70,139,139,A,0.9568345323741008,0.0,0.0718774674471033,0.9281225325528968,30.0,msa,100.86114630276566,0.78186935118423,surface,0
2,Q,S,-1.961370587348938,-1.048954729815506,2,139,48,Q,0.9166666666666666,0.0,0.0957482033986543,0.9042517966013456,24.0,msa,68.2424798689968,0.30329991052887467,partial,0
54,G,T,-1.9689698219299316,-3.0473747086211915,54,139,139,G,0.9928057553956836,0.0,0.0142429670997965,0.9857570329002034,30.0,msa,91.16093863087076,0.8765474868352958,surface,0
66,C,S,-1.9718846082687376,-1.1164686959500043,66,139,139,C,0.9928057553956836,0.0,0.0142429670997965,0.9857570329002034,30.0,msa,19.326324022647547,0.11572649115357812,buried,0
108,A,L,-1.9732558727264404,-0.2886719615946447,108,139,139,A,0.9856115107913668,0.0,0.0284685318889823,0.9715314681110176,24.0,msa,28.846907992980796,0.22361944180605267,partial,0
95,P,S,-1.9839930534362793,0.2539598619175933,95,139,139,P,1.0,0.0,0.0,1.0,30.0,msa,30.85365684912904,0.19404815628383046,partial,0
45,M,L,-1.996384620666504,2.37729076436878,45,139,124,M,0.9838709677419356,0.0,0.0275608534062741,0.972439146593726,24.0,msa,85.68143555633252,0.3825064087336273,surface,4
80,C,T,-1.9982882738113403,-1.1164686959500043,80,139,139,C,1.0,0.0,0.0,1.0,30.0,msa,11.026990214100174,0.06602988152155792,buried,0
30,L,I,-2.0121049880981445,2.0287620507623956,30,139,55,L,1.0,0.0,0.0,1.0,24.0,msa,104.81344579017022,0.5214599293043295,surface,4
50,P,S,-2.0170698165893555,3.1231997879953326,50,139,138,P,1.0,0.0,0.0,1.0,30.0,msa,12.6030644165531,0.0792645560789503,buried,0
77,P,S,-2.031637668609619,1.299499852974492,77,139,139,P,0.9856115107913668,0.0,0.0284685318889823,0.9715314681110176,30.0,msa,81.02936515489675,0.5096186487729355,surface,0
49,C,L,-2.0318708419799805,-2.6708169796527272,49,139,137,C,1.0,0.0,0.0,1.0,30.0,msa,65.764919371411,0.39380191240365864,surface,4
53,P,S,-2.0348687171936035,4.050264537105022,53,139,139,P,0.9928057553956836,0.0,0.0142429670997965,0.9857570329002034,30.0,msa,42.77587530579616,0.2690306623006048,partial,0
8,W,L,-2.0354857444763184,-5.484433387118202,8,139,48,W,1.0,0.0,0.0,1.0,30.0,msa,205.54529670568476,0.7212115673883676,surface,4
79,C,S,-2.037046432495117,-1.1164686959500043,79,139,139,C,0.9928057553956836,0.0,0.0142429670997965,0.9857570329002034,30.0,msa,21.37736933521141,0.12800819961204438,buried,0
33,L,I,-2.0383477210998535,-0.1071408132293356,33,139,55,L,1.0,0.0,0.0,1.0,24.0,msa,51.677804284413895,0.2571035039025567,partial,0
67,M,T,-2.0410470962524414,-0.623882761185854,67,139,139,T,0.014388489208633,0.9856115107913668,0.0251393489658203,0.9748606510341796,6.0,msa,139.95408227527605,0.6247950101574824,surface,0
19,L,R,-2.041402816772461,0.1256301944414701,19,139,55,L,1.0,0.0,0.0,1.0,30.0,msa,64.0085303170126,0.31845039958712734,partial,0
18,A,S,-2.042442798614502,0.1124268740774994,18,139,55,C,0.0181818181818181,0.0,0.0605579893382868,0.9394420106617132,12.0,msa,61.751572455561856,0.47869436012063454,surface,0
33,L,V,-2.044148206710815,-0.3456846837725607,33,139,55,L,1.0,0.0,0.0,1.0,24.0,msa,51.677804284413895,0.2571035039025567,partial,0
73,T,S,-2.0485997200012207,-0.7738100968477113,73,139,139,T,0.8776978417266187,0.0,0.1387927954342322,0.8612072045657677,16.0,msa,122.97880053086897,0.7149930263422615,surface,0
26,L,I,-2.0549674034118652,-0.9783386852253386,26,139,55,L,1.0,0.0,0.0,1.0,24.0,msa,65.21615853305252,0.3244585001644404,partial,0
35,F,I,-2.057161331176758,-1.9331051069225111,35,139,55,F,1.0,0.0,0.0,1.0,30.0,msa,58.24272762076741,0.24267803175319755,partial,0
70,A,C,-2.060115098953247,2.2499431476377083,70,139,139,A,0.9568345323741008,0.0,0.0718774674471033,0.9281225325528968,30.0,msa,100.86114630276566,0.78186935118423,surface,0
110,A,S,-2.0605626106262207,-1.566007635674623,110,139,139,V,0.4172661870503597,0.0,0.2267873717109939,0.773212628289006,12.0,msa,76.82601471535853,0.5955505016694459,surface,0
111,R,L,-2.061706781387329,-0.5366257645382575,111,139,139,R,0.9928057553956836,0.0,0.0142429670997965,0.9857570329002034,30.0,msa,161.2357209991473,0.5884515364932383,surface,4
48,V,S,-2.063021659851074,4.609160175299081,48,139,137,V,1.0,0.0,0.0,1.0,30.0,msa,33.67742085714046,0.1935483957306923,partial,0
80,C,S,-2.069384813308716,4.123100835034677,80,139,139,C,1.0,0.0,0.0,1.0,30.0,msa,11.026990214100174,0.06602988152155792,buried,0
75,M,C,-2.072636604309082,0.088133012009564,75,139,139,M,0.8992805755395683,0.0,0.1457327329274661,0.8542672670725339,22.0,msa,172.79632957501562,0.7714121856027483,surface,0
83,K,C,-2.0774850845336914,1.9010761067470696,83,139,139,K,1.0,0.0,0.0,1.0,30.0,msa,133.64582705872084,0.5662958773674612,surface,0
62,P,T,-2.079400062561035,0.518483106639394,62,139,139,P,0.9568345323741008,0.0287769784172661,0.0685482845239413,0.9314517154760588,27.0,msa,79.58942244530917,0.5005624053164098,surface,0
28,I,F,-2.087759017944336,1.107845216647661,28,139,55,I,1.0,0.0,0.0,1.0,30.0,msa,49.63103153785892,0.2519341702429387,partial,0
64,R,S,-2.08870267868042,-1.8604773980691505,64,139,139,R,0.8345323741007195,0.0,0.1497551184645261,0.850244881535474,22.0,msa,187.49126744225867,0.6842746986943747,surface,0
51,L,S,-2.0914666652679443,2.5100125946197807,51,139,139,L,0.9712230215827338,0.0,0.053537761638623,0.9464622383613768,30.0,msa,58.62910581804712,0.29168709362212497,partial,0
55,S,T,-2.0917980670928955,3.778381413161725,55,139,139,S,0.9280575539568344,0.0647482014388489,0.0941412500040876,0.9058587499959124,18.0,msa,77.66939411277062,0.5010928652436815,surface,0
81,C,S,-2.0951955318450928,-2.6708169796527272,81,139,139,C,0.9928057553956836,0.0,0.0142429670997965,0.9857570329002034,30.0,msa,69.22217925483348,0.4145040673942124,surface,0
91,C,S,-2.095557689666748,-1.1164686959500043,91,139,139,C,1.0,0.0,0.0,1.0,30.0,msa,2.142918048125441,0.012831844599553537,buried,0
65,T,S,-2.096968412399292,-0.864287755937653,65,139,139,T,0.9856115107913668,0.0,0.0284685318889823,0.9715314681110176,24.0,msa,81.40631857421567,0.4732925498500911,surface,0
92,I,S,-2.1004621982574463,3.999009187987326,92,139,139,I,0.9928057553956836,0.0,0.0142429670997965,0.9857570329002034,30.0,msa,13.28391037643908,0.06743101713928466,buried,0
31,L,V,-2.102501392364502,-1.3628087868417538,31,139,55,L,0.9818181818181818,0.0,0.0303351945483401,0.96966480545166,24.0,msa,108.55037025161528,0.5400515932916183,surface,4
4,L,S,-2.1043622493743896,4.902334704525543,4,139,48,L,1.0,0.0,0.0,1.0,30.0,msa,55.69130199671039,0.2770711542124895,partial,0
39,L,Y,-2.106048583984375,1.1382132710302812,39,139,55,L,0.9818181818181818,0.0,0.0303351945483401,0.96966480545166,30.0,msa,94.19500085111348,0.46863184503041533,surface,4
36,L,V,-2.109452724456787,0.4966386267749101,36,139,55,L,0.9636363636363636,0.0,0.0521442361324774,0.9478557638675226,24.0,msa,98.91147390194783,0.49209688508431754,surface,4
76,Y,S,-2.114779472351074,3.3631845727817336,76,139,139,F,0.316546762589928,0.0,0.3030003340421455,0.6969996659578546,12.0,msa,108.59706688481823,0.41291660412478415,surface,0
34,I,V,-2.11545991897583,2.30435926473993,34,139,55,I,1.0,0.0,0.0,1.0,24.0,msa,82.1187186907143,0.4168462877701234,surface,4
18,A,T,-2.116305351257324,-0.2588265013285138,18,139,55,C,0.0181818181818181,0.0,0.0605579893382868,0.9394420106617132,12.0,msa,61.751572455561856,0.47869436012063454,surface,0
93,P,S,-2.1169919967651367,1.7607507573115695,93,139,138,P,1.0,0.0,0.0,1.0,30.0,msa,66.53782656241775,0.4184768966189796,surface,0
17,M,R,-2.1191368103027344,1.204942355974481,17,139,55,M,1.0,0.0,0.0,1.0,30.0,msa,71.16238917857868,0.3176892374043691,partial,0
78,S,G,-2.1234686374664307,4.289603233708988,78,139,139,S,1.0,0.0,0.0,1.0,30.0,msa,60.48263291729448,0.39021053495028696,surface,0
23,I,F,-2.123927593231201,2.152809304320044,23,139,55,I,1.0,0.0,0.0,1.0,30.0,msa,60.657984052847254,0.3079085484916104,partial,0
87,G,S,-2.136030673980713,1.8488326032900488,87,139,139,G,0.9568345323741008,0.0071942446043165,0.0785358332934273,0.9214641667065726,27.0,msa,32.49615688664947,0.31246304698701416,partial,0
86,D,T,-2.1369686126708984,-1.77306956453819,86,139,139,D,0.9568345323741008,0.0,0.0658688907339786,0.9341311092660214,30.0,msa,155.5735405949881,0.8060805212175549,surface,0
30,L,F,-2.1394312381744385,1.0000146133404542,30,139,55,L,1.0,0.0,0.0,1.0,30.0,msa,104.81344579017022,0.5214599293043295,surface,4
99,A,S,-2.1399314403533936,2.0784263335281423,99,139,139,A,0.9928057553956836,0.0,0.0142429670997965,0.9857570329002034,30.0,msa,0.0,0.0,buried,0
54,G,P,-2.1536412239074707,-3.482102334005134,54,139,139,G,0.9928057553956836,0.0,0.0142429670997965,0.9857570329002034,30.0,msa,91.16093863087076,0.8765474868352958,surface,0
14,Y,S,-2.159348487854004,-3.2929036599390713,14,139,48,Y,1.0,0.0,0.0,1.0,30.0,msa,146.97568008612603,0.5588428900613157,surface,0
102,K,S,-2.159637928009033,0.5250869195686505,102,139,139,K,0.935251798561151,0.0,0.0800596389608133,0.9199403610391866,30.0,msa,96.7898181529019,0.4101263481055165,surface,0
5,D,S,-2.1627204418182373,1.579770338218765,5,139,48,D,1.0,0.0,0.0,1.0,30.0,msa,45.639663204214315,0.23647493888193946,partial,0
88,N,T,-2.16566801071167,-1.4367504462548195,88,139,139,N,1.0,0.0,0.0,1.0,24.0,msa,125.04428460326874,0.6412527415552243,surface,0
90,T,S,-2.167782783508301,1.0697409086837697,90,139,139,T,1.0,0.0,0.0,1.0,24.0,msa,44.37411658601282,0.25798904991867916,partial,0
7,W,S,-2.1764771938323975,-0.8667987223869318,7,139,48,W,1.0,0.0,0.0,1.0,30.0,msa,62.68686228764738,0.21995390276367502,partial,0
63,C,T,-2.1780271530151367,-2.16585994541839,63,139,139,C,1.0,0.0,0.0,1.0,30.0,msa,75.62861552499871,0.4528659612275372,surface,0
26,L,F,-2.1793317794799805,2.5792537723317537,26,139,55,L,1.0,0.0,0.0,1.0,30.0,msa,65.21615853305252,0.3244585001644404,partial,0
64,R,C,-2.1810848712921143,4.710302687123601,64,139,139,R,0.8345323741007195,0.0,0.1497551184645261,0.850244881535474,22.0,msa,187.49126744225867,0.6842746986943747,surface,0
100,F,S,-2.188222169876098,0.0219551544368528,100,139,139,F,0.9784172661870504,0.014388489208633,0.0393473844179827,0.9606526155820172,27.0,msa,85.74160333883407,0.35725668057847526,surface,0
70,A,T,-2.1895334720611572,0.5210623669416918,70,139,139,A,0.9568345323741008,0.0,0.0718774674471033,0.9281225325528968,30.0,msa,100.86114630276566,0.78186935118423,surface,0
29,L,I,-2.198624610900879,-1.0980027058348585,29,139,55,L,1.0,0.0,0.0,1.0,24.0,msa,60.385645668892856,0.3004260978551883,partial,0
30,L,V,-2.2024831771850586,-1.7950541969763665,30,139,55,L,1.0,0.0,0.0,1.0,24.0,msa,104.81344579017022,0.5214599293043295,surface,4
21,R,L,-2.205876111984253,-5.448010623031507,21,139,55,R,1.0,0.0,0.0,1.0,30.0,msa,39.601522124014735,0.14453110264238955,buried,0
57,T,C,-2.2071127891540527,-0.2941922603840794,57,139,139,T,0.9928057553956836,0.0,0.0142429670997965,0.9857570329002034,30.0,msa,63.96850642660588,0.3719099210849179,surface,0
49,C,P,-2.2072384357452393,0.0,49,139,137,C,1.0,0.0,0.0,1.0,30.0,msa,65.764919371411,0.39380191240365864,surface,0
16,W,K,-2.2079837322235107,-4.204212642453371,16,139,48,W,0.9583333333333334,0.0,0.0674580772976627,0.9325419227023372,30.0,msa,80.75363385087648,0.2833460836872859,partial,0
32,A,F,-2.209113121032715,-0.7579472157939904,32,139,55,C,0.0181818181818181,0.0,0.0303351945483401,0.96966480545166,12.0,msa,57.14913921805281,0.4430165830856807,surface,4
65,T,C,-2.210973739624023,-0.3592107448205865,65,139,139,T,0.9856115107913668,0.0,0.0284685318889823,0.9715314681110176,30.0,msa,81.40631857421567,0.4732925498500911,surface,0
74,S,T,-2.2125072479248047,0.7557707023379123,74,139,139,S,1.0,0.0,0.0,1.0,24.0,msa,89.75414600696385,0.579059006496541,surface,0
106,E,S,-2.2214584350585938,2.7795237369427355,106,139,138,E,0.9347826086956522,0.0,0.1054924005299425,0.8945075994700575,30.0,msa,70.36147154747249,0.3155222939348542,partial,0
11,L,S,-2.2234349250793457,4.3864561522221095,11,139,48,L,1.0,0.0,0.0,1.0,30.0,msa,83.13649417951248,0.4136143989030472,surface,0
35,F,A,-2.2335052490234375,-3.734269529826406,35,139,55,F,1.0,0.0,0.0,1.0,30.0,msa,58.24272762076741,0.24267803175319755,partial,0
9,T,S,-2.2338695526123047,-0.4754892506259978,9,139,48,T,1.0,0.0,0.0,1.0,24.0,msa,77.25241680304495,0.44914195815723806,surface,0
35,F,V,-2.2363951206207275,-2.464121574872763,35,139,55,F,1.0,0.0,0.0,1.0,30.0,msa,58.24272762076741,0.24267803175319755,partial,0
43,Q,Y,-2.240520477294922,-0.1445861317614571,43,139,105,Q,0.961904761904762,0.0,0.0540244319945852,0.9459755680054148,30.0,msa,98.39389022908361,0.43730617879592715,surface,4
76,Y,T,-2.243095874786377,0.6964090394895379,76,139,139,F,0.316546762589928,0.0,0.3030003340421455,0.6969996659578546,12.0,msa,108.59706688481823,0.41291660412478415,surface,0
80,C,N,-2.2445569038391113,-1.1164686959500043,80,139,139,C,1.0,0.0,0.0,1.0,30.0,msa,11.026990214100174,0.06602988152155792,buried,0
103,F,S,-2.250934362411499,2.6204725163298974,103,139,139,F,0.5323741007194245,0.0,0.2306780064321617,0.7693219935678383,17.0,msa,54.34326972179623,0.2264302905074843,partial,0
69,T,C,-2.251330852508545,-0.4843473129013773,69,139,139,P,0.1223021582733813,0.0,0.2539233102813905,0.7460766897186095,12.0,msa,59.26653496746049,0.34457287771779355,partial,0
14,Y,L,-2.2516777515411377,-3.453729689939138,14,139,48,Y,1.0,0.0,0.0,1.0,30.0,msa,146.97568008612603,0.5588428900613157,surface,4
20,R,I,-2.2534546852111816,1.1007195789046025,20,139,55,R,1.0,0.0,0.0,1.0,30.0,msa,57.0350994047275,0.2081572970975456,partial,0
33,L,F,-2.2609896659851074,0.1656294848173161,33,139,55,L,1.0,0.0,0.0,1.0,30.0,msa,51.677804284413895,0.2571035039025567,partial,0
104,L,S,-2.261052370071411,2.216141686642459,104,139,139,L,1.0,0.0,0.0,1.0,30.0,msa,77.01586744260025,0.3831635196149266,surface,0
110,A,G,-2.2691030502319336,1.4278368838489826,110,139,139,V,0.4172661870503597,0.0,0.2267873717109939,0.773212628289006,12.0,msa,76.82601471535853,0.5955505016694459,surface,0
3,S,L,-2.2742297649383545,-0.4762405140829742,3,139,48,S,0.9791666666666666,0.0,0.033803026545712,0.966196973454288,30.0,msa,66.44591612774433,0.428683329856415,surface,4
15,R,L,-2.278538942337036,-0.6672558250179463,15,139,48,R,1.0,0.0,0.0,1.0,30.0,msa,75.6729119814143,0.2761785108810741,partial,0
89,C,S,-2.2785468101501465,-0.3714684145716944,89,139,139,C,0.9928057553956836,0.0,0.0142429670997965,0.9857570329002034,30.0,msa,48.724091437879395,0.2917610265741281,partial,0
5,D,R,-2.2800533771514893,2.2985726774546436,5,139,48,D,1.0,0.0,0.0,1.0,30.0,msa,45.639663204214315,0.23647493888193946,partial,0
64,R,T,-2.2902891635894775,-0.6910100324998609,64,139,139,R,0.8345323741007195,0.0,0.1497551184645261,0.850244881535474,22.0,msa,187.49126744225867,0.6842746986943747,surface,0
97,S,L,-2.2959678173065186,4.456487428965801,97,139,139,S,1.0,0.0,0.0,1.0,30.0,msa,41.1639743807217,0.26557402826272064,partial,0
28,I,V,-2.298889636993408,1.9100646910546288,28,139,55,I,1.0,0.0,0.0,1.0,24.0,msa,49.63103153785892,0.2519341702429387,partial,0
85,S,G,-2.3000245094299316,-0.233890421714932,85,139,139,T,0.4316546762589928,0.0,0.309168634403574,0.690831365596426,12.0,msa,133.17931311603334,0.8592213749421506,surface,0
90,T,C,-2.301001787185669,1.443305209151788,90,139,139,T,1.0,0.0,0.0,1.0,30.0,msa,44.37411658601282,0.25798904991867916,partial,0
15,R,S,-2.3025717735290527,-1.614707047752745,15,139,48,R,1.0,0.0,0.0,1.0,30.0,msa,75.6729119814143,0.2761785108810741,partial,0
31,L,I,-2.304654598236084,2.249766285325393,31,139,55,L,0.9818181818181818,0.0,0.0303351945483401,0.96966480545166,24.0,msa,108.55037025161528,0.5400515932916183,surface,4
37,L,V,-2.3046936988830566,-1.0102389641654952,37,139,55,L,0.9818181818181818,0.0,0.0303351945483401,0.96966480545166,24.0,msa,94.19500085111348,0.46863184503041533,surface,4
35,F,G,-2.3054986000061035,1.534858201732419,35,139,55,F,1.0,0.0,0.0,1.0,30.0,msa,58.24272762076741,0.24267803175319755,partial,0
12,N,S,-2.307880401611328,0.7496680012517345,12,139,48,N,0.9791666666666666,0.0208333333333333,0.033803026545712,0.966196973454288,21.0,msa,82.36373778495309,0.4223781424869389,surface,0
26,L,V,-2.308265686035156,1.4328106544000718,26,139,55,L,1.0,0.0,0.0,1.0,24.0,msa,65.21615853305252,0.3244585001644404,partial,0
10,S,L,-2.3124353885650635,-0.443144952323081,10,139,48,S,1.0,0.0,0.0,1.0,30.0,msa,77.33913732665465,0.49896217630099776,surface,4
16,W,R,-2.312734603881836,-2.8293052381074233,16,139,48,W,0.9583333333333334,0.0,0.0674580772976627,0.9325419227023372,30.0,msa,80.75363385087648,0.2833460836872859,partial,0
53,P,T,-2.3135530948638916,3.8401841457561545,53,139,139,P,0.9928057553956836,0.0,0.0142429670997965,0.9857570329002034,30.0,msa,42.77587530579616,0.2690306623006048,partial,0
5,D,L,-2.3220715522766113,-3.788074433222534,5,139,48,D,1.0,0.0,0.0,1.0,30.0,msa,45.639663204214315,0.23647493888193946,partial,0
33,L,A,-2.3239707946777344,1.0242456006302805,33,139,55,L,1.0,0.0,0.0,1.0,24.0,msa,51.677804284413895,0.2571035039025567,partial,0
47,P,S,-2.330817222595215,2.8489297865139633,47,139,134,P,1.0,0.0,0.0,1.0,30.0,msa,60.209452586508924,0.37867580243087373,surface,0
2,Q,L,-2.33320951461792,0.9292509539542948,2,139,48,Q,0.9166666666666666,0.0,0.0957482033986543,0.9042517966013456,30.0,msa,68.2424798689968,0.30329991052887467,partial,0
112,F,S,-2.3346521854400635,-1.762960547827646,112,139,139,F,1.0,0.0,0.0,1.0,30.0,msa,184.57726432686547,0.7690719346952728,surface,0
39,L,I,-2.335787296295166,-2.851736670007881,39,139,55,L,0.9818181818181818,0.0,0.0303351945483401,0.96966480545166,24.0,msa,94.19500085111348,0.46863184503041533,surface,4
79,C,T,-2.338217496871948,1.5469753749106303,79,139,139,C,0.9928057553956836,0.0,0.0142429670997965,0.9857570329002034,30.0,msa,21.37736933521141,0.12800819961204438,buried,0
38,V,I,-2.340820550918579,-1.3850372118621408,38,139,55,V,1.0,0.0,0.0,1.0,24.0,msa,71.25006474635506,0.40948313072617853,surface,4
56,S,C,-2.342097520828247,2.8785395228576363,56,139,139,S,0.920863309352518,0.0,0.1196530392664537,0.8803469607335462,30.0,msa,118.9558780406117,0.7674572776813657,surface,0
40,L,A,-2.3451693058013916,1.1726363560349284,40,139,55,L,1.0,0.0,0.0,1.0,24.0,msa,47.09750042555674,0.23431592251520766,partial,0
45,M,Y,-2.351717948913574,3.726076725862413,45,139,124,M,0.9838709677419356,0.0,0.0275608534062741,0.972439146593726,30.0,msa,85.68143555633252,0.3825064087336273,surface,4
82,T,S,-2.355339288711548,-0.9499492303775412,82,139,139,T,0.9280575539568344,0.0647482014388489,0.0941412500040876,0.9058587499959124,18.0,msa,58.16691470685098,0.33817973666773826,partial,0
13,F,S,-2.356610059738159,0.8859800221086971,13,139,48,F,0.9791666666666666,0.0,0.033803026545712,0.966196973454288,30.0,msa,110.91194314843057,0.462133096451794,surface,0
32,A,V,-2.3575007915496826,-0.4961187917116945,32,139,55,C,0.0181818181818181,0.0,0.0303351945483401,0.96966480545166,6.0,msa,57.14913921805281,0.4430165830856807,surface,4
17,M,S,-2.3579416275024414,-2.069826225773653,17,139,55,M,1.0,0.0,0.0,1.0,30.0,msa,71.16238917857868,0.3176892374043691,partial,0
91,C,P,-2.3605213165283203,-1.1164686959500043,91,139,139,C,1.0,0.0,0.0,1.0,30.0,msa,2.142918048125441,0.012831844599553537,buried,10
37,L,I,-2.3614771366119385,-1.2358508674453788,37,139,55,L,0.9818181818181818,0.0,0.0303351945483401,0.96966480545166,24.0,msa,94.19500085111348,0.46863184503041533,surface,4
14,Y,R,-2.3619134426116943,-1.301036669131122,14,139,48,Y,1.0,0.0,0.0,1.0,30.0,msa,146.97568008612603,0.5588428900613157,surface,0
59,S,C,-2.3723771572113037,1.5090073280949523,59,139,139,S,0.9856115107913668,0.0,0.0284685318889823,0.9715314681110176,30.0,msa,37.32666975080914,0.24081722419876864,partial,0
16,W,T,-2.3744540214538574,-3.0484129273321514,16,139,48,W,0.9583333333333334,0.0,0.0674580772976627,0.9325419227023372,30.0,msa,80.75363385087648,0.2833460836872859,partial,0
91,C,T,-2.375131607055664,0.0,91,139,139,C,1.0,0.0,0.0,1.0,30.0,msa,2.142918048125441,0.012831844599553537,buried,0
58,T,C,-2.38415002822876,-0.3780498389016884,58,139,139,T,0.9856115107913668,0.0,0.0284685318889823,0.9715314681110176,30.0,msa,138.84050077691398,0.8072122138192673,surface,0
12,N,R,-2.3860039710998535,-0.3424998466068416,12,139,48,N,0.9791666666666666,0.0,0.033803026545712,0.966196973454288,30.0,msa,82.36373778495309,0.4223781424869389,surface,0
105,W,S,-2.3869447708129883,-2.6352848234828627,105,139,137,W,1.0,0.0,0.0,1.0,30.0,msa,182.03016153429976,0.6387023211729816,surface,0
106,E,L,-2.3881192207336426,1.5728574570155445,106,139,138,E,0.9347826086956522,0.0,0.1054924005299425,0.8945075994700575,30.0,msa,70.36147154747249,0.3155222939348542,partial,0
52,I,S,-2.3894548416137695,0.1643668471935768,52,139,139,I,0.8705035971223022,0.0071942446043165,0.1379338564278194,0.8620661435721806,19.0,msa,84.70497829411434,0.4299745091071794,surface,0
64,R,G,-2.390272855758667,-2.1023349881771196,64,139,139,R,0.8345323741007195,0.0,0.1497551184645261,0.850244881535474,22.0,msa,187.49126744225867,0.6842746986943747,surface,0
81,C,P,-2.3905880451202393,-1.1164686959500043,81,139,139,C,0.9928057553956836,0.0,0.0142429670997965,0.9857570329002034,30.0,msa,69.22217925483348,0.4145040673942124,surface,0
81,C,T,-2.3921244144439697,0.0,81,139,139,C,0.9928057553956836,0.0,0.0142429670997965,0.9857570329002034,30.0,msa,69.22217925483348,0.4145040673942124,surface,0
9,T,R,-2.3928372859954834,1.715306500695931,9,139,48,T,1.0,0.0,0.0,1.0,30.0,msa,77.25241680304495,0.44914195815723806,surface,0
98,W,T,-2.399084091186523,3.95341949574933,98,139,139,W,0.9784172661870504,0.0,0.0347616222042651,0.9652383777957348,30.0,msa,109.61927830244329,0.3846290466752396,surface,0
12,N,L,-2.3991310596466064,0.5877554916527288,12,139,48,N,0.9791666666666666,0.0,0.033803026545712,0.966196973454288,30.0,msa,82.36373778495309,0.4223781424869389,surface,4
17,M,L,-2.399421215057373,-2.7708601376827175,17,139,55,M,1.0,0.0,0.0,1.0,24.0,msa,71.16238917857868,0.3176892374043691,partial,0
39,L,V,-2.4010331630706787,-2.0873014327320334,39,139,55,L,0.9818181818181818,0.0181818181818181,0.0303351945483401,0.96966480545166,21.0,msa,94.19500085111348,0.46863184503041533,surface,4
1,P,S,-2.402216911315918,1.795297530638578,1,139,48,P,1.0,0.0,0.0,1.0,30.0,msa,45.77583239619151,0.2878983169571793,partial,0
102,K,L,-2.4033327102661133,-0.1786752668384679,102,139,139,K,0.935251798561151,0.0,0.0800596389608133,0.9199403610391866,30.0,msa,96.7898181529019,0.4101263481055165,surface,4
92,I,T,-2.4058632850646973,2.318570814772613,92,139,139,I,0.9928057553956836,0.0071942446043165,0.0142429670997965,0.9857570329002034,27.0,msa,13.28391037643908,0.06743101713928466,buried,0
34,I,F,-2.406355142593384,-2.773888170907952,34,139,55,I,1.0,0.0,0.0,1.0,30.0,msa,82.1187186907143,0.4168462877701234,surface,4
93,P,C,-2.411022186279297,3.8178693906267824,93,139,138,P,1.0,0.0,0.0,1.0,30.0,msa,66.53782656241775,0.4184768966189796,surface,0
31,L,A,-2.412355422973633,1.2232773932469456,31,139,55,L,0.9818181818181818,0.0,0.0303351945483401,0.96966480545166,24.0,msa,108.55037025161528,0.5400515932916183,surface,0
107,W,L,-2.4135756492614746,0.0365988680770783,107,139,139,W,0.9856115107913668,0.0071942446043165,0.0284685318889823,0.9715314681110176,27.0,msa,100.07229238744927,0.3511308504822781,surface,4
42,Y,S,-2.430243730545044,-0.4549410499376449,42,139,55,Y,0.9636363636363636,0.0,0.0605579893382868,0.9394420106617132,30.0,msa,112.88290298106912,0.42921255886338067,surface,0
111,R,S,-2.434800863265991,-1.5878739653091998,111,139,139,R,0.9928057553956836,0.0,0.0142429670997965,0.9857570329002034,30.0,msa,161.2357209991473,0.5884515364932383,surface,0
16,W,S,-2.4348368644714355,-5.452739600895939,16,139,48,W,0.9583333333333334,0.0,0.0674580772976627,0.9325419227023372,30.0,msa,80.75363385087648,0.2833460836872859,partial,0
100,F,L,-2.4369068145751953,-4.112460280708575,100,139,139,F,0.9784172661870504,0.0071942446043165,0.0393473844179827,0.9606526155820172,27.0,msa,85.74160333883407,0.35725668057847526,surface,4
38,V,F,-2.438737154006958,0.054037234737791,38,139,55,V,1.0,0.0,0.0,1.0,30.0,msa,71.25006474635506,0.40948313072617853,surface,4
84,P,S,-2.4390978813171387,4.727407475286583,84,139,139,P,1.0,0.0,0.0,1.0,30.0,msa,48.16895944961946,0.3029494305007513,partial,0
51,L,G,-2.4397478103637695,3.650504883715854,51,139,139,L,0.9712230215827338,0.0,0.053537761638623,0.9464622383613768,30.0,msa,58.62910581804712,0.29168709362212497,partial,0
107,W,S,-2.4434993267059326,3.778356426850223,107,139,139,W,0.9856115107913668,0.0,0.0284685318889823,0.9715314681110176,30.0,msa,100.07229238744927,0.3511308504822781,surface,0
68,T,S,-2.4454941749572754,0.0338320244410397,68,139,139,T,0.9424460431654677,0.0215827338129496,0.0922175486667447,0.9077824513332552,21.0,msa,103.01592700475105,0.5989298081671572,surface,0
77,P,G,-2.4463281631469727,3.713847437510992,77,139,139,P,0.9856115107913668,0.0,0.0284685318889823,0.9715314681110176,30.0,msa,81.02936515489675,0.5096186487729355,surface,0
22,F,R,-2.4465441703796387,-1.8124633138993147,22,139,55,F,0.9818181818181818,0.0,0.0303351945483401,0.96966480545166,30.0,msa,62.66473290899549,0.2611030537874812,partial,0
106,E,A,-2.4479892253875732,0.1945750543807491,106,139,138,E,0.9347826086956522,0.0072463768115942,0.1054924005299425,0.8945075994700575,27.0,msa,70.36147154747249,0.3155222939348542,partial,0
6,S,L,-2.4574995040893555,0.0307780890875619,6,139,48,S,1.0,0.0,0.0,1.0,30.0,msa,65.16247499778798,0.42040306450185794,surface,4
51,L,T,-2.458763599395752,0.5915392603759244,51,139,139,L,0.9712230215827338,0.0071942446043165,0.053537761638623,0.9464622383613768,27.0,msa,58.62910581804712,0.29168709362212497,partial,0
71,Q,A,-2.4610862731933594,-2.1334267931529496,71,139,139,Q,0.9496402877697842,0.0,0.0835009187140195,0.9164990812859805,30.0,msa,178.87347666960216,0.7949932296426763,surface,0
89,C,P,-2.461235284805298,0.0867561987232363,89,139,139,C,0.9928057553956836,0.0,0.0142429670997965,0.9857570329002034,30.0,msa,48.724091437879395,0.2917610265741281,partial,0
13,F,R,-2.4656097888946533,-2.0057871179598123,13,139,48,F,0.9791666666666666,0.0,0.033803026545712,0.966196973454288,30.0,msa,110.91194314843057,0.462133096451794,surface,0
67,M,C,-2.467139959335327,-1.826296572158725,67,139,139,T,0.014388489208633,0.0,0.0251393489658203,0.9748606510341796,12.0,msa,139.95408227527605,0.6247950101574824,surface,0
103,F,A,-2.4671802520751953,1.514836770776185,103,139,139,F,0.5323741007194245,0.0,0.2306780064321617,0.7693219935678383,17.0,msa,54.34326972179623,0.2264302905074843,partial,0
11,L,R,-2.4719722270965576,0.2627789877406314,11,139,48,L,1.0,0.0,0.0,1.0,30.0,msa,83.13649417951248,0.4136143989030472,surface,0
7,W,F,-2.473987102508545,-1.8318753248121595,7,139,48,W,1.0,0.0,0.0,1.0,24.0,msa,62.68686228764738,0.21995390276367502,partial,0
84,P,D,-2.476019859313965,2.7217423256599886,84,139,139,P,1.0,0.0,0.0,1.0,30.0,msa,48.16895944961946,0.3029494305007513,partial,0
31,L,F,-2.477445363998413,1.443972627271421,31,139,55,L,0.9818181818181818,0.0,0.0303351945483401,0.96966480545166,30.0,msa,108.55037025161528,0.5400515932916183,surface,4
109,S,L,-2.481200695037842,-1.2395831631975227,109,139,139,S,1.0,0.0,0.0,1.0,30.0,msa,81.76114261488271,0.5274912426766627,surface,4
112,F,L,-2.4813294410705566,0.9381626878067096,112,139,139,F,1.0,0.0,0.0,1.0,30.0,msa,184.57726432686547,0.7690719346952728,surface,4
52,I,C,-2.4829535484313965,4.090967303041566,52,139,139,I,0.8705035971223022,0.0,0.1379338564278194,0.8620661435721806,22.0,msa,84.70497829411434,0.4299745091071794,surface,0
10,S,R,-2.484179735183716,-0.9037138019158136,10,139,48,S,1.0,0.0,0.0,1.0,30.0,msa,77.33913732665465,0.49896217630099776,surface,0
8,W,S,-2.4891490936279297,0.2116053133051423,8,139,48,W,1.0,0.0,0.0,1.0,30.0,msa,205.54529670568476,0.7212115673883676,surface,0
105,W,L,-2.490191698074341,-2.2453653627794665,105,139,137,W,1.0,0.0,0.0,1.0,30.0,msa,182.03016153429976,0.6387023211729816,surface,4
96,S,G,-2.497617721557617,1.2972120366158606,96,139,139,S,1.0,0.0,0.0,1.0,30.0,msa,100.89937320217454,0.6509636980785455,surface,0
56,S,N,-2.4977505207061768,-0.3466435246394894,56,139,139,S,0.920863309352518,0.0,0.1196530392664537,0.8803469607335462,24.0,msa,118.9558780406117,0.7674572776813657,surface,0
69,T,P,-2.498229503631592,1.471696953263887,69,139,139,P,0.1223021582733813,0.7769784172661871,0.2539233102813905,0.7460766897186095,6.0,msa,59.26653496746049,0.34457287771779355,partial,0
77,P,T,-2.503547191619873,3.4203664444683,77,139,139,P,0.9856115107913668,0.0071942446043165,0.0284685318889823,0.9715314681110176,27.0,msa,81.02936515489675,0.5096186487729355,surface,0
1,P,F,-2.5038013458251953,2.5465828400385817,1,139,48,P,1.0,0.0,0.0,1.0,30.0,msa,45.77583239619151,0.2878983169571793,partial,0
62,P,C,-2.5040340423583984,4.150028902930785,62,139,139,P,0.9568345323741008,0.0,0.0685482845239413,0.9314517154760588,30.0,msa,79.58942244530917,0.5005624053164098,surface,0
22,F,I,-2.5046966075897217,-1.789424387178144,22,139,55,F,0.9818181818181818,0.0,0.0303351945483401,0.96966480545166,30.0,msa,62.66473290899549,0.2611030537874812,partial,0
66,C,P,-2.5093560218811035,-1.564135642556721,66,139,139,C,0.9928057553956836,0.0,0.0142429670997965,0.9857570329002034,30.0,msa,19.326324022647547,0.11572649115357812,buried,10
63,C,P,-2.50985050201416,0.1827951504239138,63,139,139,C,1.0,0.0,0.0,1.0,30.0,msa,75.62861552499871,0.4528659612275372,surface,0
112,F,R,-2.5115904808044434,3.896315128700735,112,139,139,F,1.0,0.0,0.0,1.0,30.0,msa,184.57726432686547,0.7690719346952728,surface,0
103,F,R,-2.5121335983276367,1.9769425185365608,103,139,139,F,0.5323741007194245,0.0,0.2306780064321617,0.7693219935678383,17.0,msa,54.34326972179623,0.2264302905074843,partial,0
70,A,P,-2.512260675430298,-1.3403564221049464,70,139,139,A,0.9568345323741008,0.0,0.0718774674471033,0.9281225325528968,30.0,msa,100.86114630276566,0.78186935118423,surface,0
37,L,F,-2.5136349201202393,2.0746366767584448,37,139,55,L,0.9818181818181818,0.0,0.0303351945483401,0.96966480545166,30.0,msa,94.19500085111348,0.46863184503041533,surface,4
34,I,A,-2.516878604888916,-0.1629714944705824,34,139,55,I,1.0,0.0,0.0,1.0,24.0,msa,82.1187186907143,0.4168462877701234,surface,0
80,C,P,-2.517322540283203,-1.1164686959500043,80,139,139,C,1.0,0.0,0.0,1.0,30.0,msa,11.026990214100174,0.06602988152155792,buried,10
79,C,G,-2.519294023513794,-1.1164686959500043,79,139,139,C,0.9928057553956836,0.0,0.0142429670997965,0.9857570329002034,30.0,msa,21.37736933521141,0.12800819961204438,buried,0
36,L,G,-2.5242815017700195,0.7997387983193107,36,139,55,L,0.9636363636363636,0.0,0.0521442361324774,0.9478557638675226,30.0,msa,98.91147390194783,0.49209688508431754,surface,0
19,L,D,-2.525362014770508,0.968616649743268,19,139,55,L,1.0,0.0,0.0,1.0,30.0,msa,64.0085303170126,0.31845039958712734,partial,0
20,R,V,-2.5268566608428955,-2.2420875754396263,20,139,55,R,1.0,0.0,0.0,1.0,30.0,msa,57.0350994047275,0.2081572970975456,partial,0
88,N,P,-2.534384250640869,-0.2714494296761245,88,139,139,N,1.0,0.0,0.0,1.0,30.0,msa,125.04428460326874,0.6412527415552243,surface,0
13,F,L,-2.5355968475341797,-0.6249990862979189,13,139,48,F,0.9791666666666666,0.0,0.033803026545712,0.966196973454288,30.0,msa,110.91194314843057,0.462133096451794,surface,4
50,P,G,-2.537289619445801,4.955573581296278,50,139,138,P,1.0,0.0,0.0,1.0,30.0,msa,12.6030644165531,0.0792645560789503,buried,0
24,I,V,-2.543156147003174,2.186599890707015,24,139,55,I,0.9818181818181818,0.0,0.0303351945483401,0.96966480545166,24.0,msa,28.052022219769505,0.14239605187700255,buried,0
75,M,P,-2.546541929244995,3.9035613691065976,75,139,139,M,0.8992805755395683,0.0,0.1457327329274661,0.8542672670725339,22.0,msa,172.79632957501562,0.7714121856027483,surface,0
101,G,S,-2.548248767852783,-2.6654112866544324,101,139,139,A,0.3884892086330935,0.0,0.2617420822038793,0.7382579177961207,12.0,msa,34.06803392131721,0.3275772492434347,partial,0
38,V,A,-2.5513830184936523,-2.2538402423833475,38,139,55,V,1.0,0.0,0.0,1.0,24.0,msa,71.25006474635506,0.40948313072617853,surface,0
49,C,I,-2.553866147994995,3.664096312521849,49,139,137,C,1.0,0.0,0.0,1.0,30.0,msa,65.764919371411,0.39380191240365864,surface,4
91,C,G,-2.5579934120178223,0.0,91,139,139,C,1.0,0.0,0.0,1.0,30.0,msa,2.142918048125441,0.012831844599553537,buried,0
63,C,G,-2.5621871948242188,0.5197989207392197,63,139,139,C,1.0,0.0,0.0,1.0,30.0,msa,75.62861552499871,0.4528659612275372,surface,0
41,D,A,-2.5627450942993164,4.406177188592494,41,139,55,D,0.9818181818181818,0.0181818181818181,0.0303351945483401,0.96966480545166,27.0,msa,11.922218456667121,0.06177315262521824,buried,0
22,F,W,-2.56494402885437,-1.021606878845347,22,139,55,F,0.9818181818181818,0.0,0.0303351945483401,0.96966480545166,24.0,msa,62.66473290899549,0.2611030537874812,partial,0
109,S,K,-2.5664470195770264,-0.7837550920545766,109,139,139,S,1.0,0.0,0.0,1.0,30.0,msa,81.76114261488271,0.5274912426766627,surface,0
18,A,L,-2.569190263748169,-1.7678798654841898,18,139,55,C,0.0181818181818181,0.0,0.0605579893382868,0.9394420106617132,6.0,msa,61.751572455561856,0.47869436012063454,surface,4
112,F,G,-2.569361448287964,0.1700356721323146,112,139,139,F,1.0,0.0,0.0,1.0,30.0,msa,184.57726432686547,0.7690719346952728,surface,0
109,S,T,-2.5713465213775635,-2.703055883131384,109,139,139,S,1.0,0.0,0.0,1.0,24.0,msa,81.76114261488271,0.5274912426766627,surface,0
58,T,A,-2.571540355682373,-1.2407995222386603,58,139,139,T,0.9856115107913668,0.0,0.0284685318889823,0.9715314681110176,30.0,msa,138.84050077691398,0.8072122138192673,surface,0
17,M,T,-2.57297945022583,1.6271168898149426,17,139,55,M,1.0,0.0,0.0,1.0,30.0,msa,71.16238917857868,0.3176892374043691,partial,0
16,W,A,-2.573362112045288,-5.230908995430383,16,139,48,W,0.9583333333333334,0.0,0.0674580772976627,0.9325419227023372,30.0,msa,80.75363385087648,0.2833460836872859,partial,0
91,C,A,-2.5765957832336426,-1.1164686959500043,91,139,139,C,1.0,0.0,0.0,1.0,30.0,msa,2.142918048125441,0.012831844599553537,buried,0
56,S,P,-2.5782675743103027,-2.8321203378397684,56,139,139,S,0.920863309352518,0.0071942446043165,0.1196530392664537,0.8803469607335462,27.0,msa,118.9558780406117,0.7674572776813657,surface,0
69,T,A,-2.5828545093536377,0.5483935202916257,69,139,139,P,0.1223021582733813,0.0,0.2539233102813905,0.7460766897186095,12.0,msa,59.26653496746049,0.34457287771779355,partial,0
18,A,R,-2.586312770843506,-0.1579491445008898,18,139,55,C,0.0181818181818181,0.0,0.0605579893382868,0.9394420106617132,12.0,msa,61.751572455561856,0.47869436012063454,surface,0
102,K,G,-2.588308811187744,0.1334841015677739,102,139,139,K,0.935251798561151,0.0,0.0800596389608133,0.9199403610391866,30.0,msa,96.7898181529019,0.4101263481055165,surface,0
98,W,G,-2.589841842651367,-3.742251065022287,98,139,139,W,0.9784172661870504,0.0,0.0347616222042651,0.9652383777957348,30.0,msa,109.61927830244329,0.3846290466752396,surface,0
21,R,I,-2.59048843383789,-0.4381845407001208,21,139,55,R,1.0,0.0,0.0,1.0,30.0,msa,39.601522124014735,0.14453110264238955,buried,0
104,L,G,-2.5914783477783203,4.305385519754623,104,139,139,L,1.0,0.0,0.0,1.0,30.0,msa,77.01586744260025,0.3831635196149266,surface,0
106,E,T,-2.594316244125366,4.945403971058624,106,139,138,E,0.9347826086956522,0.0,0.1054924005299425,0.8945075994700575,30.0,msa,70.36147154747249,0.3155222939348542,partial,0
85,S,T,-2.596047878265381,0.97634155725774,85,139,139,T,0.4316546762589928,0.5107913669064749,0.309168634403574,0.690831365596426,0.0,msa,133.17931311603334,0.8592213749421506,surface,0
8,W,R,-2.5961058139801025,-1.6839169958148543,8,139,48,W,1.0,0.0,0.0,1.0,30.0,msa,205.54529670568476,0.7212115673883676,surface,0
110,A,L,-2.599363088607788,-1.1673513116308245,110,139,139,V,0.4172661870503597,0.0,0.2267873717109939,0.773212628289006,6.0,msa,76.82601471535853,0.5955505016694459,surface,4
90,T,L,-2.599696159362793,0.505830991452882,90,139,139,T,1.0,0.0,0.0,1.0,30.0,msa,44.37411658601282,0.25798904991867916,partial,0
27,F,A,-2.600266218185425,-1.2689451300274754,27,139,55,F,1.0,0.0,0.0,1.0,30.0,msa,59.722694220761724,0.24884455925317386,partial,0
59,S,A,-2.6018757820129395,-0.4548748434998799,59,139,139,S,0.9856115107913668,0.0,0.0284685318889823,0.9715314681110176,30.0,msa,37.32666975080914,0.24081722419876864,partial,0
54,G,A,-2.6025619506835938,-3.6108479072594264,54,139,139,G,0.9928057553956836,0.0,0.0142429670997965,0.9857570329002034,30.0,msa,91.16093863087076,0.8765474868352958,surface,0
103,F,G,-2.605480670928955,3.2070418529755216,103,139,139,F,0.5323741007194245,0.0,0.2306780064321617,0.7693219935678383,17.0,msa,54.34326972179623,0.2264302905074843,partial,0
86,D,A,-2.608149528503418,0.7383570695193384,86,139,139,D,0.9568345323741008,0.0,0.0658688907339786,0.9341311092660214,30.0,msa,155.5735405949881,0.8060805212175549,surface,0
6,S,R,-2.6095104217529297,-0.9141697778438812,6,139,48,S,1.0,0.0,0.0,1.0,30.0,msa,65.16247499778798,0.42040306450185794,surface,0
96,S,P,-2.610211133956909,-0.0176431618996559,96,139,139,S,1.0,0.0,0.0,1.0,30.0,msa,100.89937320217454,0.6509636980785455,surface,0
109,S,R,-2.6144425868988037,-1.8343972981668912,109,139,139,S,1.0,0.0,0.0,1.0,30.0,msa,81.76114261488271,0.5274912426766627,surface,0
111,R,F,-2.6177330017089844,4.979919533181516,111,139,139,R,0.9928057553956836,0.0,0.0142429670997965,0.9857570329002034,30.0,msa,161.2357209991473,0.5884515364932383,surface,4
83,K,T,-2.6192448139190674,1.729973954462764,83,139,139,K,1.0,0.0,0.0,1.0,30.0,msa,133.64582705872084,0.5662958773674612,surface,0
108,A,F,-2.6225578784942627,0.2078196609925555,108,139,139,A,0.9856115107913668,0.0,0.0284685318889823,0.9715314681110176,30.0,msa,28.846907992980796,0.22361944180605267,partial,0
112,F,A,-2.6248815059661865,3.20965156097526,112,139,139,F,1.0,0.0,0.0,1.0,30.0,msa,184.57726432686547,0.7690719346952728,surface,0
88,N,R,-2.6277544498443604,0.0889811787318137,88,139,139,N,1.0,0.0,0.0,1.0,30.0,msa,125.04428460326874,0.6412527415552243,surface,0
79,C,P,-2.6286709308624268,-1.564135642556721,79,139,139,C,0.9928057553956836,0.0,0.0142429670997965,0.9857570329002034,30.0,msa,21.37736933521141,0.12800819961204438,buried,10
57,T,G,-2.6293649673461914,1.9024015462663328,57,139,139,T,0.9928057553956836,0.0,0.0142429670997965,0.9857570329002034,30.0,msa,63.96850642660588,0.3719099210849179,surface,0
58,T,G,-2.6297497749328613,0.6600433963824628,58,139,139,T,0.9856115107913668,0.0,0.0284685318889823,0.9715314681110176,30.0,msa,138.84050077691398,0.8072122138192673,surface,0
36,L,A,-2.632941484451294,0.2956155464953554,36,139,55,L,0.9636363636363636,0.0,0.0521442361324774,0.9478557638675226,24.0,msa,98.91147390194783,0.49209688508431754,surface,0
102,K,R,-2.6355717182159424,-1.7187975441881065,102,139,139,K,0.935251798561151,0.0647482014388489,0.0800596389608133,0.9199403610391866,18.0,msa,96.7898181529019,0.4101263481055165,surface,0
100,F,T,-2.6387946605682373,4.126663129609142,100,139,139,F,0.9784172661870504,0.0,0.0393473844179827,0.9606526155820172,30.0,msa,85.74160333883407,0.35725668057847526,surface,0
66,C,A,-2.6409683227539062,-1.564135642556721,66,139,139,C,0.9928057553956836,0.0,0.0142429670997965,0.9857570329002034,30.0,msa,19.326324022647547,0.11572649115357812,buried,0
85,S,C,-2.640980958938598,0.7147083165015715,85,139,139,T,0.4316546762589928,0.0,0.309168634403574,0.690831365596426,12.0,msa,133.17931311603334,0.8592213749421506,surface,0
7,W,I,-2.6411776542663574,1.2808350824642505,7,139,48,W,1.0,0.0,0.0,1.0,30.0,msa,62.68686228764738,0.21995390276367502,partial,0
19,L,N,-2.6414976119995117,0.4379240185931792,19,139,55,L,1.0,0.0,0.0,1.0,30.0,msa,64.0085303170126,0.31845039958712734,partial,0
60,T,A,-2.6420583724975586,2.8164876263426493,60,139,139,T,0.935251798561151,0.0215827338129496,0.1003090562394382,0.8996909437605618,27.0,msa,35.76665537000137,0.2079456707558219,partial,0
97,S,G,-2.642275094985962,3.328899964341417,97,139,139,S,1.0,0.0,0.0,1.0,30.0,msa,41.1639743807217,0.26557402826272064,partial,0
78,S,T,-2.644418954849243,2.1780259120467065,78,139,139,S,1.0,0.0,0.0,1.0,24.0,msa,60.48263291729448,0.39021053495028696,surface,0
71,Q,C,-2.650351285934448,1.3827373897362918,71,139,139,Q,0.9496402877697842,0.0,0.0835009187140195,0.9164990812859805,30.0,msa,178.87347666960216,0.7949932296426763,surface,0
89,C,T,-2.6515164375305176,-1.945474314299844,89,139,139,C,0.9928057553956836,0.0,0.0142429670997965,0.9857570329002034,30.0,msa,48.724091437879395,0.2917610265741281,partial,0
15,R,G,-2.6531057357788086,1.9773235113586909,15,139,48,R,1.0,0.0,0.0,1.0,30.0,msa,75.6729119814143,0.2761785108810741,partial,0
88,N,C,-2.6539306640625,-0.0338405153993051,88,139,139,N,1.0,0.0,0.0,1.0,30.0,msa,125.04428460326874,0.6412527415552243,surface,0
107,W,A,-2.6551620960235596,-3.5351631448017145,107,139,139,W,0.9856115107913668,0.0,0.0284685318889823,0.9715314681110176,30.0,msa,100.07229238744927,0.3511308504822781,surface,0
25,F,A,-2.655771255493164,2.1679137524870384,25,139,55,F,1.0,0.0,0.0,1.0,30.0,msa,42.52143143359662,0.17717263097331923,partial,0
86,D,R,-2.656191110610962,3.4910095647177855,86,139,139,D,0.9568345323741008,0.0,0.0658688907339786,0.9341311092660214,30.0,msa,155.5735405949881,0.8060805212175549,surface,0
33,L,G,-2.6570000648498535,3.845327702863102,33,139,55,L,1.0,0.0,0.0,1.0,30.0,msa,51.677804284413895,0.2571035039025567,partial,0
67,M,N,-2.6600217819213867,-3.2422551053846576,67,139,139,T,0.014388489208633,0.0,0.0251393489658203,0.9748606510341796,12.0,msa,139.95408227527605,0.6247950101574824,surface,0
26,L,S,-2.6617493629455566,2.2320790008283495,26,139,55,L,1.0,0.0,0.0,1.0,30.0,msa,65.21615853305252,0.3244585001644404,partial,0
29,L,A,-2.6635923385620117,0.2695591457960802,29,139,55,L,1.0,0.0,0.0,1.0,24.0,msa,60.385645668892856,0.3004260978551883,partial,0
108,A,V,-2.6656737327575684,0.5780366636238341,108,139,139,A,0.9856115107913668,0.0,0.0284685318889823,0.9715314681110176,24.0,msa,28.846907992980796,0.22361944180605267,partial,0
70,A,G,-2.66890287399292,0.4381619360288482,70,139,139,A,0.9568345323741008,0.0071942446043165,0.0718774674471033,0.9281225325528968,27.0,msa,100.86114630276566,0.78186935118423,surface,0
100,F,A,-2.6723599433898926,0.0426971059100367,100,139,139,F,0.9784172661870504,0.0,0.0393473844179827,0.9606526155820172,30.0,msa,85.74160333883407,0.35725668057847526,surface,0
96,S,T,-2.673051357269287,0.3790495424752862,96,139,139,S,1.0,0.0,0.0,1.0,24.0,msa,100.89937320217454,0.6509636980785455,surface,0
37,L,A,-2.673393726348877,-0.1078813715299134,37,139,55,L,0.9818181818181818,0.0,0.0303351945483401,0.96966480545166,24.0,msa,94.19500085111348,0.46863184503041533,surface,0
108,A,S,-2.675207138061523,-0.8470118481011184,108,139,139,A,0.9856115107913668,0.0,0.0284685318889823,0.9715314681110176,30.0,msa,28.846907992980796,0.22361944180605267,partial,0
17,M,K,-2.677659749984741,-0.055352624586817,17,139,55,M,1.0,0.0,0.0,1.0,30.0,msa,71.16238917857868,0.3176892374043691,partial,0
105,W,G,-2.679366111755371,0.003191335471115,105,139,137,W,1.0,0.0,0.0,1.0,30.0,msa,182.03016153429976,0.6387023211729816,surface,0
83,K,L,-2.6805524826049805,1.5743226270963646,83,139,139,K,1.0,0.0,0.0,1.0,30.0,msa,133.64582705872084,0.5662958773674612,surface,4
2,Q,A,-2.6828155517578125,0.5655927521498256,2,139,48,Q,0.9166666666666666,0.0,0.0957482033986543,0.9042517966013456,30.0,msa,68.2424798689968,0.30329991052887467,partial,0
58,T,N,-2.684112310409546,-2.485879407658473,58,139,139,T,0.9856115107913668,0.0071942446043165,0.0284685318889823,0.9715314681110176,21.0,msa,138.84050077691398,0.8072122138192673,surface,0
73,T,G,-2.6872925758361816,0.8557633739335131,73,139,139,T,0.8776978417266187,0.0,0.1387927954342322,0.8612072045657677,22.0,msa,122.97880053086897,0.7149930263422615,surface,0
45,M,F,-2.687779426574707,0.6848077368186978,45,139,124,M,0.9838709677419356,0.0,0.0275608534062741,0.972439146593726,30.0,msa,85.68143555633252,0.3825064087336273,surface,4
86,D,L,-2.6886682510375977,1.4313178656143464,86,139,139,D,0.9568345323741008,0.0,0.0658688907339786,0.9341311092660214,30.0,msa,155.5735405949881,0.8060805212175549,surface,4
101,G,F,-2.6899900436401367,-2.277831578035631,101,139,139,A,0.3884892086330935,0.0,0.2617420822038793,0.7382579177961207,12.0,msa,34.06803392131721,0.3275772492434347,partial,0
56,S,G,-2.693443536758423,1.0160163847721435,56,139,139,S,0.920863309352518,0.0,0.1196530392664537,0.8803469607335462,30.0,msa,118.9558780406117,0.7674572776813657,surface,0
81,C,G,-2.6946120262145996,-1.1164686959500043,81,139,139,C,0.9928057553956836,0.0,0.0142429670997965,0.9857570329002034,30.0,msa,69.22217925483348,0.4145040673942124,surface,0
55,S,N,-2.69486665725708,0.7968682689797788,55,139,139,S,0.9280575539568344,0.0,0.0941412500040876,0.9058587499959124,24.0,msa,77.66939411277062,0.5010928652436815,surface,0
105,W,A,-2.6980795860290527,-1.7442525332462822,105,139,137,W,1.0,0.0,0.0,1.0,30.0,msa,182.03016153429976,0.6387023211729816,surface,0
84,P,L,-2.7035069465637207,4.1394324569673415,84,139,139,P,1.0,0.0,0.0,1.0,30.0,msa,48.16895944961946,0.3029494305007513,partial,0
100,F,G,-2.704220771789551,3.516294932962751,100,139,139,F,0.9784172661870504,0.0,0.0393473844179827,0.9606526155820172,30.0,msa,85.74160333883407,0.35725668057847526,surface,0
51,L,A,-2.705282211303711,0.5691801161967476,51,139,139,L,0.9712230215827338,0.0,0.053537761638623,0.9464622383613768,24.0,msa,58.62910581804712,0.29168709362212497,partial,0
21,R,F,-2.713324546813965,1.7675575895495117,21,139,55,R,1.0,0.0,0.0,1.0,30.0,msa,39.601522124014735,0.14453110264238955,buried,0
86,D,G,-2.715829849243164,1.346417166790161,86,139,139,D,0.9568345323741008,0.0071942446043165,0.0658688907339786,0.9341311092660214,27.0,msa,155.5735405949881,0.8060805212175549,surface,0
79,C,L,-2.7176361083984375,-1.564135642556721,79,139,139,C,0.9928057553956836,0.0,0.0142429670997965,0.9857570329002034,30.0,msa,21.37736933521141,0.12800819961204438,buried,0
71,Q,G,-2.7185254096984863,1.3005637620859147,71,139,139,Q,0.9496402877697842,0.0,0.0835009187140195,0.9164990812859805,30.0,msa,178.87347666960216,0.7949932296426763,surface,0
14,Y,G,-2.718538284301758,0.9773682755656808,14,139,48,Y,1.0,0.0,0.0,1.0,30.0,msa,146.97568008612603,0.5588428900613157,surface,0
109,S,A,-2.7212560176849365,-2.9232145965363543,109,139,139,S,1.0,0.0,0.0,1.0,30.0,msa,81.76114261488271,0.5274912426766627,surface,0
111,R,G,-2.724708795547486,2.3821370651835423,111,139,139,R,0.9928057553956836,0.0,0.0142429670997965,0.9857570329002034,30.0,msa,161.2357209991473,0.5884515364932383,surface,0
82,T,L,-2.724806547164917,-0.8194321592123117,82,139,139,T,0.9280575539568344,0.0,0.0941412500040876,0.9058587499959124,30.0,msa,58.16691470685098,0.33817973666773826,partial,0
88,N,L,-2.726871967315674,-0.5808395408071192,88,139,139,N,1.0,0.0,0.0,1.0,30.0,msa,125.04428460326874,0.6412527415552243,surface,4
63,C,A,-2.7272558212280273,-2.4146785371295323,63,139,139,C,1.0,0.0,0.0,1.0,30.0,msa,75.62861552499871,0.4528659612275372,surface,0
55,S,G,-2.7274434566497803,0.7739988439798253,55,139,139,S,0.9280575539568344,0.0,0.0941412500040876,0.9058587499959124,30.0,msa,77.66939411277062,0.5010928652436815,surface,0
8,W,I,-2.729591608047486,0.2449656236433099,8,139,48,W,1.0,0.0,0.0,1.0,30.0,msa,205.54529670568476,0.7212115673883676,surface,4
54,G,C,-2.730203151702881,1.5534414921132793,54,139,139,G,0.9928057553956836,0.0,0.0142429670997965,0.9857570329002034,30.0,msa,91.16093863087076,0.8765474868352958,surface,0
2,Q,F,-2.73568344116211,1.6428920278268322,2,139,48,Q,0.9166666666666666,0.0,0.0957482033986543,0.9042517966013456,30.0,msa,68.2424798689968,0.30329991052887467,partial,0
62,P,G,-2.737820625305176,4.833894022604966,62,139,139,P,0.9568345323741008,0.0,0.0685482845239413,0.9314517154760588,30.0,msa,79.58942244530917,0.5005624053164098,surface,0
89,C,A,-2.7384226322174072,1.856395256723772,89,139,139,C,0.9928057553956836,0.0,0.0142429670997965,0.9857570329002034,30.0,msa,48.724091437879395,0.2917610265741281,partial,0
110,A,C,-2.738424301147461,1.7156381291928255,110,139,139,V,0.4172661870503597,0.0,0.2267873717109939,0.773212628289006,12.0,msa,76.82601471535853,0.5955505016694459,surface,0
69,T,G,-2.7392373085021973,2.6946511032278977,69,139,139,P,0.1223021582733813,0.0,0.2539233102813905,0.7460766897186095,12.0,msa,59.26653496746049,0.34457287771779355,partial,0
85,S,P,-2.7398312091827393,0.9312961731820336,85,139,139,T,0.4316546762589928,0.0071942446043165,0.309168634403574,0.690831365596426,9.0,msa,133.17931311603334,0.8592213749421506,surface,0
22,F,V,-2.740917921066284,-1.990088629002713,22,139,55,F,0.9818181818181818,0.0,0.0303351945483401,0.96966480545166,30.0,msa,62.66473290899549,0.2611030537874812,partial,0
107,W,T,-2.7418553829193115,-1.3293205737347762,107,139,139,W,0.9856115107913668,0.0,0.0284685318889823,0.9715314681110176,30.0,msa,100.07229238744927,0.3511308504822781,surface,0
8,W,T,-2.743412494659424,-1.624101606144592,8,139,48,W,1.0,0.0,0.0,1.0,30.0,msa,205.54529670568476,0.7212115673883676,surface,0
26,L,A,-2.744758367538452,0.6921779624647115,26,139,55,L,1.0,0.0,0.0,1.0,24.0,msa,65.21615853305252,0.3244585001644404,partial,0
74,S,V,-2.746051073074341,4.031579877819752,74,139,139,S,1.0,0.0,0.0,1.0,30.0,msa,89.75414600696385,0.579059006496541,surface,4
76,Y,L,-2.7491536140441895,2.2313933956692154,76,139,139,F,0.316546762589928,0.0215827338129496,0.3030003340421455,0.6969996659578546,9.0,msa,108.59706688481823,0.41291660412478415,surface,4
23,I,V,-2.75152587890625,1.6226431470209093,23,139,55,I,1.0,0.0,0.0,1.0,24.0,msa,60.657984052847254,0.3079085484916104,partial,0
21,R,S,-2.752163887023926,0.669929280790825,21,139,55,R,1.0,0.0,0.0,1.0,30.0,msa,39.601522124014735,0.14453110264238955,buried,0
24,I,S,-2.7534947395324707,1.816471912000736,24,139,55,I,0.9818181818181818,0.0,0.0303351945483401,0.96966480545166,30.0,msa,28.052022219769505,0.14239605187700255,buried,0
29,L,S,-2.7537436485290527,2.0208028670012936,29,139,55,L,1.0,0.0,0.0,1.0,30.0,msa,60.385645668892856,0.3004260978551883,partial,0
52,I,T,-2.7554006576538086,0.0011502527448215,52,139,139,I,0.8705035971223022,0.0,0.1379338564278194,0.8620661435721806,22.0,msa,84.70497829411434,0.4299745091071794,surface,0
57,T,A,-2.75752854347229,3.2446216106716577,57,139,139,T,0.9928057553956836,0.0,0.0142429670997965,0.9857570329002034,30.0,msa,63.96850642660588,0.3719099210849179,surface,0
106,E,R,-2.757544994354248,3.011923484676118,106,139,138,E,0.9347826086956522,0.0,0.1054924005299425,0.8945075994700575,30.0,msa,70.36147154747249,0.3155222939348542,partial,0
48,V,T,-2.7578158378601074,1.6940828703002353,48,139,137,V,1.0,0.0,0.0,1.0,30.0,msa,33.67742085714046,0.1935483957306923,partial,0
50,P,T,-2.758890151977539,2.194328064555606,50,139,138,P,1.0,0.0,0.0,1.0,30.0,msa,12.6030644165531,0.0792645560789503,buried,0
6,S,D,-2.7596895694732666,-0.1644230905824031,6,139,48,S,1.0,0.0,0.0,1.0,30.0,msa,65.16247499778798,0.42040306450185794,surface,0
55,S,A,-2.7633118629455566,0.5446557024285994,55,139,139,S,0.9280575539568344,0.0,0.0941412500040876,0.9058587499959124,30.0,msa,77.66939411277062,0.5010928652436815,surface,0
83,K,A,-2.763875961303711,0.1978283861080001,83,139,139,K,1.0,0.0,0.0,1.0,30.0,msa,133.64582705872084,0.5662958773674612,surface,0
49,C,G,-2.764699697494507,0.0,49,139,137,C,1.0,0.0,0.0,1.0,30.0,msa,65.764919371411,0.39380191240365864,surface,0
3,S,R,-2.764829158782959,-0.460043493448012,3,139,48,S,0.9791666666666666,0.0,0.033803026545712,0.966196973454288,30.0,msa,66.44591612774433,0.428683329856415,surface,0
42,Y,I,-2.7654855251312256,3.7430483497563785,42,139,55,Y,0.9636363636363636,0.0,0.0605579893382868,0.9394420106617132,30.0,msa,112.88290298106912,0.42921255886338067,surface,4
4,L,T,-2.7660012245178223,-0.5348446329979311,4,139,48,L,1.0,0.0,0.0,1.0,30.0,msa,55.69130199671039,0.2770711542124895,partial,0
20,R,F,-2.771758556365967,0.532718141613941,20,139,55,R,1.0,0.0,0.0,1.0,30.0,msa,57.0350994047275,0.2081572970975456,partial,0
107,W,R,-2.772165298461914,3.146350549274416,107,139,139,W,0.9856115107913668,0.0,0.0284685318889823,0.9715314681110176,30.0,msa,100.07229238744927,0.3511308504822781,surface,0
68,T,A,-2.773040294647217,2.5097852915502585,68,139,139,T,0.9424460431654677,0.0,0.0922175486667447,0.9077824513332552,30.0,msa,103.01592700475105,0.5989298081671572,surface,0
75,M,G,-2.7744789123535156,-2.546390697205396,75,139,139,M,0.8992805755395683,0.0,0.1457327329274661,0.8542672670725339,22.0,msa,172.79632957501562,0.7714121856027483,surface,0
111,R,V,-2.774751901626587,-3.907097756200727,111,139,139,R,0.9928057553956836,0.0,0.0142429670997965,0.9857570329002034,30.0,msa,161.2357209991473,0.5884515364932383,surface,4
9,T,N,-2.775956153869629,-1.5929526003984904,9,139,48,T,1.0,0.0,0.0,1.0,24.0,msa,77.25241680304495,0.44914195815723806,surface,0
112,F,T,-2.777348041534424,0.433369629633006,112,139,139,F,1.0,0.0,0.0,1.0,30.0,msa,184.57726432686547,0.7690719346952728,surface,0
3,S,T,-2.7782256603240967,-0.693483714634425,3,139,48,S,0.9791666666666666,0.0,0.033803026545712,0.966196973454288,24.0,msa,66.44591612774433,0.428683329856415,surface,0
91,C,L,-2.7783446311950684,-1.1164686959500043,91,139,139,C,1.0,0.0,0.0,1.0,30.0,msa,2.142918048125441,0.012831844599553537,buried,0
105,W,R,-2.7786271572113037,-2.746996096415586,105,139,137,W,1.0,0.0,0.0,1.0,30.0,msa,182.03016153429976,0.6387023211729816,surface,0
96,S,L,-2.7801668643951416,2.0962668281034667,96,139,139,S,1.0,0.0,0.0,1.0,30.0,msa,100.89937320217454,0.6509636980785455,surface,4
19,L,T,-2.780327558517456,0.0424987176439515,19,139,55,L,1.0,0.0,0.0,1.0,30.0,msa,64.0085303170126,0.31845039958712734,partial,0
84,P,N,-2.78153395652771,4.675081129318755,84,139,139,P,1.0,0.0,0.0,1.0,30.0,msa,48.16895944961946,0.3029494305007513,partial,0
88,N,G,-2.7815704345703125,0.5860807475764034,88,139,139,N,1.0,0.0,0.0,1.0,30.0,msa,125.04428460326874,0.6412527415552243,surface,0
81,C,L,-2.7826972007751465,-1.1164686959500043,81,139,139,C,0.9928057553956836,0.0,0.0142429670997965,0.9857570329002034,30.0,msa,69.22217925483348,0.4145040673942124,surface,4
79,C,A,-2.784919261932373,-1.5472767508363745,79,139,139,C,0.9928057553956836,0.0,0.0142429670997965,0.9857570329002034,30.0,msa,21.37736933521141,0.12800819961204438,buried,0
65,T,G,-2.785841464996338,4.665801015469697,65,139,139,T,0.9856115107913668,0.0,0.0284685318889823,0.9715314681110176,30.0,msa,81.40631857421567,0.4732925498500911,surface,0
82,T,G,-2.7874228954315186,3.603537925436939,82,139,139,T,0.9280575539568344,0.0,0.0941412500040876,0.9058587499959124,30.0,msa,58.16691470685098,0.33817973666773826,partial,0
75,M,L,-2.788644313812256,-2.6476437773822,75,139,139,M,0.8992805755395683,0.0359712230215827,0.1457327329274661,0.8542672670725339,13.0,msa,172.79632957501562,0.7714121856027483,surface,4
76,Y,R,-2.7888376712799072,1.670904335631775,76,139,139,F,0.316546762589928,0.0071942446043165,0.3030003340421455,0.6969996659578546,9.0,msa,108.59706688481823,0.41291660412478415,surface,0
4,L,R,-2.793327808380127,0.108791905266969,4,139,48,L,1.0,0.0,0.0,1.0,30.0,msa,55.69130199671039,0.2770711542124895,partial,0
101,G,W,-2.7970521450042725,-2.4584669783636457,101,139,139,A,0.3884892086330935,0.0,0.2617420822038793,0.7382579177961207,12.0,msa,34.06803392131721,0.3275772492434347,partial,0
42,Y,R,-2.797839641571045,-1.120611118213276,42,139,55,Y,0.9636363636363636,0.0,0.0605579893382868,0.9394420106617132,30.0,msa,112.88290298106912,0.42921255886338067,surface,0
48,V,C,-2.7978484630584717,4.328968902567198,48,139,137,V,1.0,0.0,0.0,1.0,30.0,msa,33.67742085714046,0.1935483957306923,partial,0
2,Q,T,-2.7999985218048096,-0.3212051609925197,2,139,48,Q,0.9166666666666666,0.0,0.0957482033986543,0.9042517966013456,24.0,msa,68.2424798689968,0.30329991052887467,partial,0
21,R,A,-2.8005504608154297,-0.8288151929056937,21,139,55,R,1.0,0.0,0.0,1.0,30.0,msa,39.601522124014735,0.14453110264238955,buried,0
3,S,A,-2.8008015155792236,0.3507924009028897,3,139,48,S,0.9791666666666666,0.0,0.033803026545712,0.966196973454288,30.0,msa,66.44591612774433,0.428683329856415,surface,0
98,W,A,-2.800859212875366,3.346312641544273,98,139,139,W,0.9784172661870504,0.0,0.0347616222042651,0.9652383777957348,30.0,msa,109.61927830244329,0.3846290466752396,surface,0
88,N,A,-2.8016271591186523,-1.5449643838700808,88,139,139,N,1.0,0.0,0.0,1.0,30.0,msa,125.04428460326874,0.6412527415552243,surface,0
103,F,T,-2.8017501831054688,1.729635441283392,103,139,139,F,0.5323741007194245,0.0,0.2306780064321617,0.7693219935678383,17.0,msa,54.34326972179623,0.2264302905074843,partial,0
96,S,A,-2.8032920360565186,-0.8222498739534956,96,139,139,S,1.0,0.0,0.0,1.0,30.0,msa,100.89937320217454,0.6509636980785455,surface,0
39,L,A,-2.803443670272827,-1.5971100492545247,39,139,55,L,0.9818181818181818,0.0,0.0303351945483401,0.96966480545166,24.0,msa,94.19500085111348,0.46863184503041533,surface,0
15,R,F,-2.804141044616699,-1.171386964770761,15,139,48,R,1.0,0.0,0.0,1.0,30.0,msa,75.6729119814143,0.2761785108810741,partial,0
97,S,A,-2.804288387298584,-1.311354471676509,97,139,139,S,1.0,0.0,0.0,1.0,30.0,msa,41.1639743807217,0.26557402826272064,partial,0
21,R,G,-2.8049724102020264,0.9431367625044232,21,139,55,R,1.0,0.0,0.0,1.0,30.0,msa,39.601522124014735,0.14453110264238955,buried,0
103,F,L,-2.80584454536438,2.2180601826908344,103,139,139,F,0.5323741007194245,0.0,0.2306780064321617,0.7693219935678383,17.0,msa,54.34326972179623,0.2264302905074843,partial,0
102,K,A,-2.8064417839050293,-1.2327065137830004,102,139,139,K,0.935251798561151,0.0,0.0800596389608133,0.9199403610391866,30.0,msa,96.7898181529019,0.4101263481055165,surface,0
56,S,A,-2.80714750289917,-2.259767431558089,56,139,139,S,0.920863309352518,0.014388489208633,0.1196530392664537,0.8803469607335462,27.0,msa,118.9558780406117,0.7674572776813657,surface,0
18,A,G,-2.807921886444092,0.9303863791774633,18,139,55,C,0.0181818181818181,0.0,0.0605579893382868,0.9394420106617132,12.0,msa,61.751572455561856,0.47869436012063454,surface,0
11,L,G,-2.8080291748046875,2.2999218332323608,11,139,48,L,1.0,0.0,0.0,1.0,30.0,msa,83.13649417951248,0.4136143989030472,surface,0
98,W,L,-2.810150623321533,-2.194272638601177,98,139,139,W,0.9784172661870504,0.0215827338129496,0.0347616222042651,0.9652383777957348,27.0,msa,109.61927830244329,0.3846290466752396,surface,4
65,T,A,-2.8117427825927734,1.6681330432803918,65,139,139,T,0.9856115107913668,0.0071942446043165,0.0284685318889823,0.9715314681110176,27.0,msa,81.40631857421567,0.4732925498500911,surface,0
73,T,A,-2.812228202819824,3.920552773368229,73,139,139,T,0.8776978417266187,0.0,0.1387927954342322,0.8612072045657677,22.0,msa,122.97880053086897,0.7149930263422615,surface,0
10,S,F,-2.8134820461273193,0.6217464035688067,10,139,48,S,1.0,0.0,0.0,1.0,30.0,msa,77.33913732665465,0.49896217630099776,surface,4
13,F,T,-2.8152356147766113,-3.6123373251918736,13,139,48,F,0.9791666666666666,0.0,0.033803026545712,0.966196973454288,30.0,msa,110.91194314843057,0.462133096451794,surface,0
109,S,G,-2.8167319297790527,3.895398900631136,109,139,139,S,1.0,0.0,0.0,1.0,30.0,msa,81.76114261488271,0.5274912426766627,surface,0
82,T,R,-2.8167457580566406,-2.2735899549688554,82,139,139,T,0.9280575539568344,0.0,0.0941412500040876,0.9058587499959124,30.0,msa,58.16691470685098,0.33817973666773826,partial,0
102,K,T,-2.817098379135132,-2.7810040096291004,102,139,139,K,0.935251798561151,0.0,0.0800596389608133,0.9199403610391866,30.0,msa,96.7898181529019,0.4101263481055165,surface,0
85,S,L,-2.820418119430542,0.5001749485137452,85,139,139,T,0.4316546762589928,0.0215827338129496,0.309168634403574,0.690831365596426,9.0,msa,133.17931311603334,0.8592213749421506,surface,4
75,M,A,-2.820490837097168,-2.2754208428599156,75,139,139,M,0.8992805755395683,0.0,0.1457327329274661,0.8542672670725339,16.0,msa,172.79632957501562,0.7714121856027483,surface,0
7,W,V,-2.823068618774414,4.402505480272765,7,139,48,W,1.0,0.0,0.0,1.0,30.0,msa,62.68686228764738,0.21995390276367502,partial,0
20,R,S,-2.823079824447632,0.6812529196269566,20,139,55,R,1.0,0.0,0.0,1.0,30.0,msa,57.0350994047275,0.2081572970975456,partial,0
2,Q,G,-2.823472738265991,4.462737928207872,2,139,48,Q,0.9166666666666666,0.0,0.0957482033986543,0.9042517966013456,30.0,msa,68.2424798689968,0.30329991052887467,partial,0
64,R,A,-2.824075698852539,-3.7369491196740223,64,139,139,R,0.8345323741007195,0.0,0.1497551184645261,0.850244881535474,22.0,msa,187.49126744225867,0.6842746986943747,surface,0
21,R,V,-2.824200391769409,0.019533301698857,21,139,55,R,1.0,0.0,0.0,1.0,30.0,msa,39.601522124014735,0.14453110264238955,buried,0
42,Y,F,-2.8250694274902344,4.206124008298701,42,139,55,Y,0.9636363636363636,0.0,0.0605579893382868,0.9394420106617132,24.0,msa,112.88290298106912,0.42921255886338067,surface,4
85,S,V,-2.8264319896698,1.3172182800051644,85,139,139,T,0.4316546762589928,0.0,0.309168634403574,0.690831365596426,12.0,msa,133.17931311603334,0.8592213749421506,surface,4
63,C,L,-2.830322265625,-2.7546802936603,63,139,139,C,1.0,0.0,0.0,1.0,30.0,msa,75.62861552499871,0.4528659612275372,surface,4
3,S,F,-2.831886529922486,-0.6189441791669879,3,139,48,S,0.9791666666666666,0.0,0.033803026545712,0.966196973454288,30.0,msa,66.44591612774433,0.428683329856415,surface,4
78,S,P,-2.83286190032959,3.159034659952141,78,139,139,S,1.0,0.0,0.0,1.0,30.0,msa,60.48263291729448,0.39021053495028696,surface,0
93,P,R,-2.8354010581970215,2.614853362306235,93,139,138,P,1.0,0.0,0.0,1.0,30.0,msa,66.53782656241775,0.4184768966189796,surface,0
68,T,G,-2.83785629272461,2.008722903369261,68,139,139,T,0.9424460431654677,0.0,0.0922175486667447,0.9077824513332552,30.0,msa,103.01592700475105,0.5989298081671572,surface,0
90,T,R,-2.8397536277770996,-0.252958256443776,90,139,139,T,1.0,0.0,0.0,1.0,30.0,msa,44.37411658601282,0.25798904991867916,partial,0
93,P,L,-2.840240001678467,4.209644334157275,93,139,138,P,1.0,0.0,0.0,1.0,30.0,msa,66.53782656241775,0.4184768966189796,surface,4
109,S,V,-2.8406760692596436,-2.3445804712208655,109,139,139,S,1.0,0.0,0.0,1.0,30.0,msa,81.76114261488271,0.5274912426766627,surface,4
97,S,T,-2.840881824493408,0.2381999857270216,97,139,139,S,1.0,0.0,0.0,1.0,24.0,msa,41.1639743807217,0.26557402826272064,partial,0
73,T,L,-2.840988874435425,0.1088795004032476,73,139,139,T,0.8776978417266187,0.0,0.1387927954342322,0.8612072045657677,22.0,msa,122.97880053086897,0.7149930263422615,surface,4
42,Y,A,-2.8433637619018555,-3.775843689606887,42,139,55,Y,0.9636363636363636,0.0,0.0605579893382868,0.9394420106617132,30.0,msa,112.88290298106912,0.42921255886338067,surface,0
16,W,N,-2.8447299003601074,-5.32012612098157,16,139,48,W,0.9583333333333334,0.0,0.0674580772976627,0.9325419227023372,30.0,msa,80.75363385087648,0.2833460836872859,partial,0
104,L,T,-2.8493311405181885,1.0532139945588028,104,139,139,L,1.0,0.0,0.0,1.0,30.0,msa,77.01586744260025,0.3831635196149266,surface,0
66,C,G,-2.8493518829345703,-1.564135642556721,66,139,139,C,0.9928057553956836,0.0,0.0142429670997965,0.9857570329002034,30.0,msa,19.326324022647547,0.11572649115357812,buried,0
25,F,G,-2.849524974822998,0.6962529378523925,25,139,55,F,1.0,0.0,0.0,1.0,30.0,msa,42.52143143359662,0.17717263097331923,partial,0
62,P,A,-2.849606990814209,2.1136110582116316,62,139,139,P,0.9568345323741008,0.0,0.0685482845239413,0.9314517154760588,30.0,msa,79.58942244530917,0.5005624053164098,surface,0
7,W,T,-2.8531177043914795,-2.3857139842905326,7,139,48,W,1.0,0.0,0.0,1.0,30.0,msa,62.68686228764738,0.21995390276367502,partial,0
30,L,S,-2.8540568351745605,0.9206282622507728,30,139,55,L,1.0,0.0,0.0,1.0,30.0,msa,104.81344579017022,0.5214599293043295,surface,0
65,T,R,-2.856180191040039,1.356187390075803,65,139,139,T,0.9856115107913668,0.0,0.0284685318889823,0.9715314681110176,30.0,msa,81.40631857421567,0.4732925498500911,surface,0
111,R,A,-2.8574657440185547,-3.2748442051413633,111,139,139,R,0.9928057553956836,0.0,0.0142429670997965,0.9857570329002034,30.0,msa,161.2357209991473,0.5884515364932383,surface,0
67,M,G,-2.8583619594573975,-2.1278963614994097,67,139,139,T,0.014388489208633,0.0,0.0251393489658203,0.9748606510341796,12.0,msa,139.95408227527605,0.6247950101574824,surface,0
22,F,A,-2.864999294281006,-2.6144633238105826,22,139,55,F,0.9818181818181818,0.0,0.0303351945483401,0.96966480545166,30.0,msa,62.66473290899549,0.2611030537874812,partial,0
11,L,T,-2.865398406982422,3.942993921967542,11,139,48,L,1.0,0.0,0.0,1.0,30.0,msa,83.13649417951248,0.4136143989030472,surface,0
22,F,S,-2.865434169769287,-1.364103005801411,22,139,55,F,0.9818181818181818,0.0181818181818181,0.0303351945483401,0.96966480545166,27.0,msa,62.66473290899549,0.2611030537874812,partial,0
3,S,V,-2.865471124649048,-0.8155489591153184,3,139,48,S,0.9791666666666666,0.0,0.033803026545712,0.966196973454288,30.0,msa,66.44591612774433,0.428683329856415,surface,4
55,S,L,-2.8656954765319824,4.0341154135427075,55,139,139,S,0.9280575539568344,0.0,0.0941412500040876,0.9058587499959124,30.0,msa,77.66939411277062,0.5010928652436815,surface,4
34,I,G,-2.8668482303619385,3.2828459424544576,34,139,55,I,1.0,0.0,0.0,1.0,30.0,msa,82.1187186907143,0.4168462877701234,surface,0
20,R,A,-2.867863178253174,-2.3651364708284177,20,139,55,R,1.0,0.0,0.0,1.0,30.0,msa,57.0350994047275,0.2081572970975456,partial,0
78,S,A,-2.868696689605713,0.2749108902208945,78,139,139,S,1.0,0.0,0.0,1.0,30.0,msa,60.48263291729448,0.39021053495028696,surface,0
10,S,T,-2.8688173294067383,3.8899506571032134,10,139,48,S,1.0,0.0,0.0,1.0,24.0,msa,77.33913732665465,0.49896217630099776,surface,0
78,S,L,-2.8706116676330566,4.6276666601636975,78,139,139,S,1.0,0.0,0.0,1.0,30.0,msa,60.48263291729448,0.39021053495028696,surface,4
9,T,D,-2.87073278427124,2.491154666276856,9,139,48,T,1.0,0.0,0.0,1.0,30.0,msa,77.25241680304495,0.44914195815723806,surface,0
54,G,L,-2.873105049133301,0.0835857376305568,54,139,139,G,0.9928057553956836,0.0,0.0142429670997965,0.9857570329002034,30.0,msa,91.16093863087076,0.8765474868352958,surface,4
8,W,A,-2.87699294090271,-3.609356800753602,8,139,48,W,1.0,0.0,0.0,1.0,30.0,msa,205.54529670568476,0.7212115673883676,surface,0
6,S,A,-2.877260208129883,-1.2736059444250143,6,139,48,S,1.0,0.0,0.0,1.0,30.0,msa,65.16247499778798,0.42040306450185794,surface,0
104,L,A,-2.878992795944214,-0.7741515852763143,104,139,139,L,1.0,0.0,0.0,1.0,24.0,msa,77.01586744260025,0.3831635196149266,surface,0
9,T,K,-2.880357265472412,-0.3167510691772577,9,139,48,T,1.0,0.0,0.0,1.0,30.0,msa,77.25241680304495,0.44914195815723806,surface,0
92,I,A,-2.8804006576538086,3.2085749323545087,92,139,139,I,0.9928057553956836,0.0,0.0142429670997965,0.9857570329002034,24.0,msa,13.28391037643908,0.06743101713928466,buried,0
107,W,V,-2.8808133602142334,-4.146225787541681,107,139,139,W,0.9856115107913668,0.0,0.0284685318889823,0.9715314681110176,30.0,msa,100.07229238744927,0.3511308504822781,surface,4
27,F,G,-2.8813438415527344,0.083928727666148,27,139,55,F,1.0,0.0,0.0,1.0,30.0,msa,59.722694220761724,0.24884455925317386,partial,0
36,L,T,-2.881622791290283,-1.0537700723955084,36,139,55,L,0.9636363636363636,0.0,0.0521442361324774,0.9478557638675226,30.0,msa,98.91147390194783,0.49209688508431754,surface,0
18,A,N,-2.8822579383850098,-1.5975636103969464,18,139,55,C,0.0181818181818181,0.0,0.0605579893382868,0.9394420106617132,12.0,msa,61.751572455561856,0.47869436012063454,surface,0
107,W,G,-2.883401870727539,-0.3375826898491425,107,139,139,W,0.9856115107913668,0.0,0.0284685318889823,0.9715314681110176,30.0,msa,100.07229238744927,0.3511308504822781,surface,0
49,C,V,-2.88517689704895,-1.1164686959500043,49,139,137,C,1.0,0.0,0.0,1.0,30.0,msa,65.764919371411,0.39380191240365864,surface,4
5,D,A,-2.8863935470581055,2.7216621881704555,5,139,48,D,1.0,0.0,0.0,1.0,30.0,msa,45.639663204214315,0.23647493888193946,partial,0
3,S,I,-2.8874974250793457,3.443024074377405,3,139,48,S,0.9791666666666666,0.0,0.033803026545712,0.966196973454288,30.0,msa,66.44591612774433,0.428683329856415,surface,4
6,S,F,-2.8886542320251465,1.6892877620736328,6,139,48,S,1.0,0.0,0.0,1.0,30.0,msa,65.16247499778798,0.42040306450185794,surface,4
107,W,K,-2.888694524765014,-1.7855969438456043,107,139,139,W,0.9856115107913668,0.0071942446043165,0.0284685318889823,0.9715314681110176,27.0,msa,100.07229238744927,0.3511308504822781,surface,0
19,L,K,-2.891502857208252,-1.6938492228050563,19,139,55,L,1.0,0.0,0.0,1.0,30.0,msa,64.0085303170126,0.31845039958712734,partial,0
43,Q,T,-2.892242431640625,3.0755622338219553,43,139,105,Q,0.961904761904762,0.0,0.0540244319945852,0.9459755680054148,24.0,msa,98.39389022908361,0.43730617879592715,surface,0
69,T,L,-2.8925423622131348,-2.4140031783818756,69,139,139,P,0.1223021582733813,0.0719424460431654,0.2539233102813905,0.7460766897186095,6.0,msa,59.26653496746049,0.34457287771779355,partial,0
102,K,F,-2.892708539962769,0.9065610856851548,102,139,139,K,0.935251798561151,0.0,0.0800596389608133,0.9199403610391866,30.0,msa,96.7898181529019,0.4101263481055165,surface,4
81,C,A,-2.892777442932129,-2.6708169796527272,81,139,139,C,0.9928057553956836,0.0,0.0142429670997965,0.9857570329002034,30.0,msa,69.22217925483348,0.4145040673942124,surface,0
59,S,G,-2.892948627471924,0.6636757771411794,59,139,139,S,0.9856115107913668,0.0071942446043165,0.0284685318889823,0.9715314681110176,27.0,msa,37.32666975080914,0.24081722419876864,partial,0
2,Q,R,-2.8957715034484863,-1.8978122824153445,2,139,48,Q,0.9166666666666666,0.0,0.0957482033986543,0.9042517966013456,30.0,msa,68.2424798689968,0.30329991052887467,partial,0
8,W,K,-2.8963239192962646,-3.862299420330743,8,139,48,W,1.0,0.0,0.0,1.0,30.0,msa,205.54529670568476,0.7212115673883676,surface,0
100,F,R,-2.899064302444458,-2.7031334966875136,100,139,139,F,0.9784172661870504,0.0,0.0393473844179827,0.9606526155820172,30.0,msa,85.74160333883407,0.35725668057847526,surface,0
48,V,A,-2.8998818397521973,4.175278789503835,48,139,137,V,1.0,0.0,0.0,1.0,24.0,msa,33.67742085714046,0.1935483957306923,partial,0
23,I,S,-2.9009764194488525,-0.5798435459958853,23,139,55,I,1.0,0.0,0.0,1.0,30.0,msa,60.657984052847254,0.3079085484916104,partial,0
22,F,T,-2.9030046463012695,-1.9527920835480757,22,139,55,F,0.9818181818181818,0.0,0.0303351945483401,0.96966480545166,30.0,msa,62.66473290899549,0.2611030537874812,partial,0
77,P,L,-2.9032139778137207,3.2971803880973596,77,139,139,P,0.9856115107913668,0.0,0.0284685318889823,0.9715314681110176,30.0,msa,81.02936515489675,0.5096186487729355,surface,4
2,Q,V,-2.90378475189209,-0.7135367199885536,2,139,48,Q,0.9166666666666666,0.0,0.0957482033986543,0.9042517966013456,30.0,msa,68.2424798689968,0.30329991052887467,partial,0
9,T,A,-2.9048945903778076,-1.24055002149521,9,139,48,T,1.0,0.0,0.0,1.0,30.0,msa,77.25241680304495,0.44914195815723806,surface,0
104,L,R,-2.905686855316162,0.5035514872868703,104,139,139,L,1.0,0.0,0.0,1.0,30.0,msa,77.01586744260025,0.3831635196149266,surface,0
40,L,S,-2.9065256118774414,4.609676410707493,40,139,55,L,1.0,0.0,0.0,1.0,30.0,msa,47.09750042555674,0.23431592251520766,partial,0
49,C,F,-2.908829689025879,-1.564135642556721,49,139,137,C,1.0,0.0,0.0,1.0,30.0,msa,65.764919371411,0.39380191240365864,surface,4
106,E,G,-2.909597158432007,4.4242272971509635,106,139,138,E,0.9347826086956522,0.036231884057971,0.1054924005299425,0.8945075994700575,27.0,msa,70.36147154747249,0.3155222939348542,partial,0
8,W,V,-2.90981388092041,-1.8515968055892813,8,139,48,W,1.0,0.0,0.0,1.0,30.0,msa,205.54529670568476,0.7212115673883676,surface,4
6,S,T,-2.9098453521728516,1.4662814836120788,6,139,48,S,1.0,0.0,0.0,1.0,24.0,msa,65.16247499778798,0.42040306450185794,surface,0
112,F,V,-2.911807060241699,4.123374390806816,112,139,139,F,1.0,0.0,0.0,1.0,30.0,msa,184.57726432686547,0.7690719346952728,surface,4
6,S,E,-2.9123411178588867,-0.565275931604134,6,139,48,S,1.0,0.0,0.0,1.0,30.0,msa,65.16247499778798,0.42040306450185794,surface,0
104,L,F,-2.9124960899353027,0.5631642328304736,104,139,139,L,1.0,0.0,0.0,1.0,30.0,msa,77.01586744260025,0.3831635196149266,surface,4
95,P,A,-2.9138169288635254,3.594883334180821,95,139,139,P,1.0,0.0,0.0,1.0,30.0,msa,30.85365684912904,0.19404815628383046,partial,0
21,R,N,-2.914097547531128,-0.7373463494340058,21,139,55,R,1.0,0.0,0.0,1.0,30.0,msa,39.601522124014735,0.14453110264238955,buried,0
5,D,Q,-2.914403200149536,-2.4076317982748776,5,139,48,D,1.0,0.0,0.0,1.0,30.0,msa,45.639663204214315,0.23647493888193946,partial,0
1,P,A,-2.9156901836395264,-0.2046449420902831,1,139,48,P,1.0,0.0,0.0,1.0,30.0,msa,45.77583239619151,0.2878983169571793,partial,0
14,Y,T,-2.9181008338928223,-0.3333857876974946,14,139,48,Y,1.0,0.0,0.0,1.0,30.0,msa,146.97568008612603,0.5588428900613157,surface,0
96,S,D,-2.918121814727783,-0.9842277167794578,96,139,139,S,1.0,0.0,0.0,1.0,30.0,msa,100.89937320217454,0.6509636980785455,surface,0
110,A,T,-2.9212493896484375,-0.5887998996449539,110,139,139,V,0.4172661870503597,0.0,0.2267873717109939,0.773212628289006,12.0,msa,76.82601471535853,0.5955505016694459,surface,0
26,L,G,-2.9217987060546875,3.1157035778201134,26,139,55,L,1.0,0.0,0.0,1.0,30.0,msa,65.21615853305252,0.3244585001644404,partial,0
42,Y,Q,-2.922286033630371,-1.6267605085042192,42,139,55,Y,0.9636363636363636,0.0,0.0605579893382868,0.9394420106617132,30.0,msa,112.88290298106912,0.42921255886338067,surface,0
91,C,R,-2.923541307449341,2.6620401999517753,91,139,139,C,1.0,0.0,0.0,1.0,30.0,msa,2.142918048125441,0.012831844599553537,buried,12
70,A,L,-2.927551507949829,1.083355367769343,70,139,139,A,0.9568345323741008,0.0,0.0718774674471033,0.9281225325528968,24.0,msa,100.86114630276566,0.78186935118423,surface,4
47,P,A,-2.9277567863464355,0.2424078680841148,47,139,134,P,1.0,0.0,0.0,1.0,30.0,msa,60.209452586508924,0.37867580243087373,surface,0
21,R,Y,-2.9281766414642334,1.57360485409734,21,139,55,R,1.0,0.0,0.0,1.0,30.0,msa,39.601522124014735,0.14453110264238955,buried,0
51,L,R,-2.9317660331726074,3.959995753630323,51,139,139,L,0.9712230215827338,0.0,0.053537761638623,0.9464622383613768,30.0,msa,58.62910581804712,0.29168709362212497,partial,0
98,W,D,-2.9331247806549072,1.2758598841022035,98,139,139,W,0.9784172661870504,0.0,0.0347616222042651,0.9652383777957348,30.0,msa,109.61927830244329,0.3846290466752396,surface,0
86,D,C,-2.9337639808654785,0.7412156719363168,86,139,139,D,0.9568345323741008,0.0,0.0658688907339786,0.9341311092660214,30.0,msa,155.5735405949881,0.8060805212175549,surface,0
52,I,V,-2.934608459472656,-2.295092301594053,52,139,139,I,0.8705035971223022,0.0,0.1379338564278194,0.8620661435721806,16.0,msa,84.70497829411434,0.4299745091071794,surface,4
71,Q,N,-2.935236930847168,-2.477915018830828,71,139,139,Q,0.9496402877697842,0.0,0.0835009187140195,0.9164990812859805,24.0,msa,178.87347666960216,0.7949932296426763,surface,0
15,R,I,-2.937551498413086,-0.9628024454129332,15,139,48,R,1.0,0.0,0.0,1.0,30.0,msa,75.6729119814143,0.2761785108810741,partial,0
93,P,A,-2.937915802001953,0.4851725919693024,93,139,138,P,1.0,0.0,0.0,1.0,30.0,msa,66.53782656241775,0.4184768966189796,surface,0
111,R,T,-2.93851089477539,0.0396483967074061,111,139,139,R,0.9928057553956836,0.0,0.0142429670997965,0.9857570329002034,30.0,msa,161.2357209991473,0.5884515364932383,surface,0
27,F,S,-2.940004587173462,-3.3770360530695314,27,139,55,F,1.0,0.0,0.0,1.0,30.0,msa,59.722694220761724,0.24884455925317386,partial,0
5,D,V,-2.940730094909668,-0.3606937337207796,5,139,48,D,1.0,0.0,0.0,1.0,30.0,msa,45.639663204214315,0.23647493888193946,partial,0
105,W,T,-2.9408955574035645,-4.229268272625546,105,139,137,W,1.0,0.0,0.0,1.0,30.0,msa,182.03016153429976,0.6387023211729816,surface,0
90,T,A,-2.9410831928253174,4.214223525779175,90,139,139,T,1.0,0.0,0.0,1.0,30.0,msa,44.37411658601282,0.25798904991867916,partial,0
96,S,R,-2.943392515182495,2.1731575162138768,96,139,139,S,1.0,0.0,0.0,1.0,30.0,msa,100.89937320217454,0.6509636980785455,surface,0
25,F,S,-2.943681240081787,0.963982281820364,25,139,55,F,1.0,0.0,0.0,1.0,30.0,msa,42.52143143359662,0.17717263097331923,partial,0
22,F,G,-2.943734645843506,4.694092258997102,22,139,55,F,0.9818181818181818,0.0,0.0303351945483401,0.96966480545166,30.0,msa,62.66473290899549,0.2611030537874812,partial,0
10,S,V,-2.9441587924957275,2.3099194160102456,10,139,48,S,1.0,0.0,0.0,1.0,30.0,msa,77.33913732665465,0.49896217630099776,surface,4
49,C,T,-2.9442849159240723,-1.1164686959500043,49,139,137,C,1.0,0.0,0.0,1.0,30.0,msa,65.764919371411,0.39380191240365864,surface,0
10,S,A,-2.9455654621124268,-1.570159165939117,10,139,48,S,1.0,0.0,0.0,1.0,30.0,msa,77.33913732665465,0.49896217630099776,surface,0
7,W,A,-2.9494733810424805,0.1296157226287277,7,139,48,W,1.0,0.0,0.0,1.0,30.0,msa,62.68686228764738,0.21995390276367502,partial,0
17,M,A,-2.949819564819336,-3.074662213591097,17,139,55,M,1.0,0.0,0.0,1.0,24.0,msa,71.16238917857868,0.3176892374043691,partial,0
39,L,W,-2.9535045623779297,0.8403096138004287,39,139,55,L,0.9818181818181818,0.0,0.0303351945483401,0.96966480545166,30.0,msa,94.19500085111348,0.46863184503041533,surface,4
98,W,N,-2.954345941543579,-2.631939648146499,98,139,139,W,0.9784172661870504,0.0,0.0347616222042651,0.9652383777957348,30.0,msa,109.61927830244329,0.3846290466752396,surface,0
21,R,T,-2.9545791149139404,1.7246017766518946,21,139,55,R,1.0,0.0,0.0,1.0,30.0,msa,39.601522124014735,0.14453110264238955,buried,0
40,L,F,-2.9545915126800537,3.56697095102993,40,139,55,L,1.0,0.0,0.0,1.0,30.0,msa,47.09750042555674,0.23431592251520766,partial,0
58,T,L,-2.955138683319092,0.1847529048553724,58,139,139,T,0.9856115107913668,0.0,0.0284685318889823,0.9715314681110176,30.0,msa,138.84050077691398,0.8072122138192673,surface,4
23,I,A,-2.9561610221862793,2.2657465934323966,23,139,55,I,1.0,0.0,0.0,1.0,24.0,msa,60.657984052847254,0.3079085484916104,partial,0
12,N,A,-2.9581007957458496,4.5611071267975944,12,139,48,N,0.9791666666666666,0.0,0.033803026545712,0.966196973454288,30.0,msa,82.36373778495309,0.4223781424869389,surface,0
11,L,E,-2.958167791366577,0.71370520332772,11,139,48,L,1.0,0.0,0.0,1.0,30.0,msa,83.13649417951248,0.4136143989030472,surface,0
74,S,L,-2.960844039916992,1.953262429305852,74,139,139,S,1.0,0.0,0.0,1.0,30.0,msa,89.75414600696385,0.579059006496541,surface,4
67,M,A,-2.961740732192993,-0.1857278167956906,67,139,139,T,0.014388489208633,0.0,0.0251393489658203,0.9748606510341796,6.0,msa,139.95408227527605,0.6247950101574824,surface,0
100,F,C,-2.9636569023132324,3.6100229960943295,100,139,139,F,0.9784172661870504,0.0,0.0393473844179827,0.9606526155820172,30.0,msa,85.74160333883407,0.35725668057847526,surface,0
10,S,I,-2.9656822681427,-0.5762766867115658,10,139,48,S,1.0,0.0,0.0,1.0,30.0,msa,77.33913732665465,0.49896217630099776,surface,4
94,I,V,-2.9667179584503174,0.9812628937415298,94,139,139,I,1.0,0.0,0.0,1.0,24.0,msa,30.427254761442605,0.1544530698550386,partial,0
105,W,V,-2.9667577743530273,-2.6432489087503086,105,139,137,W,1.0,0.0,0.0,1.0,30.0,msa,182.03016153429976,0.6387023211729816,surface,4
14,Y,F,-2.967867612838745,-7.099386622339239,14,139,48,Y,1.0,0.0,0.0,1.0,24.0,msa,146.97568008612603,0.5588428900613157,surface,4
15,R,T,-2.9682624340057373,-1.2833144707987003,15,139,48,R,1.0,0.0,0.0,1.0,30.0,msa,75.6729119814143,0.2761785108810741,partial,0
77,P,A,-2.9688775539398193,2.9361455860099,77,139,139,P,0.9856115107913668,0.0,0.0284685318889823,0.9715314681110176,30.0,msa,81.02936515489675,0.5096186487729355,surface,0
31,L,G,-2.971132755279541,2.6802220363117613,31,139,55,L,0.9818181818181818,0.0,0.0303351945483401,0.96966480545166,30.0,msa,108.55037025161528,0.5400515932916183,surface,0
105,W,E,-2.971647262573242,-2.675050126597313,105,139,137,W,1.0,0.0,0.0,1.0,30.0,msa,182.03016153429976,0.6387023211729816,surface,0
50,P,A,-2.97350549697876,4.6240742101587955,50,139,138,P,1.0,0.0,0.0,1.0,30.0,msa,12.6030644165531,0.0792645560789503,buried,0
102,K,V,-2.978649616241455,-2.240310635050264,102,139,139,K,0.935251798561151,0.0,0.0800596389608133,0.9199403610391866,30.0,msa,96.7898181529019,0.4101263481055165,surface,4
11,L,A,-2.978839159011841,3.9754459888108897,11,139,48,L,1.0,0.0,0.0,1.0,24.0,msa,83.13649417951248,0.4136143989030472,surface,0
16,W,I,-2.9792258739471436,-3.689125190356236,16,139,48,W,0.9583333333333334,0.0,0.0674580772976627,0.9325419227023372,30.0,msa,80.75363385087648,0.2833460836872859,partial,0
110,A,K,-2.9804322719573975,-1.1005914811900652,110,139,139,V,0.4172661870503597,0.0,0.2267873717109939,0.773212628289006,12.0,msa,76.82601471535853,0.5955505016694459,surface,0
4,L,A,-2.981234312057495,-0.1724650020310036,4,139,48,L,1.0,0.0,0.0,1.0,24.0,msa,55.69130199671039,0.2770711542124895,partial,0
31,L,S,-2.9832687377929688,1.5507562964839394,31,139,55,L,0.9818181818181818,0.0,0.0303351945483401,0.96966480545166,30.0,msa,108.55037025161528,0.5400515932916183,surface,0
12,N,T,-2.9837112426757812,0.3137675324894076,12,139,48,N,0.9791666666666666,0.0,0.033803026545712,0.966196973454288,24.0,msa,82.36373778495309,0.4223781424869389,surface,0
102,K,C,-2.984771966934204,1.6499757669727728,102,139,139,K,0.935251798561151,0.0,0.0800596389608133,0.9199403610391866,30.0,msa,96.7898181529019,0.4101263481055165,surface,0
104,L,V,-2.985618829727173,0.1553362330059542,104,139,139,L,1.0,0.0,0.0,1.0,24.0,msa,77.01586744260025,0.3831635196149266,surface,4
97,S,I,-2.987226724624634,3.1854572131717305,97,139,139,S,1.0,0.0,0.0,1.0,30.0,msa,41.1639743807217,0.26557402826272064,partial,0
80,C,L,-2.9881343841552734,-1.1164686959500043,80,139,139,C,1.0,0.0,0.0,1.0,30.0,msa,11.026990214100174,0.06602988152155792,buried,0
24,I,A,-2.988563060760498,2.2525098829185595,24,139,55,I,0.9818181818181818,0.0,0.0303351945483401,0.96966480545166,24.0,msa,28.052022219769505,0.14239605187700255,buried,0
66,C,L,-2.9887406826019287,0.0,66,139,139,C,0.9928057553956836,0.0,0.0142429670997965,0.9857570329002034,30.0,msa,19.326324022647547,0.11572649115357812,buried,0
46,L,R,-2.9907875061035156,3.8149721470394695,46,139,128,L,1.0,0.0,0.0,1.0,30.0,msa,33.67742085714046,0.16754935749821126,partial,0
49,C,A,-2.9910593032836914,1.0974104726412293,49,139,137,C,1.0,0.0,0.0,1.0,30.0,msa,65.764919371411,0.39380191240365864,surface,0
80,C,V,-2.9920129776000977,-1.5472767508363745,80,139,139,C,1.0,0.0,0.0,1.0,30.0,msa,11.026990214100174,0.06602988152155792,buried,0
3,S,G,-2.9935944080352783,-0.6957578904492152,3,139,48,S,0.9791666666666666,0.0,0.033803026545712,0.966196973454288,30.0,msa,66.44591612774433,0.428683329856415,surface,0
108,A,G,-2.99367618560791,1.3971942075699246,108,139,139,A,0.9856115107913668,0.0071942446043165,0.0284685318889823,0.9715314681110176,27.0,msa,28.846907992980796,0.22361944180605267,partial,0
63,C,N,-2.995487689971924,-0.7749899494609451,63,139,139,C,1.0,0.0,0.0,1.0,30.0,msa,75.62861552499871,0.4528659612275372,surface,0
45,M,R,-2.995612144470215,-0.8890511372399601,45,139,124,M,0.9838709677419356,0.0,0.0275608534062741,0.972439146593726,30.0,msa,85.68143555633252,0.3825064087336273,surface,0
5,D,T,-2.999941825866699,0.9207806343855224,5,139,48,D,1.0,0.0,0.0,1.0,30.0,msa,45.639663204214315,0.23647493888193946,partial,0
96,S,C,-3.00014328956604,4.090539030662967,96,139,139,S,1.0,0.0,0.0,1.0,30.0,msa,100.89937320217454,0.6509636980785455,surface,0
79,C,V,-3.000356674194336,-1.564135642556721,79,139,139,C,0.9928057553956836,0.0,0.0142429670997965,0.9857570329002034,30.0,msa,21.37736933521141,0.12800819961204438,buried,0
108,A,T,-3.00154185295105,0.340559101877119,108,139,139,A,0.9856115107913668,0.0071942446043165,0.0284685318889823,0.9715314681110176,27.0,msa,28.846907992980796,0.22361944180605267,partial,0
80,C,G,-3.0024800300598145,-1.564135642556721,80,139,139,C,1.0,0.0,0.0,1.0,30.0,msa,11.026990214100174,0.06602988152155792,buried,0
103,F,E,-3.004809617996216,4.369267834836677,103,139,139,F,0.5323741007194245,0.0,0.2306780064321617,0.7693219935678383,17.0,msa,54.34326972179623,0.2264302905074843,partial,0
83,K,V,-3.005061149597168,-1.2396516581788433,83,139,139,K,1.0,0.0,0.0,1.0,30.0,msa,133.64582705872084,0.5662958773674612,surface,4
8,W,F,-3.005647659301758,3.1967045569600714,8,139,48,W,1.0,0.0,0.0,1.0,24.0,msa,205.54529670568476,0.7212115673883676,surface,4
10,S,K,-3.009040117263794,-1.1695135743500489,10,139,48,S,1.0,0.0,0.0,1.0,30.0,msa,77.33913732665465,0.49896217630099776,surface,0
1,P,G,-3.0093870162963867,2.630502318265002,1,139,48,P,1.0,0.0,0.0,1.0,30.0,msa,45.77583239619151,0.2878983169571793,partial,0
98,W,C,-3.009565830230713,-1.6808875485246233,98,139,139,W,0.9784172661870504,0.0,0.0347616222042651,0.9652383777957348,30.0,msa,109.61927830244329,0.3846290466752396,surface,0
90,T,V,-3.010586738586426,-2.2023808580541697,90,139,139,T,1.0,0.0,0.0,1.0,30.0,msa,44.37411658601282,0.25798904991867916,partial,0
12,N,F,-3.0107102394104004,2.250087744476417,12,139,48,N,0.9791666666666666,0.0,0.033803026545712,0.966196973454288,30.0,msa,82.36373778495309,0.4223781424869389,surface,4
45,M,S,-3.0108132362365723,-0.2623199772274063,45,139,124,M,0.9838709677419356,0.0,0.0275608534062741,0.972439146593726,30.0,msa,85.68143555633252,0.3825064087336273,surface,0
66,C,N,-3.0128679275512695,-1.1164686959500043,66,139,139,C,0.9928057553956836,0.0,0.0142429670997965,0.9857570329002034,30.0,msa,19.326324022647547,0.11572649115357812,buried,0
89,C,V,-3.0159738063812256,-0.916654761508056,89,139,139,C,0.9928057553956836,0.0,0.0142429670997965,0.9857570329002034,30.0,msa,48.724091437879395,0.2917610265741281,partial,0
26,L,T,-3.0186593532562256,1.7425120991583751,26,139,55,L,1.0,0.0,0.0,1.0,30.0,msa,65.21615853305252,0.3244585001644404,partial,0
4,L,E,-3.019104242324829,-0.8032386938174909,4,139,48,L,1.0,0.0,0.0,1.0,30.0,msa,55.69130199671039,0.2770711542124895,partial,0
77,P,R,-3.0192809104919434,1.989571898626707,77,139,139,P,0.9856115107913668,0.0,0.0284685318889823,0.9715314681110176,30.0,msa,81.02936515489675,0.5096186487729355,surface,0
33,L,T,-3.0221192836761475,-2.4467520122377664,33,139,55,L,1.0,0.0,0.0,1.0,30.0,msa,51.677804284413895,0.2571035039025567,partial,0
106,E,F,-3.022123336791992,2.7156702797973935,106,139,138,E,0.9347826086956522,0.0,0.1054924005299425,0.8945075994700575,30.0,msa,70.36147154747249,0.3155222939348542,partial,0
83,K,N,-3.0237374305725098,3.457174158168243,83,139,139,K,1.0,0.0,0.0,1.0,30.0,msa,133.64582705872084,0.5662958773674612,surface,0
107,W,E,-3.025263786315918,0.5323052655193123,107,139,139,W,0.9856115107913668,0.0,0.0284685318889823,0.9715314681110176,30.0,msa,100.07229238744927,0.3511308504822781,surface,0
101,G,A,-3.0260000228881836,-2.251545255972701,101,139,139,A,0.3884892086330935,0.5827338129496403,0.2617420822038793,0.7382579177961207,6.0,msa,34.06803392131721,0.3275772492434347,partial,0
108,A,R,-3.0268330574035645,-1.805212373660538,108,139,139,A,0.9856115107913668,0.0,0.0284685318889823,0.9715314681110176,30.0,msa,28.846907992980796,0.22361944180605267,partial,0
43,Q,C,-3.0275321006774902,-0.4234019888718876,43,139,105,Q,0.961904761904762,0.0,0.0540244319945852,0.9459755680054148,30.0,msa,98.39389022908361,0.43730617879592715,surface,0
20,R,T,-3.0280210971832275,-0.377946347236616,20,139,55,R,1.0,0.0,0.0,1.0,30.0,msa,57.0350994047275,0.2081572970975456,partial,0
14,Y,Q,-3.028849840164185,-3.0334917585503547,14,139,48,Y,1.0,0.0,0.0,1.0,30.0,msa,146.97568008612603,0.5588428900613157,surface,0
81,C,V,-3.0307583808898926,-1.1164686959500043,81,139,139,C,0.9928057553956836,0.0,0.0142429670997965,0.9857570329002034,30.0,msa,69.22217925483348,0.4145040673942124,surface,4
67,M,R,-3.034450054168701,-5.266360063758128,67,139,139,T,0.014388489208633,0.0,0.0251393489658203,0.9748606510341796,12.0,msa,139.95408227527605,0.6247950101574824,surface,0
15,R,V,-3.0347447395324707,-1.8409247042072252,15,139,48,R,1.0,0.0,0.0,1.0,30.0,msa,75.6729119814143,0.2761785108810741,partial,0
97,S,C,-3.036318302154541,4.45123709672049,97,139,139,S,1.0,0.0,0.0,1.0,30.0,msa,41.1639743807217,0.26557402826272064,partial,0
37,L,G,-3.036837577819824,3.639084718957889,37,139,55,L,0.9818181818181818,0.0,0.0303351945483401,0.96966480545166,30.0,msa,94.19500085111348,0.46863184503041533,surface,0
13,F,I,-3.0381600856781006,0.2702795064311374,13,139,48,F,0.9791666666666666,0.0,0.033803026545712,0.966196973454288,30.0,msa,110.91194314843057,0.462133096451794,surface,4
6,S,Q,-3.038938283920288,-1.93350933477916,6,139,48,S,1.0,0.0,0.0,1.0,24.0,msa,65.16247499778798,0.42040306450185794,surface,0
38,V,G,-3.040539264678955,3.9940838798666505,38,139,55,V,1.0,0.0,0.0,1.0,30.0,msa,71.25006474635506,0.40948313072617853,surface,0
69,T,D,-3.0433385372161865,-4.362368624522048,69,139,139,P,0.1223021582733813,0.0,0.2539233102813905,0.7460766897186095,12.0,msa,59.26653496746049,0.34457287771779355,partial,0
90,T,I,-3.0468533039093018,-0.848442153757361,90,139,139,T,1.0,0.0,0.0,1.0,30.0,msa,44.37411658601282,0.25798904991867916,partial,0
9,T,E,-3.0468807220458984,-0.0528210356933414,9,139,48,T,1.0,0.0,0.0,1.0,30.0,msa,77.25241680304495,0.44914195815723806,surface,0
97,S,R,-3.0483391284942627,3.4875830596469655,97,139,139,S,1.0,0.0,0.0,1.0,30.0,msa,41.1639743807217,0.26557402826272064,partial,0
20,R,G,-3.0517046451568604,2.6049272065347964,20,139,55,R,1.0,0.0,0.0,1.0,30.0,msa,57.0350994047275,0.2081572970975456,partial,0
11,L,F,-3.052138566970825,3.5414797454318148,11,139,48,L,1.0,0.0,0.0,1.0,30.0,msa,83.13649417951248,0.4136143989030472,surface,4
105,W,C,-3.0523855686187744,-2.0057698947218796,105,139,137,W,1.0,0.0,0.0,1.0,30.0,msa,182.03016153429976,0.6387023211729816,surface,0
15,R,D,-3.0531296730041504,1.83852669176008,15,139,48,R,1.0,0.0,0.0,1.0,30.0,msa,75.6729119814143,0.2761785108810741,partial,0
68,T,R,-3.053717613220215,2.841377820896895,68,139,139,T,0.9424460431654677,0.0,0.0922175486667447,0.9077824513332552,30.0,msa,103.01592700475105,0.5989298081671572,surface,0
81,C,R,-3.0556788444519043,-2.6708169796527272,81,139,139,C,0.9928057553956836,0.0,0.0142429670997965,0.9857570329002034,30.0,msa,69.22217925483348,0.4145040673942124,surface,0
68,T,L,-3.056707859039306,4.210687212045059,68,139,139,T,0.9424460431654677,0.0,0.0922175486667447,0.9077824513332552,30.0,msa,103.01592700475105,0.5989298081671572,surface,4
4,L,Q,-3.056710720062256,2.394378961252727,4,139,48,L,1.0,0.0,0.0,1.0,30.0,msa,55.69130199671039,0.2770711542124895,partial,0
96,S,V,-3.057084083557129,0.7377269596763654,96,139,139,S,1.0,0.0,0.0,1.0,30.0,msa,100.89937320217454,0.6509636980785455,surface,4
63,C,R,-3.057210922241211,3.3022723244569363,63,139,139,C,1.0,0.0,0.0,1.0,30.0,msa,75.62861552499871,0.4528659612275372,surface,0
25,F,T,-3.059309959411621,0.1366551693717781,25,139,55,F,1.0,0.0,0.0,1.0,30.0,msa,42.52143143359662,0.17717263097331923,partial,0
91,C,V,-3.0614051818847656,-0.4406286190702531,91,139,139,C,1.0,0.0,0.0,1.0,30.0,msa,2.142918048125441,0.012831844599553537,buried,0
66,C,V,-3.06170654296875,-1.1164686959500043,66,139,139,C,0.9928057553956836,0.0,0.0142429670997965,0.9857570329002034,30.0,msa,19.326324022647547,0.11572649115357812,buried,0
112,F,K,-3.06172513961792,-1.6526508550356596,112,139,139,F,1.0,0.0,0.0,1.0,30.0,msa,184.57726432686547,0.7690719346952728,surface,0
101,G,R,-3.0618741512298584,-2.1644312255008344,101,139,139,A,0.3884892086330935,0.0,0.2617420822038793,0.7382579177961207,12.0,msa,34.06803392131721,0.3275772492434347,partial,0
67,M,L,-3.0662899017333984,-3.943340254600372,67,139,139,T,0.014388489208633,0.0,0.0251393489658203,0.9748606510341796,6.0,msa,139.95408227527605,0.6247950101574824,surface,4
42,Y,G,-3.0673956871032715,1.1013152994698032,42,139,55,Y,0.9636363636363636,0.0,0.0605579893382868,0.9394420106617132,30.0,msa,112.88290298106912,0.42921255886338067,surface,0
83,K,R,-3.0682287216186523,-0.4774550264140487,83,139,139,K,1.0,0.0,0.0,1.0,24.0,msa,133.64582705872084,0.5662958773674612,surface,0
4,L,V,-3.068728446960449,-3.815241990590948,4,139,48,L,1.0,0.0,0.0,1.0,24.0,msa,55.69130199671039,0.2770711542124895,partial,0
74,S,G,-3.0703015327453613,3.5593278922777927,74,139,139,S,1.0,0.0,0.0,1.0,30.0,msa,89.75414600696385,0.579059006496541,surface,0
16,W,G,-3.0705037117004395,-1.007700645541405,16,139,48,W,0.9583333333333334,0.0,0.0674580772976627,0.9325419227023372,30.0,msa,80.75363385087648,0.2833460836872859,partial,0
10,S,G,-3.0715255737304688,1.086122164113874,10,139,48,S,1.0,0.0,0.0,1.0,30.0,msa,77.33913732665465,0.49896217630099776,surface,0
4,L,K,-3.0716552734375,1.7236191254183666,4,139,48,L,1.0,0.0,0.0,1.0,30.0,msa,55.69130199671039,0.2770711542124895,partial,0
3,S,K,-3.073072910308838,-0.4636401926771327,3,139,48,S,0.9791666666666666,0.0,0.033803026545712,0.966196973454288,30.0,msa,66.44591612774433,0.428683329856415,surface,0
90,T,F,-3.0751359462738037,1.6133021609066134,90,139,139,T,1.0,0.0,0.0,1.0,30.0,msa,44.37411658601282,0.25798904991867916,partial,0
82,T,A,-3.0762903690338135,0.4331834779118537,82,139,139,T,0.9280575539568344,0.0,0.0941412500040876,0.9058587499959124,30.0,msa,58.16691470685098,0.33817973666773826,partial,0
85,S,R,-3.0770974159240723,1.864200529045661,85,139,139,T,0.4316546762589928,0.0,0.309168634403574,0.690831365596426,12.0,msa,133.17931311603334,0.8592213749421506,surface,0
9,T,G,-3.078843116760254,1.7799417840926708,9,139,48,T,1.0,0.0,0.0,1.0,30.0,msa,77.25241680304495,0.44914195815723806,surface,0
13,F,Q,-3.0815091133117676,-2.4769995523125488,13,139,48,F,0.9791666666666666,0.0,0.033803026545712,0.966196973454288,30.0,msa,110.91194314843057,0.462133096451794,surface,0
88,N,I,-3.081787586212158,1.6049516013193283,88,139,139,N,1.0,0.0,0.0,1.0,30.0,msa,125.04428460326874,0.6412527415552243,surface,4
13,F,A,-3.0839059352874756,-2.548769951886129,13,139,48,F,0.9791666666666666,0.0,0.033803026545712,0.966196973454288,30.0,msa,110.91194314843057,0.462133096451794,surface,0
40,L,G,-3.0859780311584473,4.513276352413243,40,139,55,L,1.0,0.0,0.0,1.0,30.0,msa,47.09750042555674,0.23431592251520766,partial,0
17,M,G,-3.0874204635620117,-3.714119853797797,17,139,55,M,1.0,0.0,0.0,1.0,30.0,msa,71.16238917857868,0.3176892374043691,partial,0
110,A,F,-3.087597608566284,0.4557629706115449,110,139,139,V,0.4172661870503597,0.0,0.2267873717109939,0.773212628289006,12.0,msa,76.82601471535853,0.5955505016694459,surface,4
92,I,V,-3.08829927444458,1.141168529049338,92,139,139,I,0.9928057553956836,0.0,0.0142429670997965,0.9857570329002034,24.0,msa,13.28391037643908,0.06743101713928466,buried,0
69,T,V,-3.088531732559204,2.2008447127282125,69,139,139,P,0.1223021582733813,0.0,0.2539233102813905,0.7460766897186095,12.0,msa,59.26653496746049,0.34457287771779355,partial,0
70,A,V,-3.0899791717529297,1.3836051069959012,70,139,139,A,0.9568345323741008,0.0287769784172661,0.0718774674471033,0.9281225325528968,21.0,msa,100.86114630276566,0.78186935118423,surface,4
11,L,V,-3.0939974784851074,2.160658558796712,11,139,48,L,1.0,0.0,0.0,1.0,24.0,msa,83.13649417951248,0.4136143989030472,surface,4
111,R,C,-3.0971760749816895,-2.270208237169385,111,139,139,R,0.9928057553956836,0.0,0.0142429670997965,0.9857570329002034,30.0,msa,161.2357209991473,0.5884515364932383,surface,0
37,L,Y,-3.0974056720733643,0.1043103247015437,37,139,55,L,0.9818181818181818,0.0,0.0303351945483401,0.96966480545166,30.0,msa,94.19500085111348,0.46863184503041533,surface,4
12,N,V,-3.0982918739318848,1.387024364447484,12,139,48,N,0.9791666666666666,0.0,0.033803026545712,0.966196973454288,30.0,msa,82.36373778495309,0.4223781424869389,surface,4
89,C,R,-3.0996875762939453,2.7568927506203806,89,139,139,C,0.9928057553956836,0.0,0.0142429670997965,0.9857570329002034,30.0,msa,48.724091437879395,0.2917610265741281,partial,0
78,S,V,-3.1003963947296143,3.129502192212499,78,139,139,S,1.0,0.0,0.0,1.0,30.0,msa,60.48263291729448,0.39021053495028696,surface,4
75,M,V,-3.1022119522094727,2.948882837971553,75,139,139,M,0.8992805755395683,0.0,0.1457327329274661,0.8542672670725339,16.0,msa,172.79632957501562,0.7714121856027483,surface,4
96,S,E,-3.1049203872680664,-1.9738283636343965,96,139,139,S,1.0,0.0,0.0,1.0,30.0,msa,100.89937320217454,0.6509636980785455,surface,0
62,P,V,-3.105158805847168,4.122355700295714,62,139,139,P,0.9568345323741008,0.0,0.0685482845239413,0.9314517154760588,30.0,msa,79.58942244530917,0.5005624053164098,surface,4
23,I,W,-3.105257034301758,3.650491594592267,23,139,55,I,1.0,0.0,0.0,1.0,30.0,msa,60.657984052847254,0.3079085484916104,partial,0
49,C,R,-3.1060476303100586,-1.1164686959500043,49,139,137,C,1.0,0.0,0.0,1.0,30.0,msa,65.764919371411,0.39380191240365864,surface,0
18,A,K,-3.1089773178100586,-3.0033757603854383,18,139,55,C,0.0181818181818181,0.0,0.0605579893382868,0.9394420106617132,12.0,msa,61.751572455561856,0.47869436012063454,surface,0
101,G,C,-3.1089835166931152,0.1504482546388885,101,139,139,A,0.3884892086330935,0.0,0.2617420822038793,0.7382579177961207,12.0,msa,34.06803392131721,0.3275772492434347,partial,0
109,S,C,-3.109222650527954,-0.4145409154824904,109,139,139,S,1.0,0.0,0.0,1.0,30.0,msa,81.76114261488271,0.5274912426766627,surface,0
63,C,V,-3.1106767654418945,0.2718590623940713,63,139,139,C,1.0,0.0,0.0,1.0,30.0,msa,75.62861552499871,0.4528659612275372,surface,4
28,I,S,-3.111665725708008,2.324376606991649,28,139,55,I,1.0,0.0,0.0,1.0,30.0,msa,49.63103153785892,0.2519341702429387,partial,0
79,C,R,-3.1137731075286865,-1.1164686959500043,79,139,139,C,0.9928057553956836,0.0,0.0142429670997965,0.9857570329002034,30.0,msa,21.37736933521141,0.12800819961204438,buried,12
11,L,K,-3.1157212257385254,2.30307355219432,11,139,48,L,1.0,0.0,0.0,1.0,30.0,msa,83.13649417951248,0.4136143989030472,surface,0
18,A,D,-3.1204280853271484,-2.8227012267584257,18,139,55,C,0.0181818181818181,0.0,0.0605579893382868,0.9394420106617132,12.0,msa,61.751572455561856,0.47869436012063454,surface,0
58,T,V,-3.120701313018799,0.190950621278489,58,139,139,T,0.9856115107913668,0.0,0.0284685318889823,0.9715314681110176,30.0,msa,138.84050077691398,0.8072122138192673,surface,4
15,R,A,-3.1216580867767334,0.8116516764856954,15,139,48,R,1.0,0.0,0.0,1.0,30.0,msa,75.6729119814143,0.2761785108810741,partial,0
104,L,I,-3.122053861618042,-0.2100957661760674,104,139,139,L,1.0,0.0,0.0,1.0,24.0,msa,77.01586744260025,0.3831635196149266,surface,4
18,A,F,-3.1222259998321533,0.4618275331295081,18,139,55,C,0.0181818181818181,0.0,0.0605579893382868,0.9394420106617132,12.0,msa,61.751572455561856,0.47869436012063454,surface,4
30,L,G,-3.123105049133301,0.3240661320710103,30,139,55,L,1.0,0.0,0.0,1.0,30.0,msa,104.81344579017022,0.5214599293043295,surface,0
109,S,F,-3.1239662170410156,4.320252473362643,109,139,139,S,1.0,0.0,0.0,1.0,30.0,msa,81.76114261488271,0.5274912426766627,surface,4
76,Y,V,-3.12412166595459,1.4239838837117702,76,139,139,F,0.316546762589928,0.0,0.3030003340421455,0.6969996659578546,12.0,msa,108.59706688481823,0.41291660412478415,surface,4
52,I,R,-3.1292200088500977,1.4617869771976473,52,139,139,I,0.8705035971223022,0.0,0.1379338564278194,0.8620661435721806,22.0,msa,84.70497829411434,0.4299745091071794,surface,0
29,L,G,-3.1323723793029785,1.5293308791359266,29,139,55,L,1.0,0.0,0.0,1.0,30.0,msa,60.385645668892856,0.3004260978551883,partial,0
39,L,G,-3.1418581008911133,1.5743749939504426,39,139,55,L,0.9818181818181818,0.0,0.0303351945483401,0.96966480545166,30.0,msa,94.19500085111348,0.46863184503041533,surface,0
2,Q,D,-3.1449570655822754,-2.0265941306260515,2,139,48,Q,0.9166666666666666,0.0,0.0957482033986543,0.9042517966013456,30.0,msa,68.2424798689968,0.30329991052887467,partial,0
48,V,I,-3.1458797454833984,0.5826084073937068,48,139,137,V,1.0,0.0,0.0,1.0,24.0,msa,33.67742085714046,0.1935483957306923,partial,0
55,S,V,-3.14646577835083,3.228881172645629,55,139,139,S,0.9280575539568344,0.0,0.0941412500040876,0.9058587499959124,30.0,msa,77.66939411277062,0.5010928652436815,surface,4
38,V,S,-3.1493544578552246,-0.518341095649987,38,139,55,V,1.0,0.0,0.0,1.0,30.0,msa,71.25006474635506,0.40948313072617853,surface,0
12,N,K,-3.1508734226226807,-0.7855493173308616,12,139,48,N,0.9791666666666666,0.0,0.033803026545712,0.966196973454288,30.0,msa,82.36373778495309,0.4223781424869389,surface,0
28,I,A,-3.1516809463500977,3.7443068970895297,28,139,55,I,1.0,0.0,0.0,1.0,24.0,msa,49.63103153785892,0.2519341702429387,partial,0
68,T,V,-3.1524221897125244,1.4236105883543644,68,139,139,T,0.9424460431654677,0.0,0.0922175486667447,0.9077824513332552,30.0,msa,103.01592700475105,0.5989298081671572,surface,4
73,T,R,-3.1574575901031494,-0.6362832958037643,73,139,139,T,0.8776978417266187,0.0,0.1387927954342322,0.8612072045657677,22.0,msa,122.97880053086897,0.7149930263422615,surface,0
71,Q,L,-3.158350944519043,-2.3783747635006023,71,139,139,Q,0.9496402877697842,0.0,0.0835009187140195,0.9164990812859805,30.0,msa,178.87347666960216,0.7949932296426763,surface,4
78,S,R,-3.1585445404052734,1.9882624033214145,78,139,139,S,1.0,0.0,0.0,1.0,30.0,msa,60.48263291729448,0.39021053495028696,surface,0
30,L,T,-3.1591503620147705,-0.5220792129028666,30,139,55,L,1.0,0.0,0.0,1.0,30.0,msa,104.81344579017022,0.5214599293043295,surface,0
34,I,S,-3.162415027618408,-1.319415398693792,34,139,55,I,1.0,0.0,0.0,1.0,30.0,msa,82.1187186907143,0.4168462877701234,surface,0
19,L,G,-3.1642112731933594,0.7046809723233309,19,139,55,L,1.0,0.0,0.0,1.0,30.0,msa,64.0085303170126,0.31845039958712734,partial,0
109,S,W,-3.1649343967437744,1.137535232677493,109,139,139,S,1.0,0.0,0.0,1.0,30.0,msa,81.76114261488271,0.5274912426766627,surface,4
43,Q,A,-3.1660375595092773,0.5161451187704245,43,139,105,Q,0.961904761904762,0.0,0.0540244319945852,0.9459755680054148,30.0,msa,98.39389022908361,0.43730617879592715,surface,0
45,M,K,-3.166065216064453,-2.3269162787617574,45,139,124,M,0.9838709677419356,0.0,0.0275608534062741,0.972439146593726,30.0,msa,85.68143555633252,0.3825064087336273,surface,0
81,C,I,-3.1702451705932617,0.0,81,139,139,C,0.9928057553956836,0.0,0.0142429670997965,0.9857570329002034,30.0,msa,69.22217925483348,0.4145040673942124,surface,4
54,G,V,-3.1717123985290527,0.7375767636684714,54,139,139,G,0.9928057553956836,0.0,0.0142429670997965,0.9857570329002034,30.0,msa,91.16093863087076,0.8765474868352958,surface,4
75,M,R,-3.174625873565674,-3.829357942290926,75,139,139,M,0.8992805755395683,0.0,0.1457327329274661,0.8542672670725339,22.0,msa,172.79632957501562,0.7714121856027483,surface,0
57,T,N,-3.1791059970855713,1.1511766689399394,57,139,139,T,0.9928057553956836,0.0071942446043165,0.0142429670997965,0.9857570329002034,21.0,msa,63.96850642660588,0.3719099210849179,surface,0
80,C,D,-3.1812100410461426,-1.1164686959500043,80,139,139,C,1.0,0.0,0.0,1.0,30.0,msa,11.026990214100174,0.06602988152155792,buried,12
57,T,V,-3.1829233169555664,3.858216693120852,57,139,139,T,0.9928057553956836,0.0,0.0142429670997965,0.9857570329002034,30.0,msa,63.96850642660588,0.3719099210849179,surface,4
24,I,T,-3.1871533393859863,-1.5310429574359148,24,139,55,I,0.9818181818181818,0.0,0.0303351945483401,0.96966480545166,30.0,msa,28.052022219769505,0.14239605187700255,buried,0
71,Q,R,-3.1873273849487305,-0.4677563540035123,71,139,139,Q,0.9496402877697842,0.0215827338129496,0.0835009187140195,0.9164990812859805,27.0,msa,178.87347666960216,0.7949932296426763,surface,0
88,N,V,-3.189798355102539,-0.633507090812202,88,139,139,N,1.0,0.0,0.0,1.0,30.0,msa,125.04428460326874,0.6412527415552243,surface,4
64,R,N,-3.1925363540649414,-2.1600229376527125,64,139,139,R,0.8345323741007195,0.0,0.1497551184645261,0.850244881535474,22.0,msa,187.49126744225867,0.6842746986943747,surface,0
20,R,K,-3.195138454437256,-0.2000100141899849,20,139,55,R,1.0,0.0,0.0,1.0,24.0,msa,57.0350994047275,0.2081572970975456,partial,0
35,F,S,-3.196899652481079,0.7183716208301405,35,139,55,F,1.0,0.0,0.0,1.0,30.0,msa,58.24272762076741,0.24267803175319755,partial,0
59,S,L,-3.198064088821411,0.3405899490483364,59,139,139,S,0.9856115107913668,0.0,0.0284685318889823,0.9715314681110176,30.0,msa,37.32666975080914,0.24081722419876864,partial,0
7,W,G,-3.1981494426727295,0.329415116556305,7,139,48,W,1.0,0.0,0.0,1.0,30.0,msa,62.68686228764738,0.21995390276367502,partial,0
73,T,V,-3.198967456817627,1.757681703727059,73,139,139,T,0.8776978417266187,0.0,0.1387927954342322,0.8612072045657677,22.0,msa,122.97880053086897,0.7149930263422615,surface,4
64,R,L,-3.19980525970459,-2.8714086454043013,64,139,139,R,0.8345323741007195,0.0,0.1497551184645261,0.850244881535474,22.0,msa,187.49126744225867,0.6842746986943747,surface,4
13,F,K,-3.2000832557678223,-2.7302370452912044,13,139,48,F,0.9791666666666666,0.0,0.033803026545712,0.966196973454288,30.0,msa,110.91194314843057,0.462133096451794,surface,0
31,L,T,-3.2024104595184326,-0.8749298448389027,31,139,55,L,0.9818181818181818,0.0,0.0303351945483401,0.96966480545166,30.0,msa,108.55037025161528,0.5400515932916183,surface,0
56,S,L,-3.205104351043701,3.464747064382692,56,139,139,S,0.920863309352518,0.0,0.1196530392664537,0.8803469607335462,30.0,msa,118.9558780406117,0.7674572776813657,surface,4
108,A,C,-3.211649179458618,1.3535336974484269,108,139,139,A,0.9856115107913668,0.0,0.0284685318889823,0.9715314681110176,30.0,msa,28.846907992980796,0.22361944180605267,partial,0
22,F,K,-3.2136340141296387,-0.31695949278037,22,139,55,F,0.9818181818181818,0.0,0.0303351945483401,0.96966480545166,30.0,msa,62.66473290899549,0.2611030537874812,partial,0
37,L,S,-3.21370267868042,-1.292776474042597,37,139,55,L,0.9818181818181818,0.0,0.0303351945483401,0.96966480545166,30.0,msa,94.19500085111348,0.46863184503041533,surface,0
40,L,M,-3.2150774002075195,1.2314192597379758,40,139,55,L,1.0,0.0,0.0,1.0,24.0,msa,47.09750042555674,0.23431592251520766,partial,0
110,A,V,-3.2154037952423096,2.076410650239239,110,139,139,V,0.4172661870503597,0.5827338129496403,0.2267873717109939,0.773212628289006,0.0,msa,76.82601471535853,0.5955505016694459,surface,4
47,P,D,-3.2187399864196777,4.637871016732646,47,139,134,P,1.0,0.0,0.0,1.0,30.0,msa,60.209452586508924,0.37867580243087373,surface,0
64,R,V,-3.223395347595215,0.7348645524748463,64,139,139,R,0.8345323741007195,0.0,0.1497551184645261,0.850244881535474,22.0,msa,187.49126744225867,0.6842746986943747,surface,4
14,Y,W,-3.2253332138061523,-0.4761439230447308,14,139,48,Y,1.0,0.0,0.0,1.0,24.0,msa,146.97568008612603,0.5588428900613157,surface,4
23,I,R,-3.226992607116699,1.746276983430107,23,139,55,I,1.0,0.0,0.0,1.0,30.0,msa,60.657984052847254,0.3079085484916104,partial,0
77,P,Y,-3.228748321533203,4.802142953121461,77,139,139,P,0.9856115107913668,0.0,0.0284685318889823,0.9715314681110176,30.0,msa,81.02936515489675,0.5096186487729355,surface,4
27,F,T,-3.2291295528411865,2.510903876210591,27,139,55,F,1.0,0.0,0.0,1.0,30.0,msa,59.722694220761724,0.24884455925317386,partial,0
79,C,I,-3.229795455932617,-1.1164686959500043,79,139,139,C,0.9928057553956836,0.0,0.0142429670997965,0.9857570329002034,30.0,msa,21.37736933521141,0.12800819961204438,buried,0
89,C,I,-3.2364537715911865,-2.4163883375740056,89,139,139,C,0.9928057553956836,0.0,0.0142429670997965,0.9857570329002034,30.0,msa,48.724091437879395,0.2917610265741281,partial,0
73,T,N,-3.238781452178955,1.193215449448104,73,139,139,T,0.8776978417266187,0.1079136690647482,0.1387927954342322,0.8612072045657677,10.0,msa,122.97880053086897,0.7149930263422615,surface,0
55,S,I,-3.24125599861145,3.845280141289947,55,139,139,S,0.9280575539568344,0.0,0.0941412500040876,0.9058587499959124,30.0,msa,77.66939411277062,0.5010928652436815,surface,4
14,Y,A,-3.2417550086975098,-1.8931726855101945,14,139,48,Y,1.0,0.0,0.0,1.0,30.0,msa,146.97568008612603,0.5588428900613157,surface,0
100,F,E,-3.241909980773926,-2.3847890162444116,100,139,139,F,0.9784172661870504,0.0,0.0393473844179827,0.9606526155820172,30.0,msa,85.74160333883407,0.35725668057847526,surface,0
56,S,V,-3.24607253074646,0.7623541733147476,56,139,139,S,0.920863309352518,0.0,0.1196530392664537,0.8803469607335462,30.0,msa,118.9558780406117,0.7674572776813657,surface,4
69,T,N,-3.2499845027923584,-1.9374902488377188,69,139,139,P,0.1223021582733813,0.0,0.2539233102813905,0.7460766897186095,6.0,msa,59.26653496746049,0.34457287771779355,partial,0
85,S,Q,-3.2513585090637207,1.1903724056292333,85,139,139,T,0.4316546762589928,0.0,0.309168634403574,0.690831365596426,6.0,msa,133.17931311603334,0.8592213749421506,surface,0
93,P,N,-3.253866195678711,2.351221370806712,93,139,138,P,1.0,0.0,0.0,1.0,30.0,msa,66.53782656241775,0.4184768966189796,surface,0
51,L,D,-3.254565477371216,2.9800825814214136,51,139,139,L,0.9712230215827338,0.0,0.053537761638623,0.9464622383613768,30.0,msa,58.62910581804712,0.29168709362212497,partial,0
57,T,R,-3.256239891052246,4.361988248977326,57,139,139,T,0.9928057553956836,0.0,0.0142429670997965,0.9857570329002034,30.0,msa,63.96850642660588,0.3719099210849179,surface,0
54,G,R,-3.256814479827881,-1.0252486388200737,54,139,139,G,0.9928057553956836,0.0071942446043165,0.0142429670997965,0.9857570329002034,27.0,msa,91.16093863087076,0.8765474868352958,surface,0
19,L,Q,-3.258386611938477,0.5835619412660549,19,139,55,L,1.0,0.0,0.0,1.0,30.0,msa,64.0085303170126,0.31845039958712734,partial,0
45,M,A,-3.2647762298583984,0.0589796569470593,45,139,124,M,0.9838709677419356,0.0,0.0275608534062741,0.972439146593726,24.0,msa,85.68143555633252,0.3825064087336273,surface,0
19,L,F,-3.284766435623169,-0.6245624387201474,19,139,55,L,1.0,0.0,0.0,1.0,30.0,msa,64.0085303170126,0.31845039958712734,partial,0
66,C,R,-3.2883458137512207,-0.1030204515200807,66,139,139,C,0.9928057553956836,0.0,0.0142429670997965,0.9857570329002034,30.0,msa,19.326324022647547,0.11572649115357812,buried,12
70,A,R,-3.2928080558776855,0.9492037451072122,70,139,139,A,0.9568345323741008,0.0,0.0718774674471033,0.9281225325528968,30.0,msa,100.86114630276566,0.78186935118423,surface,0
69,T,R,-3.2977705001831055,-1.753315248339078,69,139,139,P,0.1223021582733813,0.0,0.2539233102813905,0.7460766897186095,12.0,msa,59.26653496746049,0.34457287771779355,partial,0
51,L,N,-3.2993335723876953,1.8942105793399548,51,139,139,L,0.9712230215827338,0.0,0.053537761638623,0.9464622383613768,30.0,msa,58.62910581804712,0.29168709362212497,partial,0
91,C,I,-3.2995612621307373,-1.1164686959500043,91,139,139,C,1.0,0.0,0.0,1.0,30.0,msa,2.142918048125441,0.012831844599553537,buried,0
81,C,N,-3.3037526607513428,2.6704794745355116,81,139,139,C,0.9928057553956836,0.0,0.0142429670997965,0.9857570329002034,30.0,msa,69.22217925483348,0.4145040673942124,surface,0
70,A,I,-3.30416202545166,2.568253468011875,70,139,139,A,0.9568345323741008,0.0,0.0718774674471033,0.9281225325528968,24.0,msa,100.86114630276566,0.78186935118423,surface,4
29,L,T,-3.3044848442077637,1.611672821769872,29,139,55,L,1.0,0.0,0.0,1.0,30.0,msa,60.385645668892856,0.3004260978551883,partial,0
26,L,C,-3.3057773113250732,2.6885141802210626,26,139,55,L,1.0,0.0,0.0,1.0,30.0,msa,65.21615853305252,0.3244585001644404,partial,0
40,L,R,-3.305981159210205,-0.1724805256866091,40,139,55,L,1.0,0.0,0.0,1.0,30.0,msa,47.09750042555674,0.23431592251520766,partial,0
73,T,I,-3.3171849250793457,2.3648712095408655,73,139,139,T,0.8776978417266187,0.014388489208633,0.1387927954342322,0.8612072045657677,19.0,msa,122.97880053086897,0.7149930263422615,surface,4
74,S,I,-3.319194793701172,4.483510548920947,74,139,139,S,1.0,0.0,0.0,1.0,30.0,msa,89.75414600696385,0.579059006496541,surface,4
23,I,C,-3.3253884315490723,1.2005652962119484,23,139,55,I,1.0,0.0,0.0,1.0,30.0,msa,60.657984052847254,0.3079085484916104,partial,0
65,T,I,-3.325562000274658,2.029434736173243,65,139,139,T,0.9856115107913668,0.0071942446043165,0.0284685318889823,0.9715314681110176,27.0,msa,81.40631857421567,0.4732925498500911,surface,4
38,V,Y,-3.3265562057495117,0.945605941322384,38,139,55,V,1.0,0.0,0.0,1.0,30.0,msa,71.25006474635506,0.40948313072617853,surface,4
65,T,N,-3.326808214187622,1.8097138807457045,65,139,139,T,0.9856115107913668,0.0,0.0284685318889823,0.9715314681110176,24.0,msa,81.40631857421567,0.4732925498500911,surface,0
52,I,F,-3.329458713531494,2.7646746625596563,52,139,139,I,0.8705035971223022,0.0,0.1379338564278194,0.8620661435721806,22.0,msa,84.70497829411434,0.4299745091071794,surface,4
82,T,Y,-3.329618453979492,-1.6623612370863723,82,139,139,T,0.9280575539568344,0.0,0.0941412500040876,0.9058587499959124,30.0,msa,58.16691470685098,0.33817973666773826,partial,0
75,M,I,-3.331501007080078,-0.0563554390933518,75,139,139,M,0.8992805755395683,0.0071942446043165,0.1457327329274661,0.8542672670725339,13.0,msa,172.79632957501562,0.7714121856027483,surface,4
93,P,V,-3.340573310852051,2.7340206872369777,93,139,138,P,1.0,0.0,0.0,1.0,30.0,msa,66.53782656241775,0.4184768966189796,surface,4
58,T,R,-3.345031976699829,0.2717366403494736,58,139,139,T,0.9856115107913668,0.0,0.0284685318889823,0.9715314681110176,30.0,msa,138.84050077691398,0.8072122138192673,surface,0
29,L,C,-3.3506479263305664,1.431300994771675,29,139,55,L,1.0,0.0,0.0,1.0,30.0,msa,60.385645668892856,0.3004260978551883,partial,0
53,P,F,-3.355003118515014,4.732578576787546,53,139,139,P,0.9928057553956836,0.0,0.0142429670997965,0.9857570329002034,30.0,msa,42.77587530579616,0.2690306623006048,partial,0
55,S,R,-3.3555967807769775,0.6258366956522536,55,139,139,S,0.9280575539568344,0.0,0.0941412500040876,0.9058587499959124,30.0,msa,77.66939411277062,0.5010928652436815,surface,0
64,R,Q,-3.356922149658203,-3.268107948922392,64,139,139,R,0.8345323741007195,0.0,0.1497551184645261,0.850244881535474,22.0,msa,187.49126744225867,0.6842746986943747,surface,0
79,C,N,-3.364330291748047,-2.6708169796527272,79,139,139,C,0.9928057553956836,0.0,0.0142429670997965,0.9857570329002034,30.0,msa,21.37736933521141,0.12800819961204438,buried,0
91,C,D,-3.36706805229187,-1.1164686959500043,91,139,139,C,1.0,0.0,0.0,1.0,30.0,msa,2.142918048125441,0.012831844599553537,buried,12
31,L,M,-3.367290735244751,4.825678313971281,31,139,55,L,0.9818181818181818,0.0,0.0303351945483401,0.96966480545166,24.0,msa,108.55037025161528,0.5400515932916183,surface,4
34,I,T,-3.3680217266082764,-1.180296277505164,34,139,55,I,1.0,0.0,0.0,1.0,30.0,msa,82.1187186907143,0.4168462877701234,surface,0
87,G,N,-3.371303081512451,2.1496344786043835,87,139,139,G,0.9568345323741008,0.0,0.0785358332934273,0.9214641667065726,30.0,msa,32.49615688664947,0.31246304698701416,partial,0
59,S,I,-3.3750648498535156,1.5289794796183005,59,139,139,S,0.9856115107913668,0.0,0.0284685318889823,0.9715314681110176,30.0,msa,37.32666975080914,0.24081722419876864,partial,0
86,D,W,-3.377650737762451,0.1391032154660081,86,139,139,D,0.9568345323741008,0.0,0.0658688907339786,0.9341311092660214,30.0,msa,155.5735405949881,0.8060805212175549,surface,4
56,S,R,-3.3801865577697754,0.4105443392820405,56,139,139,S,0.920863309352518,0.0,0.1196530392664537,0.8803469607335462,30.0,msa,118.9558780406117,0.7674572776813657,surface,0
54,G,I,-3.3818931579589844,0.0779711919271335,54,139,139,G,0.9928057553956836,0.0,0.0142429670997965,0.9857570329002034,30.0,msa,91.16093863087076,0.8765474868352958,surface,4
63,C,I,-3.384614944458008,-3.469742133676988,63,139,139,C,1.0,0.0,0.0,1.0,30.0,msa,75.62861552499871,0.4528659612275372,surface,4
77,P,N,-3.397307872772217,2.052780708605468,77,139,139,P,0.9856115107913668,0.0,0.0284685318889823,0.9715314681110176,30.0,msa,81.02936515489675,0.5096186487729355,surface,0
58,T,I,-3.4040181636810303,1.89902584303195,58,139,139,T,0.9856115107913668,0.0,0.0284685318889823,0.9715314681110176,30.0,msa,138.84050077691398,0.8072122138192673,surface,4
70,A,N,-3.4117431640625,0.4044294024033377,70,139,139,A,0.9568345323741008,0.0,0.0718774674471033,0.9281225325528968,30.0,msa,100.86114630276566,0.78186935118423,surface,0
86,D,V,-3.4215402603149414,-0.4252604995071749,86,139,139,D,0.9568345323741008,0.0,0.0658688907339786,0.9341311092660214,30.0,msa,155.5735405949881,0.8060805212175549,surface,4
74,S,R,-3.423201084136963,0.4856910142661093,74,139,139,S,1.0,0.0,0.0,1.0,30.0,msa,89.75414600696385,0.579059006496541,surface,0
54,G,N,-3.4314093589782715,-2.567845899318798,54,139,139,G,0.9928057553956836,0.0,0.0142429670997965,0.9857570329002034,30.0,msa,91.16093863087076,0.8765474868352958,surface,0
37,L,T,-3.4341328144073486,0.865394703563851,37,139,55,L,0.9818181818181818,0.0,0.0303351945483401,0.96966480545166,30.0,msa,94.19500085111348,0.46863184503041533,surface,0
32,A,S,-3.4596855640411377,-2.3025780422397872,32,139,55,C,0.0181818181818181,0.0,0.0303351945483401,0.96966480545166,12.0,msa,57.14913921805281,0.4430165830856807,surface,0
66,C,I,-3.460944652557373,-2.6708169796527272,66,139,139,C,0.9928057553956836,0.0,0.0142429670997965,0.9857570329002034,30.0,msa,19.326324022647547,0.11572649115357812,buried,0
68,T,Q,-3.4616775512695312,1.660362539041273,68,139,139,T,0.9424460431654677,0.0,0.0922175486667447,0.9077824513332552,24.0,msa,103.01592700475105,0.5989298081671572,surface,0
67,M,V,-3.468667507171631,-1.0860079902095665,67,139,139,T,0.014388489208633,0.0,0.0251393489658203,0.9748606510341796,6.0,msa,139.95408227527605,0.6247950101574824,surface,4
28,I,C,-3.4822983741760254,1.9013960147968871,28,139,55,I,1.0,0.0,0.0,1.0,30.0,msa,49.63103153785892,0.2519341702429387,partial,0
74,S,Y,-3.4917750358581543,4.437089293022268,74,139,139,S,1.0,0.0,0.0,1.0,30.0,msa,89.75414600696385,0.579059006496541,surface,4
32,A,G,-3.493114233016968,-0.2767205369036389,32,139,55,C,0.0181818181818181,0.0,0.0303351945483401,0.96966480545166,12.0,msa,57.14913921805281,0.4430165830856807,surface,0
56,S,I,-3.4944100379943848,0.77663677132864,56,139,139,S,0.920863309352518,0.0,0.1196530392664537,0.8803469607335462,30.0,msa,118.9558780406117,0.7674572776813657,surface,4
43,Q,R,-3.4972403049468994,0.3210032594050176,43,139,105,Q,0.961904761904762,0.0,0.0540244319945852,0.9459755680054148,30.0,msa,98.39389022908361,0.43730617879592715,surface,0
68,T,N,-3.519174575805664,2.142611920944404,68,139,139,T,0.9424460431654677,0.0071942446043165,0.0922175486667447,0.9077824513332552,21.0,msa,103.01592700475105,0.5989298081671572,surface,0
39,L,T,-3.5196080207824707,-1.5257896474338395,39,139,55,L,0.9818181818181818,0.0,0.0303351945483401,0.96966480545166,30.0,msa,94.19500085111348,0.46863184503041533,surface,0
60,T,N,-3.5397603511810303,4.605806553231304,60,139,139,T,0.935251798561151,0.0,0.1003090562394382,0.8996909437605618,24.0,msa,35.76665537000137,0.2079456707558219,partial,0
59,S,R,-3.5428202152252197,-1.5550350997774558,59,139,139,S,0.9856115107913668,0.0,0.0284685318889823,0.9715314681110176,30.0,msa,37.32666975080914,0.24081722419876864,partial,0
38,V,T,-3.5656886100769043,-0.1569207826591423,38,139,55,V,1.0,0.0,0.0,1.0,30.0,msa,71.25006474635506,0.40948313072617853,surface,0
38,V,C,-3.5785069465637207,-0.7322861116968227,38,139,55,V,1.0,0.0,0.0,1.0,30.0,msa,71.25006474635506,0.40948313072617853,surface,0
25,F,C,-3.5826497077941895,2.1095974946324247,25,139,55,F,1.0,0.0,0.0,1.0,30.0,msa,42.52143143359662,0.17717263097331923,partial,0
59,S,N,-3.6032190322875977,-0.8417244264458077,59,139,139,S,0.9856115107913668,0.0071942446043165,0.0284685318889823,0.9715314681110176,21.0,msa,37.32666975080914,0.24081722419876864,partial,0
30,L,C,-3.609772205352783,3.862518588312639,30,139,55,L,1.0,0.0,0.0,1.0,30.0,msa,104.81344579017022,0.5214599293043295,surface,0
31,L,C,-3.629055976867676,1.9771700321723529,31,139,55,L,0.9818181818181818,0.0,0.0303351945483401,0.96966480545166,30.0,msa,108.55037025161528,0.5400515932916183,surface,0
28,I,T,-3.696755886077881,4.413481630537319,28,139,55,I,1.0,0.0,0.0,1.0,30.0,msa,49.63103153785892,0.2519341702429387,partial,0
37,L,W,-3.6996724605560303,0.8326950588679551,37,139,55,L,0.9818181818181818,0.0181818181818181,0.0303351945483401,0.96966480545166,27.0,msa,94.19500085111348,0.46863184503041533,surface,4
27,F,C,-3.715261936187744,-2.0027189442276665,27,139,55,F,1.0,0.0,0.0,1.0,30.0,msa,59.722694220761724,0.24884455925317386,partial,0
25,F,Y,-3.739476442337036,-1.6757557534986631,25,139,55,F,1.0,0.0,0.0,1.0,24.0,msa,42.52143143359662,0.17717263097331923,partial,0
33,L,C,-3.741579055786133,-0.038929769244703,33,139,55,L,1.0,0.0,0.0,1.0,30.0,msa,51.677804284413895,0.2571035039025567,partial,0
26,L,M,-3.7552123069763184,2.962503278827853,26,139,55,L,1.0,0.0,0.0,1.0,24.0,msa,65.21615853305252,0.3244585001644404,partial,0
35,F,C,-3.825928211212158,0.1706622605852317,35,139,55,F,1.0,0.0,0.0,1.0,30.0,msa,58.24272762076741,0.24267803175319755,partial,0
34,I,C,-3.827980756759643,0.6671605706659136,34,139,55,I,1.0,0.0,0.0,1.0,30.0,msa,82.1187186907143,0.4168462877701234,surface,0
32,A,T,-3.844661712646485,-0.8033539535581724,32,139,55,C,0.0181818181818181,0.0,0.0303351945483401,0.96966480545166,12.0,msa,57.14913921805281,0.4430165830856807,surface,0
72,G,S,-3.8458850383758545,-2.158549013740924,72,139,139,G,0.9640287769784172,0.0,0.0631245876099252,0.9368754123900748,30.0,msa,44.26007677268751,0.42557766127584146,surface,0
0,I,L,-3.868208885192871,0.5753796229673753,0,139,48,I,0.9583333333333334,0.0,0.0578173184160061,0.942182681583994,24.0,msa,104.81342065742899,0.5320478205960862,surface,4
28,I,Y,-3.880937099456787,1.7126028369192454,28,139,55,I,1.0,0.0,0.0,1.0,30.0,msa,49.63103153785892,0.2519341702429387,partial,0
33,L,M,-3.884832859039306,1.9379924207222816,33,139,55,L,1.0,0.0,0.0,1.0,24.0,msa,51.677804284413895,0.2571035039025567,partial,0
34,I,M,-3.9179108142852783,0.0363223907692997,34,139,55,I,1.0,0.0,0.0,1.0,24.0,msa,82.1187186907143,0.4168462877701234,surface,4
39,L,M,-3.9458861351013184,1.155508263095726,39,139,55,L,0.9818181818181818,0.0,0.0303351945483401,0.96966480545166,24.0,msa,94.19500085111348,0.46863184503041533,surface,4
32,A,M,-3.9671671390533447,-0.0175227962195663,32,139,55,C,0.0181818181818181,0.0,0.0303351945483401,0.96966480545166,6.0,msa,57.14913921805281,0.4430165830856807,surface,4
0,I,S,-3.978482246398926,3.732710748571833,0,139,48,I,0.9583333333333334,0.0,0.0578173184160061,0.942182681583994,30.0,msa,104.81342065742899,0.5320478205960862,surface,0
72,G,A,-4.027542591094971,-4.590667789971718,72,139,139,G,0.9640287769784172,0.0,0.0631245876099252,0.9368754123900748,30.0,msa,44.26007677268751,0.42557766127584146,surface,0
29,L,M,-4.052438735961914,-0.3436091199660325,29,139,55,L,1.0,0.0,0.0,1.0,24.0,msa,60.385645668892856,0.3004260978551883,partial,0
36,L,M,-4.075848579406738,-0.356780274907635,36,139,55,L,0.9636363636363636,0.0,0.0521442361324774,0.9478557638675226,24.0,msa,98.91147390194783,0.49209688508431754,surface,4
0,I,P,-4.086647033691406,-1.3856436232682654,0,139,48,I,0.9583333333333334,0.0,0.0578173184160061,0.942182681583994,30.0,msa,104.81342065742899,0.5320478205960862,surface,0
32,A,C,-4.100556373596191,0.6648362951426634,32,139,55,C,0.0181818181818181,0.9818181818181818,0.0303351945483401,0.96966480545166,6.0,msa,57.14913921805281,0.4430165830856807,surface,0
27,F,M,-4.138059139251709,-2.329116783651046,27,139,55,F,1.0,0.0,0.0,1.0,30.0,msa,59.722694220761724,0.24884455925317386,partial,0
35,F,M,-4.216364860534668,2.139064649349507,35,139,55,F,1.0,0.0,0.0,1.0,30.0,msa,58.24272762076741,0.24267803175319755,partial,0
0,I,A,-4.4393229484558105,-0.152031485062821,0,139,48,I,0.9583333333333334,0.0,0.0578173184160061,0.942182681583994,24.0,msa,104.81342065742899,0.5320478205960862,surface,0
0,I,V,-4.451381683349609,-0.4136109623946424,0,139,48,I,0.9583333333333334,0.0,0.0578173184160061,0.942182681583994,24.0,msa,104.81342065742899,0.5320478205960862,surface,4
0,I,F,-4.452481746673584,4.240904642129948,0,139,48,I,0.9583333333333334,0.0,0.0578173184160061,0.942182681583994,30.0,msa,104.81342065742899,0.5320478205960862,surface,4
0,I,G,-4.486016750335693,0.7490764322964196,0,139,48,I,0.9583333333333334,0.0,0.0578173184160061,0.942182681583994,30.0,msa,104.81342065742899,0.5320478205960862,surface,0
0,I,T,-4.505532264709473,0.1490674693376377,0,139,48,I,0.9583333333333334,0.0,0.0578173184160061,0.942182681583994,30.0,msa,104.81342065742899,0.5320478205960862,surface,0
72,G,L,-4.55723237991333,0.6583866111813279,72,139,139,G,0.9640287769784172,0.0,0.0631245876099252,0.9368754123900748,30.0,msa,44.26007677268751,0.42557766127584146,surface,4
72,G,N,-4.605891227722168,0.4215496032807948,72,139,139,G,0.9640287769784172,0.0071942446043165,0.0631245876099252,0.9368754123900748,27.0,msa,44.26007677268751,0.42557766127584146,surface,0
72,G,D,-4.674903392791748,-4.205907894943152,72,139,139,G,0.9640287769784172,0.0,0.0631245876099252,0.9368754123900748,30.0,msa,44.26007677268751,0.42557766127584146,surface,0
72,G,V,-4.792946815490723,1.596084610280684,72,139,139,G,0.9640287769784172,0.0,0.0631245876099252,0.9368754123900748,30.0,msa,44.26007677268751,0.42557766127584146,surface,4
72,G,Q,-4.848905086517334,2.49101591711215,72,139,139,G,0.9640287769784172,0.0,0.0631245876099252,0.9368754123900748,30.0,msa,44.26007677268751,0.42557766127584146,surface,0
