rank,pos,pdb_residue,wt,mut,mutation,esm_score,ddg,stability_score,rsa,surface_class,conservation_score,epitope_penalty,tcell_penalty,bcell_penalty,wt_tcell_epitope_score,mut_tcell_epitope_score,tcell_epitope_delta,bcell_antigenicity_delta,solubility_score,expression_score,structural_context_penalty,final_score,confidence_score,flags,recommendation
1,18,76,A,K,A76K,-3.1089773178100586,-3.0033757603854383,0.9672603157912937,0.4786943601206345,surface,0.6,0.0,0.0,0.0,0.95,0.95,0.0,-0.019,9.6,1.0,0,0.9258150789478234,1.0,,strong_candidate
2,18,76,A,D,A76D,-3.1204280853271484,-2.8227012267584257,0.9430225396509135,0.4786943601206345,surface,0.6,0.0,0.0,0.0,0.95,0.95,0.0,-0.028,10.0,1.0,0,0.9257556349127284,1.0,,strong_candidate
3,101,159,G,L,G159L,-1.8466901779174805,-4.185099880662818,1.0,0.3275772492434347,partial,0.6,8.0,0.0,8.0,0.72,0.95,0.23,0.054,10.0,1.0,0,0.9119298245614035,0.8333333333333334,,strong_candidate
4,101,159,G,A,G159A,-3.0260000228881836,-2.251545255972701,0.866401057457276,0.3275772492434347,partial,0.8,8.0,0.0,8.0,0.72,0.95,0.23,0.027,10.0,1.0,0,0.9085300889257225,0.8333333333333334,,strong_candidate
5,32,90,A,S,A90S,-3.4596855640411377,-2.3025780422397872,0.8732471869284888,0.4430165830856807,surface,0.6,0.0,0.0,0.0,0.95,0.95,0.0,-0.007,10.0,1.0,0,0.9083117967321221,1.0,,strong_candidate
6,101,159,G,S,G159S,-2.548248767852783,-2.6654112866544324,0.9219218439366814,0.3275772492434347,partial,0.6,8.0,0.0,8.0,0.72,0.72,0.0,0.02,10.0,1.0,0,0.8924102855455739,0.8333333333333334,,strong_candidate
7,101,159,G,W,G159W,-2.7970521450042725,-2.4584669783636457,0.8941599357297796,0.3275772492434347,partial,0.6,8.0,0.0,8.0,0.72,0.72,0.0,0.003,10.0,1.0,0,0.8854698084938484,0.8333333333333334,,strong_candidate
8,18,76,A,N,A76N,-2.8822579383850098,-1.5975636103969464,0.7786683792143878,0.4786943601206345,surface,0.6,0.0,0.0,0.0,0.95,0.95,0.0,-0.041,10.0,1.0,0,0.884667094803597,1.0,,strong_candidate
9,4,32,L,V,L32V,-3.068728446960449,-3.815241990590948,1.0,0.2770711542124895,partial,0.19999999999999996,0.0,0.0,0.0,0.9,0.9,0.0,0.019,10.0,1.0,0,0.88,1.0,,strong_candidate
10,101,159,G,F,G159F,-2.6899900436401367,-2.277831578035631,0.8699274093837214,0.3275772492434347,partial,0.6,8.0,0.0,8.0,0.72,0.72,0.0,0.031,10.0,1.0,0,0.8794116769073338,0.8333333333333334,,strong_candidate
11,17,75,M,A,M75A,-2.949819564819336,-3.074662213591097,0.9768235069060269,0.3176892374043691,partial,0.19999999999999996,0.0,0.0,0.0,0.95,0.95,0.0,0.034,10.0,1.0,0,0.8742058767265067,1.0,,strong_candidate
12,101,159,G,R,G159R,-3.0618741512298584,-2.1644312255008344,0.8547145716705061,0.3275772492434347,partial,0.6,8.0,0.0,8.0,0.72,0.72,0.0,-0.0,9.6,1.0,0,0.86960846747903,0.8333333333333334,,strong_candidate
13,17,75,M,L,M75L,-2.399421215057373,-2.7708601376827175,0.9360679750719093,0.3176892374043691,partial,0.19999999999999996,0.0,0.0,0.0,0.95,0.95,0.0,0.061,10.0,1.0,0,0.8640169937679774,1.0,,strong_candidate
14,32,90,A,T,A90T,-3.844661712646485,-0.8033539535581724,0.6721238901569201,0.4430165830856807,surface,0.6,0.0,0.0,0.0,0.95,0.95,0.0,-0.022,10.0,1.0,0,0.85803097253923,1.0,,strong_candidate
15,27,85,F,I,F85I,-1.8895492553710935,-3.5537729405016876,1.0,0.2488445592531738,partial,0.0,0.0,0.0,0.0,0.95,0.95,0.0,0.009,10.0,1.0,0,0.85,1.0,,strong_candidate
16,14,72,Y,S,Y72S,-2.159348487854004,-3.2929036599390713,1.0,0.5588428900613157,surface,0.0,0.0,0.0,0.0,0.9,0.95,0.05,-0.021,10.0,1.0,0,0.85,1.0,,strong_candidate
17,21,79,R,L,R79L,-2.205876111984253,-5.448010623031507,1.0,0.1445311026423895,buried,0.0,0.0,0.0,0.0,0.95,0.95,0.0,0.054,10.0,1.0,0,0.85,1.0,,strong_candidate
18,35,93,F,A,F93A,-2.2335052490234375,-3.734269529826406,1.0,0.2426780317531975,partial,0.0,0.0,0.0,0.0,0.95,0.95,0.0,-0.004,10.0,1.0,0,0.85,1.0,,strong_candidate
19,5,33,D,L,D33L,-2.3220715522766113,-3.788074433222534,1.0,0.2364749388819394,partial,0.0,0.0,0.0,0.0,0.9,0.9,0.0,0.055,10.0,1.0,0,0.85,1.0,,strong_candidate
20,16,74,W,S,W74S,-2.4348368644714355,-5.452739600895939,1.0,0.2833460836872859,partial,0.0,0.0,0.0,0.0,0.95,0.9,-0.05,0.017,10.0,1.0,0,0.85,1.0,,strong_candidate
21,16,74,W,A,W74A,-2.573362112045288,-5.230908995430383,1.0,0.2833460836872859,partial,0.0,0.0,0.0,0.0,0.95,0.9,-0.05,0.024,10.0,1.0,0,0.85,1.0,,strong_candidate
22,13,41,F,T,F41T,-2.8152356147766113,-3.6123373251918736,1.0,0.462133096451794,surface,0.0,0.0,0.0,0.0,0.9,0.9,0.0,-0.026,10.0,1.0,0,0.85,1.0,,strong_candidate
23,16,74,W,N,W74N,-2.8447299003601074,-5.32012612098157,1.0,0.2833460836872859,partial,0.0,0.0,0.0,0.0,0.95,0.9,-0.05,-0.017,10.0,1.0,0,0.85,1.0,,strong_candidate
24,27,85,F,S,F85S,-2.940004587173462,-3.3770360530695314,1.0,0.2488445592531738,partial,0.0,0.0,0.0,0.0,0.95,0.95,0.0,-0.011,10.0,1.0,0,0.85,1.0,,strong_candidate
25,16,74,W,I,W74I,-2.9792258739471436,-3.689125190356236,1.0,0.2833460836872859,partial,0.0,0.0,0.0,0.0,0.95,0.9,-0.05,0.037,10.0,1.0,0,0.85,1.0,,strong_candidate
26,56,114,S,T,S114T,-1.8031984567642212,-2.1109545834853805,0.8475405950624602,0.7674572776813657,surface,0.4,7.8,0.0,7.8,0.8,0.8,0.0,-0.015,10.0,1.0,0,0.8445167277129835,0.8333333333333334,,strong_candidate
27,16,74,W,K,W74K,-2.2079837322235107,-4.204212642453371,1.0,0.2833460836872859,partial,0.0,0.0,0.0,0.0,0.95,0.95,0.0,0.005,9.6,1.0,0,0.844,1.0,,strong_candidate
28,8,36,W,K,W36K,-2.8963239192962646,-3.862299420330743,1.0,0.7212115673883676,surface,0.0,0.0,0.0,0.0,0.9,0.9,0.0,0.005,9.6,1.0,0,0.844,1.0,,strong_candidate
29,16,74,W,T,W74T,-2.3744540214538574,-3.0484129273321514,0.9733021233916104,0.2833460836872859,partial,0.0,0.0,0.0,0.0,0.95,0.9,-0.05,0.002,10.0,1.0,0,0.8433255308479026,1.0,,strong_candidate
30,14,72,Y,Q,Y72Q,-3.028849840164185,-3.0334917585503547,0.9713004248598591,0.5588428900613157,surface,0.0,0.0,0.0,0.0,0.9,0.9,0.0,-0.021,10.0,1.0,0,0.8428251062149648,1.0,,strong_candidate
31,58,116,T,N,T116N,-2.684112310409546,-2.485879407658473,0.8978373567330277,0.8072122138192673,surface,0.30000000000000004,7.8,0.0,7.8,0.8,0.8,0.0,-0.019,10.0,1.0,0,0.8420909181306254,0.8333333333333334,,strong_candidate
32,18,76,A,T,A76T,-2.116305351257324,-0.2588265013285138,0.599074666093719,0.4786943601206345,surface,0.6,0.0,0.0,0.0,0.95,0.95,0.0,-0.022,10.0,1.0,0,0.8397686665234297,1.0,,strong_candidate
33,110,168,A,S,A168S,-2.0605626106262207,-1.566007635674623,0.7744350949996345,0.5955505016694459,surface,0.6,13.0,0.0,13.0,0.72,0.72,0.0,-0.009,10.0,1.0,0,0.8379947386621893,0.8333333333333334,,strong_candidate
34,22,80,F,L,F80L,-1.886050581932068,-2.8710377562076417,0.9495069619802474,0.2611030537874812,partial,0.0,0.0,0.0,0.0,0.95,0.95,0.0,0.023,10.0,1.0,0,0.8373767404950618,1.0,,strong_candidate
35,6,34,S,Q,S34Q,-3.038938283920288,-1.93350933477916,0.8237360326320168,0.4204030645018579,surface,0.19999999999999996,0.0,0.0,0.0,0.9,0.9,0.0,0.0,10.0,1.0,0,0.8359340081580042,1.0,,strong_candidate
36,109,167,S,T,S167T,-2.5713465213775635,-2.703055883131384,0.9269719264468536,0.5274912426766627,surface,0.19999999999999996,7.8,0.0,7.8,0.72,0.72,0.0,-0.015,10.0,1.0,0,0.8343745605590819,0.8333333333333334,,strong_candidate
37,58,116,T,S,T116S,-1.836150050163269,-2.6939942705445503,0.9257562967012474,0.8072122138192673,surface,0.19999999999999996,7.8,0.0,7.8,0.8,0.8,0.0,0.015,10.0,1.0,0,0.8340706531226804,0.8333333333333334,,strong_candidate
38,23,81,I,L,I81L,-1.3209820985794067,-1.8495145570216776,0.8124679995596322,0.3079085484916104,partial,0.19999999999999996,0.0,0.0,0.0,0.95,0.95,0.0,0.014,10.0,1.0,0,0.8331169998899081,1.0,,strong_candidate
39,7,35,W,F,W35F,-2.473987102508545,-1.8318753248121595,0.8101016684945963,0.219953902763675,partial,0.19999999999999996,0.0,0.0,0.0,0.9,0.9,0.0,0.028,10.0,1.0,0,0.8325254171236491,1.0,,strong_candidate
40,18,76,A,R,A76R,-2.586312770843506,-0.1579491445008898,0.5855418081787856,0.4786943601206345,surface,0.6,0.0,0.0,0.0,0.95,0.95,0.0,-0.027,9.6,1.0,0,0.8303854520446964,1.0,,strong_candidate
41,16,74,W,R,W74R,-2.312734603881836,-2.8293052381074233,0.943908478280405,0.2833460836872859,partial,0.0,0.0,0.0,0.0,0.95,0.95,0.0,-0.003,9.6,1.0,0,0.8299771195701012,1.0,,strong_candidate
42,22,80,F,A,F80A,-2.864999294281006,-2.6144633238105826,0.9150870936626504,0.2611030537874812,partial,0.0,0.0,0.0,0.0,0.95,0.95,0.0,-0.004,10.0,1.0,0,0.8287717734156627,1.0,,strong_candidate
43,18,76,A,S,A76S,-2.042442798614502,0.1124268740774994,0.549270435116553,0.4786943601206345,surface,0.6,0.0,0.0,0.0,0.95,0.95,0.0,-0.007,10.0,1.0,0,0.8273176087791383,0.8333333333333334,,strong_candidate
44,25,83,F,Y,F83Y,-3.739476442337036,-1.6757557534986631,0.7891579796156734,0.1771726309733192,partial,0.19999999999999996,0.0,0.0,0.0,0.95,0.95,0.0,0.01,10.0,1.0,0,0.8272894949039183,1.0,,strong_candidate
45,13,41,F,K,F41K,-3.2000832557678223,-2.7302370452912044,0.930618322595993,0.462133096451794,surface,0.0,0.0,0.0,0.0,0.9,0.9,0.0,-0.023,9.6,1.0,0,0.8266545806489982,1.0,,strong_candidate
46,102,160,K,R,K160R,-2.6355717182159424,-1.7187975441881065,0.7949321043164213,0.4101263481055165,surface,0.4,7.8,0.0,7.8,0.72,0.72,0.0,-0.008,9.6,1.0,0,0.8253646050264738,0.8333333333333334,,strong_candidate
47,9,37,T,N,T37N,-2.775956153869629,-1.5929526003984904,0.7780498048869492,0.449141958157238,surface,0.19999999999999996,0.0,0.0,0.0,0.9,0.9,0.0,-0.019,10.0,1.0,0,0.8245124512217373,1.0,,strong_candidate
48,13,41,F,Q,F41Q,-3.0815091133117676,-2.4769995523125488,0.8966461100104663,0.462133096451794,surface,0.0,0.0,0.0,0.0,0.9,0.9,0.0,-0.011,10.0,1.0,0,0.8241615275026166,1.0,,strong_candidate
49,35,93,F,V,F93V,-2.2363951206207275,-2.464121574872763,0.8949185088479763,0.2426780317531975,partial,0.0,0.0,0.0,0.0,0.95,0.95,0.0,0.042,10.0,1.0,0,0.823729627211994,1.0,,strong_candidate
50,33,91,L,T,L91T,-3.0221192836761475,-2.4467520122377664,0.8925883543854083,0.2571035039025567,partial,0.0,0.0,0.0,0.0,0.95,0.95,0.0,-0.049,10.0,1.0,0,0.8231470885963521,1.0,,strong_candidate
51,59,117,S,T,S117T,-1.509732723236084,-2.0495810290665872,0.8393072350914689,0.2408172241987686,partial,0.19999999999999996,4.8,0.0,4.8,0.8,0.8,0.0,-0.015,10.0,1.0,0,0.8229847035097093,0.8333333333333334,,strong_candidate
52,5,33,D,Q,D33Q,-2.914403200149536,-2.4076317982748776,0.8873403154417809,0.2364749388819394,partial,0.0,0.0,0.0,0.0,0.9,0.9,0.0,0.021,10.0,1.0,0,0.8218350788604453,1.0,,strong_candidate
53,7,35,W,T,W35T,-2.8531177043914795,-2.3857139842905326,0.8844000058244016,0.219953902763675,partial,0.0,0.0,0.0,0.0,0.9,0.9,0.0,0.002,10.0,1.0,0,0.8211000014561004,1.0,,strong_candidate
54,20,78,R,A,R78A,-2.867863178253174,-2.3651364708284177,0.8816394996545058,0.2081572970975456,partial,0.0,0.0,0.0,0.0,0.95,0.95,0.0,0.027,10.0,1.0,0,0.8204098749136265,1.0,,strong_candidate
55,27,85,F,L,F85L,-1.3801945447921753,-2.359224392501659,0.8808463849408175,0.2488445592531738,partial,0.0,0.0,0.0,0.0,0.95,0.95,0.0,0.023,10.0,1.0,0,0.8202115962352043,1.0,,strong_candidate
56,27,85,F,M,F85M,-4.138059139251709,-2.329116783651046,0.8768074013121131,0.2488445592531738,partial,0.0,0.0,0.0,0.0,0.95,0.95,0.0,-0.038,10.0,1.0,0,0.8192018503280283,1.0,,strong_candidate
57,110,168,A,K,A168K,-2.9804322719573975,-1.1005914811900652,0.7119987773955097,0.5955505016694459,surface,0.6,13.0,0.0,13.0,0.72,0.72,0.0,-0.022,9.6,1.0,0,0.8163856592611581,0.8333333333333334,,strong_candidate
58,20,78,R,V,R78V,-2.5268566608428955,-2.2420875754396263,0.865132294566535,0.2081572970975456,partial,0.0,0.0,0.0,0.0,0.95,0.95,0.0,0.073,10.0,1.0,0,0.8162830736416338,1.0,,strong_candidate
59,17,75,M,S,M75S,-2.3579416275024414,-2.069826225773653,0.8420231604399567,0.3176892374043691,partial,0.0,0.0,0.0,0.0,0.95,0.9,-0.05,0.027,10.0,1.0,0,0.8105057901099892,1.0,,strong_candidate
60,2,30,Q,D,Q30D,-3.1449570655822754,-2.0265941306260515,0.8362235060933714,0.3032999105288746,partial,0.0,0.0,0.0,0.0,0.9,0.9,0.0,-0.025,10.0,1.0,0,0.8090558765233429,1.0,,strong_candidate
61,29,87,L,I,L87I,-2.198624610900879,-1.0980027058348585,0.7116514890628508,0.3004260978551883,partial,0.19999999999999996,0.0,0.0,0.0,0.95,0.95,0.0,-0.014,10.0,1.0,0,0.8079128722657127,1.0,,strong_candidate
62,22,80,F,V,F80V,-2.740917921066284,-1.990088629002713,0.8313262349701185,0.2611030537874812,partial,0.0,0.0,0.0,0.0,0.95,0.95,0.0,0.042,10.0,1.0,0,0.8078315587425297,1.0,,strong_candidate
63,57,115,T,S,T115S,-1.6881183385849,-1.8885511337226717,0.817704818431509,0.3719099210849179,surface,0.19999999999999996,7.8,0.0,7.8,0.8,0.8,0.0,0.015,10.0,1.0,0,0.8070577835552457,0.8333333333333334,,strong_candidate
64,22,80,F,T,F80T,-2.9030046463012695,-1.9527920835480757,0.826322844058341,0.2611030537874812,partial,0.0,0.0,0.0,0.0,0.95,0.95,0.0,-0.026,10.0,1.0,0,0.8065807110145853,1.0,,strong_candidate
65,35,93,F,L,F93L,-1.1162946224212646,-1.949445129706362,0.8258738448754506,0.2426780317531975,partial,0.0,0.0,0.0,0.0,0.95,0.95,0.0,0.023,10.0,1.0,0,0.8064684612188626,1.0,,strong_candidate
66,2,30,Q,S,Q30S,-1.961370587348938,-1.048954729815506,0.705071625044217,0.3032999105288746,partial,0.19999999999999996,0.0,0.0,0.0,0.9,0.9,0.0,-0.001,10.0,1.0,0,0.8062679062610543,1.0,,strong_candidate
67,35,93,F,I,F93I,-2.057161331176758,-1.9331051069225111,0.8236818048219183,0.2426780317531975,partial,0.0,0.0,0.0,0.0,0.95,0.95,0.0,0.009,10.0,1.0,0,0.8059204512054796,1.0,,strong_candidate
68,22,80,F,W,F80W,-2.56494402885437,-1.021606878845347,0.7014028673259678,0.2611030537874812,partial,0.19999999999999996,0.0,0.0,0.0,0.95,0.95,0.0,-0.028,10.0,1.0,0,0.805350716831492,1.0,,strong_candidate
69,110,168,A,T,A168T,-2.9212493896484375,-0.5887998996449539,0.6433411224676161,0.5955505016694459,surface,0.6,13.0,0.0,13.0,0.72,0.72,0.0,-0.026,10.0,1.0,0,0.8052212455291847,0.8333333333333334,,strong_candidate
70,54,112,G,S,G112S,-1.6922523975372314,-5.181252173492879,1.0,0.8765474868352958,surface,0.0,13.0,0.0,13.0,0.46,0.5,0.04,0.02,10.0,1.0,0,0.8043859649122808,0.8333333333333334,,strong_candidate
71,26,84,L,I,L84I,-2.0549674034118652,-0.9783386852253386,0.6955983703118762,0.3244585001644404,partial,0.19999999999999996,0.0,0.0,0.0,0.95,0.95,0.0,-0.014,10.0,1.0,0,0.8038995925779691,1.0,,strong_candidate
72,15,73,R,V,R73V,-3.0347447395324707,-1.8409247042072252,0.8113156571380638,0.2761785108810741,partial,0.0,0.0,0.0,0.0,0.9,0.9,0.0,0.073,10.0,1.0,0,0.802828914284516,1.0,,strong_candidate
73,25,83,F,L,F83L,-1.4801664352416992,-1.8331287572719075,0.8102698184532904,0.1771726309733192,partial,0.0,0.0,0.0,0.0,0.95,0.95,0.0,0.023,10.0,1.0,0,0.8025674546133226,1.0,,strong_candidate
74,13,41,F,R,F41R,-2.4656097888946533,-2.0057871179598123,0.8334322122401078,0.462133096451794,surface,0.0,0.0,0.0,0.0,0.9,0.9,0.0,-0.031,9.6,1.0,0,0.8023580530600269,1.0,,strong_candidate
75,22,80,F,S,F80S,-2.865434169769287,-1.364103005801411,0.7473492676706104,0.2611030537874812,partial,0.09999999999999998,0.0,0.0,0.0,0.95,0.95,0.0,-0.011,10.0,1.0,0,0.8018373169176526,1.0,,strong_candidate
76,22,80,F,I,F80I,-2.5046966075897217,-1.789424387178144,0.8044068076712849,0.2611030537874812,partial,0.0,0.0,0.0,0.0,0.95,0.95,0.0,0.009,10.0,1.0,0,0.8011017019178213,1.0,,strong_candidate
77,112,170,F,S,F170S,-2.3346521854400635,-1.762960547827646,0.8008566415182813,0.7690719346952728,surface,0.0,0.0,0.0,0.0,0.72,0.72,0.0,-0.02,10.0,1.0,0,0.8002141603795704,1.0,,strong_candidate
78,2,30,Q,R,Q30R,-2.8957715034484863,-1.8978122824153445,0.8189472162631767,0.3032999105288746,partial,0.0,0.0,0.0,0.0,0.9,0.9,0.0,-0.024,9.6,1.0,0,0.7987368040657942,1.0,,strong_candidate
79,7,35,W,L,W35L,-1.9088643789291384,-1.7010079803322071,0.7925456060218445,0.219953902763675,partial,0.0,0.0,0.0,0.0,0.9,0.9,0.0,0.051,10.0,1.0,0,0.7981364015054612,1.0,,strong_candidate
80,54,112,G,T,G112T,-1.9689698219299316,-3.0473747086211915,0.9731628446997226,0.8765474868352958,surface,0.0,13.0,0.0,13.0,0.46,0.5,0.04,0.005,10.0,1.0,0,0.7976766760872114,0.8333333333333334,,strong_candidate
81,59,117,S,N,S117N,-3.6032190322875977,-0.8417244264458077,0.6772713501424594,0.2408172241987686,partial,0.30000000000000004,4.8,0.0,4.8,0.8,0.8,0.0,-0.034,10.0,1.0,0,0.797475732272457,0.8333333333333334,,strong_candidate
82,22,80,F,R,F80R,-2.4465441703796387,-1.8124633138993147,0.807497516346007,0.2611030537874812,partial,0.0,0.0,0.0,0.0,0.95,0.95,0.0,-0.031,9.6,1.0,0,0.7958743790865017,1.0,,strong_candidate
83,8,36,W,T,W36T,-2.743412494659424,-1.624101606144592,0.7822284935660523,0.7212115673883676,surface,0.0,0.0,0.0,0.0,0.9,0.95,0.05,0.002,10.0,1.0,0,0.7955571233915131,1.0,,strong_candidate
84,15,73,R,S,R73S,-2.3025717735290527,-1.614707047752745,0.7809681986109847,0.2761785108810741,partial,0.0,0.0,0.0,0.0,0.9,0.9,0.0,0.02,10.0,1.0,0,0.7952420496527461,1.0,,strong_candidate
85,3,31,S,T,S31T,-2.7782256603240967,-0.693483714634425,0.65738462280106,0.428683329856415,surface,0.19999999999999996,0.0,0.0,0.0,0.9,0.9,0.0,-0.015,10.0,1.0,0,0.794346155700265,1.0,,strong_candidate
86,24,82,I,L,I82L,-1.597322940826416,-0.1886995037278609,0.5896670177930983,0.1423960518770025,buried,0.30000000000000004,0.0,0.0,0.0,0.95,0.95,0.0,0.014,10.0,1.0,0,0.7924167544482746,1.0,,strong_candidate
87,39,97,L,T,L97T,-3.5196080207824707,-1.5257896474338395,0.7690397878900618,0.4686318450304153,surface,0.0,0.0,0.0,0.0,0.95,0.95,0.0,-0.049,10.0,1.0,0,0.7922599469725154,1.0,,strong_candidate
88,19,77,L,K,L77K,-2.891502857208252,-1.6938492228050563,0.7915852473099492,0.3184503995871273,partial,0.0,0.0,0.0,0.0,0.95,0.95,0.0,-0.046,9.6,1.0,0,0.7918963118274873,1.0,,strong_candidate
89,8,36,W,R,W36R,-2.5961058139801025,-1.6839169958148543,0.7902528232569781,0.7212115673883676,surface,0.0,0.0,0.0,0.0,0.9,0.9,0.0,-0.003,9.6,1.0,0,0.7915632058142446,1.0,,strong_candidate
90,112,170,F,K,F170K,-3.06172513961792,-1.6526508550356596,0.7860584207268231,0.7690719346952728,surface,0.0,0.0,0.0,0.0,0.72,0.72,0.0,-0.04,9.6,1.0,0,0.7905146051817058,1.0,,strong_candidate
91,102,160,K,T,K160T,-2.817098379135132,-2.7810040096291004,0.9374287916324805,0.4101263481055165,surface,0.0,13.0,0.0,13.0,0.72,0.72,0.0,-0.003,10.0,1.0,0,0.7887431628204008,0.8333333333333334,,strong_candidate
92,9,37,T,S,T37S,-2.2338695526123047,-0.4754892506259978,0.6281403186237697,0.449141958157238,surface,0.19999999999999996,0.0,0.0,0.0,0.9,0.9,0.0,0.015,10.0,1.0,0,0.7870350796559424,1.0,,strong_candidate
93,90,148,T,V,T148V,-3.010586738586426,-2.2023808580541697,0.8598055752556395,0.2579890499186791,partial,0.0,8.0,0.0,8.0,0.46,0.46,0.0,0.068,10.0,1.0,0,0.7868812183753134,0.8333333333333334,,strong_candidate
94,34,92,I,S,I92S,-3.162415027618408,-1.319415398693792,0.7413543540788601,0.4168462877701234,surface,0.0,0.0,0.0,0.0,0.95,0.95,0.0,-0.02,10.0,1.0,0,0.785338588519715,1.0,,strong_candidate
95,37,95,L,S,L95S,-3.21370267868042,-1.292776474042597,0.737780699954206,0.4686318450304153,surface,0.0,0.0,0.0,0.0,0.95,0.95,0.0,-0.034,10.0,1.0,0,0.7844451749885515,1.0,,strong_candidate
96,15,73,R,T,R73T,-2.9682624340057373,-1.2833144707987003,0.7365113571649307,0.2761785108810741,partial,0.0,0.0,0.0,0.0,0.9,0.9,0.0,0.005,10.0,1.0,0,0.7841278392912326,1.0,,strong_candidate
97,98,156,W,N,W156N,-2.954345941543579,-2.631939648146499,0.9174315703772553,0.3846290466752396,surface,0.0,13.0,0.0,13.0,0.8,0.8,0.0,-0.017,10.0,1.0,0,0.7837438575065946,0.8333333333333334,,strong_candidate
98,27,85,F,A,F85A,-2.600266218185425,-1.2689451300274754,0.7345836872387597,0.2488445592531738,partial,0.0,0.0,0.0,0.0,0.95,0.95,0.0,-0.004,10.0,1.0,0,0.78364592180969,1.0,,strong_candidate
99,33,91,L,V,L91V,-2.044148206710815,-0.3456846837725607,0.610726829460501,0.2571035039025567,partial,0.19999999999999996,0.0,0.0,0.0,0.95,0.95,0.0,0.019,10.0,1.0,0,0.7826817073651253,1.0,,strong_candidate
100,29,87,L,M,L87M,-4.052438735961914,-0.3436091199660325,0.6104483892736202,0.3004260978551883,partial,0.19999999999999996,0.0,0.0,0.0,0.95,0.95,0.0,-0.061,10.0,1.0,0,0.7826120973184051,1.0,,strong_candidate
101,2,30,Q,T,Q30T,-2.7999985218048096,-0.3212051609925197,0.6074428625324841,0.3032999105288746,partial,0.19999999999999996,0.0,0.0,0.0,0.9,0.9,0.0,-0.018,10.0,1.0,0,0.7818607156331211,1.0,,strong_candidate
102,54,112,G,N,G112N,-3.4314093589782715,-2.567845899318798,0.9088332919984627,0.8765474868352958,surface,0.0,13.0,0.0,13.0,0.46,0.5,0.04,-0.014,10.0,1.0,0,0.7815942879118964,0.8333333333333334,,strong_candidate
103,34,92,I,T,I92T,-3.3680217266082764,-1.180296277505164,0.722691302632011,0.4168462877701234,surface,0.0,0.0,0.0,0.0,0.95,0.95,0.0,-0.035,10.0,1.0,0,0.7806728256580028,1.0,,strong_candidate
104,15,73,R,F,R73F,-2.804141044616699,-1.171386964770761,0.7214961041539185,0.2761785108810741,partial,0.0,0.0,0.0,0.0,0.9,0.9,0.0,0.031,10.0,1.0,0,0.7803740260384796,1.0,,strong_candidate
105,14,72,Y,R,Y72R,-2.3619134426116943,-1.301036669131122,0.7388888182673539,0.5588428900613157,surface,0.0,0.0,0.0,0.0,0.9,0.9,0.0,-0.041,9.6,1.0,0,0.7787222045668385,1.0,,strong_candidate
106,4,32,L,A,L32A,-2.981234312057495,-0.1724650020310036,0.5874891335612709,0.2770711542124895,partial,0.19999999999999996,0.0,0.0,0.0,0.9,0.9,0.0,-0.027,10.0,1.0,0,0.7768722833903178,1.0,,strong_candidate
107,36,94,L,T,L94T,-2.881622791290283,-1.0537700723955084,0.7057176109125647,0.4920968850843175,surface,0.0,0.0,0.0,0.0,0.95,0.95,0.0,-0.049,10.0,1.0,0,0.7764294027281412,1.0,,strong_candidate
108,33,91,L,I,L91I,-2.0383477210998535,-0.1071408132293356,0.5787257897023329,0.2571035039025567,partial,0.19999999999999996,0.0,0.0,0.0,0.95,0.95,0.0,-0.014,10.0,1.0,0,0.7746814474255833,1.0,,strong_candidate
109,10,38,S,K,S38K,-3.009040117263794,-1.1695135743500489,0.721244785848404,0.4989621763009977,surface,0.0,0.0,0.0,0.0,0.9,0.9,0.0,-0.012,9.6,1.0,0,0.774311196462101,1.0,,strong_candidate
110,15,73,R,I,R73I,-2.937551498413086,-0.9628024454129332,0.693514159022787,0.2761785108810741,partial,0.0,0.0,0.0,0.0,0.9,0.9,0.0,0.04,10.0,1.0,0,0.7733785397556968,1.0,,strong_candidate
111,20,78,R,K,R78K,-3.195138454437256,-0.2000100141899849,0.5911843407666852,0.2081572970975456,partial,0.19999999999999996,0.0,0.0,0.0,0.95,0.95,0.0,0.008,9.6,1.0,0,0.7717960851916713,1.0,,strong_candidate
112,31,89,L,T,L89T,-3.2024104595184326,-0.8749298448389027,0.6817259098499221,0.5400515932916183,surface,0.0,0.0,0.0,0.0,0.95,0.95,0.0,-0.049,10.0,1.0,0,0.7704314774624805,1.0,,strong_candidate
113,7,35,W,S,W35S,-2.1764771938323975,-0.8667987223869318,0.6806351068363233,0.219953902763675,partial,0.0,0.0,0.0,0.0,0.9,0.9,0.0,0.017,10.0,1.0,0,0.7701587767090808,1.0,,strong_candidate
114,105,163,W,T,W163T,-2.9408955574035645,-4.229268272625546,1.0,0.6387023211729816,surface,0.0,23.0,10.0,13.0,0.72,0.54,-0.18,0.002,10.0,1.0,0,0.7692982456140351,0.8333333333333334,,strong_candidate
115,21,79,R,A,R79A,-2.8005504608154297,-0.8288151929056937,0.6755395559243815,0.1445311026423895,buried,0.0,0.0,0.0,0.0,0.95,0.95,0.0,0.027,10.0,1.0,0,0.7688848889810954,1.0,,strong_candidate
116,4,32,L,E,L32E,-3.019104242324829,-0.8032386938174909,0.6721084278793287,0.2770711542124895,partial,0.0,0.0,0.0,0.0,0.9,0.9,0.0,-0.057,10.0,1.0,0,0.7680271069698322,1.0,,strong_candidate
117,21,79,R,N,R79N,-2.914097547531128,-0.7373463494340058,0.6632688650451508,0.1445311026423895,buried,0.0,0.0,0.0,0.0,0.95,0.95,0.0,-0.014,10.0,1.0,0,0.7658172162612877,1.0,,strong_candidate
118,6,34,S,R,S34R,-2.6095104217529297,-0.9141697778438812,0.6869900092935195,0.4204030645018579,surface,0.0,0.0,0.0,0.0,0.9,0.9,0.0,-0.02,9.6,1.0,0,0.7657475023233798,1.0,,strong_candidate
119,10,38,S,R,S38R,-2.484179735183716,-0.9037138019158136,0.6855873234872459,0.4989621763009977,surface,0.0,0.0,0.0,0.0,0.9,0.9,0.0,-0.02,9.6,1.0,0,0.7653968308718115,1.0,,strong_candidate
120,2,30,Q,V,Q30V,-2.90378475189209,-0.7135367199885536,0.6600747653737737,0.3032999105288746,partial,0.0,0.0,0.0,0.0,0.9,0.9,0.0,0.061,10.0,1.0,0,0.7650186913434435,1.0,,strong_candidate
121,107,165,W,K,W165K,-2.888694524765014,-1.7855969438456043,0.8038933500587384,0.3511308504822781,surface,0.09999999999999998,13.0,0.0,13.0,0.72,0.72,0.0,0.005,9.6,1.0,0,0.7643593024269654,0.8333333333333334,,strong_candidate
122,108,166,A,L,A166L,-1.9732558727264404,-0.2886719615946447,0.6030784820727348,0.2236194418060526,partial,0.19999999999999996,4.8,0.0,4.8,0.72,0.72,0.0,0.027,10.0,1.0,0,0.7639275152550259,0.8333333333333334,,strong_candidate
123,15,73,R,L,R73L,-2.278538942337036,-0.6672558250179463,0.6538661096802725,0.2761785108810741,partial,0.0,0.0,0.0,0.0,0.9,0.9,0.0,0.054,10.0,1.0,0,0.7634665274200682,1.0,,strong_candidate
124,29,87,L,A,L87A,-2.6635923385620117,0.2695591457960802,0.5281908908670754,0.3004260978551883,partial,0.19999999999999996,0.0,0.0,0.0,0.95,0.95,0.0,-0.027,10.0,1.0,0,0.7620477227167689,0.8333333333333334,,strong_candidate
125,19,77,L,F,L77F,-3.284766435623169,-0.6245624387201474,0.6481387239829773,0.3184503995871273,partial,0.0,0.0,0.0,0.0,0.95,0.95,0.0,-0.023,10.0,1.0,0,0.7620346809957443,1.0,,strong_candidate
126,96,154,S,E,S154E,-3.1049203872680664,-1.9738283636343965,0.8291448945007746,0.6509636980785455,surface,0.0,13.0,0.0,13.0,0.8,0.8,0.0,-0.023,10.0,1.0,0,0.7616721885374743,0.8333333333333334,,strong_candidate
127,12,40,N,K,N40K,-3.1508734226226807,-0.7855493173308616,0.6697353698797384,0.4223781424869389,surface,0.0,0.0,0.0,0.0,0.9,0.9,0.0,0.022,9.6,1.0,0,0.7614338424699346,1.0,,strong_candidate
128,12,40,N,S,N40S,-2.307880401611328,0.7496680012517345,0.4637835240514986,0.4223781424869389,surface,0.30000000000000004,0.0,0.0,0.0,0.9,0.9,0.0,0.034,10.0,1.0,0,0.7609458810128747,0.8333333333333334,,strong_candidate
129,12,40,N,T,N40T,-2.9837112426757812,0.3137675324894076,0.5222602654563451,0.4223781424869389,surface,0.19999999999999996,0.0,0.0,0.0,0.9,0.9,0.0,0.019,10.0,1.0,0,0.7605650663640863,0.8333333333333334,,strong_candidate
130,23,81,I,S,I81S,-2.9009764194488525,-0.5798435459958853,0.6421396133759787,0.3079085484916104,partial,0.0,0.0,0.0,0.0,0.95,0.95,0.0,-0.02,10.0,1.0,0,0.7605349033439947,1.0,,strong_candidate
131,6,34,S,E,S34E,-2.9123411178588867,-0.565275931604134,0.6401853447281594,0.4204030645018579,surface,0.0,0.0,0.0,0.0,0.9,0.9,0.0,-0.023,10.0,1.0,0,0.7600463361820399,1.0,,strong_candidate
132,59,117,S,R,S117R,-3.5428202152252197,-1.5550350997774558,0.772963111851656,0.2408172241987686,partial,0.0,8.0,0.0,8.0,0.8,0.8,0.0,-0.02,9.6,1.0,0,0.7591706025243176,0.8333333333333334,,strong_candidate
133,4,32,L,T,L32T,-2.7660012245178223,-0.5348446329979311,0.6361029376037504,0.2770711542124895,partial,0.0,0.0,0.0,0.0,0.9,0.9,0.0,-0.049,10.0,1.0,0,0.7590257344009376,1.0,,strong_candidate
134,30,88,L,T,L88T,-3.1591503620147705,-0.5220792129028666,0.634390436188134,0.5214599293043295,surface,0.0,0.0,0.0,0.0,0.95,0.95,0.0,-0.049,10.0,1.0,0,0.7585976090470335,1.0,,strong_candidate
135,38,96,V,S,V96S,-3.1493544578552246,-0.518341095649987,0.6338889618112922,0.4094831307261785,surface,0.0,0.0,0.0,0.0,0.95,0.95,0.0,-0.053,10.0,1.0,0,0.758472240452823,1.0,,strong_candidate
136,97,155,S,A,S155A,-2.804288387298584,-1.311354471676509,0.7402729678945061,0.2655740282627206,partial,0.0,8.0,0.0,8.0,0.8,0.8,0.0,0.007,10.0,1.0,0,0.7569980665350301,0.8333333333333334,,strong_candidate
137,21,79,R,I,R79I,-2.59048843383789,-0.4381845407001208,0.6231358324351859,0.1445311026423895,buried,0.0,0.0,0.0,0.0,0.95,0.95,0.0,0.04,10.0,1.0,0,0.7557839581087965,1.0,,strong_candidate
138,56,114,S,N,S114N,-2.4977505207061768,-0.3466435246394894,0.6108554594883213,0.7674572776813657,surface,0.19999999999999996,7.8,0.0,7.8,0.8,0.8,0.0,-0.034,10.0,1.0,0,0.7553454438194488,0.8333333333333334,,strong_candidate
139,20,78,R,T,R78T,-3.0280210971832275,-0.377946347236616,0.615054782942713,0.2081572970975456,partial,0.0,0.0,0.0,0.0,0.95,0.95,0.0,0.005,10.0,1.0,0,0.7537636957356783,1.0,,strong_candidate
140,5,33,D,V,D33V,-2.940730094909668,-0.3606937337207796,0.6127403173905472,0.2364749388819394,partial,0.0,0.0,0.0,0.0,0.9,0.9,0.0,0.074,10.0,1.0,0,0.7531850793476368,1.0,,strong_candidate
141,14,72,Y,T,Y72T,-2.9181008338928223,-0.3333857876974946,0.60907691298441,0.5588428900613157,surface,0.0,0.0,0.0,0.0,0.9,0.95,0.05,-0.036,10.0,1.0,0,0.7522692282461025,1.0,,strong_candidate
142,109,167,S,R,S167R,-2.6144425868988037,-1.8343972981668912,0.8104399952326089,0.5274912426766627,surface,0.0,13.0,0.0,13.0,0.72,0.72,0.0,-0.02,9.6,1.0,0,0.750995963720433,0.8333333333333334,,strong_candidate
143,3,31,S,K,S31K,-3.073072910308838,-0.4636401926771327,0.626550748648004,0.428683329856415,surface,0.0,0.0,0.0,0.0,0.9,0.9,0.0,-0.012,9.6,1.0,0,0.750637687162001,1.0,,strong_candidate
144,3,31,S,R,S31R,-2.764829158782959,-0.460043493448012,0.6260682457240463,0.428683329856415,surface,0.0,0.0,0.0,0.0,0.9,0.9,0.0,-0.02,9.6,1.0,0,0.7505170614310116,1.0,,strong_candidate
145,105,163,W,E,W163E,-2.971647262573242,-2.675050126597313,0.9232149096504736,0.6387023211729816,surface,0.0,23.0,10.0,13.0,0.72,0.54,-0.18,-0.006,10.0,1.0,0,0.7501019730266535,0.8333333333333334,,strong_candidate
146,42,100,Y,Q,Y100Q,-2.922286033630371,-1.6267605085042192,0.7825851895479266,0.4292125588633806,surface,0.0,13.0,0.0,13.0,0.95,0.95,0.0,-0.021,10.0,1.0,0,0.7500322622992623,0.8333333333333334,,strong_candidate
147,32,90,A,L,A90L,-0.912675142288208,-2.0493498649922515,0.8392762240631133,0.4430165830856807,surface,0.8,0.0,0.0,0.0,0.95,0.95,0.0,0.027,10.0,1.0,4,0.8893428655395879,1.0,surface_hydrophobic_gain,candidate
148,18,76,A,L,A76L,-2.569190263748169,-1.7678798654841898,0.8015165758085718,0.4786943601206345,surface,0.8,0.0,0.0,0.0,0.95,0.95,0.0,0.027,10.0,1.0,4,0.8799029534759525,1.0,surface_hydrophobic_gain,candidate
149,8,36,W,A,W36A,-2.87699294090271,-3.609356800753602,1.0,0.7212115673883676,surface,0.0,0.0,0.0,0.0,0.9,0.95,0.05,0.024,10.0,1.0,4,0.8428571428571429,1.0,surface_hydrophobic_gain,candidate
150,17,75,M,G,M75G,-3.0874204635620117,-3.714119853797797,1.0,0.3176892374043691,partial,0.0,0.0,0.0,0.0,0.95,0.9,-0.05,0.007,10.0,1.0,4,0.8428571428571429,1.0,new_glycine,candidate
151,38,96,V,A,V96A,-2.5513830184936523,-2.2538402423833475,0.866708933535602,0.4094831307261785,surface,0.19999999999999996,0.0,0.0,0.0,0.95,0.95,0.0,-0.046,10.0,1.0,4,0.8395343762410434,1.0,surface_hydrophobic_gain,candidate
152,14,72,Y,F,Y72F,-2.967867612838745,-7.099386622339239,1.0,0.5588428900613157,surface,0.19999999999999996,0.0,0.0,0.0,0.9,0.9,0.0,-0.01,10.0,1.0,4,0.8395238095238096,1.0,surface_hydrophobic_gain,candidate
153,32,90,A,V,A90V,-2.3575007915496826,-0.4961187917116945,0.6309078043821452,0.4430165830856807,surface,0.8,0.0,0.0,0.0,0.95,0.95,0.0,0.046,10.0,1.0,4,0.8372507606193459,1.0,surface_hydrophobic_gain,candidate
154,32,90,A,G,A90G,-3.493114233016968,-0.2767205369036389,0.6014751794356448,0.4430165830856807,surface,0.6,0.0,0.0,0.0,0.95,0.95,0.0,-0.027,10.0,1.0,4,0.833225937716054,1.0,new_glycine,candidate
155,110,168,A,L,A168L,-2.599363088607788,-1.1673513116308245,0.7209547148644465,0.5955505016694459,surface,0.8,7.8,0.0,7.8,0.72,0.72,0.0,0.031,10.0,1.0,4,0.8323940671872896,0.8333333333333334,surface_hydrophobic_gain,candidate
156,39,97,L,I,L97I,-2.335787296295166,-2.851736670007881,0.9469176905584002,0.4686318450304153,surface,0.19999999999999996,0.0,0.0,0.0,0.95,0.95,0.0,-0.014,10.0,1.0,4,0.8262532321634096,1.0,surface_hydrophobic_gain,candidate
157,32,90,A,M,A90M,-3.9671671390533447,-0.0175227962195663,0.566703390137645,0.4430165830856807,surface,0.8,0.0,0.0,0.0,0.95,0.95,0.0,-0.034,10.0,1.0,4,0.8211996570582208,1.0,surface_hydrophobic_gain,candidate
158,52,110,I,V,I110V,-2.934608459472656,-2.295092301594053,0.8722429629110031,0.4299745091071794,surface,0.4666666666666667,7.8,0.0,7.8,0.8,0.8,0.0,0.033,10.0,1.0,4,0.8202161291989287,0.8333333333333334,surface_hydrophobic_gain,candidate
159,13,41,F,A,F41A,-3.0839059352874756,-2.548769951886129,0.9062742233004182,0.462133096451794,surface,0.0,0.0,0.0,0.0,0.9,0.9,0.0,-0.004,10.0,1.0,4,0.8194256986822475,1.0,surface_hydrophobic_gain,candidate
160,39,97,L,A,L97A,-2.803443670272827,-1.5971100492545247,0.7786075332655134,0.4686318450304153,surface,0.19999999999999996,0.0,0.0,0.0,0.95,0.95,0.0,-0.027,10.0,1.0,4,0.8175090261735213,1.0,surface_hydrophobic_gain,candidate
161,32,90,A,F,A90F,-2.209113121032715,-0.7579472157939904,0.6660325040434505,0.4430165830856807,surface,0.6,0.0,0.0,0.0,0.95,0.95,0.0,0.004,10.0,1.0,4,0.8160319355346721,1.0,surface_hydrophobic_gain,candidate
162,39,97,L,V,L97V,-2.4010331630706787,-2.0873014327320334,0.8443674872565874,0.4686318450304153,surface,0.30000000000000004,0.0,0.0,0.0,0.95,0.95,0.0,0.019,10.0,1.0,4,0.8156156813379565,1.0,surface_hydrophobic_gain,candidate
163,36,94,L,I,L94I,-1.9209121465682983,-2.4034301325123693,0.8867766552948639,0.4920968850843175,surface,0.19999999999999996,0.0,0.0,0.0,0.95,0.95,0.0,-0.014,10.0,1.0,4,0.8112179733475255,1.0,surface_hydrophobic_gain,candidate
164,8,36,W,L,W36L,-2.0354857444763184,-5.484433387118202,1.0,0.7212115673883676,surface,0.0,0.0,0.0,0.0,0.9,0.9,0.0,0.051,10.0,1.0,4,0.8095238095238095,1.0,surface_hydrophobic_gain,candidate
165,14,72,Y,L,Y72L,-2.2516777515411377,-3.453729689939138,1.0,0.5588428900613157,surface,0.0,0.0,0.0,0.0,0.9,0.9,0.0,0.013,10.0,1.0,4,0.8095238095238095,1.0,surface_hydrophobic_gain,candidate
166,69,127,T,N,T127N,-3.2499845027923584,-1.9374902488377188,0.8242700785866317,0.3445728777177935,partial,0.8,28.8,7.2,21.6,0.46,0.46,0.0,-0.019,10.0,1.0,15,0.7982291737819962,0.6666666666666666,antibody_interface_mutation;protected_epitope_or_contact,candidate
167,14,72,Y,A,Y72A,-3.2417550086975098,-1.8931726855101945,0.818324806956723,0.5588428900613157,surface,0.0,0.0,0.0,0.0,0.9,0.95,0.05,-0.014,10.0,1.0,4,0.7974383445963237,1.0,surface_hydrophobic_gain,candidate
168,98,156,W,G,W156G,-2.589841842651367,-3.742251065022287,1.0,0.3846290466752396,surface,0.0,13.0,0.0,13.0,0.8,0.8,0.0,-0.003,10.0,1.0,4,0.7972431077694236,0.8333333333333334,new_glycine,candidate
169,54,112,G,A,G112A,-2.6025619506835938,-3.6108479072594264,1.0,0.8765474868352958,surface,0.0,13.0,0.0,13.0,0.46,0.5,0.04,0.027,10.0,1.0,4,0.7972431077694236,0.8333333333333334,surface_hydrophobic_gain,candidate
170,107,165,W,A,W165A,-2.6551620960235596,-3.5351631448017145,1.0,0.3511308504822781,surface,0.0,13.0,0.0,13.0,0.72,0.72,0.0,0.024,10.0,1.0,4,0.7972431077694236,0.8333333333333334,surface_hydrophobic_gain,candidate
171,42,100,Y,A,Y100A,-2.8433637619018555,-3.775843689606887,1.0,0.4292125588633806,surface,0.0,13.0,0.0,13.0,0.95,0.95,0.0,-0.014,10.0,1.0,4,0.7972431077694236,0.8333333333333334,surface_hydrophobic_gain,candidate
172,111,169,R,A,R169A,-2.8574657440185547,-3.2748442051413633,1.0,0.5884515364932383,surface,0.0,13.0,0.0,13.0,0.72,0.95,0.23,0.038,10.0,1.0,4,0.7972431077694236,0.8333333333333334,surface_hydrophobic_gain,candidate
173,38,96,V,L,V96L,-1.257968544960022,-1.9649652552033672,0.8279558944034909,0.4094831307261785,surface,0.19999999999999996,0.0,0.0,0.0,0.95,0.95,0.0,-0.019,10.0,1.0,4,0.7965127831246823,1.0,surface_hydrophobic_gain,candidate
174,34,92,I,F,I92F,-2.406355142593384,-2.773888170907952,0.9364741905466943,0.4168462877701234,surface,0.0,0.0,0.0,0.0,0.95,0.95,0.0,-0.009,10.0,1.0,4,0.7936423571604831,1.0,surface_hydrophobic_gain,candidate
175,18,76,A,G,A76G,-2.807921886444092,0.9303863791774633,0.439539866128689,0.4786943601206345,surface,0.6,0.0,0.0,0.0,0.95,0.95,0.0,-0.027,10.0,1.0,4,0.7927421093893151,0.8333333333333334,new_glycine,candidate
176,67,125,M,L,M125L,-3.0662899017333984,-3.943340254600372,1.0,0.6247950101574824,surface,0.8,31.8,7.2,24.6,0.46,0.46,0.0,0.061,10.0,1.0,19,0.7911591478696742,0.6666666666666666,antibody_interface_mutation;protected_epitope_or_contact;surface_hydrophobic_gain,candidate
177,30,88,L,V,L88V,-2.2024831771850586,-1.7950541969763665,0.8051620556127792,0.5214599293043295,surface,0.19999999999999996,0.0,0.0,0.0,0.95,0.95,0.0,0.019,10.0,1.0,4,0.7908143234270044,1.0,surface_hydrophobic_gain,candidate
178,10,38,S,A,S38A,-2.9455654621124268,-1.570159165939117,0.774992029389727,0.4989621763009977,surface,0.0,0.0,0.0,0.0,0.9,0.9,0.0,0.007,10.0,1.0,4,0.7866051502045747,1.0,surface_hydrophobic_gain,candidate
179,109,167,S,A,S167A,-2.7212560176849365,-2.9232145965363543,0.9565065681240245,0.5274912426766627,surface,0.0,13.0,0.0,13.0,0.72,0.72,0.0,0.007,10.0,1.0,4,0.7863697498004297,0.8333333333333334,surface_hydrophobic_gain,candidate
180,56,114,S,A,S114A,-2.80714750289917,-2.259767431558089,0.8675040753935888,0.7674572776813657,surface,0.09999999999999998,13.0,0.0,13.0,0.8,0.8,0.0,0.007,10.0,1.0,4,0.7791191266178208,0.8333333333333334,surface_hydrophobic_gain,candidate
181,100,158,F,L,F158L,-2.4369068145751953,-4.112460280708575,1.0,0.3572566805784752,surface,0.09999999999999998,13.0,0.0,13.0,0.8,0.8,0.0,0.023,10.0,1.0,4,0.7789097744360903,0.8333333333333334,surface_hydrophobic_gain,candidate
182,32,90,A,C,A90C,-4.100556373596191,0.6648362951426634,0.475163832393807,0.4430165830856807,surface,0.8,0.0,0.0,0.0,0.95,0.95,0.0,0.05,9.3,0.33333333333333337,10,0.7771004819079756,0.6666666666666666,new_cysteine,candidate
183,38,96,V,I,V96I,-2.340820550918579,-1.3850372118621408,0.7501576247201104,0.4094831307261785,surface,0.19999999999999996,0.0,0.0,0.0,0.95,0.95,0.0,-0.033,10.0,1.0,4,0.7770632157038372,1.0,surface_hydrophobic_gain,candidate
184,6,34,S,A,S34A,-2.877260208129883,-1.2736059444250143,0.7352089429055744,0.4204030645018579,surface,0.0,0.0,0.0,0.0,0.9,0.9,0.0,0.007,10.0,1.0,4,0.7766593785835365,1.0,surface_hydrophobic_gain,candidate
185,31,89,L,V,L89V,-2.102501392364502,-1.3628087868417538,0.7471756461380619,0.5400515932916183,surface,0.19999999999999996,0.0,0.0,0.0,0.95,0.95,0.0,0.019,10.0,1.0,4,0.7763177210583251,1.0,surface_hydrophobic_gain,candidate
186,9,37,T,A,T37A,-2.9048945903778076,-1.24055002149521,0.7307744382523604,0.449141958157238,surface,0.0,0.0,0.0,0.0,0.9,0.9,0.0,0.022,10.0,1.0,4,0.775550752420233,1.0,surface_hydrophobic_gain,candidate
187,18,76,A,F,A76F,-3.1222259998321533,0.4618275331295081,0.5023977808060858,0.4786943601206345,surface,0.6,0.0,0.0,0.0,0.95,0.95,0.0,0.004,10.0,1.0,4,0.775123254725331,0.8333333333333334,surface_hydrophobic_gain,candidate
188,24,82,I,T,I82T,-3.1871533393859863,-1.5310429574359148,0.7697445277848893,0.1423960518770025,buried,0.0,0.0,0.0,0.0,0.95,0.95,0.0,-0.035,10.0,1.0,10,0.7745789890890795,0.8333333333333334,buried_hydrophobic_loss,candidate
189,37,95,L,I,L95I,-2.3614771366119385,-1.2358508674453788,0.7301440392601919,0.4686318450304153,surface,0.19999999999999996,0.0,0.0,0.0,0.95,0.95,0.0,-0.014,10.0,1.0,4,0.7720598193388576,1.0,surface_hydrophobic_gain,candidate
190,34,92,I,A,I92A,-2.516878604888916,-0.1629714944705824,0.5862155644178102,0.4168462877701234,surface,0.19999999999999996,0.0,0.0,0.0,0.95,0.95,0.0,-0.013,10.0,1.0,4,0.7694110339615955,1.0,surface_hydrophobic_gain,candidate
191,0,28,I,A,I28A,-4.4393229484558105,-0.152031485062821,0.5847479447501355,0.5320478205960862,surface,0.19999999999999996,0.0,0.0,0.0,0.9,0.9,0.0,-0.022,10.0,1.0,4,0.7690441290446768,1.0,surface_hydrophobic_gain,candidate
192,16,74,W,G,W74G,-3.0705037117004395,-1.007700645541405,0.6995373240033396,0.2833460836872859,partial,0.0,0.0,0.0,0.0,0.95,0.9,-0.05,-0.003,10.0,1.0,4,0.7677414738579778,1.0,new_glycine,candidate
193,37,95,L,A,L95A,-2.673393726348877,-0.1078813715299134,0.5788251367765883,0.4686318450304153,surface,0.19999999999999996,0.0,0.0,0.0,0.95,0.95,0.0,-0.027,10.0,1.0,4,0.76756342705129,1.0,surface_hydrophobic_gain,candidate
194,37,95,L,V,L95V,-2.3046936988830566,-1.0102389641654952,0.6998778434852422,0.4686318450304153,surface,0.19999999999999996,0.0,0.0,0.0,0.95,0.95,0.0,0.019,10.0,1.0,4,0.7644932703951202,1.0,surface_hydrophobic_gain,candidate
195,111,169,R,V,R169V,-2.774751901626587,-3.907097756200727,1.0,0.5884515364932383,surface,0.0,13.0,0.0,13.0,0.72,0.95,0.23,0.102,10.0,1.0,4,0.7639097744360903,0.8333333333333334,surface_hydrophobic_gain,candidate
196,107,165,W,V,W165V,-2.8808133602142334,-4.146225787541681,1.0,0.3511308504822781,surface,0.0,13.0,0.0,13.0,0.72,0.72,0.0,0.07,10.0,1.0,4,0.7639097744360903,0.8333333333333334,surface_hydrophobic_gain,candidate
197,8,36,W,V,W36V,-2.90981388092041,-1.8515968055892813,0.8127473365178468,0.7212115673883676,surface,0.0,0.0,0.0,0.0,0.9,0.95,0.05,0.07,10.0,1.0,4,0.7627106436532712,1.0,surface_hydrophobic_gain,candidate
198,104,162,L,A,L162A,-2.878992795944214,-0.7741515852763143,0.6682063459907577,0.3831635196149266,surface,0.19999999999999996,7.8,0.0,7.8,0.72,0.95,0.23,-0.027,10.0,1.0,4,0.7625403083022008,0.8333333333333334,surface_hydrophobic_gain,candidate
199,56,114,S,P,S114P,-2.5782675743103027,-2.8321203378397684,0.9442861283883404,0.7674572776813657,surface,0.09999999999999998,13.0,0.0,13.0,0.8,0.8,0.0,0.007,9.2,0.6666666666666667,8,0.7625051160569849,0.6666666666666666,new_proline,candidate
200,54,112,G,P,G112P,-2.1536412239074707,-3.482102334005134,1.0,0.8765474868352958,surface,0.0,13.0,0.0,13.0,0.46,0.46,0.0,0.027,9.2,0.6666666666666667,8,0.7614335839598998,0.6666666666666666,new_proline,candidate
201,3,31,S,G,S31G,-2.9935944080352783,-0.6957578904492152,0.6576897071048421,0.428683329856415,surface,0.0,0.0,0.0,0.0,0.9,0.9,0.0,-0.02,10.0,1.0,4,0.7572795696333534,1.0,new_glycine,candidate
202,36,94,L,A,L94A,-2.632941484451294,0.2956155464953554,0.5246953832573706,0.4920968850843175,surface,0.19999999999999996,0.0,0.0,0.0,0.95,0.95,0.0,-0.027,10.0,1.0,4,0.7540309886714855,0.8333333333333334,surface_hydrophobic_gain,candidate
203,110,168,A,V,A168V,-3.2154037952423096,2.076410650239239,0.2857988868339474,0.5955505016694459,surface,1.0,7.8,0.0,7.8,0.72,0.72,0.0,0.053,10.0,1.0,4,0.7536051101796648,0.6666666666666666,surface_hydrophobic_gain,candidate
204,105,163,W,S,W163S,-2.3869447708129883,-2.6352848234828627,0.9178803309708234,0.6387023211729816,surface,0.0,23.0,10.0,13.0,0.72,0.54,-0.18,0.017,10.0,1.0,0,0.748768328356741,0.8333333333333334,,candidate
205,111,169,R,S,R169S,-2.434800863265991,-1.5878739653091998,0.7773684979095805,0.5884515364932383,surface,0.0,13.0,0.0,13.0,0.72,0.72,0.0,0.028,10.0,1.0,0,0.7487280893896758,0.8333333333333334,,candidate
206,26,84,L,A,L84A,-2.744758367538452,0.6921779624647115,0.47149590422179,0.3244585001644404,partial,0.19999999999999996,0.0,0.0,0.0,0.95,0.95,0.0,-0.027,10.0,1.0,0,0.7478739760554476,0.8333333333333334,,candidate
207,105,163,W,A,W163A,-2.6980795860290527,-1.7442525332462822,0.7983469315976227,0.6387023211729816,surface,0.0,13.0,0.0,13.0,0.72,0.72,0.0,0.024,10.0,1.0,4,0.7468298406688293,0.8333333333333334,surface_hydrophobic_gain,candidate
208,6,34,S,D,S34D,-2.7596895694732666,-0.1644230905824031,0.5864102983457096,0.4204030645018579,surface,0.0,0.0,0.0,0.0,0.9,0.9,0.0,-0.021,10.0,1.0,0,0.7466025745864274,1.0,,candidate
209,14,72,Y,W,Y72W,-3.2253332138061523,-0.4761439230447308,0.6282281439703308,0.5588428900613157,surface,0.19999999999999996,0.0,0.0,0.0,0.9,0.9,0.0,-0.038,10.0,1.0,4,0.7465808455163923,1.0,surface_hydrophobic_gain,candidate
210,12,40,N,R,N40R,-2.3860039710998535,-0.3424998466068416,0.610299578487624,0.4223781424869389,surface,0.0,0.0,0.0,0.0,0.9,0.9,0.0,0.014,9.6,1.0,0,0.746574894621906,1.0,,candidate
211,27,85,F,C,F85C,-3.715261936187744,-2.0027189442276665,0.8330206118524567,0.2488445592531738,partial,0.0,0.0,0.0,0.0,0.95,0.95,0.0,0.046,9.3,0.33333333333333337,10,0.746564676772638,0.8333333333333334,new_cysteine,candidate
212,105,163,W,R,W163R,-2.7786271572113037,-2.746996096415586,0.9328665759680842,0.6387023211729816,surface,0.0,23.0,10.0,13.0,0.72,0.54,-0.18,-0.003,9.6,1.0,0,0.7465148896060562,0.8333333333333334,,candidate
213,38,96,V,T,V96T,-3.5656886100769043,-0.1569207826591423,0.5854038518015852,0.4094831307261785,surface,0.0,0.0,0.0,0.0,0.95,0.95,0.0,-0.068,10.0,1.0,0,0.7463509629503963,1.0,,candidate
214,97,155,S,T,S155T,-2.840881824493408,0.2381999857270216,0.53239777208296,0.2655740282627206,partial,0.19999999999999996,4.8,0.0,4.8,0.8,0.8,0.0,-0.015,10.0,1.0,0,0.7462573377575822,0.6666666666666666,,candidate
215,28,86,I,L,I86L,-0.9970988035202026,0.7466454866067807,0.46418899919995893,0.2519341702429387,partial,0.19999999999999996,0.0,0.0,0.0,0.95,0.95,0.0,0.014,10.0,1.0,0,0.7460472497999898,0.8333333333333334,,candidate
216,22,80,F,K,F80K,-3.2136340141296387,-0.31695949278037,0.6068732993869396,0.2611030537874812,partial,0.0,0.0,0.0,0.0,0.95,0.95,0.0,-0.023,9.6,1.0,0,0.745718324846735,1.0,,candidate
217,9,37,T,K,T37K,-2.880357265472412,-0.3167510691772577,0.6068453390289787,0.449141958157238,surface,0.0,0.0,0.0,0.0,0.9,0.9,0.0,0.003,9.6,1.0,0,0.7457113347572447,1.0,,candidate
218,34,92,I,L,I92L,-1.203979253768921,-0.4468093136206335,0.6242928594445405,0.4168462877701234,surface,0.19999999999999996,0.0,0.0,0.0,0.95,0.95,0.0,0.014,10.0,1.0,4,0.7455970243849447,1.0,surface_hydrophobic_gain,candidate
219,69,127,T,D,T127D,-3.0433385372161865,-4.362368624522048,1.0,0.3445728777177935,partial,0.6,48.0,12.0,36.0,0.46,0.46,0.0,-0.006,10.0,1.0,15,0.7447932330827067,0.6666666666666666,antibody_interface_mutation;protected_epitope_or_contact,candidate
220,0,28,I,P,I28P,-4.086647033691406,-1.3856436232682654,0.7502389757750464,0.5320478205960862,surface,0.0,0.0,0.0,0.0,0.9,0.9,0.0,-0.022,9.2,0.6666666666666667,8,0.7446073629913806,0.8333333333333334,new_proline,candidate
221,0,28,I,V,I28V,-4.451381683349609,-0.4136109623946424,0.6198392478087886,0.5320478205960862,surface,0.19999999999999996,0.0,0.0,0.0,0.9,0.9,0.0,0.058,10.0,1.0,4,0.7444836214760068,1.0,surface_hydrophobic_gain,candidate
222,105,163,W,V,W163V,-2.9667577743530273,-2.6432489087503086,0.9189487256803609,0.6387023211729816,surface,0.0,13.0,0.0,13.0,0.72,0.72,0.0,0.07,10.0,1.0,4,0.7436469558561805,0.8333333333333334,surface_hydrophobic_gain,candidate
223,98,156,W,L,W156L,-2.810150623321533,-2.194272638601177,0.8587178447157926,0.3846290466752396,surface,0.09999999999999998,13.0,0.0,13.0,0.8,0.8,0.0,0.051,10.0,1.0,4,0.7435892356150384,0.8333333333333334,surface_hydrophobic_gain,candidate
224,9,37,T,E,T37E,-3.0468807220458984,-0.0528210356933414,0.5714387051227725,0.449141958157238,surface,0.0,0.0,0.0,0.0,0.9,0.9,0.0,-0.008,10.0,1.0,0,0.7428596762806932,1.0,,candidate
225,36,94,L,M,L94M,-4.075848579406738,-0.356780274907635,0.6122153206644263,0.4920968850843175,surface,0.19999999999999996,0.0,0.0,0.0,0.95,0.95,0.0,-0.061,10.0,1.0,4,0.7425776396899162,1.0,surface_hydrophobic_gain,candidate
226,75,133,M,A,M133A,-2.820490837097168,-2.2754208428599156,0.8696040054244044,0.7714121856027483,surface,0.4666666666666667,31.8,7.2,24.6,0.46,0.46,0.0,0.034,10.0,1.0,19,0.7418934825591086,0.6666666666666666,antibody_interface_mutation;protected_epitope_or_contact;surface_hydrophobic_gain,candidate
227,90,148,T,I,T148I,-3.0468533039093018,-0.848442153757361,0.6781725439492505,0.2579890499186791,partial,0.0,8.0,0.0,8.0,0.46,0.46,0.0,0.035,10.0,1.0,0,0.7414729605487161,0.8333333333333334,,candidate
228,40,98,L,R,L98R,-3.305981159210205,-0.1724805256866091,0.5874912160843686,0.2343159225152076,partial,0.0,0.0,0.0,0.0,0.95,0.95,0.0,-0.054,9.6,1.0,0,0.7408728040210921,1.0,,candidate
229,21,79,R,V,R79V,-2.824200391769409,0.019533301698857,0.5617322556454043,0.1445311026423895,buried,0.0,0.0,0.0,0.0,0.95,0.95,0.0,0.073,10.0,1.0,0,0.7404330639113511,0.8333333333333334,,candidate
230,107,165,W,T,W165T,-2.7418553829193115,-1.3293205737347762,0.7426831490698036,0.3511308504822781,surface,0.0,13.0,0.0,13.0,0.72,0.72,0.0,0.002,10.0,1.0,0,0.7400567521797317,0.8333333333333334,,candidate
231,27,85,F,V,F85V,-1.9273275136947632,0.0361392931184241,0.5595045354762329,0.2488445592531738,partial,0.0,0.0,0.0,0.0,0.95,0.95,0.0,0.042,10.0,1.0,0,0.7398761338690583,0.8333333333333334,,candidate
232,19,77,L,T,L77T,-2.780327558517456,0.0424987176439515,0.558651408558249,0.3184503995871273,partial,0.0,0.0,0.0,0.0,0.95,0.95,0.0,-0.049,10.0,1.0,0,0.7396628521395623,0.8333333333333334,,candidate
233,54,112,G,R,G112R,-3.256814479827881,-1.0252486388200737,0.7018914152206404,0.8765474868352958,surface,0.09999999999999998,13.0,0.0,13.0,0.46,0.5,0.04,-0.0,9.6,1.0,0,0.7388588187174409,0.8333333333333334,,candidate
234,17,75,M,K,M75K,-2.677659749984741,-0.055352624586817,0.5717783218006061,0.3176892374043691,partial,0.0,0.0,0.0,0.0,0.95,0.9,-0.05,0.015,9.6,1.0,0,0.7369445804501515,1.0,,candidate
235,7,35,W,A,W35A,-2.9494733810424805,0.1296157226287277,0.5469645237358399,0.219953902763675,partial,0.0,0.0,0.0,0.0,0.9,0.9,0.0,0.024,10.0,1.0,0,0.73674113093396,0.8333333333333334,,candidate
236,33,91,L,A,L91A,-2.3239707946777344,1.0242456006302805,0.42694850224018355,0.2571035039025567,partial,0.19999999999999996,0.0,0.0,0.0,0.95,0.95,0.0,-0.027,10.0,1.0,0,0.7367371255600459,0.8333333333333334,,candidate
237,25,83,F,T,F83T,-3.059309959411621,0.1366551693717781,0.5460201707554557,0.1771726309733192,partial,0.0,0.0,0.0,0.0,0.95,0.95,0.0,-0.026,10.0,1.0,0,0.736505042688864,0.8333333333333334,,candidate
238,101,159,G,C,G159C,-3.1089835166931152,0.1504482546388885,0.5441698064219878,0.3275772492434347,partial,0.6,8.0,0.0,8.0,0.72,0.72,0.0,0.077,9.3,0.33333333333333337,10,0.7362817999764244,0.5,new_cysteine,candidate
239,0,28,I,T,I28T,-4.505532264709473,0.1490674693376377,0.5443550409669886,0.5320478205960862,surface,0.0,0.0,0.0,0.0,0.9,0.9,0.0,-0.061,10.0,1.0,0,0.7360887602417472,0.8333333333333334,,candidate
240,75,133,M,L,M133L,-2.788644313812256,-2.6476437773822,0.9195383042995927,0.7714121856027483,surface,0.5666666666666667,31.8,7.2,24.6,0.46,0.46,0.0,0.061,10.0,1.0,19,0.7360437239445724,0.6666666666666666,antibody_interface_mutation;protected_epitope_or_contact;surface_hydrophobic_gain,candidate
241,33,91,L,F,L91F,-2.2609896659851074,0.1656294848173161,0.5421332202401192,0.2571035039025567,partial,0.0,0.0,0.0,0.0,0.95,0.95,0.0,-0.023,10.0,1.0,0,0.7355333050600298,0.8333333333333334,,candidate
242,51,109,L,A,L109A,-2.705282211303711,0.5691801161967476,0.4879962609889824,0.2916870936221249,partial,0.19999999999999996,4.8,0.0,4.8,0.8,0.8,0.0,-0.027,10.0,1.0,0,0.7351569599840877,0.6666666666666666,,candidate
243,108,166,A,V,A166V,-2.6656737327575684,0.5780366636238341,0.48680814106081627,0.2236194418060526,partial,0.19999999999999996,4.8,0.0,4.8,0.72,0.72,0.0,0.046,10.0,1.0,0,0.7348599300020462,0.6666666666666666,,candidate
244,8,36,W,S,W36S,-2.4891490936279297,0.2116053133051423,0.5359654897006458,0.7212115673883676,surface,0.0,0.0,0.0,0.0,0.9,0.95,0.05,0.017,10.0,1.0,0,0.7339913724251614,0.8333333333333334,,candidate
245,109,167,S,V,S167V,-2.8406760692596436,-2.3445804712208655,0.8788818796024284,0.5274912426766627,surface,0.0,13.0,0.0,13.0,0.72,0.72,0.0,0.053,10.0,1.0,4,0.7336302443366973,0.8333333333333334,surface_hydrophobic_gain,candidate
246,60,118,T,S,T118S,-1.741141676902771,0.6276976058273647,0.48014604665334204,0.2079456707558219,partial,0.19999999999999996,4.8,0.0,4.8,0.8,0.8,0.0,0.015,10.0,1.0,0,0.7331944064001776,0.6666666666666666,,candidate
247,69,127,T,L,T127L,-2.8925423622131348,-2.4140031783818756,0.8881950462200405,0.3445728777177935,partial,0.8,52.0,16.0,36.0,0.46,0.8,0.34,0.049,10.0,1.0,15,0.7328069069184187,0.6666666666666666,antibody_interface_mutation;protected_epitope_or_contact,candidate
248,108,166,A,R,A166R,-3.0268330574035645,-1.805212373660538,0.8065247911766837,0.2236194418060526,partial,0.0,18.0,10.0,8.0,0.72,0.54,-0.18,-0.027,9.6,1.0,0,0.7324733030573288,0.8333333333333334,,candidate
249,40,98,L,A,L98A,-2.3451693058013916,1.1726363560349284,0.4070416463120273,0.2343159225152076,partial,0.19999999999999996,0.0,0.0,0.0,0.95,0.95,0.0,-0.027,10.0,1.0,0,0.7317604115780069,0.8333333333333334,,candidate
250,4,32,L,R,L32R,-2.793327808380127,0.108791905266969,0.5497580719657439,0.2770711542124895,partial,0.0,0.0,0.0,0.0,0.9,0.9,0.0,-0.054,9.6,1.0,0,0.731439517991436,0.8333333333333334,,candidate
251,27,85,F,G,F85G,-2.8813438415527344,0.083928727666148,0.5530935067983656,0.2488445592531738,partial,0.0,0.0,0.0,0.0,0.95,0.95,0.0,-0.031,10.0,1.0,4,0.7311305195567342,0.8333333333333334,new_glycine,candidate
252,96,154,S,T,S154T,-2.673051357269287,0.3790495424752862,0.513502579952652,0.6509636980785455,surface,0.19999999999999996,7.8,0.0,7.8,0.8,0.8,0.0,-0.015,10.0,1.0,0,0.7310072239355315,0.6666666666666666,,candidate
253,19,77,L,R,L77R,-2.041402816772461,0.1256301944414701,0.5474991886831608,0.3184503995871273,partial,0.0,0.0,0.0,0.0,0.95,0.95,0.0,-0.054,9.6,1.0,0,0.7308747971707902,0.8333333333333334,,candidate
254,110,168,A,G,A168G,-2.2691030502319336,1.4278368838489826,0.3728060894801313,0.5955505016694459,surface,0.6,13.0,0.0,13.0,0.72,0.72,0.0,-0.032,10.0,1.0,4,0.7304446301394564,0.6666666666666666,new_glycine,candidate
255,105,163,W,L,W163L,-2.490191698074341,-2.2453653627794665,0.8655720149531547,0.6387023211729816,surface,0.0,13.0,0.0,13.0,0.72,0.72,0.0,0.051,10.0,1.0,4,0.7303027781743789,0.8333333333333334,surface_hydrophobic_gain,candidate
256,102,160,K,V,K160V,-2.978649616241455,-2.240310635050264,0.8648939151861788,0.4101263481055165,surface,0.0,13.0,0.0,13.0,0.72,0.9,0.18,0.065,10.0,1.0,4,0.730133253232635,0.8333333333333334,surface_hydrophobic_gain,candidate
257,58,116,T,A,T116A,-2.571540355682373,-1.2407995222386603,0.7308079091740515,0.8072122138192673,surface,0.0,13.0,0.0,13.0,0.8,0.8,0.0,0.022,10.0,1.0,4,0.7299450850629364,0.8333333333333334,surface_hydrophobic_gain,candidate
258,40,98,L,M,L98M,-3.2150774002075195,1.2314192597379758,0.399155826256295,0.2343159225152076,partial,0.19999999999999996,0.0,0.0,0.0,0.95,0.95,0.0,-0.061,10.0,1.0,0,0.7297889565640738,0.8333333333333334,,candidate
259,110,168,A,F,A168F,-3.087597608566284,0.4557629706115449,0.5032113515166274,0.5955505016694459,surface,0.6,13.0,0.0,13.0,0.72,0.72,0.0,0.005,10.0,1.0,4,0.7297126123152471,0.6666666666666666,surface_hydrophobic_gain,candidate
260,102,160,K,A,K160A,-2.8064417839050293,-1.2327065137830004,0.7297222192136975,0.4101263481055165,surface,0.0,13.0,0.0,13.0,0.72,0.72,0.0,0.019,10.0,1.0,4,0.7296736625728479,0.8333333333333334,surface_hydrophobic_gain,candidate
261,34,92,I,M,I92M,-3.9179108142852783,0.0363223907692997,0.5594799726350583,0.4168462877701234,surface,0.19999999999999996,0.0,0.0,0.0,0.95,0.95,0.0,-0.047,10.0,1.0,4,0.7293938026825741,0.8333333333333334,surface_hydrophobic_gain,candidate
262,96,154,S,D,S154D,-2.918121814727783,-0.9842277167794578,0.6963883932643474,0.6509636980785455,surface,0.0,13.0,0.0,13.0,0.8,0.8,0.0,-0.021,10.0,1.0,0,0.7284830632283675,0.8333333333333334,,candidate
263,59,117,S,A,S117A,-2.6018757820129395,-0.4548748434998799,0.6253748631101499,0.2408172241987686,partial,0.0,8.0,0.0,8.0,0.8,0.85,0.05,0.007,10.0,1.0,0,0.728273540338941,0.8333333333333334,,candidate
264,112,170,F,G,F170G,-2.569361448287964,0.1700356721323146,0.5415421232015405,0.7690719346952728,surface,0.0,0.0,0.0,0.0,0.72,0.72,0.0,-0.054,10.0,1.0,4,0.728242673657528,0.8333333333333334,new_glycine,candidate
265,3,31,S,V,S31V,-2.865471124649048,-0.8155489591153184,0.6737598695547415,0.428683329856415,surface,0.0,0.0,0.0,0.0,0.9,0.9,0.0,0.053,10.0,1.0,4,0.7279637769124949,1.0,surface_hydrophobic_gain,candidate
266,67,125,M,S,M125S,-1.8290387392044067,-3.790539035104075,1.0,0.6247950101574824,surface,0.6,53.0,12.0,41.0,0.46,0.45,-0.01,0.027,10.0,1.0,15,0.7272493734335839,0.6666666666666666,antibody_interface_mutation;protected_epitope_or_contact,candidate
267,103,161,F,A,F161A,-2.4671802520751953,1.514836770776185,0.3611349162314812,0.2264302905074843,partial,0.43333333333333335,8.0,0.0,8.0,0.72,0.9,0.18,-0.004,10.0,1.0,0,0.7272135536192739,0.6666666666666666,,candidate
268,67,125,M,N,M125N,-2.6600217819213867,-3.2422551053846576,0.9993063599814753,0.6247950101574824,surface,0.6,53.0,12.0,41.0,0.46,0.45,-0.01,-0.007,10.0,1.0,15,0.7270759634289528,0.6666666666666666,antibody_interface_mutation;protected_epitope_or_contact,candidate
269,42,100,Y,R,Y100R,-2.797839641571045,-1.120611118213276,0.7146844435535414,0.4292125588633806,surface,0.0,13.0,0.0,13.0,0.95,0.95,0.0,-0.041,9.6,1.0,0,0.727057075800666,0.8333333333333334,,candidate
270,112,170,F,T,F170T,-2.777348041534424,0.433369629633006,0.5062154538368444,0.7690719346952728,surface,0.0,0.0,0.0,0.0,0.72,0.72,0.0,-0.045,10.0,1.0,0,0.7265538634592111,0.8333333333333334,,candidate
271,19,77,L,N,L77N,-2.6414976119995117,0.4379240185931792,0.5056044753117758,0.3184503995871273,partial,0.0,0.0,0.0,0.0,0.95,0.95,0.0,-0.068,10.0,1.0,0,0.726401118827944,0.8333333333333334,,candidate
272,20,78,R,F,R78F,-2.771758556365967,0.532718141613941,0.49288769289049617,0.2081572970975456,partial,0.0,0.0,0.0,0.0,0.95,0.95,0.0,0.031,10.0,1.0,0,0.723221923222624,0.8333333333333334,,candidate
273,30,88,L,G,L88G,-3.123105049133301,0.3240661320710103,0.5208786919373365,0.5214599293043295,surface,0.0,0.0,0.0,0.0,0.95,0.9,-0.05,-0.054,10.0,1.0,4,0.723076815841477,0.8333333333333334,new_glycine,candidate
274,26,84,L,V,L84V,-2.308265686035156,1.4328106544000718,0.37213885024740256,0.3244585001644404,partial,0.19999999999999996,0.0,0.0,0.0,0.95,0.95,0.0,0.019,10.0,1.0,0,0.7230347125618507,0.8333333333333334,,candidate
275,31,89,L,A,L89A,-2.412355422973633,1.2232773932469456,0.40024807059982737,0.5400515932916183,surface,0.19999999999999996,0.0,0.0,0.0,0.95,0.95,0.0,-0.027,10.0,1.0,4,0.7229191605070998,0.8333333333333334,surface_hydrophobic_gain,candidate
276,7,35,W,G,W35G,-3.1981494426727295,0.329415116556305,0.5201611171583662,0.219953902763675,partial,0.0,0.0,0.0,0.0,0.9,0.9,0.0,-0.003,10.0,1.0,4,0.7228974221467345,0.8333333333333334,new_glycine,candidate
277,3,31,S,A,S31A,-2.8008015155792236,0.3507924009028897,0.5172933204518785,0.428683329856415,surface,0.0,0.0,0.0,0.0,0.9,0.9,0.0,0.007,10.0,1.0,4,0.7221804729701126,0.8333333333333334,surface_hydrophobic_gain,candidate
278,2,30,Q,A,Q30A,-2.6828155517578125,0.5655927521498256,0.4884775115833957,0.3032999105288746,partial,0.0,0.0,0.0,0.0,0.9,0.9,0.0,0.008,10.0,1.0,0,0.7221193778958489,0.8333333333333334,,candidate
279,6,34,S,T,S34T,-2.9098453521728516,1.4662814836120788,0.36764868525631256,0.4204030645018579,surface,0.19999999999999996,0.0,0.0,0.0,0.9,0.9,0.0,-0.015,10.0,1.0,0,0.7219121713140781,0.8333333333333334,,candidate
280,67,125,M,A,M125A,-2.961740732192993,-0.1857278167956906,0.5892683612631751,0.6247950101574824,surface,0.8,31.8,7.2,24.6,0.46,0.46,0.0,0.034,10.0,1.0,19,0.7218095715188013,0.6666666666666666,antibody_interface_mutation;protected_epitope_or_contact;surface_hydrophobic_gain,candidate
281,13,41,F,L,F41L,-2.5355968475341797,-0.6249990862979189,0.6481973009502444,0.462133096451794,surface,0.0,0.0,0.0,0.0,0.9,0.9,0.0,0.023,10.0,1.0,4,0.7215731347613706,1.0,surface_hydrophobic_gain,candidate
282,19,77,L,Q,L77Q,-3.258386611938477,0.5835619412660549,0.48606691627436094,0.3184503995871273,partial,0.0,0.0,0.0,0.0,0.95,0.95,0.0,-0.034,10.0,1.0,0,0.7215167290685902,0.8333333333333334,,candidate
283,106,164,E,A,E164A,-2.4479892253875732,0.1945750543807491,0.5382501260306018,0.3155222939348542,partial,0.09999999999999998,8.0,0.0,8.0,0.72,0.85,0.13,0.03,10.0,1.0,0,0.721492356069054,0.6666666666666666,,candidate
284,3,31,S,F,S31F,-2.831886529922486,-0.6189441791669879,0.6473850255252348,0.428683329856415,surface,0.0,0.0,0.0,0.0,0.9,0.95,0.05,0.011,10.0,1.0,4,0.7213700659051183,1.0,surface_hydrophobic_gain,candidate
285,94,152,I,V,I152V,-2.9667179584503174,0.9812628937415298,0.4327147007550658,0.1544530698550386,partial,0.19999999999999996,4.8,0.0,4.8,0.8,0.8,0.0,0.033,10.0,1.0,0,0.7213365699256086,0.6666666666666666,,candidate
286,67,125,M,R,M125R,-3.034450054168701,-5.266360063758128,1.0,0.6247950101574824,surface,0.6,53.0,12.0,41.0,0.46,0.7,0.24,0.007,9.6,1.0,15,0.7212493734335839,0.6666666666666666,antibody_interface_mutation;protected_epitope_or_contact,candidate
287,85,143,S,T,S143T,-2.596047878265381,0.97634155725774,0.43337490587424343,0.8592213749421506,surface,1.0,31.8,7.2,24.6,0.35,0.35,0.0,-0.015,10.0,1.0,15,0.7199790648144255,0.5,antibody_interface_mutation;protected_epitope_or_contact,candidate
288,10,38,S,I,S38I,-2.9656822681427,-0.5762766867115658,0.6416611135280917,0.4989621763009977,surface,0.0,0.0,0.0,0.0,0.9,0.9,0.0,0.02,10.0,1.0,4,0.7199390879058325,1.0,surface_hydrophobic_gain,candidate
289,67,125,M,V,M125V,-3.468667507171631,-1.0860079902095665,0.7100423788780501,0.6247950101574824,surface,0.8,31.8,7.2,24.6,0.46,0.46,0.0,0.08,10.0,1.0,19,0.7186697425891867,0.6666666666666666,antibody_interface_mutation;protected_epitope_or_contact;surface_hydrophobic_gain,candidate
290,21,79,R,S,R79S,-2.752163887023926,0.669929280790825,0.47448060026613403,0.1445311026423895,buried,0.0,0.0,0.0,0.0,0.95,0.95,0.0,0.02,10.0,1.0,0,0.7186201500665336,0.8333333333333334,,candidate
291,90,148,T,S,T148S,-2.167782783508301,1.0697409086837697,0.42084523428148735,0.2579890499186791,partial,0.19999999999999996,4.8,0.0,4.8,0.46,0.46,0.0,0.015,10.0,1.0,0,0.718369203307214,0.6666666666666666,,candidate
292,20,78,R,S,R78S,-2.823079824447632,0.6812529196269566,0.4729615161002866,0.2081572970975456,partial,0.0,0.0,0.0,0.0,0.95,0.95,0.0,0.02,10.0,1.0,0,0.7182403790250717,0.8333333333333334,,candidate
293,35,93,F,S,F93S,-3.196899652481079,0.7183716208301405,0.46798198327779295,0.2426780317531975,partial,0.0,0.0,0.0,0.0,0.95,0.95,0.0,-0.011,10.0,1.0,0,0.7169954958194482,0.8333333333333334,,candidate
294,55,113,S,N,S113N,-2.69486665725708,0.7968682689797788,0.4574515330398594,0.5010928652436815,surface,0.19999999999999996,7.8,0.0,7.8,0.46,0.46,0.0,-0.034,10.0,1.0,0,0.7169944622073333,0.6666666666666666,,candidate
295,100,158,F,R,F158R,-2.899064302444458,-2.7031334966875136,0.926982338428892,0.3572566805784752,surface,0.0,31.0,18.0,13.0,0.8,0.54,-0.26,-0.031,9.6,1.0,0,0.7169736547826616,0.6666666666666666,predicted_tcell_epitope_loss,candidate
296,23,81,I,V,I81V,-2.75152587890625,1.6226431470209093,0.34667251933763055,0.3079085484916104,partial,0.19999999999999996,0.0,0.0,0.0,0.95,0.95,0.0,0.033,10.0,1.0,0,0.7166681298344076,0.8333333333333334,,candidate
297,3,31,S,L,S31L,-2.2742297649383545,-0.4762405140829742,0.6282411018117879,0.428683329856415,surface,0.0,0.0,0.0,0.0,0.9,0.95,0.05,0.034,10.0,1.0,4,0.7165840849767565,1.0,surface_hydrophobic_gain,candidate
298,92,150,I,V,I150V,-3.08829927444458,1.141168529049338,0.4112631053676544,0.0674310171392846,buried,0.19999999999999996,4.8,0.0,4.8,0.8,0.8,0.0,0.033,10.0,1.0,0,0.7159736710787558,0.6666666666666666,,candidate
299,96,154,S,A,S154A,-2.8032920360565186,-0.8222498739534956,0.6746588079414806,0.6509636980785455,surface,0.0,13.0,0.0,13.0,0.8,0.8,0.0,0.007,10.0,1.0,4,0.7159078097547937,0.8333333333333334,surface_hydrophobic_gain,candidate
300,71,129,Q,N,Q129N,-2.935236930847168,-2.477915018830828,0.8967689213004065,0.7949932296426763,surface,0.19999999999999996,31.8,7.2,24.6,0.46,0.46,0.0,-0.034,10.0,1.0,15,0.7158275686709663,0.6666666666666666,antibody_interface_mutation;protected_epitope_or_contact,candidate
301,109,167,S,K,S167K,-2.5664470195770264,-0.7837550920545766,0.6694946717043011,0.5274912426766627,surface,0.0,13.0,0.0,13.0,0.72,0.72,0.0,-0.012,9.6,1.0,0,0.715759632838356,0.8333333333333334,,candidate
302,90,148,T,R,T148R,-2.8397536277770996,-0.252958256443776,0.598287431706017,0.2579890499186791,partial,0.0,8.0,0.0,8.0,0.46,0.46,0.0,-0.005,9.6,1.0,0,0.7155016824879078,0.8333333333333334,,candidate
303,10,38,S,L,S38L,-2.3124353885650635,-0.443144952323081,0.6238012795464519,0.4989621763009977,surface,0.0,0.0,0.0,0.0,0.9,0.95,0.05,0.034,10.0,1.0,4,0.7154741294104225,1.0,surface_hydrophobic_gain,candidate
304,36,94,L,V,L94V,-2.109452724456787,0.4966386267749101,0.4977278172088866,0.4920968850843175,surface,0.19999999999999996,0.0,0.0,0.0,0.95,0.95,0.0,0.019,10.0,1.0,4,0.7139557638260312,0.8333333333333334,surface_hydrophobic_gain,candidate
305,15,73,R,A,R73A,-3.1216580867767334,0.8116516764856954,0.4554683154024466,0.2761785108810741,partial,0.0,0.0,0.0,0.0,0.9,0.9,0.0,0.027,10.0,1.0,0,0.7138670788506116,0.8333333333333334,,candidate
306,100,158,F,E,F158E,-3.241909980773926,-2.3847890162444116,0.8842759198893845,0.3572566805784752,surface,0.0,31.0,18.0,13.0,0.8,0.54,-0.26,-0.034,10.0,1.0,0,0.7122970501477848,0.6666666666666666,predicted_tcell_epitope_loss,candidate
307,37,95,L,T,L95T,-3.4341328144073486,0.865394703563851,0.44825860281441887,0.4686318450304153,surface,0.0,0.0,0.0,0.0,0.95,0.95,0.0,-0.049,10.0,1.0,0,0.7120646507036047,0.8333333333333334,,candidate
308,13,41,F,S,F41S,-2.356610059738159,0.8859800221086971,0.4454970495802568,0.462133096451794,surface,0.0,0.0,0.0,0.0,0.9,0.9,0.0,-0.011,10.0,1.0,0,0.7113742623950642,0.8333333333333334,,candidate
309,0,28,I,L,I28L,-3.868208885192871,0.5753796229673753,0.48716458729224854,0.5320478205960862,surface,0.19999999999999996,0.0,0.0,0.0,0.9,0.95,0.05,0.024,10.0,1.0,4,0.7113149563468717,0.8333333333333334,surface_hydrophobic_gain,candidate
310,42,100,Y,S,Y100S,-2.430243730545044,-0.4549410499376449,0.6253837448091111,0.4292125588633806,surface,0.0,13.0,0.0,13.0,0.95,0.95,0.0,-0.021,10.0,1.0,0,0.7107319011145585,0.8333333333333334,,candidate
311,25,83,F,G,F83G,-2.849524974822998,0.6962529378523925,0.4709492397902212,0.1771726309733192,partial,0.0,0.0,0.0,0.0,0.95,0.9,-0.05,-0.031,10.0,1.0,4,0.7105944528046982,0.8333333333333334,new_glycine,candidate
312,19,77,L,G,L77G,-3.1642112731933594,0.7046809723233309,0.46981860555688915,0.3184503995871273,partial,0.0,0.0,0.0,0.0,0.95,0.85,-0.1,-0.054,10.0,1.0,4,0.7103117942463651,0.8333333333333334,new_glycine,candidate
313,104,162,L,I,L162I,-3.122053861618042,-0.2100957661760674,0.5925373604421129,0.3831635196149266,surface,0.19999999999999996,7.8,0.0,7.8,0.72,0.72,0.0,-0.014,10.0,1.0,4,0.7102897285817062,0.8333333333333334,surface_hydrophobic_gain,candidate
314,30,88,L,S,L88S,-2.8540568351745605,0.9206282622507728,0.4408489330396299,0.5214599293043295,surface,0.0,0.0,0.0,0.0,0.95,0.95,0.0,-0.034,10.0,1.0,0,0.7102122332599075,0.8333333333333334,,candidate
315,5,33,D,T,D33T,-2.999941825866699,0.9207806343855224,0.44082849207532826,0.2364749388819394,partial,0.0,0.0,0.0,0.0,0.9,0.9,0.0,0.006,10.0,1.0,0,0.710207123018832,0.8333333333333334,,candidate
316,2,30,Q,L,Q30L,-2.33320951461792,0.9292509539542948,0.4396921852288458,0.3032999105288746,partial,0.0,0.0,0.0,0.0,0.9,0.9,0.0,0.039,10.0,1.0,0,0.7099230463072115,0.8333333333333334,,candidate
317,111,169,R,C,R169C,-3.0971760749816895,-2.270208237169385,0.8689047260777313,0.5884515364932383,surface,0.0,13.0,0.0,13.0,0.72,0.72,0.0,0.108,9.3,0.33333333333333337,10,0.7099216702412374,0.6666666666666666,new_cysteine,candidate
318,0,28,I,G,I28G,-4.486016750335693,0.7490764322964196,0.463862883968044,0.5320478205960862,surface,0.0,0.0,0.0,0.0,0.9,0.9,0.0,-0.07,10.0,1.0,4,0.7088228638491539,0.8333333333333334,new_glycine,candidate
319,25,83,F,S,F83S,-2.943681240081787,0.963982281820364,0.4350329223378522,0.1771726309733192,partial,0.0,0.0,0.0,0.0,0.95,0.95,0.0,-0.011,10.0,1.0,0,0.7087582305844631,0.8333333333333334,,candidate
320,19,77,L,D,L77D,-2.525362014770508,0.968616649743268,0.43441121450768616,0.3184503995871273,partial,0.0,0.0,0.0,0.0,0.95,0.95,0.0,-0.055,10.0,1.0,0,0.7086028036269215,0.8333333333333334,,candidate
321,51,109,L,T,L109T,-2.458763599395752,0.5915392603759244,0.4849967462238072,0.2916870936221249,partial,0.09999999999999998,8.0,0.0,8.0,0.8,0.8,0.0,-0.049,10.0,1.0,0,0.7081790111173554,0.6666666666666666,,candidate
322,36,94,L,G,L94G,-2.5242815017700195,0.7997387983193107,0.457066446961931,0.4920968850843175,surface,0.0,0.0,0.0,0.0,0.95,0.95,0.0,-0.054,10.0,1.0,4,0.7071237545976257,0.8333333333333334,new_glycine,candidate
323,28,86,I,V,I86V,-2.298889636993408,1.9100646910546288,0.3081144619160274,0.2519341702429387,partial,0.19999999999999996,0.0,0.0,0.0,0.95,0.95,0.0,0.033,10.0,1.0,0,0.7070286154790069,0.8333333333333334,,candidate
324,108,166,A,S,A166S,-2.675207138061523,-0.8470118481011184,0.6779806661698404,0.2236194418060526,partial,0.0,18.0,10.0,8.0,0.72,0.54,-0.18,-0.007,10.0,1.0,0,0.706337271805618,0.8333333333333334,,candidate
325,33,91,L,M,L91M,-3.884832859039306,1.9379924207222816,0.3043679125479186,0.2571035039025567,partial,0.19999999999999996,0.0,0.0,0.0,0.95,0.95,0.0,-0.061,10.0,1.0,0,0.7060919781369797,0.8333333333333334,,candidate
326,108,166,A,F,A166F,-2.6225578784942627,0.2078196609925555,0.5364733409813759,0.2236194418060526,partial,0.0,8.0,0.0,8.0,0.72,0.72,0.0,0.004,10.0,1.0,0,0.7060481598067475,0.6666666666666666,,candidate
327,103,161,F,R,F161R,-2.5121335983276367,1.9769425185365608,0.2991426949562831,0.2264302905074843,partial,0.43333333333333335,8.0,0.0,8.0,0.72,0.8,0.08,-0.031,9.6,1.0,0,0.7057154983004743,0.6666666666666666,,candidate
328,82,140,T,S,T140S,-2.355339288711548,-0.9499492303775412,0.6917898797762434,0.3381797366677382,partial,0.4,28.8,7.2,21.6,0.4,0.4,0.0,0.015,10.0,1.0,15,0.7051091240793992,0.6666666666666666,antibody_interface_mutation;protected_epitope_or_contact,candidate
329,95,153,P,S,P153S,-1.9839930534362793,0.2539598619175933,0.5302835596179329,0.1940481562838304,partial,0.0,8.0,0.0,8.0,0.8,0.9,0.1,-0.007,10.0,1.0,0,0.7045007144658868,0.6666666666666666,,candidate
330,20,78,R,I,R78I,-2.2534546852111816,1.1007195789046025,0.41668939638410407,0.2081572970975456,partial,0.0,0.0,0.0,0.0,0.95,0.95,0.0,0.04,10.0,1.0,0,0.704172349096026,0.8333333333333334,,candidate
331,38,96,V,C,V96C,-3.5785069465637207,-0.7322861116968227,0.6625900261018378,0.4094831307261785,surface,0.0,0.0,0.0,0.0,0.95,0.95,0.0,0.004,9.3,0.33333333333333337,10,0.7039570303349834,0.8333333333333334,new_cysteine,candidate
332,28,86,I,F,I86F,-2.087759017944336,1.107845216647661,0.41573348074393845,0.2519341702429387,partial,0.0,0.0,0.0,0.0,0.95,0.95,0.0,-0.009,10.0,1.0,0,0.7039333701859847,0.8333333333333334,,candidate
333,65,123,T,S,T123S,-2.096968412399292,-0.864287755937653,0.6802982566921892,0.4732925498500911,surface,0.19999999999999996,19.8,0.0,19.8,0.46,0.46,0.0,0.015,10.0,1.0,15,0.7038151656768067,0.6666666666666666,antibody_interface_mutation;protected_epitope_or_contact,candidate
334,103,161,F,L,F161L,-2.80584454536438,2.2180601826908344,0.26679637669027123,0.2264302905074843,partial,0.43333333333333335,8.0,0.0,8.0,0.72,0.9,0.18,0.023,10.0,1.0,0,0.7036289187339714,0.6666666666666666,,candidate
335,20,78,R,L,R78L,-1.8710240125656128,1.1173648976337065,0.41445640039378817,0.2081572970975456,partial,0.0,0.0,0.0,0.0,0.95,0.95,0.0,0.054,10.0,1.0,0,0.703614100098447,0.8333333333333334,,candidate
336,21,79,R,G,R79G,-2.8049724102020264,0.9431367625044232,0.43782938191943754,0.1445311026423895,buried,0.0,0.0,0.0,0.0,0.95,0.85,-0.1,0.0,10.0,1.0,4,0.7023144883370023,0.8333333333333334,new_glycine,candidate
337,59,117,S,L,S117L,-3.198064088821411,0.3405899490483364,0.5186619956003318,0.2408172241987686,partial,0.0,8.0,0.0,8.0,0.8,0.85,0.05,0.034,10.0,1.0,0,0.7015953234614865,0.6666666666666666,,candidate
338,14,72,Y,G,Y72G,-2.718538284301758,0.9773682755656808,0.43323716997971773,0.5588428900613157,surface,0.0,0.0,0.0,0.0,0.9,0.8,-0.1,-0.041,10.0,1.0,4,0.7011664353520723,0.8333333333333334,new_glycine,candidate
339,107,165,W,G,W165G,-2.883401870727539,-0.3375826898491425,0.6096399340853513,0.3511308504822781,surface,0.0,13.0,0.0,13.0,0.72,0.72,0.0,-0.003,10.0,1.0,4,0.6996530912907615,0.8333333333333334,new_glycine,candidate
340,6,34,S,L,S34L,-2.4574995040893555,0.0307780890875619,0.5602237495266823,0.4204030645018579,surface,0.0,0.0,0.0,0.0,0.9,0.9,0.0,0.034,10.0,1.0,4,0.6995797469054802,0.8333333333333334,surface_hydrophobic_gain,candidate
341,38,96,V,F,V96F,-2.438737154006958,0.054037234737791,0.5571034981322573,0.4094831307261785,surface,0.0,0.0,0.0,0.0,0.95,0.95,0.0,-0.042,10.0,1.0,4,0.6987996840568739,0.8333333333333334,surface_hydrophobic_gain,candidate
342,73,131,T,S,T131S,-2.0485997200012207,-0.7738100968477113,0.6681605347747503,0.7149930263422615,surface,0.4666666666666667,31.8,7.2,24.6,0.46,0.46,0.0,0.015,10.0,1.0,15,0.6986754720395523,0.6666666666666666,antibody_interface_mutation;protected_epitope_or_contact,candidate
343,59,117,S,G,S117G,-2.892948627471924,0.6636757771411794,0.4753195177300975,0.2408172241987686,partial,0.09999999999999998,8.0,0.0,8.0,0.8,0.8,0.0,-0.02,10.0,1.0,4,0.6986168468510708,0.6666666666666666,new_glycine,candidate
344,7,35,W,I,W35I,-2.6411776542663574,1.2808350824642505,0.3925266150166812,0.219953902763675,partial,0.0,0.0,0.0,0.0,0.9,0.9,0.0,0.037,10.0,1.0,0,0.6981316537541703,0.8333333333333334,,candidate
345,104,162,L,V,L162V,-2.985618829727173,0.1553362330059542,0.5435140763472417,0.3831635196149266,surface,0.19999999999999996,7.8,0.0,7.8,0.72,0.95,0.23,0.019,10.0,1.0,4,0.6980339075579884,0.6666666666666666,surface_hydrophobic_gain,candidate
346,24,82,I,V,I82V,-2.543156147003174,2.186599890707015,0.2710168249134225,0.1423960518770025,buried,0.19999999999999996,0.0,0.0,0.0,0.95,0.95,0.0,0.033,10.0,1.0,0,0.6977542062283557,0.8333333333333334,,candidate
347,10,38,S,G,S38G,-3.0715255737304688,1.086122164113874,0.4186476628028588,0.4989621763009977,surface,0.0,0.0,0.0,0.0,0.9,0.9,0.0,-0.02,10.0,1.0,4,0.6975190585578576,0.8333333333333334,new_glycine,candidate
348,37,95,L,Y,L95Y,-3.0974056720733643,0.1043103247015437,0.5503592831288184,0.4686318450304153,surface,0.0,0.0,0.0,0.0,0.95,0.95,0.0,-0.013,10.0,1.0,4,0.6971136303060141,0.8333333333333334,surface_hydrophobic_gain,candidate
349,109,167,S,L,S167L,-2.481200695037842,-1.2395831631975227,0.730644732673448,0.5274912426766627,surface,0.0,13.0,0.0,13.0,0.72,0.72,0.0,0.034,10.0,1.0,4,0.6965709576044523,0.8333333333333334,surface_hydrophobic_gain,candidate
350,90,148,T,L,T148L,-2.599696159362793,0.505830991452882,0.4964946468622269,0.2579890499186791,partial,0.0,8.0,0.0,8.0,0.46,0.46,0.0,0.049,10.0,1.0,0,0.6960534862769603,0.6666666666666666,,candidate
351,24,82,I,A,I82A,-2.988563060760498,2.2525098829185595,0.26217489459503274,0.1423960518770025,buried,0.19999999999999996,0.0,0.0,0.0,0.95,0.95,0.0,-0.013,10.0,1.0,0,0.6955437236487583,0.8333333333333334,,candidate
352,23,81,I,A,I81A,-2.9561610221862793,2.2657465934323966,0.260399168819912,0.3079085484916104,partial,0.19999999999999996,0.0,0.0,0.0,0.95,0.95,0.0,-0.013,10.0,1.0,0,0.6950997922049781,0.8333333333333334,,candidate
353,17,75,M,R,M75R,-2.1191368103027344,1.204942355974481,0.40270774502108775,0.3176892374043691,partial,0.0,0.0,0.0,0.0,0.95,0.9,-0.05,0.007,9.6,1.0,0,0.6946769362552719,0.8333333333333334,,candidate
354,111,169,R,T,R169T,-2.93851089477539,0.0396483967074061,0.5590337836467651,0.5884515364932383,surface,0.0,13.0,0.0,13.0,0.72,0.72,0.0,0.007,10.0,1.0,0,0.694144410823972,0.6666666666666666,,candidate
355,8,36,W,I,W36I,-2.729591608047486,0.2449656236433099,0.5314901509923176,0.7212115673883676,surface,0.0,0.0,0.0,0.0,0.9,0.9,0.0,0.037,10.0,1.0,4,0.6923963472718889,0.8333333333333334,surface_hydrophobic_gain,candidate
356,39,97,L,M,L97M,-3.9458861351013184,1.155508263095726,0.4093394072307246,0.4686318450304153,surface,0.19999999999999996,0.0,0.0,0.0,0.95,0.95,0.0,-0.061,10.0,1.0,4,0.6918586613314908,0.8333333333333334,surface_hydrophobic_gain,candidate
357,13,41,F,I,F41I,-3.0381600856781006,0.2702795064311374,0.5280942533417843,0.462133096451794,surface,0.0,0.0,0.0,0.0,0.9,0.9,0.0,0.009,10.0,1.0,4,0.6915473728592556,0.8333333333333334,surface_hydrophobic_gain,candidate
358,11,39,L,R,L39R,-2.4719722270965576,0.2627789877406314,0.5291004598574879,0.4136143989030472,surface,0.0,10.0,10.0,0.0,0.9,0.72,-0.18,-0.054,9.6,1.0,0,0.6911873956661264,0.6666666666666666,,candidate
359,98,156,W,C,W156C,-3.009565830230713,-1.6808875485246233,0.789846418083124,0.3846290466752396,surface,0.0,13.0,0.0,13.0,0.8,0.8,0.0,0.074,9.3,0.33333333333333337,10,0.6901570932425857,0.6666666666666666,new_cysteine,candidate
360,0,28,I,M,I28M,-0.2085775136947631,1.6706280914710303,0.34023526269529913,0.5320478205960862,surface,0.30000000000000004,0.0,0.0,0.0,0.9,0.95,0.05,-0.082,10.0,1.0,4,0.6895826251976344,0.8333333333333334,surface_hydrophobic_gain,candidate
361,31,89,L,S,L89S,-2.9832687377929688,1.5507562964839394,0.35631625470959527,0.5400515932916183,surface,0.0,0.0,0.0,0.0,0.95,0.95,0.0,-0.034,10.0,1.0,0,0.6890790636773988,0.8333333333333334,,candidate
362,69,127,T,R,T127R,-3.2977705001831055,-1.753315248339078,0.7995627092461579,0.3445728777177935,partial,0.6,48.0,12.0,36.0,0.46,0.46,0.0,-0.005,9.6,1.0,15,0.6886839103942463,0.6666666666666666,antibody_interface_mutation;protected_epitope_or_contact,candidate
363,21,79,R,Y,R79Y,-2.9281766414642334,1.57360485409734,0.353251084353559,0.1445311026423895,buried,0.0,0.0,0.0,0.0,0.95,0.95,0.0,0.041,10.0,1.0,0,0.6883127710883897,0.8333333333333334,,candidate
364,5,33,D,S,D33S,-2.1627204418182373,1.579770338218765,0.35242397484934596,0.2364749388819394,partial,0.0,0.0,0.0,0.0,0.9,0.9,0.0,0.021,10.0,1.0,0,0.6881059937123365,0.8333333333333334,,candidate
365,37,95,L,W,L95W,-3.6996724605560303,0.8326950588679551,0.45264531217571313,0.4686318450304153,surface,0.09999999999999998,0.0,0.0,0.0,0.95,0.95,0.0,-0.051,10.0,1.0,4,0.6876851375677379,0.8333333333333334,surface_hydrophobic_gain,candidate
366,29,87,L,T,L87T,-3.3044848442077637,1.611672821769872,0.3481442059239135,0.3004260978551883,partial,0.0,0.0,0.0,0.0,0.95,0.95,0.0,-0.049,10.0,1.0,0,0.6870360514809783,0.8333333333333334,,candidate
367,100,158,F,A,F158A,-2.6723599433898926,0.0426971059100367,0.5586247944567168,0.3572566805784752,surface,0.0,13.0,0.0,13.0,0.8,0.72,-0.08,-0.004,10.0,1.0,4,0.6868993063836027,0.6666666666666666,surface_hydrophobic_gain,candidate
368,17,75,M,T,M75T,-2.57297945022583,1.6271168898149426,0.34607235962405813,0.3176892374043691,partial,0.0,0.0,0.0,0.0,0.95,0.9,-0.05,0.012,10.0,1.0,0,0.6865180899060146,0.8333333333333334,,candidate
369,2,30,Q,F,Q30F,-2.73568344116211,1.6428920278268322,0.3439560997614196,0.3032999105288746,partial,0.0,0.0,0.0,0.0,0.9,0.9,0.0,0.013,10.0,1.0,0,0.685989024940355,0.8333333333333334,,candidate
370,103,161,F,T,F161T,-2.8017501831054688,1.729635441283392,0.3323193328369072,0.2264302905074843,partial,0.43333333333333335,18.0,10.0,8.0,0.72,0.54,-0.18,-0.026,10.0,1.0,0,0.6849219384723847,0.6666666666666666,,candidate
371,1,29,P,A,P29A,-2.9156901836395264,-0.2046449420902831,0.5918061237187097,0.2878983169571793,partial,0.0,18.0,18.0,0.0,0.9,0.45,-0.45,0.0,10.0,1.0,0,0.6847936361928353,0.6666666666666666,predicted_tcell_epitope_loss,candidate
372,64,122,R,Q,R122Q,-3.356922149658203,-3.268107948922392,1.0,0.6842746986943747,surface,0.2666666666666667,51.0,18.0,33.0,0.8,0.46,-0.34,0.02,10.0,1.0,15,0.6842669172932331,0.5,antibody_interface_mutation;predicted_tcell_epitope_loss;protected_epitope_or_contact,candidate
373,102,160,K,G,K160G,-2.588308811187744,0.1334841015677739,0.5464455745465517,0.4101263481055165,surface,0.0,13.0,0.0,13.0,0.72,0.64,-0.08,-0.008,10.0,1.0,4,0.6838545014060615,0.6666666666666666,new_glycine,candidate
374,28,86,I,Y,I86Y,-3.880937099456787,1.7126028369192454,0.3346042838113378,0.2519341702429387,partial,0.0,0.0,0.0,0.0,0.95,0.95,0.0,0.001,10.0,1.0,0,0.6836510709528345,0.8333333333333334,,candidate
375,42,100,Y,L,Y100L,-1.865387797355652,-0.8499849931333756,0.67837951830621,0.4292125588633806,surface,0.0,13.0,0.0,13.0,0.95,0.95,0.0,0.013,10.0,1.0,4,0.6835046540126428,0.8333333333333334,surface_hydrophobic_gain,candidate
376,21,79,R,T,R79T,-2.9545791149139404,1.7246017766518946,0.3329946069558145,0.1445311026423895,buried,0.0,0.0,0.0,0.0,0.95,0.95,0.0,0.005,10.0,1.0,0,0.6832486517389537,0.8333333333333334,,candidate
377,85,143,S,Q,S143Q,-3.2513585090637207,1.1903724056292333,0.4046623270407852,0.8592213749421506,surface,0.8,31.8,7.2,24.6,0.35,0.35,0.0,0.0,10.0,1.0,15,0.682800920106061,0.5,antibody_interface_mutation;protected_epitope_or_contact,candidate
378,29,87,L,G,L87G,-3.1323723793029785,1.5293308791359266,0.3591905085348046,0.3004260978551883,partial,0.0,0.0,0.0,0.0,0.95,0.95,0.0,-0.054,10.0,1.0,4,0.6826547699908441,0.8333333333333334,new_glycine,candidate
379,26,84,L,T,L84T,-3.0186593532562256,1.7425120991583751,0.33059190869613464,0.3244585001644404,partial,0.0,0.0,0.0,0.0,0.95,0.95,0.0,-0.049,10.0,1.0,0,0.6826479771740337,0.8333333333333334,,candidate
380,67,125,M,G,M125G,-2.8583619594573975,-2.1278963614994097,0.8498133615375172,0.6247950101574824,surface,0.6,53.0,12.0,41.0,0.46,0.35,-0.11,0.007,10.0,1.0,19,0.6825598566751061,0.6666666666666666,antibody_interface_mutation;new_glycine;protected_epitope_or_contact,candidate
381,35,93,F,G,F93G,-2.3054986000061035,1.534858201732419,0.3584490094144802,0.2426780317531975,partial,0.0,0.0,0.0,0.0,0.95,0.9,-0.05,-0.031,10.0,1.0,4,0.682469395210763,0.8333333333333334,new_glycine,candidate
382,57,115,T,N,T115N,-3.1791059970855713,1.1511766689399394,0.40992049747831694,0.3719099210849179,surface,0.30000000000000004,18.6,10.8,7.8,0.8,0.46,-0.34,-0.019,10.0,1.0,0,0.6822169664748424,0.5,predicted_tcell_epitope_loss,candidate
383,11,39,L,E,L39E,-2.958167791366577,0.71370520332772,0.4686079906100422,0.4136143989030472,surface,0.0,10.0,10.0,0.0,0.9,0.72,-0.18,-0.057,10.0,1.0,0,0.682064278354265,0.6666666666666666,,candidate
384,21,79,R,F,R79F,-2.713324546813965,1.7675575895495117,0.3272320163126313,0.1445311026423895,buried,0.0,0.0,0.0,0.0,0.95,0.95,0.0,0.031,10.0,1.0,0,0.6818080040781579,0.8333333333333334,,candidate
385,52,110,I,S,I110S,-2.3894548416137695,0.1643668471935768,0.5423026050862082,0.4299745091071794,surface,0.3666666666666667,31.0,18.0,13.0,0.8,0.46,-0.34,-0.02,10.0,1.0,0,0.6818037214469906,0.5,predicted_tcell_epitope_loss,candidate
386,108,166,A,T,A166T,-3.00154185295105,0.340559101877119,0.5186661337974285,0.2236194418060526,partial,0.09999999999999998,18.0,10.0,8.0,0.72,0.54,-0.18,-0.022,10.0,1.0,0,0.6815086387125151,0.6666666666666666,,candidate
387,39,97,L,G,L97G,-3.1418581008911133,1.5743749939504426,0.35314776886696797,0.4686318450304153,surface,0.0,0.0,0.0,0.0,0.95,0.95,0.0,-0.054,10.0,1.0,4,0.6811440850738849,0.8333333333333334,new_glycine,candidate
388,88,146,N,T,N146T,-2.16566801071167,-1.4367504462548195,0.7570950373899685,0.6412527415552243,surface,0.19999999999999996,31.8,7.2,24.6,0.35,0.35,0.0,0.019,10.0,1.0,15,0.6809090976933568,0.6666666666666666,antibody_interface_mutation;protected_epitope_or_contact,candidate
389,12,40,N,L,N40L,-2.3991310596466064,0.5877554916527288,0.4855043448180236,0.4223781424869389,surface,0.0,0.0,0.0,0.0,0.9,0.95,0.05,0.068,10.0,1.0,4,0.6808998957283154,0.8333333333333334,surface_hydrophobic_gain,candidate
390,33,91,L,C,L91C,-3.741579055786133,-0.038929769244703,0.5695751696275955,0.2571035039025567,partial,0.0,0.0,0.0,0.0,0.95,0.95,0.0,0.023,9.3,0.33333333333333337,10,0.6807033162164228,0.8333333333333334,new_cysteine,candidate
391,58,116,T,R,T116R,-3.345031976699829,0.2717366403494736,0.5278987765083303,0.8072122138192673,surface,0.0,13.0,0.0,13.0,0.8,0.8,0.0,-0.005,9.6,1.0,0,0.6803606590393633,0.6666666666666666,,candidate
392,10,38,S,F,S38F,-2.8134820461273193,0.6217464035688067,0.48094440990472775,0.4989621763009977,surface,0.0,0.0,0.0,0.0,0.9,0.95,0.05,0.011,10.0,1.0,4,0.6797599119999915,0.8333333333333334,surface_hydrophobic_gain,candidate
393,15,73,R,D,R73D,-3.0531296730041504,1.83852669176008,0.3177113983387968,0.2761785108810741,partial,0.0,0.0,0.0,0.0,0.9,0.9,0.0,-0.001,10.0,1.0,0,0.6794278495846993,0.8333333333333334,,candidate
394,75,133,M,S,M133S,-1.9416632652282717,-2.8544583093729443,0.9472828028093688,0.7714121856027483,surface,0.3666666666666667,53.0,12.0,41.0,0.46,0.4,-0.06,0.027,10.0,1.0,15,0.6790700741359262,0.6666666666666666,antibody_interface_mutation;protected_epitope_or_contact,candidate
395,102,160,K,S,K160S,-2.159637928009033,0.5250869195686505,0.4939114334691941,0.4101263481055165,surface,0.0,13.0,0.0,13.0,0.72,0.72,0.0,0.012,10.0,1.0,0,0.6778638232795793,0.6666666666666666,,candidate
396,107,165,W,E,W165E,-3.025263786315918,0.5323052655193123,0.4929430808754791,0.3511308504822781,surface,0.0,13.0,0.0,13.0,0.72,0.72,0.0,-0.006,10.0,1.0,0,0.6776217351311505,0.6666666666666666,,candidate
397,9,37,T,R,T37R,-2.3928372859954834,1.715306500695931,0.3342415830141494,0.449141958157238,surface,0.0,0.0,0.0,0.0,0.9,0.9,0.0,-0.005,9.6,1.0,0,0.6775603957535373,0.8333333333333334,,candidate
398,4,32,L,K,L32K,-3.0716552734375,1.7236191254183666,0.33312643118219654,0.2770711542124895,partial,0.0,0.0,0.0,0.0,0.9,0.9,0.0,-0.046,9.6,1.0,0,0.6772816077955491,0.8333333333333334,,candidate
399,64,122,R,A,R122A,-2.824075698852539,-3.7369491196740223,1.0,0.6842746986943747,surface,0.2666666666666667,51.0,18.0,33.0,0.8,0.46,-0.34,0.027,10.0,1.0,19,0.677124060150376,0.5,antibody_interface_mutation;predicted_tcell_epitope_loss;protected_epitope_or_contact;surface_hydrophobic_gain,candidate
400,23,81,I,R,I81R,-3.226992607116699,1.746276983430107,0.3300868434811274,0.3079085484916104,partial,0.0,0.0,0.0,0.0,0.95,0.95,0.0,-0.04,9.6,1.0,0,0.6765217108702819,0.8333333333333334,,candidate
401,56,114,S,R,S114R,-3.3801865577697754,0.4105443392820405,0.5092775028526066,0.7674572776813657,surface,0.0,13.0,0.0,13.0,0.8,0.8,0.0,-0.02,9.6,1.0,0,0.6757053406254324,0.6666666666666666,,candidate
402,9,37,T,G,T37G,-3.078843116760254,1.7799417840926708,0.32557065691133535,0.449141958157238,surface,0.0,0.0,0.0,0.0,0.9,0.8,-0.1,-0.005,10.0,1.0,4,0.6742498070849767,0.8333333333333334,new_glycine,candidate
403,35,93,F,C,F93C,-3.825928211212158,0.1706622605852317,0.5414580653636756,0.2426780317531975,partial,0.0,0.0,0.0,0.0,0.95,0.95,0.0,0.046,9.3,0.33333333333333337,10,0.6736740401504429,0.6666666666666666,new_cysteine,candidate
404,29,87,L,S,L87S,-2.7537436485290527,2.0208028670012936,0.2932587594276498,0.3004260978551883,partial,0.0,0.0,0.0,0.0,0.95,0.95,0.0,-0.034,10.0,1.0,0,0.6733146898569125,0.8333333333333334,,candidate
405,111,169,R,L,R169L,-2.061706781387329,-0.5366257645382575,0.6363418792336766,0.5884515364932383,surface,0.0,13.0,0.0,13.0,0.72,0.95,0.23,0.075,10.0,1.0,4,0.6729952442445094,0.8333333333333334,surface_hydrophobic_gain,candidate
406,104,162,L,R,L162R,-2.905686855316162,0.5035514872868703,0.4968004459728027,0.3831635196149266,surface,0.0,13.0,0.0,13.0,0.72,0.8,0.08,-0.054,9.6,1.0,0,0.6725860764054814,0.6666666666666666,,candidate
407,39,97,L,W,L97W,-2.9535045623779297,0.8403096138004287,0.45162380751671716,0.4686318450304153,surface,0.0,0.0,0.0,0.0,0.95,0.95,0.0,-0.051,10.0,1.0,4,0.6724297614029888,0.8333333333333334,surface_hydrophobic_gain,candidate
408,52,110,I,T,I110T,-2.7554006576538086,0.0011502527448215,0.5641983709101344,0.4299745091071794,surface,0.2666666666666667,31.0,18.0,13.0,0.8,0.46,-0.34,-0.035,10.0,1.0,0,0.6722776629029722,0.5,predicted_tcell_epitope_loss,candidate
409,93,151,P,A,P151A,-2.937915802001953,0.4851725919693024,0.4992660040205922,0.4184768966189796,surface,0.0,13.0,0.0,13.0,0.8,0.8,0.0,0.0,10.0,1.0,4,0.6720596087745716,0.6666666666666666,surface_hydrophobic_gain,candidate
410,26,84,L,M,L84M,-3.7552123069763184,2.962503278827853,0.16692815092985414,0.3244585001644404,partial,0.19999999999999996,0.0,0.0,0.0,0.95,0.95,0.0,-0.061,10.0,1.0,0,0.6717320377324636,0.8333333333333334,,candidate
411,45,103,M,K,M103K,-3.166065216064453,-2.3269162787617574,0.876512200080198,0.3825064087336273,surface,0.0,33.0,0.0,33.0,0.95,0.95,0.0,0.015,9.6,1.0,15,0.6705528620501247,0.6666666666666666,antibody_interface_mutation;protected_epitope_or_contact,candidate
412,35,93,F,M,F93M,-4.216364860534668,2.139064649349507,0.2773937531703994,0.2426780317531975,partial,0.0,0.0,0.0,0.0,0.95,0.95,0.0,-0.038,10.0,1.0,0,0.6693484382925998,0.8333333333333334,,candidate
413,67,125,M,T,M125T,-2.0410470962524414,-0.623882761185854,0.6480475441603806,0.6247950101574824,surface,0.8,53.0,12.0,41.0,0.46,0.45,-0.01,0.012,10.0,1.0,15,0.6692612594736791,0.6666666666666666,antibody_interface_mutation;protected_epitope_or_contact,candidate
414,112,170,F,L,F170L,-2.4813294410705566,0.9381626878067096,0.4384966619539198,0.7690719346952728,surface,0.0,0.0,0.0,0.0,0.72,0.72,0.0,0.04,10.0,1.0,4,0.6691479750122895,0.8333333333333334,surface_hydrophobic_gain,candidate
415,38,96,V,Y,V96Y,-3.3265562057495117,0.945605941322384,0.4374981376525292,0.4094831307261785,surface,0.0,0.0,0.0,0.0,0.95,0.95,0.0,-0.032,10.0,1.0,4,0.6688983439369419,0.8333333333333334,surface_hydrophobic_gain,candidate
416,23,81,I,F,I81F,-2.123927593231201,2.152809304320044,0.27554988583826945,0.3079085484916104,partial,0.0,0.0,0.0,0.0,0.95,0.95,0.0,-0.009,10.0,1.0,0,0.6688874714595674,0.8333333333333334,,candidate
417,107,165,W,L,W165L,-2.4135756492614746,0.0365988680770783,0.5594428827643427,0.3511308504822781,surface,0.09999999999999998,13.0,0.0,13.0,0.72,0.72,0.0,0.051,10.0,1.0,4,0.668770495127176,0.6666666666666666,surface_hydrophobic_gain,candidate
418,25,83,F,A,F83A,-2.655771255493164,2.1679137524870384,0.27352360008539545,0.1771726309733192,partial,0.0,0.0,0.0,0.0,0.95,0.95,0.0,-0.004,10.0,1.0,0,0.6683809000213489,0.8333333333333334,,candidate
419,15,73,R,G,R73G,-2.6531057357788086,1.9773235113586909,0.2990915841630324,0.2761785108810741,partial,0.0,0.0,0.0,0.0,0.9,0.8,-0.1,0.0,10.0,1.0,4,0.667630038897901,0.8333333333333334,new_glycine,candidate
420,30,88,L,F,L88F,-2.1394312381744385,1.0000146133404542,0.4301991277367666,0.5214599293043295,surface,0.0,0.0,0.0,0.0,0.95,0.95,0.0,-0.023,10.0,1.0,4,0.6670735914580013,0.8333333333333334,surface_hydrophobic_gain,candidate
421,71,129,Q,T,Q129T,-1.9251415729522705,-1.0053202673468604,0.6992179924813449,0.7949932296426763,surface,0.19999999999999996,31.8,7.2,24.6,0.46,0.46,0.0,-0.015,10.0,1.0,15,0.6664398364662009,0.6666666666666666,antibody_interface_mutation;protected_epitope_or_contact,candidate
422,110,168,A,C,A168C,-2.738424301147461,1.7156381291928255,0.33419709452366797,0.5955505016694459,surface,0.6,13.0,0.0,13.0,0.72,0.72,0.0,0.058,9.3,0.33333333333333337,10,0.6662447623527216,0.5,new_cysteine,candidate
423,26,84,L,S,L84S,-2.6617493629455566,2.2320790008283495,0.264915729933096,0.3244585001644404,partial,0.0,0.0,0.0,0.0,0.95,0.95,0.0,-0.034,10.0,1.0,0,0.666228932483274,0.8333333333333334,,candidate
424,58,116,T,G,T116G,-2.6297497749328613,0.6600433963824628,0.47580680738801995,0.8072122138192673,surface,0.0,13.0,0.0,13.0,0.8,0.8,0.0,-0.005,10.0,1.0,4,0.6661948096164286,0.6666666666666666,new_glycine,candidate
425,105,163,W,C,W163C,-3.0523855686187744,-2.0057698947218796,0.8334299017153368,0.6387023211729816,surface,0.0,23.0,10.0,13.0,0.72,0.54,-0.18,0.074,9.3,0.33333333333333337,10,0.6659652448523933,0.6666666666666666,new_cysteine,candidate
426,48,106,V,I,V106I,-3.1458797454833984,0.5826084073937068,0.4861948343604148,0.1935483957306923,partial,0.19999999999999996,16.8,0.0,16.8,0.8,0.8,0.0,-0.033,10.0,1.0,15,0.6658156258833368,0.5,antibody_interface_mutation;protected_epitope_or_contact,candidate
427,45,103,M,A,M103A,-3.2647762298583984,0.0589796569470593,0.5564404643294594,0.3825064087336273,surface,0.19999999999999996,19.8,0.0,19.8,0.95,0.95,0.0,0.034,10.0,1.0,19,0.6657078604432671,0.5,antibody_interface_mutation;protected_epitope_or_contact;surface_hydrophobic_gain,candidate
428,28,86,I,S,I86S,-3.111665725708008,2.324376606991649,0.25253385922021887,0.2519341702429387,partial,0.0,0.0,0.0,0.0,0.95,0.95,0.0,-0.02,10.0,1.0,0,0.6631334648050548,0.8333333333333334,,candidate
429,73,131,T,N,T131N,-3.238781452178955,1.193215449448104,0.40428092818918315,0.7149930263422615,surface,0.6666666666666667,31.8,7.2,24.6,0.46,0.46,0.0,-0.019,10.0,1.0,15,0.6627055703931605,0.5,antibody_interface_mutation;protected_epitope_or_contact,candidate
430,30,88,L,I,L88I,-2.0121049880981445,2.0287620507623956,0.29219102226298665,0.5214599293043295,surface,0.19999999999999996,0.0,0.0,0.0,0.95,0.95,0.0,-0.014,10.0,1.0,4,0.6625715650895563,0.8333333333333334,surface_hydrophobic_gain,candidate
431,39,97,L,Y,L97Y,-2.106048583984375,1.1382132710302812,0.4116595579327449,0.4686318450304153,surface,0.0,0.0,0.0,0.0,0.95,0.95,0.0,-0.013,10.0,1.0,4,0.6624386990069958,0.8333333333333334,surface_hydrophobic_gain,candidate
432,55,113,S,G,S113G,-2.7274434566497803,0.7739988439798253,0.4605195027890018,0.5010928652436815,surface,0.0,13.0,0.0,13.0,0.46,0.46,0.0,-0.02,10.0,1.0,4,0.6623729834666741,0.6666666666666666,new_glycine,candidate
433,24,82,I,S,I82S,-2.7534947395324707,1.816471912000736,0.3206700821328058,0.1423960518770025,buried,0.0,0.0,0.0,0.0,0.95,0.95,0.0,-0.02,10.0,1.0,10,0.6623103776760587,0.6666666666666666,buried_hydrophobic_loss,candidate
434,59,117,S,I,S117I,-3.3750648498535156,1.5289794796183005,0.3592376493391728,0.2408172241987686,partial,0.0,8.0,0.0,8.0,0.8,0.85,0.05,0.02,10.0,1.0,0,0.6617392368961967,0.6666666666666666,,candidate
435,102,160,K,L,K160L,-2.4033327102661133,-0.1786752668384679,0.5883222504657624,0.4101263481055165,surface,0.0,13.0,0.0,13.0,0.72,0.9,0.18,0.046,10.0,1.0,4,0.6609903370525309,0.8333333333333334,surface_hydrophobic_gain,candidate
436,4,32,L,Q,L32Q,-3.056710720062256,2.394378961252727,0.2431429320219105,0.2770711542124895,partial,0.0,0.0,0.0,0.0,0.9,0.9,0.0,-0.034,10.0,1.0,0,0.6607857330054776,0.8333333333333334,,candidate
437,106,164,E,L,E164L,-2.3881192207336426,1.5728574570155445,0.35335134886119535,0.3155222939348542,partial,0.0,8.0,0.0,8.0,0.72,0.85,0.13,0.057,10.0,1.0,0,0.6602676617767024,0.6666666666666666,,candidate
438,104,162,L,T,L162T,-2.8493311405181885,1.0532139945588028,0.42306234610577587,0.3831635196149266,surface,0.0,13.0,0.0,13.0,0.72,0.95,0.23,-0.049,10.0,1.0,0,0.6601515514387247,0.6666666666666666,,candidate
439,90,148,T,F,T148F,-3.0751359462738037,1.6133021609066134,0.34792562748643086,0.2579890499186791,partial,0.0,8.0,0.0,8.0,0.46,0.46,0.0,0.026,10.0,1.0,0,0.6589112314330112,0.6666666666666666,,candidate
440,39,97,L,F,L97F,-1.8230239152908323,1.2596374245219408,0.39537031455524885,0.4686318450304153,surface,0.0,0.0,0.0,0.0,0.95,0.95,0.0,-0.023,10.0,1.0,4,0.6583663881626218,0.8333333333333334,surface_hydrophobic_gain,candidate
441,11,39,L,V,L39V,-3.0939974784851074,2.160658558796712,0.2744968958620113,0.4136143989030472,surface,0.19999999999999996,0.0,0.0,0.0,0.9,0.9,0.0,0.019,10.0,1.0,4,0.6581480334893124,0.8333333333333334,surface_hydrophobic_gain,candidate
442,5,33,D,R,D33R,-2.2800533771514893,2.2985726774546436,0.2559954974218219,0.2364749388819394,partial,0.0,0.0,0.0,0.0,0.9,0.9,0.0,0.001,9.6,1.0,0,0.6579988743554555,0.8333333333333334,,candidate
443,9,37,T,D,T37D,-2.87073278427124,2.491154666276856,0.2301603172221699,0.449141958157238,surface,0.0,0.0,0.0,0.0,0.9,0.9,0.0,-0.006,10.0,1.0,0,0.6575400793055425,0.8333333333333334,,candidate
444,75,133,M,R,M133R,-3.174625873565674,-3.829357942290926,1.0,0.7714121856027483,surface,0.2666666666666667,57.0,16.0,41.0,0.46,0.85,0.39,0.007,9.6,1.0,15,0.6572142857142858,0.6666666666666666,antibody_interface_mutation;protected_epitope_or_contact,candidate
445,34,92,I,C,I92C,-3.827980756759643,0.6671605706659136,0.4748520271344261,0.4168462877701234,surface,0.0,0.0,0.0,0.0,0.95,0.95,0.0,0.037,9.3,0.33333333333333337,10,0.6570225305931304,0.6666666666666666,new_cysteine,candidate
446,27,85,F,T,F85T,-3.2291295528411865,2.510903876210591,0.2275109292884424,0.2488445592531738,partial,0.0,0.0,0.0,0.0,0.95,0.95,0.0,-0.026,10.0,1.0,0,0.6568777323221107,0.8333333333333334,,candidate
447,55,113,S,A,S113A,-2.7633118629455566,0.5446557024285994,0.4912862501144757,0.5010928652436815,surface,0.0,17.0,4.0,13.0,0.46,0.8,0.34,0.007,10.0,1.0,4,0.6560295825787442,0.6666666666666666,surface_hydrophobic_gain,candidate
448,31,89,L,I,L89I,-2.304654598236084,2.249766285325393,0.26254295257723703,0.5400515932916183,surface,0.19999999999999996,0.0,0.0,0.0,0.95,0.95,0.0,-0.014,10.0,1.0,4,0.6551595476681189,0.8333333333333334,surface_hydrophobic_gain,candidate
449,103,161,F,S,F161S,-2.250934362411499,2.6204725163298974,0.21281212189204368,0.2264302905074843,partial,0.43333333333333335,18.0,10.0,8.0,0.72,0.54,-0.18,-0.011,10.0,1.0,0,0.6550451357361688,0.6666666666666666,,candidate
450,26,84,L,F,L84F,-2.1793317794799805,2.5792537723317537,0.21834168197867487,0.3244585001644404,partial,0.0,0.0,0.0,0.0,0.95,0.95,0.0,-0.023,10.0,1.0,0,0.6545854204946687,0.8333333333333334,,candidate
451,55,113,S,R,S113R,-3.3555967807769775,0.6258366956522536,0.48039569071405297,0.5010928652436815,surface,0.0,17.0,4.0,13.0,0.46,0.8,0.34,-0.02,9.6,1.0,0,0.6544497998714957,0.6666666666666666,,candidate
452,56,114,S,G,S114G,-2.693443536758423,1.0160163847721435,0.4280524646402867,0.7674572776813657,surface,0.0,13.0,0.0,13.0,0.8,0.8,0.0,-0.02,10.0,1.0,4,0.6542562239294952,0.6666666666666666,new_glycine,candidate
453,12,40,N,V,N40V,-3.0982918739318848,1.387024364447484,0.37828115389081673,0.4223781424869389,surface,0.0,0.0,0.0,0.0,0.9,0.95,0.05,0.087,10.0,1.0,4,0.6540940979965137,0.8333333333333334,surface_hydrophobic_gain,candidate
454,34,92,I,V,I92V,-2.11545991897583,2.30435926473993,0.2552192175310041,0.4168462877701234,surface,0.19999999999999996,0.0,0.0,0.0,0.95,0.95,0.0,0.033,10.0,1.0,4,0.6533286139065606,0.8333333333333334,surface_hydrophobic_gain,candidate
455,105,163,W,G,W163G,-2.679366111755371,0.003191335471115,0.5639245564150267,0.6387023211729816,surface,0.0,23.0,10.0,13.0,0.72,0.54,-0.18,-0.003,10.0,1.0,4,0.6531365275749347,0.6666666666666666,new_glycine,candidate
456,96,154,S,P,S154P,-2.610211133956909,-0.0176431618996559,0.5667195373851317,0.6509636980785455,surface,0.0,13.0,0.0,13.0,0.8,0.8,0.0,0.007,9.2,0.6666666666666667,8,0.6531134683061827,0.6666666666666666,new_proline,candidate
457,98,156,W,D,W156D,-2.9331247806549072,1.2758598841022035,0.3931940457925217,0.3846290466752396,surface,0.0,13.0,0.0,13.0,0.8,0.8,0.0,-0.004,10.0,1.0,0,0.6526844763604112,0.6666666666666666,,candidate
458,31,89,L,F,L89F,-2.477445363998413,1.443972627271421,0.3706414538279421,0.5400515932916183,surface,0.0,0.0,0.0,0.0,0.95,0.95,0.0,-0.023,10.0,1.0,4,0.6521841729807951,0.8333333333333334,surface_hydrophobic_gain,candidate
459,42,100,Y,G,Y100G,-3.0673956871032715,1.1013152994698032,0.4166094795224873,0.4292125588633806,surface,0.0,13.0,0.0,13.0,0.95,0.85,-0.1,-0.041,10.0,1.0,4,0.6513954776500455,0.6666666666666666,new_glycine,candidate
460,98,156,W,S,W156S,-1.88760244846344,1.3346641421034064,0.38530536102371693,0.3846290466752396,surface,0.0,13.0,0.0,13.0,0.8,0.8,0.0,0.017,10.0,1.0,0,0.65071230516821,0.6666666666666666,,candidate
461,5,33,D,A,D33A,-2.8863935470581055,2.7216621881704555,0.19923736642123013,0.2364749388819394,partial,0.0,0.0,0.0,0.0,0.9,0.9,0.0,0.028,10.0,1.0,0,0.6498093416053076,0.8333333333333334,,candidate
462,51,109,L,N,L109N,-3.2993335723876953,1.8942105793399548,0.31024131622654216,0.2916870936221249,partial,0.0,8.0,0.0,8.0,0.8,0.8,0.0,-0.068,10.0,1.0,0,0.6494901536180391,0.6666666666666666,,candidate
463,75,133,M,I,M133I,-3.331501007080078,-0.0563554390933518,0.5719128509621418,0.7714121856027483,surface,0.5666666666666667,31.8,7.2,24.6,0.46,0.46,0.0,0.047,10.0,1.0,19,0.6491373606102097,0.6666666666666666,antibody_interface_mutation;protected_epitope_or_contact;surface_hydrophobic_gain,candidate
464,58,116,T,L,T116L,-2.955138683319092,0.1847529048553724,0.5395677830165327,0.8072122138192673,surface,0.0,13.0,0.0,13.0,0.8,0.8,0.0,0.049,10.0,1.0,4,0.6488017201902234,0.6666666666666666,surface_hydrophobic_gain,candidate
465,58,116,T,V,T116V,-3.120701313018799,0.190950621278489,0.5387363494977659,0.8072122138192673,surface,0.0,13.0,0.0,13.0,0.8,0.8,0.0,0.068,10.0,1.0,4,0.6485938618105318,0.6666666666666666,surface_hydrophobic_gain,candidate
466,64,122,R,N,R122N,-3.1925363540649414,-2.1600229376527125,0.854123192842067,0.6842746986943747,surface,0.2666666666666667,51.0,18.0,33.0,0.8,0.46,-0.34,-0.014,10.0,1.0,15,0.6477977155037499,0.5,antibody_interface_mutation;predicted_tcell_epitope_loss;protected_epitope_or_contact,candidate
467,109,167,S,C,S167C,-3.109222650527954,-0.4145409154824904,0.6199640024950847,0.5274912426766627,surface,0.0,13.0,0.0,13.0,0.72,0.72,0.0,0.057,9.3,0.33333333333333337,10,0.6476864893455758,0.6666666666666666,new_cysteine,candidate
468,71,129,Q,S,Q129S,-1.7586876153945925,-0.4428541081298078,0.6237622623351894,0.7949932296426763,surface,0.19999999999999996,31.8,7.2,24.6,0.46,0.46,0.0,-0.0,10.0,1.0,15,0.647575903929662,0.6666666666666666,antibody_interface_mutation;protected_epitope_or_contact,candidate
469,55,113,S,T,S113T,-2.0917980670928955,3.778381413161725,0.05747680114173537,0.5010928652436815,surface,0.4,7.8,0.0,7.8,0.46,0.46,0.0,-0.015,10.0,1.0,0,0.6470007792328023,0.6666666666666666,,candidate
470,92,150,I,A,I150A,-2.8804006576538086,3.2085749323545087,0.1339172471077088,0.0674310171392846,buried,0.19999999999999996,4.8,0.0,4.8,0.8,0.8,0.0,-0.013,10.0,1.0,0,0.6466372065137693,0.6666666666666666,,candidate
471,75,133,M,G,M133G,-2.7744789123535156,-2.546390697205396,0.9059550424995887,0.7714121856027483,surface,0.2666666666666667,53.0,12.0,41.0,0.46,0.4,-0.06,0.007,10.0,1.0,19,0.646595276915624,0.6666666666666666,antibody_interface_mutation;new_glycine;protected_epitope_or_contact,candidate
472,68,126,T,S,T126S,-2.4454941749572754,0.0338320244410397,0.559814059240183,0.5989298081671572,surface,0.30000000000000004,31.8,7.2,24.6,0.46,0.46,0.0,0.015,10.0,1.0,15,0.6465888531559104,0.5,antibody_interface_mutation;protected_epitope_or_contact,candidate
473,20,78,R,G,R78G,-3.0517046451568604,2.6049272065347964,0.21489754993374188,0.2081572970975456,partial,0.0,0.0,0.0,0.0,0.95,0.9,-0.05,0.0,10.0,1.0,4,0.6465815303405784,0.8333333333333334,new_glycine,candidate
474,100,158,F,S,F158S,-2.188222169876098,0.0219551544368528,0.5614073602474193,0.3572566805784752,surface,0.09999999999999998,31.0,18.0,13.0,0.8,0.54,-0.26,-0.011,10.0,1.0,0,0.6465799102372934,0.5,predicted_tcell_epitope_loss,candidate
475,58,116,T,C,T116C,-2.38415002822876,-0.3780498389016884,0.6150686665142383,0.8072122138192673,surface,0.0,13.0,0.0,13.0,0.8,0.7,-0.1,0.072,9.3,0.33333333333333337,10,0.6464626553503642,0.6666666666666666,new_cysteine,candidate
476,28,86,I,A,I86A,-3.1516809463500977,3.7443068970895297,0.06204795168558919,0.2519341702429387,partial,0.19999999999999996,0.0,0.0,0.0,0.95,0.95,0.0,-0.013,10.0,1.0,0,0.6455119879213973,0.8333333333333334,,candidate
477,96,154,S,G,S154G,-2.497617721557617,1.2972120366158606,0.39032962056140597,0.6509636980785455,surface,0.0,13.0,0.0,13.0,0.8,0.8,0.0,-0.02,10.0,1.0,4,0.6448255129097751,0.6666666666666666,new_glycine,candidate
478,31,89,L,G,L89G,-2.971132755279541,2.6802220363117613,0.20479662872461546,0.5400515932916183,surface,0.0,0.0,0.0,0.0,0.95,0.95,0.0,-0.054,10.0,1.0,4,0.6440563000382967,0.8333333333333334,new_glycine,candidate
479,6,34,S,F,S34F,-2.8886542320251465,1.6892877620736328,0.33773203819630704,0.4204030645018579,surface,0.0,0.0,0.0,0.0,0.9,0.9,0.0,0.011,10.0,1.0,4,0.6439568190728864,0.8333333333333334,surface_hydrophobic_gain,candidate
480,83,141,K,R,K141R,-3.0682287216186523,-0.4774550264140487,0.6284040305732983,0.5662958773674612,surface,0.19999999999999996,31.8,7.2,24.6,0.4,0.4,0.0,-0.008,9.6,1.0,15,0.6427363459891893,0.6666666666666666,antibody_interface_mutation;protected_epitope_or_contact,candidate
481,43,101,Q,L,Q101L,-1.7334154844284058,-2.5202815924364472,0.9024524645550848,0.4373061787959271,surface,0.0,33.0,0.0,33.0,0.95,0.95,0.0,0.034,10.0,1.0,19,0.6425617376926559,0.6666666666666666,antibody_interface_mutation;protected_epitope_or_contact;surface_hydrophobic_gain,candidate
482,10,38,S,T,S38T,-2.8688173294067383,3.8899506571032134,0.04250960955961769,0.4989621763009977,surface,0.19999999999999996,0.0,0.0,0.0,0.9,0.9,0.0,-0.015,10.0,1.0,0,0.6406274023899045,0.8333333333333334,,candidate
483,50,108,P,T,P108T,-2.758890151977539,2.194328064555606,0.26998007809606095,0.0792645560789503,buried,0.0,8.0,0.0,8.0,0.8,0.8,0.0,-0.022,10.0,1.0,0,0.6394248440854188,0.6666666666666666,,candidate
484,23,81,I,C,I81C,-3.3253884315490723,1.2005652962119484,0.40329493455216103,0.3079085484916104,partial,0.0,0.0,0.0,0.0,0.95,0.95,0.0,0.037,9.3,0.33333333333333337,10,0.6391332574475642,0.6666666666666666,new_cysteine,candidate
485,108,166,A,G,A166G,-2.99367618560791,1.3971942075699246,0.37691685325565705,0.2236194418060526,partial,0.09999999999999998,18.0,10.0,8.0,0.72,0.54,-0.18,-0.027,10.0,1.0,4,0.6389284614342151,0.6666666666666666,new_glycine,candidate
486,64,122,R,G,R122G,-2.390272855758667,-2.1023349881771196,0.8463842626380267,0.6842746986943747,surface,0.2666666666666667,51.0,18.0,33.0,0.8,0.46,-0.34,0.0,10.0,1.0,19,0.6387201258098827,0.5,antibody_interface_mutation;new_glycine;predicted_tcell_epitope_loss;protected_epitope_or_contact,candidate
487,54,112,G,I,G112I,-3.3818931579589844,0.0779711919271335,0.5538927196962311,0.8765474868352958,surface,0.0,17.0,4.0,13.0,0.46,0.85,0.39,0.04,10.0,1.0,4,0.6383478666408497,0.6666666666666666,surface_hydrophobic_gain,candidate
488,54,112,G,L,G112L,-2.873105049133301,0.0835857376305568,0.5531395194573394,0.8765474868352958,surface,0.0,17.0,4.0,13.0,0.46,0.85,0.39,0.054,10.0,1.0,4,0.6381595665811268,0.6666666666666666,surface_hydrophobic_gain,candidate
489,64,122,R,S,R122S,-2.08870267868042,-1.8604773980691505,0.8139386821280996,0.6842746986943747,surface,0.2666666666666667,51.0,18.0,33.0,0.8,0.46,-0.34,0.02,10.0,1.0,15,0.637751587825258,0.5,antibody_interface_mutation;predicted_tcell_epitope_loss;protected_epitope_or_contact,candidate
490,72,130,G,D,G130D,-4.674903392791748,-4.205907894943152,1.0,0.4255776612758414,surface,0.0,53.0,12.0,41.0,0.46,0.5,0.04,-0.001,10.0,1.0,15,0.6372493734335839,0.6666666666666666,antibody_interface_mutation;protected_epitope_or_contact,candidate
491,93,151,P,S,P151S,-2.1169919967651367,1.7607507573115695,0.32814516368706415,0.4184768966189796,surface,0.0,13.0,0.0,13.0,0.8,0.8,0.0,-0.007,10.0,1.0,0,0.6364222558340468,0.6666666666666666,,candidate
492,104,162,L,F,L162F,-2.9124960899353027,0.5631642328304736,0.4888033013138763,0.3831635196149266,surface,0.0,13.0,0.0,13.0,0.72,0.72,0.0,-0.023,10.0,1.0,4,0.6361105997645593,0.6666666666666666,surface_hydrophobic_gain,candidate
493,60,118,T,A,T118A,-2.6420583724975586,2.8164876263426493,0.18651638302256335,0.2079456707558219,partial,0.09999999999999998,8.0,0.0,8.0,0.8,0.8,0.0,0.022,10.0,1.0,0,0.6335589203170444,0.6666666666666666,,candidate
494,92,150,I,T,I150T,-2.4058632850646973,2.318570814772613,0.25331271548345435,0.0674310171392846,buried,0.09999999999999998,8.0,0.0,8.0,0.8,0.8,0.0,-0.035,10.0,1.0,10,0.6324008605751243,0.5,buried_hydrophobic_loss,candidate
495,29,87,L,F,L87F,-1.7911171913146973,3.270436912001969,0.12561836411520433,0.3004260978551883,partial,0.0,0.0,0.0,0.0,0.95,0.95,0.0,-0.023,10.0,1.0,0,0.6314045910288011,0.8333333333333334,,candidate
496,29,87,L,C,L87C,-3.3506479263305664,1.431300994771675,0.3723413734884299,0.3004260978551883,partial,0.0,0.0,0.0,0.0,0.95,0.95,0.0,0.023,9.3,0.33333333333333337,10,0.6313948671816314,0.6666666666666666,new_cysteine,candidate
497,64,122,R,L,R122L,-3.19980525970459,-2.8714086454043013,0.9495567173560663,0.6842746986943747,surface,0.2666666666666667,51.0,18.0,33.0,0.8,0.5,-0.3,0.054,10.0,1.0,19,0.6311799061560592,0.5,antibody_interface_mutation;predicted_tcell_epitope_loss;protected_epitope_or_contact;surface_hydrophobic_gain,candidate
498,37,95,L,F,L95F,-2.5136349201202393,2.0746366767584448,0.2860368681987989,0.4686318450304153,surface,0.0,0.0,0.0,0.0,0.95,0.95,0.0,-0.023,10.0,1.0,4,0.6310330265735093,0.8333333333333334,surface_hydrophobic_gain,candidate
499,11,39,L,A,L39A,-2.978839159011841,3.9754459888108897,0.03104027478742377,0.4136143989030472,surface,0.19999999999999996,0.0,0.0,0.0,0.9,0.9,0.0,-0.027,10.0,1.0,4,0.6306172115539989,0.8333333333333334,surface_hydrophobic_gain,candidate
500,96,154,S,V,S154V,-3.057084083557129,0.7377269596763654,0.4653854337771064,0.6509636980785455,surface,0.0,13.0,0.0,13.0,0.8,0.8,0.0,0.053,10.0,1.0,4,0.6302561328803669,0.6666666666666666,surface_hydrophobic_gain,candidate
501,72,130,G,A,G130A,-4.027542591094971,-4.590667789971718,1.0,0.4255776612758414,surface,0.0,53.0,12.0,41.0,0.46,0.72,0.26,0.027,10.0,1.0,19,0.6301065162907268,0.6666666666666666,antibody_interface_mutation;protected_epitope_or_contact;surface_hydrophobic_gain,candidate
502,26,84,L,G,L84G,-2.9217987060546875,3.1157035778201134,0.14637608707740568,0.3244585001644404,partial,0.0,0.0,0.0,0.0,0.95,0.85,-0.1,-0.054,10.0,1.0,4,0.6294511646264943,0.8333333333333334,new_glycine,candidate
503,56,114,S,V,S114V,-3.24607253074646,0.7623541733147476,0.46208165388546607,0.7674572776813657,surface,0.0,13.0,0.0,13.0,0.8,0.8,0.0,0.053,10.0,1.0,4,0.6294301879074568,0.6666666666666666,surface_hydrophobic_gain,candidate
504,56,114,S,I,S114I,-3.4944100379943848,0.77663677132864,0.4601656206381993,0.7674572776813657,surface,0.0,13.0,0.0,13.0,0.8,0.8,0.0,0.02,10.0,1.0,4,0.6289511795956401,0.6666666666666666,surface_hydrophobic_gain,candidate
505,51,109,L,S,L109S,-2.0914666652679443,2.5100125946197807,0.22763049613188424,0.2916870936221249,partial,0.0,8.0,0.0,8.0,0.8,0.8,0.0,-0.034,10.0,1.0,0,0.6288374485943746,0.6666666666666666,,candidate
506,103,161,F,G,F161G,-2.605480670928955,3.2070418529755216,0.13412291214553884,0.2264302905074843,partial,0.43333333333333335,18.0,10.0,8.0,0.72,0.54,-0.18,-0.031,10.0,1.0,4,0.6282299761566855,0.6666666666666666,new_glycine,candidate
507,112,170,F,A,F170A,-2.6248815059661865,3.20965156097526,0.13377281566531218,0.7690719346952728,surface,0.0,0.0,0.0,0.0,0.72,0.72,0.0,-0.007,10.0,1.0,4,0.6263003467734709,0.8333333333333334,surface_hydrophobic_gain,candidate
508,99,157,A,S,A157S,-2.1399314403533936,2.0784263335281423,0.28552847971377626,0.0,buried,0.0,8.0,0.0,8.0,0.8,0.8,0.0,-0.007,10.0,1.0,10,0.6254548016327048,0.5,buried_hydrophobic_loss,candidate
509,12,40,N,F,N40F,-3.0107102394104004,2.250087744476417,0.2624998283206835,0.4223781424869389,surface,0.0,0.0,0.0,0.0,0.9,0.9,0.0,0.045,10.0,1.0,4,0.6251487666039804,0.8333333333333334,surface_hydrophobic_gain,candidate
510,102,160,K,F,K160F,-2.892708539962769,0.9065610856851548,0.44273606715687375,0.4101263481055165,surface,0.0,13.0,0.0,13.0,0.72,0.9,0.18,0.023,10.0,1.0,4,0.6245937912253087,0.6666666666666666,surface_hydrophobic_gain,candidate
511,34,92,I,G,I92G,-2.8668482303619385,3.2828459424544576,0.12395367293715776,0.4168462877701234,surface,0.0,0.0,0.0,0.0,0.95,0.9,-0.05,-0.04,10.0,1.0,4,0.6238455610914323,0.8333333333333334,new_glycine,candidate
512,8,36,W,F,W36F,-3.005647659301758,3.1967045569600714,0.1355096768527143,0.7212115673883676,surface,0.19999999999999996,0.0,0.0,0.0,0.9,0.9,0.0,0.028,10.0,1.0,4,0.6234012287369881,0.8333333333333334,surface_hydrophobic_gain,candidate
513,10,38,S,V,S38V,-2.9441587924957275,2.3099194160102456,0.2544733143918557,0.4989621763009977,surface,0.0,0.0,0.0,0.0,0.9,0.9,0.0,0.053,10.0,1.0,4,0.6231421381217735,0.8333333333333334,surface_hydrophobic_gain,candidate
514,11,39,L,K,L39K,-3.1157212257385254,2.30307355219432,0.2553916979145744,0.4136143989030472,surface,0.0,10.0,10.0,0.0,0.9,0.72,-0.18,-0.046,9.6,1.0,0,0.622760205180398,0.6666666666666666,,candidate
515,45,103,M,R,M103R,-2.995612144470215,-0.8890511372399601,0.6836203036925887,0.3825064087336273,surface,0.0,33.0,0.0,33.0,0.95,0.95,0.0,0.007,9.6,1.0,15,0.6223298879532223,0.6666666666666666,antibody_interface_mutation;protected_epitope_or_contact,candidate
516,106,164,E,F,E164F,-3.022123336791992,2.7156702797973935,0.20004119046264013,0.3155222939348542,partial,0.0,8.0,0.0,8.0,0.72,0.72,0.0,0.034,10.0,1.0,0,0.6219401221770635,0.6666666666666666,,candidate
517,11,39,L,G,L39G,-2.8080291748046875,2.2999218332323608,0.2558145060277258,0.4136143989030472,surface,0.0,10.0,10.0,0.0,0.9,0.72,-0.18,-0.054,10.0,1.0,4,0.6217230500658287,0.6666666666666666,new_glycine,candidate
518,40,98,L,F,L98F,-2.9545915126800537,3.56697095102993,0.08583785099208707,0.2343159225152076,partial,0.0,0.0,0.0,0.0,0.95,0.95,0.0,-0.023,10.0,1.0,0,0.6214594627480218,0.8333333333333334,,candidate
519,104,162,L,S,L162S,-2.261052370071411,2.216141686642459,0.2670537459875,0.3831635196149266,surface,0.0,13.0,0.0,13.0,0.72,0.95,0.23,-0.034,10.0,1.0,0,0.6211494014091558,0.6666666666666666,,candidate
520,106,164,E,S,E164S,-2.2214584350585938,2.7795237369427355,0.19147514759534168,0.3155222939348542,partial,0.0,8.0,0.0,8.0,0.72,0.72,0.0,0.023,10.0,1.0,0,0.619798611460239,0.6666666666666666,,candidate
521,85,143,S,G,S143G,-2.3000245094299316,-0.233890421714932,0.5957294513400979,0.8592213749421506,surface,0.6,53.0,12.0,41.0,0.35,0.35,0.0,-0.02,10.0,1.0,19,0.6190388791257513,0.6666666666666666,antibody_interface_mutation;new_glycine;protected_epitope_or_contact,candidate
522,23,81,I,W,I81W,-3.105257034301758,3.650491594592267,0.07463342377633164,0.3079085484916104,partial,0.0,0.0,0.0,0.0,0.95,0.95,0.0,-0.037,10.0,1.0,0,0.6186583559440829,0.8333333333333334,,candidate
523,67,125,M,C,M125C,-2.467139959335327,-1.826296572158725,0.8093532699503075,0.6247950101574824,surface,0.6,53.0,12.0,41.0,0.46,0.35,-0.11,0.084,9.3,0.33333333333333337,25,0.6178972147306847,0.6666666666666666,antibody_interface_mutation;new_cysteine;protected_epitope_or_contact,candidate
524,1,29,P,S,P29S,-2.402216911315918,1.795297530638578,0.3235106590811129,0.2878983169571793,partial,0.0,18.0,18.0,0.0,0.9,0.45,-0.45,-0.01,10.0,1.0,0,0.6177197700334361,0.5,predicted_tcell_epitope_loss,candidate
525,69,127,T,A,T127A,-2.5828545093536377,0.5483935202916257,0.490784815901259,0.3445728777177935,partial,0.6,48.0,12.0,36.0,0.46,0.46,0.0,0.022,10.0,1.0,15,0.6174894370580215,0.5,antibody_interface_mutation;protected_epitope_or_contact,candidate
526,52,110,I,R,I110R,-3.1292200088500977,1.4617869771976473,0.36825163044259646,0.4299745091071794,surface,0.2666666666666667,31.0,18.0,13.0,0.8,0.46,-0.34,-0.04,9.6,1.0,0,0.6172909777860878,0.5,predicted_tcell_epitope_loss,candidate
527,109,167,S,W,S167W,-3.1649343967437744,1.137535232677493,0.4117505178565347,0.5274912426766627,surface,0.0,13.0,0.0,13.0,0.72,0.72,0.0,-0.017,10.0,1.0,4,0.616847403900224,0.6666666666666666,surface_hydrophobic_gain,candidate
528,93,151,P,N,P151N,-3.253866195678711,2.351221370806712,0.24893259144424051,0.4184768966189796,surface,0.0,13.0,0.0,13.0,0.8,0.8,0.0,-0.041,10.0,1.0,0,0.6166191127733408,0.6666666666666666,,candidate
529,96,154,S,R,S154R,-2.943392515182495,2.1731575162138768,0.2728201408385791,0.6509636980785455,surface,0.0,13.0,0.0,13.0,0.8,0.8,0.0,-0.02,9.6,1.0,0,0.6165910001219255,0.6666666666666666,,candidate
530,54,112,G,V,G112V,-3.1717123985290527,0.7375767636684714,0.46540558281052813,0.8765474868352958,surface,0.0,17.0,4.0,13.0,0.46,0.85,0.39,0.073,10.0,1.0,4,0.616226082419424,0.6666666666666666,surface_hydrophobic_gain,candidate
531,82,140,T,R,T140R,-2.8167457580566406,-2.2735899549688554,0.8693583889008645,0.3381797366677382,partial,0.0,48.0,12.0,36.0,0.4,0.4,0.0,-0.005,9.6,1.0,15,0.6161328303079229,0.6666666666666666,antibody_interface_mutation;protected_epitope_or_contact,candidate
532,0,28,I,S,I28S,-3.978482246398926,3.732710748571833,0.06360359345878319,0.5320478205960862,surface,0.0,0.0,0.0,0.0,0.9,0.9,0.0,-0.035,10.0,1.0,0,0.6159008983646959,0.8333333333333334,,candidate
533,28,86,I,C,I86C,-3.4822983741760254,1.9013960147968871,0.3092773786279218,0.2519341702429387,partial,0.0,0.0,0.0,0.0,0.95,0.95,0.0,0.037,9.3,0.33333333333333337,10,0.6156288684665044,0.6666666666666666,new_cysteine,candidate
534,65,123,T,N,T123N,-3.326808214187622,1.8097138807457045,0.3215766827777383,0.4732925498500911,surface,0.19999999999999996,19.8,0.0,19.8,0.46,0.46,0.0,-0.019,10.0,1.0,15,0.614134772198194,0.5,antibody_interface_mutation;protected_epitope_or_contact,candidate
535,60,118,T,N,T118N,-3.5397603511810303,4.605806553231304,0.0,0.2079456707558219,partial,0.19999999999999996,4.8,0.0,4.8,0.8,0.8,0.0,-0.019,10.0,1.0,0,0.6131578947368421,0.6666666666666666,,candidate
536,31,89,L,C,L89C,-3.629055976867676,1.9771700321723529,0.29911217364006615,0.5400515932916183,surface,0.0,0.0,0.0,0.0,0.95,0.95,0.0,0.023,9.3,0.33333333333333337,10,0.6130875672195405,0.6666666666666666,new_cysteine,candidate
537,51,109,L,D,L109D,-3.254565477371216,2.9800825814214136,0.1645698595181473,0.2916870936221249,partial,0.0,8.0,0.0,8.0,0.8,0.8,0.0,-0.055,10.0,1.0,0,0.6130722894409404,0.6666666666666666,,candidate
538,37,95,L,G,L95G,-3.036837577819824,3.639084718957889,0.07616367429109416,0.4686318450304153,surface,0.0,0.0,0.0,0.0,0.95,0.95,0.0,-0.054,10.0,1.0,4,0.6118980614299164,0.8333333333333334,new_glycine,candidate
539,25,83,F,C,F83C,-3.5826497077941895,2.1095974946324247,0.28134681885812396,0.1771726309733192,partial,0.0,0.0,0.0,0.0,0.95,0.95,0.0,0.046,9.3,0.33333333333333337,10,0.6086462285240549,0.6666666666666666,new_cysteine,candidate
540,111,169,R,G,R169G,-2.724708795547486,2.3821370651835423,0.24478520185652508,0.5884515364932383,surface,0.0,13.0,0.0,13.0,0.72,0.72,0.0,0.0,10.0,1.0,4,0.6084394082335549,0.6666666666666666,new_glycine,candidate
541,50,108,P,S,P108S,-2.0170698165893555,3.1231997879953326,0.1453704585558826,0.0792645560789503,buried,0.0,8.0,0.0,8.0,0.8,0.8,0.0,-0.007,10.0,1.0,0,0.6082724392003742,0.6666666666666666,,candidate
542,74,132,S,T,S132T,-2.2125072479248047,0.7557707023379123,0.46296483699135216,0.579059006496541,surface,0.19999999999999996,31.8,7.2,24.6,0.46,0.46,0.0,-0.015,10.0,1.0,15,0.6073765475937027,0.5,antibody_interface_mutation;protected_epitope_or_contact,candidate
543,97,155,S,I,S155I,-2.987226724624634,3.1854572131717305,0.13701852591651476,0.2655740282627206,partial,0.0,8.0,0.0,8.0,0.8,0.8,0.0,0.02,10.0,1.0,0,0.6061844560405322,0.6666666666666666,,candidate
544,106,164,E,R,E164R,-2.757544994354248,3.011923484676118,0.16029835168745188,0.3155222939348542,partial,0.0,8.0,0.0,8.0,0.72,0.85,0.13,0.003,9.6,1.0,0,0.6060044124832665,0.6666666666666666,,candidate
545,33,91,L,G,L91G,-2.6570000648498535,3.845327702863102,0.04849584986632871,0.2571035039025567,partial,0.0,0.0,0.0,0.0,0.95,0.95,0.0,-0.054,10.0,1.0,4,0.6049811053237251,0.8333333333333334,new_glycine,candidate
546,112,170,F,R,F170R,-2.5115904808044434,3.896315128700735,0.04165580556889592,0.7690719346952728,surface,0.0,0.0,0.0,0.0,0.72,0.72,0.0,-0.054,9.6,1.0,0,0.604413951392224,0.8333333333333334,,candidate
547,90,148,T,C,T148C,-2.301001787185669,1.443305209151788,0.37073098903055735,0.2579890499186791,partial,0.0,8.0,0.0,8.0,0.46,0.46,0.0,0.072,9.3,0.33333333333333337,10,0.6029220956285668,0.5,new_cysteine,candidate
548,103,161,F,E,F161E,-3.004809617996216,4.369267834836677,0.0,0.2264302905074843,partial,0.43333333333333335,18.0,10.0,8.0,0.72,0.54,-0.18,-0.034,10.0,1.0,0,0.601842105263158,0.6666666666666666,,candidate
549,93,151,P,R,P151R,-2.8354010581970215,2.614853362306235,0.21356594034442733,0.4184768966189796,surface,0.0,13.0,0.0,13.0,0.8,0.8,0.0,-0.027,9.6,1.0,0,0.6017774499983876,0.6666666666666666,,candidate
550,88,146,N,S,N146S,-1.9222005605697632,0.9247708872192106,0.4402931933091717,0.6412527415552243,surface,0.19999999999999996,31.8,7.2,24.6,0.35,0.35,0.0,0.034,10.0,1.0,15,0.6017086366731575,0.5,antibody_interface_mutation;protected_epitope_or_contact,candidate
551,82,140,T,Y,T140Y,-3.329618453979492,-1.6623612370863723,0.7873610839282049,0.3381797366677382,partial,0.0,48.0,12.0,36.0,0.4,0.4,0.0,0.036,10.0,1.0,15,0.601633504064758,0.6666666666666666,antibody_interface_mutation;protected_epitope_or_contact,candidate
552,72,130,G,S,G130S,-3.8458850383758545,-2.158549013740924,0.8539254636042783,0.4255776612758414,surface,0.0,53.0,12.0,41.0,0.46,0.54,0.08,0.02,10.0,1.0,15,0.6007307393346535,0.6666666666666666,antibody_interface_mutation;protected_epitope_or_contact,candidate
553,59,117,S,C,S117C,-2.3723771572113037,1.5090073280949523,0.3619169452418485,0.2408172241987686,partial,0.0,8.0,0.0,8.0,0.8,0.7,-0.1,0.057,9.3,0.33333333333333337,10,0.6007185846813896,0.5,new_cysteine,candidate
554,4,32,L,S,L32S,-2.1043622493743896,4.902334704525543,0.0,0.2770711542124895,partial,0.0,0.0,0.0,0.0,0.9,0.9,0.0,-0.034,10.0,1.0,0,0.6,0.8333333333333334,,candidate
555,7,35,W,V,W35V,-2.823068618774414,4.402505480272765,0.0,0.219953902763675,partial,0.0,0.0,0.0,0.0,0.9,0.9,0.0,0.07,10.0,1.0,0,0.6,0.8333333333333334,,candidate
556,40,98,L,S,L98S,-2.9065256118774414,4.609676410707493,0.0,0.2343159225152076,partial,0.0,0.0,0.0,0.0,0.95,0.95,0.0,-0.034,10.0,1.0,0,0.6,0.8333333333333334,,candidate
557,28,86,I,T,I86T,-3.696755886077881,4.413481630537319,0.0,0.2519341702429387,partial,0.0,0.0,0.0,0.0,0.95,0.95,0.0,-0.035,10.0,1.0,0,0.6,0.8333333333333334,,candidate
558,38,96,V,G,V96G,-3.040539264678955,3.9940838798666505,0.02853997204929193,0.4094831307261785,surface,0.0,0.0,0.0,0.0,0.95,0.95,0.0,-0.073,10.0,1.0,4,0.5999921358694659,0.8333333333333334,new_glycine,review_manually
559,64,122,R,T,R122T,-2.2902891635894775,-0.6910100324998609,0.6570527744070644,0.6842746986943747,surface,0.2666666666666667,51.0,18.0,33.0,0.8,0.46,-0.34,0.005,10.0,1.0,15,0.5985301108949992,0.5,antibody_interface_mutation;predicted_tcell_epitope_loss;protected_epitope_or_contact,review_manually
560,62,120,P,T,P120T,-2.079400062561035,0.518483106639394,0.4947973454803616,0.5005624053164098,surface,0.09999999999999998,33.0,0.0,33.0,0.8,0.8,0.0,-0.022,10.0,1.0,15,0.5961241484001656,0.5,antibody_interface_mutation;protected_epitope_or_contact,review_manually
561,97,155,S,G,S155G,-2.642275094985962,3.328899964341417,0.11777545262878442,0.2655740282627206,partial,0.0,8.0,0.0,8.0,0.8,0.8,0.0,-0.02,10.0,1.0,4,0.5942308305757426,0.6666666666666666,new_glycine,review_manually
562,2,30,Q,G,Q30G,-2.823472738265991,4.462737928207872,0.0,0.3032999105288746,partial,0.0,0.0,0.0,0.0,0.9,0.9,0.0,-0.024,10.0,1.0,4,0.5928571428571429,0.8333333333333334,new_glycine,review_manually
563,22,80,F,G,F80G,-2.943734645843506,4.694092258997102,0.0,0.2611030537874812,partial,0.0,0.0,0.0,0.0,0.95,0.9,-0.05,-0.031,10.0,1.0,4,0.5928571428571429,0.8333333333333334,new_glycine,review_manually
564,12,40,N,A,N40A,-2.9581007957458496,4.5611071267975944,0.0,0.4223781424869389,surface,0.0,0.0,0.0,0.0,0.9,0.95,0.05,0.041,10.0,1.0,4,0.5928571428571429,0.8333333333333334,surface_hydrophobic_gain,review_manually
565,40,98,L,G,L98G,-3.0859780311584473,4.513276352413243,0.0,0.2343159225152076,partial,0.0,0.0,0.0,0.0,0.95,0.85,-0.1,-0.054,10.0,1.0,4,0.5928571428571429,0.8333333333333334,new_glycine,review_manually
566,71,129,Q,A,Q129A,-2.4610862731933594,-2.1334267931529496,0.850555277742791,0.7949932296426763,surface,0.0,53.0,12.0,41.0,0.46,0.46,0.0,0.007,10.0,1.0,19,0.5927453357264246,0.6666666666666666,antibody_interface_mutation;protected_epitope_or_contact;surface_hydrophobic_gain,review_manually
567,1,29,P,F,P29F,-2.5038013458251953,2.5465828400385817,0.22272453952546212,0.2878983169571793,partial,0.0,18.0,18.0,0.0,0.9,0.45,-0.45,0.005,10.0,1.0,0,0.5925232401445234,0.5,predicted_tcell_epitope_loss,review_manually
568,95,153,P,A,P153A,-2.9138169288635254,3.594883334180821,0.08209336038361836,0.1940481562838304,partial,0.0,8.0,0.0,8.0,0.8,0.9,0.1,0.0,10.0,1.0,0,0.5924531646573081,0.6666666666666666,,review_manually
569,58,116,T,I,T116I,-3.4040181636810303,1.89902584303195,0.30959534094114627,0.8072122138192673,surface,0.0,13.0,0.0,13.0,0.8,0.8,0.0,0.035,10.0,1.0,4,0.5913086096713769,0.6666666666666666,surface_hydrophobic_gain,review_manually
570,70,128,A,S,A128S,-1.9534746408462524,-1.8693214850835032,0.8151251304720729,0.78186935118423,surface,0.0,53.0,12.0,41.0,0.46,0.45,-0.01,-0.007,10.0,1.0,15,0.5910306560516022,0.6666666666666666,antibody_interface_mutation;protected_epitope_or_contact,review_manually
571,69,127,T,C,T127C,-2.251330852508545,-0.4843473129013773,0.6293286417712445,0.3445728777177935,partial,0.6,48.0,12.0,36.0,0.46,0.46,0.0,0.072,9.3,0.33333333333333337,25,0.5904349173350417,0.6666666666666666,antibody_interface_mutation;new_cysteine;protected_epitope_or_contact,review_manually
572,97,155,S,R,S155R,-3.0483391284942627,3.4875830596469655,0.09648786292774503,0.2655740282627206,partial,0.0,8.0,0.0,8.0,0.8,0.8,0.0,-0.02,9.6,1.0,0,0.5900517902933398,0.6666666666666666,,review_manually
573,31,89,L,M,L89M,-3.367290735244751,4.825678313971281,0.0,0.5400515932916183,surface,0.19999999999999996,0.0,0.0,0.0,0.95,0.95,0.0,-0.061,10.0,1.0,4,0.5895238095238096,0.8333333333333334,surface_hydrophobic_gain,review_manually
574,26,84,L,C,L84C,-3.3057773113250732,2.6885141802210626,0.20368422442632972,0.3244585001644404,partial,0.0,0.0,0.0,0.0,0.95,0.95,0.0,0.023,9.3,0.33333333333333337,10,0.5892305799161064,0.6666666666666666,new_cysteine,review_manually
575,86,144,D,T,D144T,-2.1369686126708984,-1.77306956453819,0.8022127821935097,0.8060805212175549,surface,0.0,53.0,12.0,41.0,0.35,0.35,0.0,0.006,10.0,1.0,15,0.5878025689819614,0.6666666666666666,antibody_interface_mutation;protected_epitope_or_contact,review_manually
576,41,99,D,A,D99A,-2.5627450942993164,4.406177188592494,0.0,0.0617731526252182,buried,0.09999999999999998,8.0,0.0,8.0,0.95,0.95,0.0,0.028,10.0,1.0,0,0.5869298245614035,0.6666666666666666,,review_manually
577,3,31,S,I,S31I,-2.8874974250793457,3.443024074377405,0.10246552169528167,0.428683329856415,surface,0.0,0.0,0.0,0.0,0.9,0.9,0.0,0.02,10.0,1.0,4,0.58514018994763,0.8333333333333334,surface_hydrophobic_gain,review_manually
578,96,154,S,L,S154L,-2.7801668643951416,2.0962668281034667,0.28313514898215775,0.6509636980785455,surface,0.0,13.0,0.0,13.0,0.8,0.8,0.0,0.034,10.0,1.0,4,0.5846935616816297,0.6666666666666666,surface_hydrophobic_gain,review_manually
579,53,111,P,T,P111T,-2.3135530948638916,3.8401841457561545,0.04918586623565735,0.2690306623006048,partial,0.0,8.0,0.0,8.0,0.46,0.46,0.0,-0.022,10.0,1.0,0,0.5842262911203179,0.6666666666666666,,review_manually
580,107,165,W,R,W165R,-2.772165298461914,3.146350549274416,0.1422647470972871,0.3511308504822781,surface,0.0,13.0,0.0,13.0,0.72,0.72,0.0,-0.003,9.6,1.0,0,0.5839521516866025,0.6666666666666666,,review_manually
581,73,131,T,R,T131R,-3.1574575901031494,-0.6362832958037643,0.6497110956087017,0.7149930263422615,surface,0.2666666666666667,53.0,12.0,41.0,0.46,0.46,0.0,-0.005,9.6,1.0,15,0.5836771473357594,0.6666666666666666,antibody_interface_mutation;protected_epitope_or_contact,review_manually
582,51,109,L,G,L109G,-2.4397478103637695,3.650504883715854,0.07463164101925945,0.2916870936221249,partial,0.0,8.0,0.0,8.0,0.8,0.8,0.0,-0.054,10.0,1.0,4,0.5834448776733613,0.6666666666666666,new_glycine,review_manually
583,47,105,P,A,P105A,-2.9277567863464355,0.2424078680841148,0.5318332779699888,0.3786758024308737,surface,0.0,33.0,0.0,33.0,0.8,0.85,0.05,0.0,10.0,1.0,19,0.5832402743797153,0.5,antibody_interface_mutation;protected_epitope_or_contact;surface_hydrophobic_gain,review_manually
584,1,29,P,G,P29G,-3.0093870162963867,2.630502318265002,0.21146660800497163,0.2878983169571793,partial,0.0,18.0,18.0,0.0,0.9,0.45,-0.45,-0.038,10.0,1.0,4,0.5825659001215437,0.5,new_glycine;predicted_tcell_epitope_loss,review_manually
585,43,101,Q,R,Q101R,-3.4972403049468994,0.3210032594050176,0.521289581178529,0.4373061787959271,surface,0.0,33.0,0.0,33.0,0.95,0.95,0.0,-0.02,9.6,1.0,15,0.5817472073247074,0.5,antibody_interface_mutation;protected_epitope_or_contact,review_manually
586,54,112,G,C,G112C,-2.730203151702881,1.5534414921132793,0.3559560314437562,0.8765474868352958,surface,0.0,13.0,0.0,13.0,0.46,0.5,0.04,0.077,9.3,0.33333333333333337,10,0.5816844965827437,0.5,new_cysteine,review_manually
587,76,134,Y,T,Y134T,-2.243095874786377,0.6964090394895379,0.4709282985072395,0.4129166041247841,surface,0.6,57.0,16.0,41.0,0.46,0.85,0.39,-0.036,10.0,1.0,15,0.5809463603410956,0.5,antibody_interface_mutation;protected_epitope_or_contact,review_manually
588,57,115,T,C,T115C,-2.2071127891540527,-0.2941922603840794,0.6038190389381676,0.3719099210849179,surface,0.0,31.0,18.0,13.0,0.8,0.46,-0.34,0.072,9.3,0.33333333333333337,10,0.5804923537195044,0.5,new_cysteine;predicted_tcell_epitope_loss,review_manually
589,106,164,E,G,E164G,-2.909597158432007,4.4242272971509635,0.0,0.3155222939348542,partial,0.09999999999999998,8.0,0.0,8.0,0.72,0.64,-0.08,0.003,10.0,1.0,4,0.5797869674185464,0.6666666666666666,new_glycine,review_manually
590,57,115,T,A,T115A,-2.75752854347229,3.2446216106716577,0.12908152786097205,0.3719099210849179,surface,0.0,13.0,0.0,13.0,0.8,0.8,0.0,0.022,10.0,1.0,4,0.5795134897346667,0.6666666666666666,surface_hydrophobic_gain,review_manually
591,102,160,K,C,K160C,-2.984771966934204,1.6499757669727728,0.3430058048847182,0.4101263481055165,surface,0.0,13.0,0.0,13.0,0.72,0.72,0.0,0.069,9.3,0.33333333333333337,10,0.5784469399429841,0.5,new_cysteine,review_manually
592,53,111,P,S,P111S,-2.0348687171936035,4.050264537105022,0.021003247496986233,0.2690306623006048,partial,0.0,8.0,0.0,8.0,0.46,0.46,0.0,-0.007,10.0,1.0,0,0.5771806364356501,0.6666666666666666,,review_manually
593,68,126,T,Q,T126Q,-3.4616775512695312,1.660362539041273,0.34161240288630945,0.5989298081671572,surface,0.19999999999999996,31.8,7.2,24.6,0.46,0.46,0.0,0.015,10.0,1.0,15,0.577038439067442,0.5,antibody_interface_mutation;protected_epitope_or_contact,review_manually
594,98,156,W,A,W156A,-2.800859212875366,3.346312641544273,0.11543951427834265,0.3846290466752396,surface,0.0,13.0,0.0,13.0,0.8,0.8,0.0,0.024,10.0,1.0,4,0.5761029863390092,0.6666666666666666,surface_hydrophobic_gain,review_manually
595,85,143,S,L,S143L,-2.820418119430542,0.5001749485137452,0.49725341402131185,0.8592213749421506,surface,0.7,53.0,12.0,41.0,0.35,0.7,0.35,0.034,10.0,1.0,19,0.5760865364627215,0.5,antibody_interface_mutation;protected_epitope_or_contact;surface_hydrophobic_gain,review_manually
596,68,126,T,N,T126N,-3.519174575805664,2.142611920944404,0.2769178810422126,0.5989298081671572,surface,0.30000000000000004,31.8,7.2,24.6,0.46,0.46,0.0,-0.019,10.0,1.0,15,0.5758648086064179,0.5,antibody_interface_mutation;protected_epitope_or_contact,review_manually
597,51,109,L,R,L109R,-2.9317660331726074,3.959995753630323,0.0331129484183178,0.2916870936221249,partial,0.0,8.0,0.0,8.0,0.8,0.8,0.0,-0.054,9.6,1.0,0,0.5742080616659829,0.6666666666666666,,review_manually
598,43,101,Q,A,Q101A,-3.1660375595092773,0.5161451187704245,0.4951109902727373,0.4373061787959271,surface,0.0,33.0,0.0,33.0,0.95,0.95,0.0,0.007,10.0,1.0,19,0.5740597024554024,0.5,antibody_interface_mutation;protected_epitope_or_contact;surface_hydrophobic_gain,review_manually
599,11,39,L,T,L39T,-2.865398406982422,3.942993921967542,0.03539377118590081,0.4136143989030472,surface,0.0,10.0,10.0,0.0,0.9,0.72,-0.18,-0.049,10.0,1.0,0,0.5737607234982296,0.6666666666666666,,review_manually
600,82,140,T,L,T140L,-2.724806547164917,-0.8194321592123117,0.674280807025949,0.3381797366677382,partial,0.0,48.0,12.0,36.0,0.4,0.7,0.3,0.049,10.0,1.0,15,0.573363434839194,0.6666666666666666,antibody_interface_mutation;protected_epitope_or_contact,review_manually
601,88,146,N,A,N146A,-2.8016271591186523,-1.5449643838700808,0.7716121092901095,0.6412527415552243,surface,0.0,53.0,12.0,41.0,0.35,0.35,0.0,0.041,10.0,1.0,19,0.5730095436132542,0.6666666666666666,antibody_interface_mutation;protected_epitope_or_contact;surface_hydrophobic_gain,review_manually
602,45,103,M,S,M103S,-3.0108132362365723,-0.2623199772274063,0.5995433214436974,0.3825064087336273,surface,0.0,43.0,10.0,33.0,0.95,0.8,-0.15,0.027,10.0,1.0,15,0.5722229230927539,0.6666666666666666,antibody_interface_mutation;protected_epitope_or_contact,review_manually
603,97,155,S,L,S155L,-2.2959678173065186,4.456487428965801,0.0,0.2655740282627206,partial,0.0,8.0,0.0,8.0,0.8,0.8,0.0,0.034,10.0,1.0,0,0.5719298245614035,0.6666666666666666,,review_manually
604,106,164,E,T,E164T,-2.594316244125366,4.945403971058624,0.0,0.3155222939348542,partial,0.0,8.0,0.0,8.0,0.72,0.72,0.0,0.008,10.0,1.0,0,0.5719298245614035,0.6666666666666666,,review_manually
605,90,148,T,A,T148A,-2.9410831928253174,4.214223525779175,0.0,0.2579890499186791,partial,0.0,8.0,0.0,8.0,0.46,0.46,0.0,0.022,10.0,1.0,0,0.5719298245614035,0.6666666666666666,,review_manually
606,50,108,P,A,P108A,-2.97350549697876,4.6240742101587955,0.0,0.0792645560789503,buried,0.0,8.0,0.0,8.0,0.8,0.8,0.0,0.0,10.0,1.0,0,0.5719298245614035,0.6666666666666666,,review_manually
607,53,111,P,F,P111F,-3.355003118515014,4.732578576787546,0.0,0.2690306623006048,partial,0.0,8.0,0.0,8.0,0.46,0.46,0.0,0.004,10.0,1.0,0,0.5719298245614035,0.6666666666666666,,review_manually
608,43,101,Q,T,Q101T,-2.892242431640625,3.0755622338219553,0.15176111223988864,0.4373061787959271,surface,0.19999999999999996,19.8,0.0,19.8,0.95,0.95,0.0,-0.015,10.0,1.0,15,0.5716808795637316,0.5,antibody_interface_mutation;protected_epitope_or_contact,review_manually
609,108,166,A,C,A166C,-3.211649179458618,1.3535336974484269,0.38277398015260145,0.2236194418060526,partial,0.0,18.0,10.0,8.0,0.72,0.54,-0.18,0.05,9.3,0.33333333333333337,10,0.5708451241108322,0.5,new_cysteine,review_manually
610,107,165,W,S,W165S,-2.4434993267059326,3.778356426850223,0.05748015309517662,0.3511308504822781,surface,0.0,13.0,0.0,13.0,0.72,0.72,0.0,0.017,10.0,1.0,0,0.5687560031860749,0.6666666666666666,,review_manually
611,71,129,Q,L,Q129L,-3.158350944519043,-2.3783747635006023,0.883415437678686,0.7949932296426763,surface,0.0,53.0,12.0,41.0,0.46,0.46,0.0,0.034,10.0,1.0,19,0.567627042377065,0.6666666666666666,antibody_interface_mutation;protected_epitope_or_contact;surface_hydrophobic_gain,review_manually
612,62,120,P,S,P120S,-1.944346070289612,1.4167539032548575,0.37429288895992485,0.5005624053164098,surface,0.09999999999999998,33.0,0.0,33.0,0.8,0.8,0.0,-0.007,10.0,1.0,15,0.5659980342700563,0.5,antibody_interface_mutation;protected_epitope_or_contact,review_manually
613,11,39,L,S,L39S,-2.2234349250793457,4.3864561522221095,0.0,0.4136143989030472,surface,0.0,10.0,10.0,0.0,0.9,0.72,-0.18,-0.034,10.0,1.0,0,0.5649122807017544,0.6666666666666666,,review_manually
614,50,108,P,G,P108G,-2.537289619445801,4.955573581296278,0.0,0.0792645560789503,buried,0.0,8.0,0.0,8.0,0.8,0.8,0.0,-0.027,10.0,1.0,4,0.5647869674185464,0.6666666666666666,new_glycine,review_manually
615,93,151,P,V,P151V,-3.340573310852051,2.7340206872369777,0.19757945410900657,0.4184768966189796,surface,0.0,13.0,0.0,13.0,0.8,0.8,0.0,0.046,10.0,1.0,4,0.563304637963342,0.6666666666666666,surface_hydrophobic_gain,review_manually
616,43,101,Q,Y,Q101Y,-2.240520477294922,-0.1445861317614571,0.5837491387591537,0.4373061787959271,surface,0.0,33.0,0.0,33.0,0.95,0.95,0.0,0.021,10.0,1.0,19,0.5628859062436732,0.6666666666666666,antibody_interface_mutation;protected_epitope_or_contact;surface_hydrophobic_gain,review_manually
617,98,156,W,T,W156T,-2.399084091186523,3.95341949574933,0.03399516387592072,0.3846290466752396,surface,0.0,13.0,0.0,13.0,0.8,0.8,0.0,0.002,10.0,1.0,0,0.5628847558812609,0.6666666666666666,,review_manually
618,112,170,F,V,F170V,-2.911807060241699,4.123374390806816,0.01119544430465469,0.7690719346952728,surface,0.0,0.0,0.0,0.0,0.72,0.72,0.0,0.073,10.0,1.0,4,0.5623226705999732,0.8333333333333334,surface_hydrophobic_gain,review_manually
619,52,110,I,P,I110P,-1.894311547279358,2.000135056301474,0.29603137911564703,0.4299745091071794,surface,0.2666666666666667,31.0,18.0,13.0,0.8,0.46,-0.34,-0.013,9.2,0.6666666666666667,8,0.5622835340019694,0.3333333333333333,new_proline;predicted_tcell_epitope_loss,review_manually
620,42,100,Y,F,Y100F,-2.8250694274902344,4.206124008298701,9.445146295783413e-05,0.4292125588633806,surface,0.19999999999999996,7.8,0.0,7.8,0.95,0.95,0.0,-0.01,10.0,1.0,4,0.5621790013369174,0.6666666666666666,surface_hydrophobic_gain,review_manually
621,57,115,T,G,T115G,-2.6293649673461914,1.9024015462663328,0.3091424849814888,0.3719099210849179,surface,0.0,31.0,18.0,13.0,0.8,0.46,-0.34,-0.005,10.0,1.0,4,0.5613708342779536,0.5,new_glycine;predicted_tcell_epitope_loss,review_manually
622,92,150,I,S,I150S,-2.1004621982574463,3.999009187987326,0.027879234128707187,0.0674310171392846,buried,0.0,8.0,0.0,8.0,0.8,0.8,0.0,-0.02,10.0,1.0,10,0.5610424902364375,0.5,buried_hydrophobic_loss,review_manually
623,70,128,A,V,A128V,-3.0899791717529297,1.3836051069959012,0.3787398527180066,0.78186935118423,surface,0.30000000000000004,31.8,7.2,24.6,0.46,0.46,0.0,0.046,10.0,1.0,19,0.5608441110491759,0.5,antibody_interface_mutation;protected_epitope_or_contact;surface_hydrophobic_gain,review_manually
624,78,136,S,T,S136T,-2.644418954849243,2.1780259120467065,0.2721670377919567,0.3902105349502869,surface,0.19999999999999996,31.8,7.2,24.6,0.46,0.46,0.0,-0.015,10.0,1.0,15,0.5596770977938539,0.5,antibody_interface_mutation;protected_epitope_or_contact,review_manually
625,69,127,T,P,T127P,-2.498229503631592,1.471696953263887,0.3669221913864763,0.3445728777177935,partial,0.8,52.0,16.0,36.0,0.46,0.8,0.34,0.022,9.2,0.6666666666666667,23,0.5595363122576467,0.5,antibody_interface_mutation;new_proline;protected_epitope_or_contact,review_manually
626,0,28,I,F,I28F,-4.452481746673584,4.240904642129948,0.0,0.5320478205960862,surface,0.0,0.0,0.0,0.0,0.9,0.95,0.05,-0.015,10.0,1.0,4,0.5595238095238095,0.8333333333333334,surface_hydrophobic_gain,review_manually
627,48,106,V,T,V106T,-2.7578158378601074,1.6940828703002353,0.33708876679866107,0.1935483957306923,partial,0.0,28.0,0.0,28.0,0.8,0.8,0.0,-0.068,10.0,1.0,15,0.5592408633788633,0.5,antibody_interface_mutation;protected_epitope_or_contact,review_manually
628,85,143,S,P,S143P,-2.7398312091827393,0.9312961731820336,0.439417815815488,0.8592213749421506,surface,0.7,53.0,12.0,41.0,0.35,0.7,0.35,0.007,9.2,0.6666666666666667,23,0.559151446435075,0.5,antibody_interface_mutation;new_proline;protected_epitope_or_contact,review_manually
629,109,167,S,G,S167G,-2.8167319297790527,3.895398900631136,0.04177871902215724,0.5274912426766627,surface,0.0,13.0,0.0,13.0,0.72,0.72,0.0,-0.02,10.0,1.0,4,0.557687787524963,0.6666666666666666,new_glycine,review_manually
630,76,134,Y,R,Y134R,-2.7888376712799072,1.670904335631775,0.34019820410162904,0.4129166041247841,surface,0.7,57.0,16.0,41.0,0.46,0.8,0.34,-0.041,9.6,1.0,15,0.5572638367396929,0.5,antibody_interface_mutation;protected_epitope_or_contact,review_manually
631,70,128,A,L,A128L,-2.927551507949829,1.083355367769343,0.41901883293446807,0.78186935118423,surface,0.19999999999999996,31.8,7.2,24.6,0.46,0.46,0.0,0.027,10.0,1.0,19,0.5559138561032912,0.5,antibody_interface_mutation;protected_epitope_or_contact;surface_hydrophobic_gain,review_manually
632,45,103,M,L,M103L,-1.996384620666504,2.37729076436878,0.24543534082132046,0.3825064087336273,surface,0.19999999999999996,19.8,0.0,19.8,0.95,0.95,0.0,0.061,10.0,1.0,19,0.554623246232899,0.5,antibody_interface_mutation;protected_epitope_or_contact;surface_hydrophobic_gain,review_manually
633,71,129,Q,R,Q129R,-3.1873273849487305,-0.4677563540035123,0.6271029382387763,0.7949932296426763,surface,0.09999999999999998,53.0,12.0,41.0,0.46,0.46,0.0,-0.02,9.6,1.0,15,0.553025107993278,0.6666666666666666,antibody_interface_mutation;protected_epitope_or_contact,review_manually
634,43,101,Q,C,Q101C,-3.0275321006774902,-0.4234019888718876,0.6211527295882957,0.4373061787959271,surface,0.0,33.0,0.0,33.0,0.95,0.95,0.0,0.057,9.3,0.33333333333333337,25,0.551022518236673,0.6666666666666666,antibody_interface_mutation;new_cysteine;protected_epitope_or_contact,review_manually
635,65,123,T,A,T123A,-2.8117427825927734,1.6681330432803918,0.3405699773797106,0.4732925498500911,surface,0.09999999999999998,33.0,0.0,33.0,0.46,0.54,0.08,0.022,10.0,1.0,19,0.5504244492321457,0.5,antibody_interface_mutation;protected_epitope_or_contact;surface_hydrophobic_gain,review_manually
636,30,88,L,C,L88C,-3.609772205352783,3.862518588312639,0.0461896652324667,0.5214599293043295,surface,0.0,0.0,0.0,0.0,0.95,0.95,0.0,0.023,9.3,0.33333333333333337,10,0.5498569401176406,0.6666666666666666,new_cysteine,review_manually
637,65,123,T,C,T123C,-2.210973739624023,-0.3592107448205865,0.6125413720701416,0.4732925498500911,surface,0.0,33.0,0.0,33.0,0.46,0.46,0.0,0.072,9.3,0.33333333333333337,25,0.5488696788571344,0.6666666666666666,antibody_interface_mutation;new_cysteine;protected_epitope_or_contact,review_manually
638,69,127,T,V,T127V,-3.088531732559204,2.2008447127282125,0.26910585937567766,0.3445728777177935,partial,0.6,52.0,16.0,36.0,0.46,0.8,0.34,0.068,10.0,1.0,15,0.5480346102073279,0.5,antibody_interface_mutation;protected_epitope_or_contact,review_manually
639,104,162,L,G,L162G,-2.5914783477783203,4.305385519754623,0.0,0.3831635196149266,surface,0.0,13.0,0.0,13.0,0.72,0.64,-0.08,-0.054,10.0,1.0,4,0.5472431077694236,0.6666666666666666,new_glycine,review_manually
640,11,39,L,F,L39F,-3.052138566970825,3.5414797454318148,0.08925753677974224,0.4136143989030472,surface,0.0,10.0,10.0,0.0,0.9,0.72,-0.18,-0.023,10.0,1.0,4,0.5467504744204995,0.6666666666666666,surface_hydrophobic_gain,review_manually
641,48,106,V,A,V106A,-2.8998818397521973,4.175278789503835,0.004232386639225649,0.1935483957306923,partial,0.19999999999999996,16.8,0.0,16.8,0.8,0.8,0.0,-0.046,10.0,1.0,15,0.5453250139530395,0.5,antibody_interface_mutation;protected_epitope_or_contact,review_manually
642,52,110,I,F,I110F,-3.329458713531494,2.7646746625596563,0.19346717454880225,0.4299745091071794,surface,0.2666666666666667,31.0,18.0,13.0,0.8,0.5,-0.3,-0.009,10.0,1.0,4,0.5391186733364487,0.5,predicted_tcell_epitope_loss;surface_hydrophobic_gain,review_manually
643,56,114,S,L,S114L,-3.205104351043701,3.464747064382692,0.09955134802465904,0.7674572776813657,surface,0.0,13.0,0.0,13.0,0.8,0.85,0.05,0.034,10.0,1.0,4,0.538797611442255,0.6666666666666666,surface_hydrophobic_gain,review_manually
644,69,127,T,G,T127G,-2.7392373085021973,2.6946511032278977,0.20286094644107977,0.3445728777177935,partial,0.6,48.0,12.0,36.0,0.46,0.46,0.0,-0.005,10.0,1.0,19,0.5383656125501196,0.5,antibody_interface_mutation;new_glycine;protected_epitope_or_contact,review_manually
645,56,114,S,C,S114C,-2.342097520828247,2.8785395228576363,0.17819202238012122,0.7674572776813657,surface,0.0,13.0,0.0,13.0,0.8,0.7,-0.1,0.057,9.3,0.33333333333333337,10,0.5372434943168349,0.5,new_cysteine,review_manually
646,85,143,S,R,S143R,-3.0770974159240723,1.864200529045661,0.3142672122197,0.8592213749421506,surface,0.6,57.0,16.0,41.0,0.35,0.8,0.45,-0.02,9.6,1.0,15,0.5357810887692107,0.5,antibody_interface_mutation;protected_epitope_or_contact,review_manually
647,85,143,S,V,S143V,-2.8264319896698,1.3172182800051644,0.3876457511806721,0.8592213749421506,surface,0.6,53.0,12.0,41.0,0.35,0.7,0.35,0.053,10.0,1.0,19,0.5336846207525615,0.5,antibody_interface_mutation;protected_epitope_or_contact;surface_hydrophobic_gain,review_manually
648,75,133,M,V,M133V,-3.1022119522094727,2.948882837971553,0.16875535474093362,0.7714121856027483,surface,0.4666666666666667,31.8,7.2,24.6,0.46,0.46,0.0,0.08,10.0,1.0,19,0.5333479865549077,0.5,antibody_interface_mutation;protected_epitope_or_contact;surface_hydrophobic_gain,review_manually
649,65,123,T,R,T123R,-2.856180191040039,1.356187390075803,0.3824179830645974,0.4732925498500911,surface,0.0,37.0,4.0,33.0,0.46,0.8,0.34,-0.005,9.6,1.0,15,0.5329942200769263,0.5,antibody_interface_mutation;protected_epitope_or_contact,review_manually
650,85,143,S,C,S143C,-2.640980958938598,0.7147083165015715,0.4684734213818107,0.8592213749421506,surface,0.6,53.0,12.0,41.0,0.35,0.35,0.0,0.057,9.3,0.33333333333333337,25,0.5326772525885605,0.5,antibody_interface_mutation;new_cysteine;protected_epitope_or_contact,review_manually
651,55,113,S,V,S113V,-3.14646577835083,3.228881172645629,0.13119313266529942,0.5010928652436815,surface,0.0,17.0,4.0,13.0,0.46,0.8,0.34,0.053,10.0,1.0,4,0.5326729698831169,0.6666666666666666,surface_hydrophobic_gain,review_manually
652,73,131,T,G,T131G,-2.6872925758361816,0.8557633739335131,0.4495506610078345,0.7149930263422615,surface,0.2666666666666667,53.0,12.0,41.0,0.46,0.46,0.0,-0.005,10.0,1.0,19,0.5324941815426855,0.5,antibody_interface_mutation;new_glycine;protected_epitope_or_contact,review_manually
653,82,140,T,A,T140A,-3.0762903690338135,0.4331834779118537,0.5062404263864055,0.3381797366677382,partial,0.0,48.0,12.0,36.0,0.4,0.7,0.3,0.022,10.0,1.0,15,0.5313533396793082,0.5,antibody_interface_mutation;protected_epitope_or_contact,review_manually
654,70,128,A,P,A128P,-2.512260675430298,-1.3403564221049464,0.744163625686766,0.78186935118423,surface,0.0,53.0,12.0,41.0,0.46,0.4,-0.06,0.0,9.2,0.6666666666666667,23,0.5303378989028945,0.6666666666666666,antibody_interface_mutation;new_proline;protected_epitope_or_contact,review_manually
655,42,100,Y,I,Y100I,-2.7654855251312256,3.7430483497563785,0.062216787812688135,0.4292125588633806,surface,0.0,13.0,0.0,13.0,0.95,0.95,0.0,-0.001,10.0,1.0,4,0.5294639713892623,0.6666666666666666,surface_hydrophobic_gain,review_manually
656,83,141,K,V,K141V,-3.005061149597168,-1.2396516581788433,0.7306539213841681,0.5662958773674612,surface,0.0,53.0,12.0,41.0,0.4,0.4,0.0,0.065,10.0,1.0,19,0.5294366633034355,0.6666666666666666,antibody_interface_mutation;protected_epitope_or_contact;surface_hydrophobic_gain,review_manually
657,72,130,G,N,G130N,-4.605891227722168,0.4215496032807948,0.5078011291777296,0.4255776612758414,surface,0.09999999999999998,53.0,12.0,41.0,0.46,0.54,0.08,-0.014,10.0,1.0,15,0.5291996557280163,0.5,antibody_interface_mutation;protected_epitope_or_contact,review_manually
658,57,115,T,V,T115V,-3.1829233169555664,3.858216693120852,0.04676677131678719,0.3719099210849179,surface,0.0,13.0,0.0,13.0,0.8,0.8,0.0,0.068,10.0,1.0,4,0.5256014672652871,0.6666666666666666,surface_hydrophobic_gain,review_manually
659,73,131,T,L,T131L,-2.840988874435425,0.1088795004032476,0.5497463209388478,0.7149930263422615,surface,0.2666666666666667,53.0,12.0,41.0,0.46,0.46,0.0,0.049,10.0,1.0,19,0.5242097631921054,0.5,antibody_interface_mutation;protected_epitope_or_contact;surface_hydrophobic_gain,review_manually
660,70,128,A,G,A128G,-2.66890287399292,0.4381619360288482,0.5055725583092527,0.78186935118423,surface,0.09999999999999998,53.0,12.0,41.0,0.46,0.4,-0.06,-0.027,10.0,1.0,19,0.52149965586804,0.5,antibody_interface_mutation;new_glycine;protected_epitope_or_contact,review_manually
661,62,120,P,A,P120A,-2.849606990814209,2.1136110582116316,0.28080839291836845,0.5005624053164098,surface,0.0,33.0,0.0,33.0,0.8,0.8,0.0,0.0,10.0,1.0,19,0.5204840531168101,0.5,antibody_interface_mutation;protected_epitope_or_contact;surface_hydrophobic_gain,review_manually
662,88,146,N,R,N146R,-2.6277544498443604,0.0889811787318137,0.5524157124494251,0.6412527415552243,surface,0.0,53.0,12.0,41.0,0.35,0.35,0.0,0.014,9.6,1.0,15,0.5193533015459402,0.5,antibody_interface_mutation;protected_epitope_or_contact,review_manually
663,76,134,Y,L,Y134L,-2.7491536140441895,2.2313933956692154,0.2650077049559959,0.4129166041247841,surface,0.7,53.0,12.0,41.0,0.46,0.46,0.0,0.013,10.0,1.0,19,0.5180251091963924,0.5,antibody_interface_mutation;protected_epitope_or_contact;surface_hydrophobic_gain,review_manually
664,76,134,Y,V,Y134V,-3.12412166595459,1.4239838837117702,0.37332297557868577,0.4129166041247841,surface,0.6,57.0,16.0,41.0,0.46,0.85,0.39,0.032,10.0,1.0,19,0.5160688391327667,0.5,antibody_interface_mutation;protected_epitope_or_contact;surface_hydrophobic_gain,review_manually
665,70,128,A,N,A128N,-3.4117431640625,0.4044294024033377,0.5100978313637875,0.78186935118423,surface,0.0,53.0,12.0,41.0,0.46,0.45,-0.01,-0.041,10.0,1.0,15,0.5147738312745308,0.5,antibody_interface_mutation;protected_epitope_or_contact,review_manually
666,83,141,K,A,K141A,-2.763875961303711,0.1978283861080001,0.5378136864033201,0.5662958773674612,surface,0.0,53.0,12.0,41.0,0.4,0.4,0.0,0.019,10.0,1.0,19,0.5145599378915569,0.5,antibody_interface_mutation;protected_epitope_or_contact;surface_hydrophobic_gain,review_manually
667,111,169,R,F,R169F,-2.6177330017089844,4.979919533181516,0.0,0.5884515364932383,surface,0.0,13.0,0.0,13.0,0.72,0.72,0.0,0.044,10.0,1.0,4,0.5139097744360903,0.6666666666666666,surface_hydrophobic_gain,review_manually
668,93,151,P,L,P151L,-2.840240001678467,4.209644334157275,0.0,0.4184768966189796,surface,0.0,13.0,0.0,13.0,0.8,0.8,0.0,0.027,10.0,1.0,4,0.5139097744360903,0.6666666666666666,surface_hydrophobic_gain,review_manually
669,109,167,S,F,S167F,-3.1239662170410156,4.320252473362643,0.0,0.5274912426766627,surface,0.0,13.0,0.0,13.0,0.72,0.72,0.0,0.011,10.0,1.0,4,0.5139097744360903,0.6666666666666666,surface_hydrophobic_gain,review_manually
670,43,101,Q,F,Q101F,-1.574679613113403,1.3561279658935916,0.3824259549131853,0.4373061787959271,surface,0.0,33.0,0.0,33.0,0.95,0.95,0.0,0.011,10.0,1.0,19,0.512555110282181,0.5,antibody_interface_mutation;protected_epitope_or_contact;surface_hydrophobic_gain,review_manually
671,55,113,S,I,S113I,-3.24125599861145,3.845280141289947,0.048502230327038154,0.5010928652436815,surface,0.0,17.0,4.0,13.0,0.46,0.8,0.34,0.02,10.0,1.0,4,0.5120002442985515,0.6666666666666666,surface_hydrophobic_gain,review_manually
672,78,136,S,A,S136A,-2.868696689605713,0.2749108902208945,0.5274729458378276,0.3902105349502869,surface,0.0,53.0,12.0,41.0,0.46,0.46,0.0,0.007,10.0,1.0,19,0.5119747527501837,0.5,antibody_interface_mutation;protected_epitope_or_contact;surface_hydrophobic_gain,review_manually
673,70,128,A,T,A128T,-2.1895334720611572,0.5210623669416918,0.49445133360718907,0.78186935118423,surface,0.0,53.0,12.0,41.0,0.46,0.45,-0.01,-0.022,10.0,1.0,15,0.5108622068353812,0.5,antibody_interface_mutation;protected_epitope_or_contact,review_manually
674,97,155,S,C,S155C,-3.036318302154541,4.45123709672049,0.0,0.2655740282627206,partial,0.0,8.0,0.0,8.0,0.8,0.8,0.0,0.057,9.3,0.33333333333333337,10,0.5102393483709273,0.5,new_cysteine,review_manually
675,64,122,R,V,R122V,-3.223395347595215,0.7348645524748463,0.465769430257298,0.6842746986943747,surface,0.2666666666666667,51.0,18.0,33.0,0.8,0.46,-0.34,0.073,10.0,1.0,19,0.5102330843813672,0.3333333333333333,antibody_interface_mutation;predicted_tcell_epitope_loss;protected_epitope_or_contact;surface_hydrophobic_gain,review_manually
676,88,146,N,V,N146V,-3.189798355102539,-0.633507090812202,0.6493386632921241,0.6412527415552243,surface,0.0,53.0,12.0,41.0,0.35,0.35,0.0,0.087,10.0,1.0,19,0.5091078487804245,0.6666666666666666,antibody_interface_mutation;protected_epitope_or_contact;surface_hydrophobic_gain,review_manually
677,88,146,N,L,N146L,-2.726871967315674,-0.5808395408071192,0.6422732276645398,0.6412527415552243,surface,0.0,53.0,12.0,41.0,0.35,0.35,0.0,0.068,10.0,1.0,19,0.5073414898735285,0.6666666666666666,antibody_interface_mutation;protected_epitope_or_contact;surface_hydrophobic_gain,review_manually
678,100,158,F,G,F158G,-2.704220771789551,3.516294932962751,0.09263611944166183,0.3572566805784752,surface,0.0,31.0,18.0,13.0,0.8,0.54,-0.26,-0.031,10.0,1.0,4,0.507244242892997,0.5,new_glycine;predicted_tcell_epitope_loss,review_manually
679,70,128,A,I,A128I,-3.30416202545166,2.568253468011875,0.2198173903047398,0.78186935118423,surface,0.19999999999999996,31.8,7.2,24.6,0.46,0.46,0.0,0.013,10.0,1.0,19,0.5061134954458592,0.5,antibody_interface_mutation;protected_epitope_or_contact;surface_hydrophobic_gain,review_manually
680,74,132,S,R,S132R,-3.423201084136963,0.4856910142661093,0.4991964568446624,0.579059006496541,surface,0.0,53.0,12.0,41.0,0.46,0.46,0.0,-0.02,9.6,1.0,15,0.5060484876447495,0.5,antibody_interface_mutation;protected_epitope_or_contact,review_manually
681,93,151,P,C,P151C,-2.411022186279297,3.8178693906267824,0.05217942613917803,0.4184768966189796,surface,0.0,13.0,0.0,13.0,0.8,0.7,-0.1,0.05,9.3,0.33333333333333337,10,0.505740345256599,0.5,new_cysteine,review_manually
682,55,113,S,L,S113L,-2.8656954765319824,4.0341154135427075,0.02316967811622761,0.5010928652436815,surface,0.0,17.0,4.0,13.0,0.46,0.8,0.34,0.034,10.0,1.0,4,0.5056671062458489,0.6666666666666666,surface_hydrophobic_gain,review_manually
683,65,123,T,I,T123I,-3.325562000274658,2.029434736173243,0.29210078044487475,0.4732925498500911,surface,0.09999999999999998,33.0,0.0,33.0,0.46,0.54,0.08,0.035,10.0,1.0,19,0.5049738166651034,0.5,antibody_interface_mutation;protected_epitope_or_contact;surface_hydrophobic_gain,review_manually
684,75,133,M,C,M133C,-2.072636604309082,0.088133012009564,0.5525294953646536,0.7714121856027483,surface,0.2666666666666667,53.0,12.0,41.0,0.46,0.4,-0.06,0.084,9.3,0.33333333333333337,25,0.5036912710842713,0.5,antibody_interface_mutation;new_cysteine;protected_epitope_or_contact,review_manually
685,47,105,P,S,P105S,-2.330817222595215,2.8489297865139633,0.18216421561990115,0.3786758024308737,surface,0.0,33.0,0.0,33.0,0.8,0.8,0.0,-0.007,10.0,1.0,15,0.5029658659350504,0.5,antibody_interface_mutation;protected_epitope_or_contact,review_manually
686,86,144,D,V,D144V,-3.4215402603149414,-0.4252604995071749,0.6214020517469215,0.8060805212175549,surface,0.0,53.0,12.0,41.0,0.35,0.36,0.01,0.074,10.0,1.0,19,0.5021236958941239,0.6666666666666666,antibody_interface_mutation;protected_epitope_or_contact;surface_hydrophobic_gain,review_manually
687,88,146,N,G,N146G,-2.7815704345703125,0.5860807475764034,0.48572901440039107,0.6412527415552243,surface,0.0,53.0,12.0,41.0,0.35,0.35,0.0,0.014,10.0,1.0,19,0.5015387698908246,0.5,antibody_interface_mutation;new_glycine;protected_epitope_or_contact,review_manually
688,45,103,M,F,M103F,-2.687779426574707,0.6848077368186978,0.47248463171827804,0.3825064087336273,surface,0.0,43.0,10.0,33.0,0.95,0.8,-0.15,0.038,10.0,1.0,19,0.4999820601852086,0.5,antibody_interface_mutation;protected_epitope_or_contact;surface_hydrophobic_gain,review_manually
689,87,145,G,S,G145S,-2.136030673980713,1.8488326032900488,0.3163288439102816,0.3124630469870141,partial,0.09999999999999998,48.0,12.0,36.0,0.35,0.35,0.0,0.02,10.0,1.0,15,0.4988754440602772,0.5,antibody_interface_mutation;protected_epitope_or_contact,review_manually
690,96,154,S,C,S154C,-3.00014328956604,4.090539030662967,0.01560036010921606,0.6509636980785455,surface,0.0,13.0,0.0,13.0,0.8,0.8,0.0,0.057,9.3,0.33333333333333337,10,0.49659557874910853,0.5,new_cysteine,review_manually
691,86,144,D,A,D144A,-2.608149528503418,0.7383570695193384,0.46530090353916287,0.8060805212175549,surface,0.0,53.0,12.0,41.0,0.35,0.36,0.01,0.028,10.0,1.0,19,0.4964317421755175,0.5,antibody_interface_mutation;protected_epitope_or_contact;surface_hydrophobic_gain,review_manually
692,73,131,T,C,T131C,-1.846359372138977,0.3351431791076322,0.5193926884537223,0.7149930263422615,surface,0.2666666666666667,53.0,12.0,41.0,0.46,0.46,0.0,0.072,9.3,0.33333333333333337,25,0.4954070693565384,0.5,antibody_interface_mutation;new_cysteine;protected_epitope_or_contact,review_manually
693,88,146,N,P,N146P,-2.534384250640869,-0.2714494296761245,0.6007680520147092,0.6412527415552243,surface,0.0,53.0,12.0,41.0,0.35,0.35,0.0,0.041,9.2,0.6666666666666667,23,0.4944890054848803,0.6666666666666666,antibody_interface_mutation;new_proline;protected_epitope_or_contact,review_manually
694,100,158,F,T,F158T,-2.6387946605682373,4.126663129609142,0.010754254761918602,0.3572566805784752,surface,0.0,31.0,18.0,13.0,0.8,0.54,-0.26,-0.026,10.0,1.0,0,0.4939166338659183,0.5,predicted_tcell_epitope_loss,review_manually
695,76,134,Y,S,Y134S,-2.114779472351074,3.3631845727817336,0.11317611785948889,0.4129166041247841,surface,0.6,57.0,16.0,41.0,0.46,0.85,0.39,-0.021,10.0,1.0,15,0.49150831517915794,0.5,antibody_interface_mutation;protected_epitope_or_contact,review_manually
696,86,144,D,G,D144G,-2.715829849243164,1.346417166790161,0.3837286740628528,0.8060805212175549,surface,0.09999999999999998,53.0,12.0,41.0,0.35,0.35,0.0,0.001,10.0,1.0,19,0.49103868480644003,0.5,antibody_interface_mutation;new_glycine;protected_epitope_or_contact,review_manually
697,70,128,A,R,A128R,-3.2928080558776855,0.9492037451072122,0.43701548655066613,0.78186935118423,surface,0.0,53.0,12.0,41.0,0.46,0.45,-0.01,-0.027,9.6,1.0,15,0.49050324507125054,0.5,antibody_interface_mutation;protected_epitope_or_contact,review_manually
698,57,115,T,R,T115R,-3.256239891052246,4.361988248977326,0.0,0.3719099210849179,surface,0.0,31.0,18.0,13.0,0.8,0.46,-0.34,-0.005,9.6,1.0,0,0.4852280701754386,0.5,predicted_tcell_epitope_loss,review_manually
699,77,135,P,S,P135S,-2.031637668609619,1.299499852974492,0.39002270635696534,0.5096186487729355,surface,0.0,53.0,12.0,41.0,0.46,0.46,0.0,-0.007,10.0,1.0,15,0.48475505002282526,0.5,antibody_interface_mutation;protected_epitope_or_contact,review_manually
700,86,144,D,W,D144W,-3.377650737762451,0.1391032154660081,0.5456917614770581,0.8060805212175549,surface,0.0,53.0,12.0,41.0,0.35,0.4,0.05,0.004,10.0,1.0,19,0.483196123326658,0.5,antibody_interface_mutation;protected_epitope_or_contact;surface_hydrophobic_gain,review_manually
701,46,104,L,R,L104R,-2.9907875061035156,3.8149721470394695,0.0525680959759488,0.1675493574982112,partial,0.0,28.0,0.0,28.0,0.8,0.8,0.0,-0.054,9.6,1.0,15,0.4821106956731852,0.5,antibody_interface_mutation;protected_epitope_or_contact,review_manually
702,71,129,Q,G,Q129G,-2.7185254096984863,1.3005637620859147,0.389879981256982,0.7949932296426763,surface,0.0,53.0,12.0,41.0,0.46,0.46,0.0,-0.02,10.0,1.0,19,0.47757651160497233,0.5,antibody_interface_mutation;new_glycine;protected_epitope_or_contact,review_manually
703,48,106,V,S,V106S,-2.063021659851074,4.609160175299081,0.0,0.1935483957306923,partial,0.0,28.0,0.0,28.0,0.8,0.8,0.0,-0.053,10.0,1.0,15,0.474968671679198,0.5,antibody_interface_mutation;protected_epitope_or_contact,review_manually
704,87,145,G,N,G145N,-3.371303081512451,2.1496344786043835,0.275975793759193,0.3124630469870141,partial,0.0,48.0,12.0,36.0,0.35,0.35,0.0,-0.014,10.0,1.0,15,0.473787181522505,0.5,antibody_interface_mutation;protected_epitope_or_contact,review_manually
705,52,110,I,C,I110C,-2.4829535484313965,4.090967303041566,0.015542906688242986,0.4299745091071794,surface,0.2666666666666667,31.0,18.0,13.0,0.8,0.46,-0.34,0.037,9.3,0.33333333333333337,10,0.4734233206570232,0.3333333333333333,new_cysteine;predicted_tcell_epitope_loss,review_manually
706,83,141,K,T,K141T,-2.6192448139190674,1.729973954462764,0.3322739207553178,0.5662958773674612,surface,0.0,53.0,12.0,41.0,0.4,0.4,0.0,-0.003,10.0,1.0,15,0.4703178536224134,0.5,antibody_interface_mutation;protected_epitope_or_contact,review_manually
707,73,131,T,V,T131V,-3.198967456817627,1.757681703727059,0.3285568821083097,0.7149930263422615,surface,0.2666666666666667,53.0,12.0,41.0,0.46,0.46,0.0,0.068,10.0,1.0,19,0.4689124034844709,0.5,antibody_interface_mutation;protected_epitope_or_contact;surface_hydrophobic_gain,review_manually
708,88,146,N,C,N146C,-2.6539306640625,-0.0338405153993051,0.5688924381272007,0.6412527415552243,surface,0.0,53.0,12.0,41.0,0.35,0.35,0.0,0.091,9.3,0.33333333333333337,25,0.46778200677490794,0.6666666666666666,antibody_interface_mutation;new_cysteine;protected_epitope_or_contact,review_manually
709,72,130,G,L,G130L,-4.55723237991333,0.6583866111813279,0.4760290677587078,0.4255776612758414,surface,0.0,53.0,12.0,41.0,0.46,0.72,0.26,0.054,10.0,1.0,19,0.4657804498970704,0.5,antibody_interface_mutation;protected_epitope_or_contact;surface_hydrophobic_gain,review_manually
710,73,131,T,I,T131I,-3.3171849250793457,2.3648712095408655,0.2471014438610748,0.7149930263422615,surface,0.3666666666666667,53.0,12.0,41.0,0.46,0.46,0.0,0.035,10.0,1.0,19,0.46354854392266215,0.5,antibody_interface_mutation;protected_epitope_or_contact;surface_hydrophobic_gain,review_manually
711,77,135,P,N,P135N,-3.397307872772217,2.052780708605468,0.28896888109950325,0.5096186487729355,surface,0.0,53.0,12.0,41.0,0.46,0.46,0.0,-0.041,10.0,1.0,15,0.4594915937084598,0.5,antibody_interface_mutation;protected_epitope_or_contact,review_manually
712,47,105,P,D,P105D,-3.2187399864196777,4.637871016732646,0.0,0.3786758024308737,surface,0.0,33.0,0.0,33.0,0.8,0.8,0.0,-0.028,10.0,1.0,15,0.45742481203007523,0.5,antibody_interface_mutation;protected_epitope_or_contact,review_manually
713,78,136,S,R,S136R,-3.1585445404052734,1.9882624033214145,0.29762411440238734,0.3902105349502869,surface,0.0,53.0,12.0,41.0,0.46,0.46,0.0,-0.02,9.6,1.0,15,0.45565540203418076,0.5,antibody_interface_mutation;protected_epitope_or_contact,review_manually
714,84,142,P,D,P142D,-2.476019859313965,2.7217423256599886,0.19922661584950996,0.3029494305007513,partial,0.0,48.0,12.0,36.0,0.4,0.4,0.0,-0.028,10.0,1.0,15,0.45459988704508425,0.5,antibody_interface_mutation;protected_epitope_or_contact,review_manually
715,68,126,T,G,T126G,-2.83785629272461,2.008722903369261,0.2948793057681849,0.5989298081671572,surface,0.0,53.0,12.0,41.0,0.46,0.46,0.0,-0.005,10.0,1.0,19,0.45382634273277306,0.5,antibody_interface_mutation;new_glycine;protected_epitope_or_contact,review_manually
716,82,140,T,C,T140C,-1.894979238510132,0.9262163716814767,0.4400992792687838,0.3381797366677382,partial,0.0,48.0,12.0,36.0,0.4,0.4,0.0,0.072,9.3,0.33333333333333337,25,0.45312757670942655,0.5,antibody_interface_mutation;new_cysteine;protected_epitope_or_contact,review_manually
717,62,120,P,G,P120G,-2.737820625305176,4.833894022604966,0.0,0.5005624053164098,surface,0.0,33.0,0.0,33.0,0.8,0.8,0.0,-0.027,10.0,1.0,19,0.45028195488721806,0.5,antibody_interface_mutation;new_glycine;protected_epitope_or_contact,review_manually
718,65,123,T,G,T123G,-2.785841464996338,4.665801015469697,0.0,0.4732925498500911,surface,0.0,33.0,0.0,33.0,0.46,0.46,0.0,-0.005,10.0,1.0,19,0.45028195488721806,0.5,antibody_interface_mutation;new_glycine;protected_epitope_or_contact,review_manually
719,100,158,F,C,F158C,-2.9636569023132324,3.6100229960943295,0.08006235065062417,0.3572566805784752,surface,0.0,31.0,18.0,13.0,0.8,0.54,-0.26,0.046,9.3,0.33333333333333337,10,0.4495531816476185,0.3333333333333333,new_cysteine;predicted_tcell_epitope_loss,review_manually
720,72,130,G,Q,G130Q,-4.848905086517334,2.49101591711215,0.2301789306433658,0.4255776612758414,surface,0.0,53.0,12.0,41.0,0.46,0.54,0.08,0.02,10.0,1.0,15,0.4447941060944254,0.5,antibody_interface_mutation;protected_epitope_or_contact,review_manually
721,86,144,D,C,D144C,-2.9337639808654785,0.7412156719363168,0.46491741747687076,0.8060805212175549,surface,0.0,53.0,12.0,41.0,0.35,0.35,0.0,0.078,9.3,0.33333333333333337,25,0.44178825161232543,0.5,antibody_interface_mutation;new_cysteine;protected_epitope_or_contact,review_manually
722,77,135,P,R,P135R,-3.0192809104919434,1.989571898626707,0.2974484435237672,0.5096186487729355,surface,0.0,57.0,16.0,41.0,0.46,0.8,0.34,-0.027,9.6,1.0,15,0.4415763965952275,0.5,antibody_interface_mutation;protected_epitope_or_contact,review_manually
723,86,144,D,L,D144L,-2.6886682510375977,1.4313178656143464,0.3723391102380439,0.8060805212175549,surface,0.0,53.0,12.0,41.0,0.35,0.4,0.05,0.055,10.0,1.0,19,0.43985796051690446,0.5,antibody_interface_mutation;protected_epitope_or_contact;surface_hydrophobic_gain,review_manually
724,72,130,G,C,G130C,-0.1894068717956543,0.8880822348897084,0.44521503439105037,0.4255776612758414,surface,0.0,53.0,12.0,41.0,0.46,0.54,0.08,0.077,9.3,0.33333333333333337,25,0.4368626558408704,0.5,antibody_interface_mutation;new_cysteine;protected_epitope_or_contact,review_manually
725,83,141,K,L,K141L,-2.6805524826049805,1.5743226270963646,0.3531547939637586,0.5662958773674612,surface,0.0,53.0,12.0,41.0,0.4,0.4,0.0,0.046,10.0,1.0,19,0.4350618814483331,0.5,antibody_interface_mutation;protected_epitope_or_contact;surface_hydrophobic_gain,review_manually
726,72,130,G,V,G130V,-4.792946815490723,1.596084610280684,0.3502353892961303,0.4255776612758414,surface,0.0,53.0,12.0,41.0,0.46,0.72,0.26,0.073,10.0,1.0,19,0.43433203028142603,0.5,antibody_interface_mutation;protected_epitope_or_contact;surface_hydrophobic_gain,review_manually
727,88,146,N,I,N146I,-3.081787586212158,1.6049516013193283,0.3490458683408578,0.6412527415552243,surface,0.0,53.0,12.0,41.0,0.35,0.35,0.0,0.054,10.0,1.0,19,0.43403465004260794,0.5,antibody_interface_mutation;protected_epitope_or_contact;surface_hydrophobic_gain,review_manually
728,73,131,T,A,T131A,-2.812228202819824,3.920552773368229,0.03840428697450693,0.7149930263422615,surface,0.2666666666666667,53.0,12.0,41.0,0.46,0.46,0.0,0.022,10.0,1.0,19,0.42970758803435355,0.5,antibody_interface_mutation;protected_epitope_or_contact;surface_hydrophobic_gain,review_manually
729,77,135,P,T,P135T,-2.503547191619873,3.4203664444683,0.10550507879601934,0.5096186487729355,surface,0.09999999999999998,53.0,12.0,41.0,0.46,0.46,0.0,-0.022,10.0,1.0,15,0.4286256431325888,0.5,antibody_interface_mutation;protected_epitope_or_contact,review_manually
730,68,126,T,R,T126R,-3.053717613220215,2.841377820896895,0.1831773238226556,0.5989298081671572,surface,0.0,53.0,12.0,41.0,0.46,0.46,0.0,-0.005,9.6,1.0,15,0.4270437043892479,0.5,antibody_interface_mutation;protected_epitope_or_contact,review_manually
731,86,144,D,S,D144S,-1.8744356632232664,3.029534841361027,0.1579357601683924,0.8060805212175549,surface,0.0,53.0,12.0,41.0,0.35,0.35,0.0,0.021,10.0,1.0,15,0.4267333134756821,0.5,antibody_interface_mutation;protected_epitope_or_contact,review_manually
732,68,126,T,V,T126V,-3.1524221897125244,1.4236105883543644,0.373373053744797,0.5989298081671572,surface,0.0,57.0,16.0,41.0,0.46,0.85,0.39,0.068,10.0,1.0,19,0.4260813586742945,0.5,antibody_interface_mutation;protected_epitope_or_contact;surface_hydrophobic_gain,review_manually
733,68,126,T,A,T126A,-2.773040294647217,2.5097852915502585,0.2276609892003012,0.5989298081671572,surface,0.0,57.0,16.0,41.0,0.46,0.85,0.39,0.022,10.0,1.0,19,0.42298667587150385,0.5,antibody_interface_mutation;protected_epitope_or_contact;surface_hydrophobic_gain,review_manually
734,71,129,Q,C,Q129C,-2.650351285934448,1.3827373897362918,0.3788562583689268,0.7949932296426763,surface,0.0,53.0,12.0,41.0,0.46,0.46,0.0,0.057,9.3,0.33333333333333337,25,0.4202729618353395,0.5,antibody_interface_mutation;new_cysteine;protected_epitope_or_contact,review_manually
735,62,120,P,V,P120V,-3.105158805847168,4.122355700295714,0.011332103257462145,0.5005624053164098,surface,0.0,33.0,0.0,33.0,0.8,0.8,0.0,0.046,10.0,1.0,19,0.41978164736825024,0.5,antibody_interface_mutation;protected_epitope_or_contact;surface_hydrophobic_gain,review_manually
736,82,140,T,G,T140G,-2.7874228954315186,3.603537925436939,0.08093233319710114,0.3381797366677382,partial,0.0,48.0,12.0,36.0,0.4,0.4,0.0,-0.005,10.0,1.0,19,0.4178834592391249,0.5,antibody_interface_mutation;new_glycine;protected_epitope_or_contact,review_manually
737,48,106,V,C,V106C,-2.7978484630584717,4.328968902567198,0.0,0.1935483957306923,partial,0.0,28.0,0.0,28.0,0.8,0.72,-0.08,0.004,9.3,0.33333333333333337,25,0.41327819548872186,0.5,antibody_interface_mutation;new_cysteine;protected_epitope_or_contact,review_manually
738,83,141,K,N,K141N,-3.0237374305725098,3.457174158168243,0.10056726544186856,0.5662958773674612,surface,0.0,53.0,12.0,41.0,0.4,0.4,0.0,-0.022,10.0,1.0,15,0.4123911897940511,0.5,antibody_interface_mutation;protected_epitope_or_contact,review_manually
739,77,135,P,A,P135A,-2.9688775539398193,2.9361455860099,0.17046407735663716,0.5096186487729355,surface,0.0,57.0,16.0,41.0,0.46,0.8,0.34,0.0,10.0,1.0,19,0.4086874479105878,0.5,antibody_interface_mutation;protected_epitope_or_contact;surface_hydrophobic_gain,review_manually
740,74,132,S,L,S132L,-2.960844039916992,1.953262429305852,0.3023194166017532,0.579059006496541,surface,0.0,57.0,16.0,41.0,0.46,0.8,0.34,0.034,10.0,1.0,19,0.40831794938853355,0.5,antibody_interface_mutation;protected_epitope_or_contact;surface_hydrophobic_gain,review_manually
741,86,144,D,R,D144R,-2.656191110610962,3.4910095647177855,0.09602819182090339,0.8060805212175549,surface,0.0,53.0,12.0,41.0,0.35,0.35,0.0,0.001,9.6,1.0,15,0.4052564213888098,0.5,antibody_interface_mutation;protected_epitope_or_contact,review_manually
742,84,142,P,S,P142S,-2.4390978813171387,4.727407475286583,0.0,0.3029494305007513,partial,0.0,48.0,12.0,36.0,0.4,0.4,0.0,-0.007,10.0,1.0,15,0.40479323308270676,0.5,antibody_interface_mutation;protected_epitope_or_contact,review_manually
743,84,142,P,N,P142N,-2.78153395652771,4.675081129318755,0.0,0.3029494305007513,partial,0.0,48.0,12.0,36.0,0.4,0.4,0.0,-0.041,10.0,1.0,15,0.40479323308270676,0.5,antibody_interface_mutation;protected_epitope_or_contact,review_manually
744,83,141,K,C,K141C,-2.0774850845336914,1.9010761067470696,0.3093202948017806,0.5662958773674612,surface,0.0,53.0,12.0,41.0,0.4,0.4,0.0,0.069,9.3,0.33333333333333337,25,0.40288897094355297,0.5,antibody_interface_mutation;new_cysteine;protected_epitope_or_contact,review_manually
745,74,132,S,G,S132G,-3.0703015327453613,3.5593278922777927,0.0868631794838407,0.579059006496541,surface,0.0,53.0,12.0,41.0,0.46,0.46,0.0,-0.02,10.0,1.0,19,0.40182231116168693,0.5,antibody_interface_mutation;new_glycine;protected_epitope_or_contact,review_manually
746,45,103,M,Y,M103Y,-2.351717948913574,3.726076725862413,0.06449355816002367,0.3825064087336273,surface,0.0,43.0,10.0,33.0,0.95,0.8,-0.15,0.048,10.0,1.0,19,0.39798429179564504,0.5,antibody_interface_mutation;protected_epitope_or_contact;surface_hydrophobic_gain,review_manually
747,62,120,P,C,P120C,-2.5040340423583984,4.150028902930785,0.0076196990957282384,0.5005624053164098,surface,0.0,33.0,0.0,33.0,0.8,0.7,-0.1,0.05,9.3,0.33333333333333337,25,0.3976392606135311,0.5,antibody_interface_mutation;new_cysteine;protected_epitope_or_contact,review_manually
748,77,135,P,G,P135G,-2.4463281631469727,3.713847437510992,0.06613413664924117,0.5096186487729355,surface,0.0,53.0,12.0,41.0,0.46,0.46,0.0,-0.027,10.0,1.0,19,0.39664005045303713,0.5,antibody_interface_mutation;new_glycine;protected_epitope_or_contact,review_manually
749,75,133,M,P,M133P,-2.546541929244995,3.9035613691065976,0.040683710889635516,0.7714121856027483,surface,0.2666666666666667,53.0,12.0,41.0,0.46,0.4,-0.06,0.034,9.2,0.6666666666666667,23,0.3944679202036119,0.5,antibody_interface_mutation;new_proline;protected_epitope_or_contact,review_manually
750,84,142,P,L,P142L,-2.7035069465637207,4.1394324569673415,0.009041229180736243,0.3029494305007513,partial,0.0,52.0,16.0,36.0,0.4,0.85,0.45,0.027,10.0,1.0,15,0.3930184526585926,0.5,antibody_interface_mutation;protected_epitope_or_contact,review_manually
751,70,128,A,C,A128C,-2.060115098953247,2.2499431476377083,0.2625192262166508,0.78186935118423,surface,0.0,53.0,12.0,41.0,0.46,0.4,-0.06,0.05,9.3,0.33333333333333337,25,0.3911887037972705,0.5,antibody_interface_mutation;new_cysteine;protected_epitope_or_contact,review_manually
752,78,136,S,V,S136V,-3.1003963947296143,3.129502192212499,0.14452498100298505,0.3902105349502869,surface,0.0,53.0,12.0,41.0,0.46,0.46,0.0,0.053,10.0,1.0,19,0.3829044282081397,0.5,antibody_interface_mutation;protected_epitope_or_contact;surface_hydrophobic_gain,review_manually
753,78,136,S,G,S136G,-2.1234686374664307,4.289603233708988,0.0,0.3902105349502869,surface,0.0,53.0,12.0,41.0,0.46,0.46,0.0,-0.02,10.0,1.0,19,0.3801065162907268,0.5,antibody_interface_mutation;new_glycine;protected_epitope_or_contact,review_manually
754,78,136,S,P,S136P,-2.83286190032959,3.159034659952141,0.14056315346937065,0.3902105349502869,surface,0.0,53.0,12.0,41.0,0.46,0.46,0.0,0.007,9.2,0.6666666666666667,23,0.3794377808485456,0.5,antibody_interface_mutation;new_proline;protected_epitope_or_contact,review_manually
755,64,122,R,C,R122C,-2.1810848712921143,4.710302687123601,0.0,0.6842746986943747,surface,0.2666666666666667,51.0,18.0,33.0,0.8,0.46,-0.34,0.077,9.3,0.33333333333333337,25,0.37257644110275695,0.3333333333333333,antibody_interface_mutation;new_cysteine;predicted_tcell_epitope_loss;protected_epitope_or_contact,review_manually
756,77,135,P,L,P135L,-2.9032139778137207,3.2971803880973596,0.12203068424796948,0.5096186487729355,surface,0.0,57.0,16.0,41.0,0.46,0.8,0.34,0.027,10.0,1.0,19,0.3632457663000876,0.5,antibody_interface_mutation;protected_epitope_or_contact;surface_hydrophobic_gain,review_manually
757,78,136,S,L,S136L,-2.8706116676330566,4.6276666601636975,0.0,0.3902105349502869,surface,0.0,53.0,12.0,41.0,0.46,0.46,0.0,0.034,10.0,1.0,19,0.34677318295739346,0.5,antibody_interface_mutation;protected_epitope_or_contact;surface_hydrophobic_gain,review_manually
758,77,135,P,Y,P135Y,-3.228748321533203,4.802142953121461,0.0,0.5096186487729355,surface,0.0,53.0,12.0,41.0,0.46,0.46,0.0,0.014,10.0,1.0,19,0.34677318295739346,0.5,antibody_interface_mutation;protected_epitope_or_contact;surface_hydrophobic_gain,review_manually
759,74,132,S,Y,S132Y,-3.4917750358581543,4.437089293022268,0.0,0.579059006496541,surface,0.0,53.0,12.0,41.0,0.46,0.46,0.0,0.021,10.0,1.0,19,0.34677318295739346,0.5,antibody_interface_mutation;protected_epitope_or_contact;surface_hydrophobic_gain,review_manually
760,74,132,S,V,S132V,-2.746051073074341,4.031579877819752,0.023509824267515356,0.579059006496541,surface,0.0,57.0,16.0,41.0,0.46,0.8,0.34,0.053,10.0,1.0,19,0.33861555130497406,0.5,antibody_interface_mutation;protected_epitope_or_contact;surface_hydrophobic_gain,review_manually
761,68,126,T,L,T126L,-3.056707859039306,4.210687212045059,0.0,0.5989298081671572,surface,0.0,57.0,16.0,41.0,0.46,0.85,0.39,0.049,10.0,1.0,19,0.3327380952380952,0.5,antibody_interface_mutation;protected_epitope_or_contact;surface_hydrophobic_gain,review_manually
762,74,132,S,I,S132I,-3.319194793701172,4.483510548920947,0.0,0.579059006496541,surface,0.0,57.0,16.0,41.0,0.46,0.8,0.34,0.02,10.0,1.0,19,0.3327380952380952,0.5,antibody_interface_mutation;protected_epitope_or_contact;surface_hydrophobic_gain,review_manually
763,74,132,S,C,S132C,-1.58680522441864,4.2887883885174745,0.0,0.579059006496541,surface,0.0,53.0,12.0,41.0,0.46,0.46,0.0,0.057,9.3,0.33333333333333337,25,0.32555889724310777,0.5,antibody_interface_mutation;new_cysteine;protected_epitope_or_contact,review_manually
764,91,149,C,S,C149S,-2.095557689666748,-1.1164686959500043,0.7141287310163037,0.0128318445995535,buried,0.0,8.0,0.0,8.0,0.8,0.8,0.0,-0.057,10.0,0.33333333333333337,25,0.672485816839289,0.6666666666666666,possible_disulfide_loss,reject
765,91,149,C,A,C149A,-2.5765957832336426,-1.1164686959500043,0.7141287310163037,0.0128318445995535,buried,0.0,8.0,0.0,8.0,0.8,0.8,0.0,-0.05,10.0,0.33333333333333337,25,0.672485816839289,0.6666666666666666,possible_disulfide_loss,reject
766,91,149,C,L,C149L,-2.7783446311950684,-1.1164686959500043,0.7141287310163037,0.0128318445995535,buried,0.0,8.0,0.0,8.0,0.8,0.85,0.05,-0.023,10.0,0.33333333333333337,25,0.672485816839289,0.6666666666666666,possible_disulfide_loss,reject
767,91,149,C,I,C149I,-3.2995612621307373,-1.1164686959500043,0.7141287310163037,0.0128318445995535,buried,0.0,8.0,0.0,8.0,0.8,0.8,0.0,-0.037,10.0,0.33333333333333337,25,0.672485816839289,0.6666666666666666,possible_disulfide_loss,reject
768,49,107,C,L,C107L,-2.0318708419799805,-2.6708169796527272,0.9226470262528941,0.3938019124036586,surface,0.0,13.0,0.0,13.0,0.8,0.8,0.0,-0.023,10.0,0.33333333333333337,29,0.6665953405231234,0.6666666666666666,possible_disulfide_loss;surface_hydrophobic_gain,reject
769,49,107,C,T,C107T,-2.9442849159240723,-1.1164686959500043,0.7141287310163037,0.3938019124036586,surface,0.0,13.0,0.0,13.0,0.8,0.8,0.0,-0.072,10.0,0.33333333333333337,25,0.6549419571901662,0.6666666666666666,possible_disulfide_loss,reject
770,91,149,C,V,C149V,-3.0614051818847656,-0.4406286190702531,0.6234637094370831,0.0128318445995535,buried,0.0,8.0,0.0,8.0,0.8,0.8,0.0,-0.004,10.0,0.33333333333333337,25,0.6498195614444838,0.6666666666666666,possible_disulfide_loss,reject
771,49,107,C,R,C107R,-3.1060476303100586,-1.1164686959500043,0.7141287310163037,0.3938019124036586,surface,0.0,13.0,0.0,13.0,0.8,0.8,0.0,-0.077,9.6,0.33333333333333337,25,0.6489419571901662,0.6666666666666666,possible_disulfide_loss,reject
772,91,149,C,T,C149T,-2.375131607055664,0.0,0.5643526791459115,0.0128318445995535,buried,0.0,8.0,0.0,8.0,0.8,0.8,0.0,-0.072,10.0,0.33333333333333337,25,0.635041803871691,0.5,possible_disulfide_loss,reject
773,49,107,C,F,C107F,-2.908829689025879,-1.564135642556721,0.7741839641445151,0.3938019124036586,surface,0.0,13.0,0.0,13.0,0.8,0.8,0.0,-0.046,10.0,0.33333333333333337,29,0.6294795749960286,0.6666666666666666,possible_disulfide_loss;surface_hydrophobic_gain,reject
774,63,121,C,S,C121S,-1.9327954053878784,-4.160950735581764,1.0,0.4528659612275372,surface,0.0,33.0,0.0,33.0,0.8,0.8,0.0,-0.057,10.0,0.33333333333333337,40,0.6294486215538847,0.6666666666666666,antibody_interface_mutation;possible_disulfide_loss;protected_epitope_or_contact,reject
775,91,149,C,G,C149G,-2.5579934120178223,0.0,0.5643526791459115,0.0128318445995535,buried,0.0,8.0,0.0,8.0,0.8,0.8,0.0,-0.077,10.0,0.33333333333333337,29,0.6278989467288337,0.5,new_glycine;possible_disulfide_loss,reject
776,49,107,C,V,C107V,-2.88517689704895,-1.1164686959500043,0.7141287310163037,0.3938019124036586,surface,0.0,13.0,0.0,13.0,0.8,0.8,0.0,-0.004,10.0,0.33333333333333337,29,0.6144657667139758,0.6666666666666666,possible_disulfide_loss;surface_hydrophobic_gain,reject
777,49,107,C,G,C107G,-2.764699697494507,0.0,0.5643526791459115,0.3938019124036586,surface,0.0,13.0,0.0,13.0,0.8,0.8,0.0,-0.077,10.0,0.33333333333333337,29,0.6103550870797111,0.5,new_glycine;possible_disulfide_loss,reject
778,63,121,C,A,C121A,-2.7272558212280273,-2.4146785371295323,0.8882856466705387,0.4528659612275372,surface,0.0,33.0,0.0,33.0,0.8,0.9,0.1,-0.05,10.0,0.33333333333333337,44,0.5943771760786623,0.6666666666666666,antibody_interface_mutation;possible_disulfide_loss;protected_epitope_or_contact;surface_hydrophobic_gain,reject
779,63,121,C,T,C121T,-2.1780271530151367,-2.16585994541839,0.8549062367205486,0.4528659612275372,surface,0.0,33.0,0.0,33.0,0.8,0.8,0.0,-0.072,10.0,0.33333333333333337,40,0.5931751807340219,0.6666666666666666,antibody_interface_mutation;possible_disulfide_loss;protected_epitope_or_contact,reject
780,63,121,C,I,C121I,-3.384614944458008,-3.469742133676988,1.0,0.4528659612275372,surface,0.0,33.0,0.0,33.0,0.8,0.9,0.1,-0.037,10.0,0.33333333333333337,44,0.5889724310776943,0.6666666666666666,antibody_interface_mutation;possible_disulfide_loss;protected_epitope_or_contact;surface_hydrophobic_gain,reject
781,49,107,C,P,C107P,-2.2072384357452393,0.0,0.5643526791459115,0.3938019124036586,surface,0.0,13.0,0.0,13.0,0.8,0.8,0.0,-0.05,9.2,0.0,33,0.5745455632701871,0.5,new_proline;possible_disulfide_loss,reject
782,49,107,C,A,C107A,-2.9910593032836914,1.0974104726412293,0.41713331825414446,0.3938019124036586,surface,0.0,13.0,0.0,13.0,0.8,0.8,0.0,-0.05,10.0,0.33333333333333337,29,0.5735502468567691,0.5,possible_disulfide_loss;surface_hydrophobic_gain,reject
783,63,121,C,L,C121L,-2.830322265625,-2.7546802936603,0.9338974232540687,0.4528659612275372,surface,0.0,33.0,0.0,33.0,0.8,0.9,0.1,-0.023,10.0,0.33333333333333337,44,0.5724467868912114,0.6666666666666666,antibody_interface_mutation;possible_disulfide_loss;protected_epitope_or_contact;surface_hydrophobic_gain,reject
784,79,137,C,N,C137N,-3.364330291748047,-2.6708169796527272,0.9226470262528941,0.1280081996120443,buried,0.0,48.0,12.0,36.0,0.46,0.46,0.0,-0.091,10.0,0.33333333333333337,40,0.5574787991697399,0.6666666666666666,antibody_interface_mutation;possible_disulfide_loss;protected_epitope_or_contact,reject
785,66,124,C,I,C124I,-3.460944652557373,-2.6708169796527272,0.9226470262528941,0.1157264911535781,buried,0.0,48.0,12.0,36.0,0.46,0.46,0.0,-0.037,10.0,0.33333333333333337,40,0.5574787991697399,0.6666666666666666,antibody_interface_mutation;possible_disulfide_loss;protected_epitope_or_contact,reject
786,89,147,C,I,C147I,-3.2364537715911865,-2.4163883375740056,0.8885150191204679,0.2917610265741281,partial,0.0,48.0,12.0,36.0,0.46,0.46,0.0,-0.037,10.0,0.33333333333333337,40,0.5489457973866333,0.6666666666666666,antibody_interface_mutation;possible_disulfide_loss;protected_epitope_or_contact,reject
787,63,121,C,N,C121N,-2.995487689971924,-0.7749899494609451,0.6683188138799686,0.4528659612275372,surface,0.0,33.0,0.0,33.0,0.8,0.8,0.0,-0.091,10.0,0.33333333333333337,40,0.5465283250238769,0.6666666666666666,antibody_interface_mutation;possible_disulfide_loss;protected_epitope_or_contact,reject
788,91,149,C,P,C149P,-2.3605213165283203,-1.1164686959500043,0.7141287310163037,0.0128318445995535,buried,0.0,8.0,0.0,8.0,0.8,0.8,0.0,-0.05,9.2,0.0,33,0.5462001025535747,0.6666666666666666,new_proline;possible_disulfide_loss,reject
789,91,149,C,D,C149D,-3.36706805229187,-1.1164686959500043,0.7141287310163037,0.0128318445995535,buried,0.0,8.0,0.0,8.0,0.8,0.8,0.0,-0.078,10.0,0.33333333333333337,41,0.5439143882678604,0.6666666666666666,accessibility_risk;buried_charge;possible_disulfide_loss,reject
790,81,139,C,S,C139S,-2.0951955318450928,-2.6708169796527272,0.9226470262528941,0.4145040673942124,surface,0.0,53.0,12.0,41.0,0.46,0.46,0.0,-0.057,10.0,0.33333333333333337,40,0.539934939520617,0.6666666666666666,antibody_interface_mutation;possible_disulfide_loss;protected_epitope_or_contact,reject
791,81,139,C,R,C139R,-3.0556788444519043,-2.6708169796527272,0.9226470262528941,0.4145040673942124,surface,0.0,53.0,12.0,41.0,0.46,0.7,0.24,-0.077,9.6,0.33333333333333337,40,0.533934939520617,0.6666666666666666,antibody_interface_mutation;possible_disulfide_loss;protected_epitope_or_contact,reject
792,89,147,C,T,C147T,-2.6515164375305176,-1.945474314299844,0.825341153671074,0.2917610265741281,partial,0.0,48.0,12.0,36.0,0.46,0.46,0.0,-0.072,10.0,0.33333333333333337,40,0.5331523310242848,0.6666666666666666,antibody_interface_mutation;possible_disulfide_loss;protected_epitope_or_contact,reject
793,81,139,C,A,C139A,-2.892777442932129,-2.6708169796527272,0.9226470262528941,0.4145040673942124,surface,0.0,53.0,12.0,41.0,0.46,0.46,0.0,-0.05,10.0,0.33333333333333337,44,0.5327920823777599,0.6666666666666666,antibody_interface_mutation;possible_disulfide_loss;protected_epitope_or_contact;surface_hydrophobic_gain,reject
794,66,124,C,A,C124A,-2.6409683227539062,-1.564135642556721,0.7741839641445151,0.1157264911535781,buried,0.0,48.0,12.0,36.0,0.46,0.46,0.0,-0.05,10.0,0.33333333333333337,40,0.5203630336426451,0.6666666666666666,antibody_interface_mutation;possible_disulfide_loss;protected_epitope_or_contact,reject
795,79,137,C,L,C137L,-2.7176361083984375,-1.564135642556721,0.7741839641445151,0.1280081996120443,buried,0.0,48.0,12.0,36.0,0.46,0.46,0.0,-0.023,10.0,0.33333333333333337,40,0.5203630336426451,0.6666666666666666,antibody_interface_mutation;possible_disulfide_loss;protected_epitope_or_contact,reject
796,79,137,C,V,C137V,-3.000356674194336,-1.564135642556721,0.7741839641445151,0.1280081996120443,buried,0.0,48.0,12.0,36.0,0.46,0.46,0.0,-0.004,10.0,0.33333333333333337,40,0.5203630336426451,0.6666666666666666,antibody_interface_mutation;possible_disulfide_loss;protected_epitope_or_contact,reject
797,79,137,C,A,C137A,-2.784919261932373,-1.5472767508363745,0.7719223169976281,0.1280081996120443,buried,0.0,48.0,12.0,36.0,0.46,0.46,0.0,-0.05,10.0,0.33333333333333337,40,0.5197976218559234,0.6666666666666666,antibody_interface_mutation;possible_disulfide_loss;protected_epitope_or_contact,reject
798,80,138,C,V,C138V,-2.9920129776000977,-1.5472767508363745,0.7719223169976281,0.0660298815215579,buried,0.0,48.0,12.0,36.0,0.46,0.46,0.0,-0.004,10.0,0.33333333333333337,40,0.5197976218559234,0.6666666666666666,antibody_interface_mutation;possible_disulfide_loss;protected_epitope_or_contact,reject
799,66,124,C,G,C124G,-2.8493518829345703,-1.564135642556721,0.7741839641445151,0.1157264911535781,buried,0.0,48.0,12.0,36.0,0.46,0.46,0.0,-0.077,10.0,0.33333333333333337,44,0.5132201764997879,0.6666666666666666,antibody_interface_mutation;new_glycine;possible_disulfide_loss;protected_epitope_or_contact,reject
800,80,138,C,G,C138G,-3.0024800300598145,-1.564135642556721,0.7741839641445151,0.0660298815215579,buried,0.0,48.0,12.0,36.0,0.46,0.46,0.0,-0.077,10.0,0.33333333333333337,44,0.5132201764997879,0.6666666666666666,antibody_interface_mutation;new_glycine;possible_disulfide_loss;protected_epitope_or_contact,reject
801,66,124,C,S,C124S,-1.9718846082687376,-1.1164686959500043,0.7141287310163037,0.1157264911535781,buried,0.0,48.0,12.0,36.0,0.46,0.46,0.0,-0.057,10.0,0.33333333333333337,40,0.5053492253605922,0.6666666666666666,antibody_interface_mutation;possible_disulfide_loss;protected_epitope_or_contact,reject
802,80,138,C,T,C138T,-1.9982882738113403,-1.1164686959500043,0.7141287310163037,0.0660298815215579,buried,0.0,48.0,12.0,36.0,0.46,0.46,0.0,-0.072,10.0,0.33333333333333337,40,0.5053492253605922,0.6666666666666666,antibody_interface_mutation;possible_disulfide_loss;protected_epitope_or_contact,reject
803,79,137,C,S,C137S,-2.037046432495117,-1.1164686959500043,0.7141287310163037,0.1280081996120443,buried,0.0,48.0,12.0,36.0,0.46,0.46,0.0,-0.057,10.0,0.33333333333333337,40,0.5053492253605922,0.6666666666666666,antibody_interface_mutation;possible_disulfide_loss;protected_epitope_or_contact,reject
804,80,138,C,N,C138N,-2.2445569038391113,-1.1164686959500043,0.7141287310163037,0.0660298815215579,buried,0.0,48.0,12.0,36.0,0.46,0.46,0.0,-0.091,10.0,0.33333333333333337,40,0.5053492253605922,0.6666666666666666,antibody_interface_mutation;possible_disulfide_loss;protected_epitope_or_contact,reject
805,80,138,C,L,C138L,-2.9881343841552734,-1.1164686959500043,0.7141287310163037,0.0660298815215579,buried,0.0,48.0,12.0,36.0,0.46,0.46,0.0,-0.023,10.0,0.33333333333333337,40,0.5053492253605922,0.6666666666666666,antibody_interface_mutation;possible_disulfide_loss;protected_epitope_or_contact,reject
806,66,124,C,N,C124N,-3.0128679275512695,-1.1164686959500043,0.7141287310163037,0.1157264911535781,buried,0.0,48.0,12.0,36.0,0.46,0.46,0.0,-0.091,10.0,0.33333333333333337,40,0.5053492253605922,0.6666666666666666,antibody_interface_mutation;possible_disulfide_loss;protected_epitope_or_contact,reject
807,66,124,C,V,C124V,-3.06170654296875,-1.1164686959500043,0.7141287310163037,0.1157264911535781,buried,0.0,48.0,12.0,36.0,0.46,0.46,0.0,-0.004,10.0,0.33333333333333337,40,0.5053492253605922,0.6666666666666666,antibody_interface_mutation;possible_disulfide_loss;protected_epitope_or_contact,reject
808,79,137,C,I,C137I,-3.229795455932617,-1.1164686959500043,0.7141287310163037,0.1280081996120443,buried,0.0,48.0,12.0,36.0,0.46,0.46,0.0,-0.037,10.0,0.33333333333333337,40,0.5053492253605922,0.6666666666666666,antibody_interface_mutation;possible_disulfide_loss;protected_epitope_or_contact,reject
809,89,147,C,V,C147V,-3.0159738063812256,-0.916654761508056,0.6873233738056932,0.2917610265741281,partial,0.0,48.0,12.0,36.0,0.46,0.46,0.0,-0.004,10.0,0.33333333333333337,40,0.4986478860579396,0.6666666666666666,antibody_interface_mutation;possible_disulfide_loss;protected_epitope_or_contact,reject
810,79,137,C,G,C137G,-2.519294023513794,-1.1164686959500043,0.7141287310163037,0.1280081996120443,buried,0.0,48.0,12.0,36.0,0.46,0.46,0.0,-0.077,10.0,0.33333333333333337,44,0.498206368217735,0.6666666666666666,antibody_interface_mutation;new_glycine;possible_disulfide_loss;protected_epitope_or_contact,reject
811,63,121,C,G,C121G,-2.5621871948242188,0.5197989207392197,0.49462082692540155,0.4528659612275372,surface,0.0,33.0,0.0,33.0,0.8,0.8,0.0,-0.077,10.0,0.33333333333333337,44,0.4959609711423779,0.5,antibody_interface_mutation;new_glycine;possible_disulfide_loss;protected_epitope_or_contact,reject
812,81,139,C,G,C139G,-2.6946120262145996,-1.1164686959500043,0.7141287310163037,0.4145040673942124,surface,0.0,53.0,12.0,41.0,0.46,0.46,0.0,-0.077,10.0,0.33333333333333337,44,0.48066250856861226,0.6666666666666666,antibody_interface_mutation;new_glycine;possible_disulfide_loss;protected_epitope_or_contact,reject
813,89,147,C,S,C147S,-2.2785468101501465,-0.3714684145716944,0.6141857579692822,0.2917610265741281,partial,0.0,48.0,12.0,36.0,0.46,0.46,0.0,-0.057,10.0,0.33333333333333337,40,0.4803634820988369,0.6666666666666666,antibody_interface_mutation;possible_disulfide_loss;protected_epitope_or_contact,reject
814,63,121,C,P,C121P,-2.50985050201416,0.1827951504239138,0.5398304188883125,0.4528659612275372,surface,0.0,33.0,0.0,33.0,0.8,0.8,0.0,-0.05,9.2,0.0,48,0.47145384532358187,0.5,antibody_interface_mutation;new_proline;possible_disulfide_loss;protected_epitope_or_contact,reject
815,63,121,C,V,C121V,-3.1106767654418945,0.2718590623940713,0.5278823533962732,0.4528659612275372,surface,0.0,33.0,0.0,33.0,0.8,0.9,0.1,-0.004,10.0,0.33333333333333337,44,0.47094301942676253,0.5,antibody_interface_mutation;possible_disulfide_loss;protected_epitope_or_contact;surface_hydrophobic_gain,reject
816,66,124,C,L,C124L,-2.9887406826019287,0.0,0.5643526791459115,0.1157264911535781,buried,0.0,48.0,12.0,36.0,0.46,0.46,0.0,-0.023,10.0,0.33333333333333337,40,0.46790521239299415,0.5,antibody_interface_mutation;possible_disulfide_loss;protected_epitope_or_contact,reject
817,49,107,C,I,C107I,-2.553866147994995,3.664096312521849,0.07280832922088676,0.3938019124036586,surface,0.0,13.0,0.0,13.0,0.8,0.8,0.0,-0.037,10.0,0.33333333333333337,29,0.4541356662651215,0.5,possible_disulfide_loss;surface_hydrophobic_gain,reject
818,81,139,C,T,C139T,-2.3921244144439697,0.0,0.5643526791459115,0.4145040673942124,surface,0.0,53.0,12.0,41.0,0.46,0.46,0.0,-0.072,10.0,0.33333333333333337,40,0.4503613527438713,0.5,antibody_interface_mutation;possible_disulfide_loss;protected_epitope_or_contact,reject
819,81,139,C,L,C139L,-2.7826972007751465,-1.1164686959500043,0.7141287310163037,0.4145040673942124,surface,0.0,53.0,12.0,41.0,0.46,0.46,0.0,-0.023,10.0,0.33333333333333337,44,0.44732917523527893,0.6666666666666666,antibody_interface_mutation;possible_disulfide_loss;protected_epitope_or_contact;surface_hydrophobic_gain,reject
820,81,139,C,V,C139V,-3.0307583808898926,-1.1164686959500043,0.7141287310163037,0.4145040673942124,surface,0.0,53.0,12.0,41.0,0.46,0.46,0.0,-0.004,10.0,0.33333333333333337,44,0.44732917523527893,0.6666666666666666,antibody_interface_mutation;possible_disulfide_loss;protected_epitope_or_contact;surface_hydrophobic_gain,reject
821,81,139,C,P,C139P,-2.3905880451202393,-1.1164686959500043,0.7141287310163037,0.4145040673942124,surface,0.0,53.0,12.0,41.0,0.46,0.46,0.0,-0.05,9.2,0.0,48,0.44485298475908847,0.6666666666666666,antibody_interface_mutation;new_proline;possible_disulfide_loss;protected_epitope_or_contact,reject
822,89,147,C,P,C147P,-2.461235284805298,0.0867561987232363,0.552714197057533,0.2917610265741281,partial,0.0,48.0,12.0,36.0,0.46,0.46,0.0,-0.05,9.2,0.0,48,0.42204321091851854,0.5,antibody_interface_mutation;new_proline;possible_disulfide_loss;protected_epitope_or_contact,reject
823,79,137,C,T,C137T,-2.338217496871948,1.5469753749106303,0.3568234713541246,0.1280081996120443,buried,0.0,48.0,12.0,36.0,0.46,0.46,0.0,-0.072,10.0,0.33333333333333337,40,0.4160229104450474,0.5,antibody_interface_mutation;possible_disulfide_loss;protected_epitope_or_contact,reject
824,91,149,C,R,C149R,-2.923541307449341,2.6620401999517753,0.20723575099972336,0.0128318445995535,buried,0.0,8.0,0.0,8.0,0.8,0.8,0.0,-0.077,9.6,0.33333333333333337,41,0.4111911432637153,0.5,accessibility_risk;buried_charge;possible_disulfide_loss,reject
825,81,139,C,I,C139I,-3.1702451705932617,0.0,0.5643526791459115,0.4145040673942124,surface,0.0,53.0,12.0,41.0,0.46,0.46,0.0,-0.037,10.0,0.33333333333333337,44,0.4098851622676808,0.5,antibody_interface_mutation;possible_disulfide_loss;protected_epitope_or_contact;surface_hydrophobic_gain,reject
826,89,147,C,A,C147A,-2.7384226322174072,1.856395256723772,0.3153143019199186,0.2917610265741281,partial,0.0,48.0,12.0,36.0,0.46,0.46,0.0,-0.05,10.0,0.33333333333333337,40,0.40564561808649596,0.5,antibody_interface_mutation;possible_disulfide_loss;protected_epitope_or_contact,reject
827,63,121,C,R,C121R,-3.057210922241211,3.3022723244569363,0.12134759288402963,0.4528659612275372,surface,0.0,33.0,0.0,33.0,0.8,0.8,0.0,-0.077,9.6,0.33333333333333337,40,0.40378551977489213,0.5,antibody_interface_mutation;possible_disulfide_loss;protected_epitope_or_contact,reject
828,66,124,C,T,C124T,-1.6351981163024902,2.0986873777810047,0.28281042839180626,0.1157264911535781,buried,0.0,48.0,12.0,36.0,0.46,0.46,0.0,-0.072,10.0,0.33333333333333337,40,0.3975196497044679,0.5,antibody_interface_mutation;possible_disulfide_loss;protected_epitope_or_contact,reject
829,66,124,C,P,C124P,-2.5093560218811035,-1.564135642556721,0.7741839641445151,0.1157264911535781,buried,0.0,48.0,12.0,36.0,0.46,0.46,0.0,-0.05,9.2,0.0,48,0.3940773193569308,0.6666666666666666,antibody_interface_mutation;new_proline;possible_disulfide_loss;protected_epitope_or_contact,reject
830,79,137,C,P,C137P,-2.6286709308624268,-1.564135642556721,0.7741839641445151,0.1280081996120443,buried,0.0,48.0,12.0,36.0,0.46,0.46,0.0,-0.05,9.2,0.0,48,0.3940773193569308,0.6666666666666666,antibody_interface_mutation;new_proline;possible_disulfide_loss;protected_epitope_or_contact,reject
831,80,138,C,P,C138P,-2.517322540283203,-1.1164686959500043,0.7141287310163037,0.0660298815215579,buried,0.0,48.0,12.0,36.0,0.46,0.46,0.0,-0.05,9.2,0.0,48,0.3790635110748779,0.6666666666666666,antibody_interface_mutation;new_proline;possible_disulfide_loss;protected_epitope_or_contact,reject
832,80,138,C,D,C138D,-3.1812100410461426,-1.1164686959500043,0.7141287310163037,0.0660298815215579,buried,0.0,48.0,12.0,36.0,0.46,0.46,0.0,-0.078,10.0,0.33333333333333337,56,0.3767777967891636,0.6666666666666666,accessibility_risk;antibody_interface_mutation;buried_charge;possible_disulfide_loss;protected_epitope_or_contact,reject
833,79,137,C,R,C137R,-3.1137731075286865,-1.1164686959500043,0.7141287310163037,0.1280081996120443,buried,0.0,48.0,12.0,36.0,0.46,0.46,0.0,-0.077,9.6,0.33333333333333337,56,0.3707777967891636,0.6666666666666666,accessibility_risk;antibody_interface_mutation;buried_charge;possible_disulfide_loss;protected_epitope_or_contact,reject
834,81,139,C,N,C139N,-3.3037526607513428,2.6704794745355116,0.20610360888737633,0.4145040673942124,surface,0.0,53.0,12.0,41.0,0.46,0.46,0.0,-0.091,10.0,0.33333333333333337,40,0.3607990851792376,0.5,antibody_interface_mutation;possible_disulfide_loss;protected_epitope_or_contact,reject
835,89,147,C,R,C147R,-3.0996875762939453,2.7568927506203806,0.1945111304165268,0.2917610265741281,partial,0.0,52.0,16.0,36.0,0.46,0.8,0.34,-0.077,9.6,0.33333333333333337,40,0.3554097374913498,0.5,antibody_interface_mutation;possible_disulfide_loss;protected_epitope_or_contact,reject
836,80,138,C,S,C138S,-2.069384813308716,4.123100835034677,0.011232142246716093,0.0660298815215579,buried,0.0,48.0,12.0,36.0,0.46,0.46,0.0,-0.057,10.0,0.33333333333333337,40,0.32962507816819536,0.5,antibody_interface_mutation;possible_disulfide_loss;protected_epitope_or_contact,reject
837,66,124,C,R,C124R,-3.2883458137512207,-0.1030204515200807,0.5781730366235149,0.1157264911535781,buried,0.0,52.0,16.0,36.0,0.46,0.8,0.34,-0.077,9.6,0.33333333333333337,56,0.32275378547166816,0.6666666666666666,accessibility_risk;antibody_interface_mutation;buried_charge;possible_disulfide_loss;protected_epitope_or_contact,reject
