rank,pos,wt,mut,esm_score,ddg,alignment_column,msa_depth,msa_observed,msa_consensus,wt_frequency,mut_frequency,position_entropy,conservation_score_raw,conservation_penalty,conservation_mode,asa,rsa,surface_class,accessibility_penalty,pdb_residue,in_mhr,in_major_epitope,in_antibody_contact,wt_mhci_score,mut_mhci_score,mhci_delta,wt_mhci_allele,mut_mhci_allele,wt_mhci_peptide,mut_mhci_peptide,wt_mhcii_score,mut_mhcii_score,mhcii_delta,wt_mhcii_peptide,mut_mhcii_peptide,wt_tcell_epitope_score,mut_tcell_epitope_score,tcell_epitope_delta,wt_bcell_antigenicity,mut_bcell_antigenicity,bcell_antigenicity_delta,tcell_penalty,bcell_penalty,epitope_penalty,epitope_prediction_mode,bonding_penalty,interface_penalty,structural_context_penalty,structural_flags,expression_penalty,solubility_score,gravy_score,gravy_delta,charge_score,charge_delta,proteolytic_score,codon_score,cys_score,mutation,stability_score,solubility_norm,conservation_score,epitope_preservation_score,accessibility_score,structural_context_score,expression_score,final_score,confidence_score,flags,recommendation
1,18,A,K,-3.1089773178100586,-3.0033757603854383,18,139,55,C,0.0181818181818181,0.0,0.0605579893382868,0.9394420106617132,12.0,msa,61.751572455561856,0.4786943601206345,surface,0,76,False,False,False,0.95,0.95,0.0,HLA-A02_like,HLA-A02_like,WMALRRFII,WMKLRRFII,0.72,0.72,0.0,LDSWWTSLNFYRWMA,LDSWWTSLNFYRWMK,0.95,0.95,0.0,0.95,0.931,-0.019,0.0,0.0,0.0,internal_motif_model,0,0,0,,0,9.6,10,-0.0504424778761062,10,0.9990009990009998,8,10,10,A76K,0.9672603157912937,0.96,0.6,1.0,1.0,1.0,1.0,0.9258150789478234,1.0,,strong_candidate
2,18,A,D,-3.1204280853271484,-2.8227012267584257,18,139,55,C,0.0181818181818181,0.0,0.0605579893382868,0.9394420106617132,12.0,msa,61.751572455561856,0.4786943601206345,surface,0,76,False,False,False,0.95,0.95,0.0,HLA-A02_like,HLA-A02_like,WMALRRFII,WMDLRRFII,0.72,0.72,0.0,LDSWWTSLNFYRWMA,LDSWWTSLNFYRWMD,0.95,0.95,0.0,0.95,0.922,-0.028,0.0,0.0,0.0,internal_motif_model,0,0,0,,0,10.0,10,-0.0469026548672567,10,-0.9988792390601552,10,10,10,A76D,0.9430225396509135,1.0,0.6,1.0,1.0,1.0,1.0,0.9257556349127284,1.0,,strong_candidate
3,101,G,L,-1.8466901779174805,-4.185099880662818,101,139,139,A,0.3884892086330935,0.0,0.2617420822038793,0.7382579177961207,12.0,msa,34.06803392131721,0.3275772492434347,partial,0,159,True,False,False,0.5,0.95,0.45,HLA-A02_like,HLA-A02_like,FGKFLWEWA,FLKFLWEWA,0.72,0.72,0.0,IPSSWAFGKFLWEWA,IPSSWAFLKFLWEWA,0.72,0.95,0.23,1.028,1.081,0.054,0.0,8.0,8.0,internal_motif_model,0,0,0,,0,10.0,10,0.0371681415929202,10,0.0,10,10,10,G159L,1.0,1.0,0.6,0.8596491228070176,1.0,1.0,1.0,0.9119298245614035,0.8333333333333334,,strong_candidate
4,101,G,A,-3.0260000228881836,-2.251545255972701,101,139,139,A,0.3884892086330935,0.5827338129496403,0.2617420822038793,0.7382579177961207,6.0,msa,34.06803392131721,0.3275772492434347,partial,0,159,True,False,False,0.5,0.95,0.45,HLA-A02_like,HLA-A02_like,FGKFLWEWA,FAKFLWEWA,0.72,0.72,0.0,IPSSWAFGKFLWEWA,IPSSWAFAKFLWEWA,0.72,0.95,0.23,1.028,1.055,0.027,0.0,8.0,8.0,internal_motif_model,0,0,0,,0,10.0,10,0.0194690265486725,10,0.0,10,10,10,G159A,0.866401057457276,1.0,0.8,0.8596491228070176,1.0,1.0,1.0,0.9085300889257225,0.8333333333333334,,strong_candidate
5,32,A,S,-3.4596855640411377,-2.3025780422397872,32,139,55,C,0.0181818181818181,0.0,0.0303351945483401,0.96966480545166,12.0,msa,57.14913921805281,0.4430165830856807,surface,0,90,False,False,False,0.95,0.95,0.0,HLA-A02_like,HLA-A02_like,FLFILLLAL,FLFILLLSL,0.72,0.72,0.0,ALRRFIIFLFILLLA,ALRRFIIFLFILLLS,0.95,0.95,0.0,1.187,1.179,-0.007,0.0,0.0,0.0,internal_motif_model,0,0,0,,0,10.0,10,-0.0230088495575221,10,0.0,10,10,10,A90S,0.8732471869284888,1.0,0.6,1.0,1.0,1.0,1.0,0.9083117967321221,1.0,,strong_candidate
6,101,G,S,-2.548248767852783,-2.6654112866544324,101,139,139,A,0.3884892086330935,0.0,0.2617420822038793,0.7382579177961207,12.0,msa,34.06803392131721,0.3275772492434347,partial,0,159,True,False,False,0.5,0.5,0.0,HLA-A02_like,HLA-A02_like,FGKFLWEWA,WAFSKFLWE,0.72,0.72,0.0,IPSSWAFGKFLWEWA,IPSSWAFSKFLWEWA,0.72,0.72,0.0,1.028,1.047,0.02,0.0,8.0,8.0,internal_motif_model,0,0,0,,0,10.0,10,-0.0035398230088495,10,0.0,10,10,10,G159S,0.9219218439366814,1.0,0.6,0.8596491228070176,1.0,1.0,1.0,0.8924102855455739,0.8333333333333334,,strong_candidate
7,101,G,W,-2.7970521450042725,-2.4584669783636457,101,139,139,A,0.3884892086330935,0.0,0.2617420822038793,0.7382579177961207,12.0,msa,34.06803392131721,0.3275772492434347,partial,0,159,True,False,False,0.5,0.5,0.0,HLA-A02_like,HLA-A02_like,FGKFLWEWA,WAFWKFLWE,0.72,0.72,0.0,IPSSWAFGKFLWEWA,IPSSWAFWKFLWEWA,0.72,0.72,0.0,1.028,1.03,0.003,0.0,8.0,8.0,internal_motif_model,0,0,0,,0,10.0,10,-0.0044247787610619,10,0.0,10,10,10,G159W,0.8941599357297796,1.0,0.6,0.8596491228070176,1.0,1.0,1.0,0.8854698084938484,0.8333333333333334,,strong_candidate
8,18,A,N,-2.8822579383850098,-1.5975636103969464,18,139,55,C,0.0181818181818181,0.0,0.0605579893382868,0.9394420106617132,12.0,msa,61.751572455561856,0.4786943601206345,surface,0,76,False,False,False,0.95,0.95,0.0,HLA-A02_like,HLA-A02_like,WMALRRFII,WMNLRRFII,0.72,0.72,0.0,LDSWWTSLNFYRWMA,LDSWWTSLNFYRWMN,0.95,0.95,0.0,0.95,0.909,-0.041,0.0,0.0,0.0,internal_motif_model,0,0,0,,0,10.0,10,-0.0469026548672567,10,0.0,10,10,10,A76N,0.7786683792143878,1.0,0.6,1.0,1.0,1.0,1.0,0.884667094803597,1.0,,strong_candidate
9,4,L,V,-3.068728446960449,-3.815241990590948,4,139,48,L,1.0,0.0,0.0,1.0,24.0,msa,55.69130199671039,0.2770711542124895,partial,0,32,False,False,False,0.9,0.9,0.0,HLA-B07_like,HLA-B07_like,IPQSLDSWW,IPQSVDSWW,0.72,0.72,0.0,QSLDSWWTSLNFYRW,QSVDSWWTSLNFYRW,0.9,0.9,0.0,1.016,1.035,0.019,0.0,0.0,0.0,internal_motif_model,0,0,0,,0,10.0,10,0.0035398230088495,10,0.0,10,10,10,L32V,1.0,1.0,0.19999999999999996,1.0,1.0,1.0,1.0,0.88,1.0,,strong_candidate
10,101,G,F,-2.6899900436401367,-2.277831578035631,101,139,139,A,0.3884892086330935,0.0,0.2617420822038793,0.7382579177961207,12.0,msa,34.06803392131721,0.3275772492434347,partial,0,159,True,False,False,0.5,0.5,0.0,HLA-A02_like,HLA-A02_like,FGKFLWEWA,WAFFKFLWE,0.72,0.72,0.0,IPSSWAFGKFLWEWA,IPSSWAFFKFLWEWA,0.72,0.72,0.0,1.028,1.059,0.031,0.0,8.0,8.0,internal_motif_model,0,0,0,,0,10.0,10,0.0283185840707964,10,0.0,10,10,10,G159F,0.8699274093837214,1.0,0.6,0.8596491228070176,1.0,1.0,1.0,0.8794116769073338,0.8333333333333334,,strong_candidate
11,17,M,A,-2.949819564819336,-3.074662213591097,17,139,55,M,1.0,0.0,0.0,1.0,24.0,msa,71.16238917857868,0.3176892374043691,partial,0,75,False,False,False,0.95,0.95,0.0,HLA-A02_like,HLA-A02_like,WMALRRFII,WAALRRFII,0.72,0.72,0.0,SLDSWWTSLNFYRWM,SLDSWWTSLNFYRWA,0.95,0.95,0.0,0.991,1.025,0.034,0.0,0.0,0.0,internal_motif_model,0,0,0,,0,10.0,10,-0.0008849557522123,10,0.0,10,10,10,M75A,0.9768235069060269,1.0,0.19999999999999996,1.0,1.0,1.0,1.0,0.8742058767265067,1.0,,strong_candidate
12,101,G,R,-3.0618741512298584,-2.1644312255008344,101,139,139,A,0.3884892086330935,0.0,0.2617420822038793,0.7382579177961207,12.0,msa,34.06803392131721,0.3275772492434347,partial,0,159,True,False,False,0.5,0.5,0.0,HLA-A02_like,HLA-A02_like,FGKFLWEWA,WAFRKFLWE,0.72,0.72,0.0,IPSSWAFGKFLWEWA,IPSSWAFRKFLWEWA,0.72,0.72,0.0,1.028,1.027,-0.0,0.0,8.0,8.0,internal_motif_model,0,0,0,,0,9.6,10,-0.036283185840708,10,0.9999900000999986,8,10,10,G159R,0.8547145716705061,0.96,0.6,0.8596491228070176,1.0,1.0,1.0,0.86960846747903,0.8333333333333334,,strong_candidate
13,17,M,L,-2.399421215057373,-2.7708601376827175,17,139,55,M,1.0,0.0,0.0,1.0,24.0,msa,71.16238917857868,0.3176892374043691,partial,0,75,False,False,False,0.95,0.95,0.0,HLA-A02_like,HLA-A02_like,WMALRRFII,WLALRRFII,0.72,0.72,0.0,SLDSWWTSLNFYRWM,SLDSWWTSLNFYRWL,0.95,0.95,0.0,0.991,1.052,0.061,0.0,0.0,0.0,internal_motif_model,0,0,0,,0,10.0,10,0.0168141592920353,10,0.0,10,10,10,M75L,0.9360679750719093,1.0,0.19999999999999996,1.0,1.0,1.0,1.0,0.8640169937679774,1.0,,strong_candidate
14,32,A,T,-3.844661712646485,-0.8033539535581724,32,139,55,C,0.0181818181818181,0.0,0.0303351945483401,0.96966480545166,12.0,msa,57.14913921805281,0.4430165830856807,surface,0,90,False,False,False,0.95,0.95,0.0,HLA-A02_like,HLA-A02_like,FLFILLLAL,FLFILLLTL,0.72,0.72,0.0,ALRRFIIFLFILLLA,ALRRFIIFLFILLLT,0.95,0.95,0.0,1.187,1.165,-0.022,0.0,0.0,0.0,internal_motif_model,0,0,0,,0,10.0,10,-0.0221238938053097,10,0.0,10,10,10,A90T,0.6721238901569201,1.0,0.6,1.0,1.0,1.0,1.0,0.85803097253923,1.0,,strong_candidate
15,27,F,I,-1.8895492553710935,-3.5537729405016876,27,139,55,F,1.0,0.0,0.0,1.0,30.0,msa,59.72269422076173,0.2488445592531738,partial,0,85,False,False,False,0.95,0.95,0.0,HLA-A02_like,HLA-A02_like,FIIFLFILL,FIIFLIILL,0.72,0.72,0.0,FYRWMALRRFIIFLF,FYRWMALRRFIIFLI,0.95,0.95,0.0,1.177,1.185,0.009,0.0,0.0,0.0,internal_motif_model,0,0,0,,0,10.0,10,0.0150442477876105,10,0.0,10,10,10,F85I,1.0,1.0,0.0,1.0,1.0,1.0,1.0,0.85,1.0,,strong_candidate
16,14,Y,S,-2.159348487854004,-3.2929036599390713,14,139,48,Y,1.0,0.0,0.0,1.0,30.0,msa,146.97568008612603,0.5588428900613157,surface,0,72,False,False,False,0.9,0.95,0.05,HLA-A02_like,HLA-A03_like,SLNFYRWMA,FSRWMALRR,0.72,0.72,0.0,QSLDSWWTSLNFYRW,QSLDSWWTSLNFSRW,0.9,0.95,0.05,0.981,0.96,-0.021,0.0,0.0,0.0,internal_motif_model,0,0,0,,0,10.0,10,0.0044247787610619,10,0.000999000999001,10,10,10,Y72S,1.0,1.0,0.0,1.0,1.0,1.0,1.0,0.85,1.0,,strong_candidate
17,21,R,L,-2.205876111984253,-5.448010623031507,21,139,55,R,1.0,0.0,0.0,1.0,30.0,msa,39.601522124014735,0.1445311026423895,buried,0,79,False,False,False,0.95,0.95,0.0,HLA-A02_like,HLA-A02_like,WMALRRFII,WMALRLFII,0.72,0.72,0.0,WWTSLNFYRWMALRR,WWTSLNFYRWMALRL,0.95,0.95,0.0,1.065,1.119,0.054,0.0,0.0,0.0,internal_motif_model,0,0,0,,0,10.0,10,0.0734513274336283,10,-0.9999900000999986,10,10,10,R79L,1.0,1.0,0.0,1.0,1.0,1.0,1.0,0.85,1.0,,strong_candidate
18,35,F,A,-2.2335052490234375,-3.734269529826406,35,139,55,F,1.0,0.0,0.0,1.0,30.0,msa,58.24272762076741,0.2426780317531975,partial,0,93,False,False,False,0.95,0.95,0.0,HLA-A02_like,HLA-A02_like,LLLALIFLL,FILLLALIA,0.72,0.72,0.0,RFIIFLFILLLALIF,RFIIFLFILLLALIA,0.95,0.95,0.0,1.206,1.202,-0.004,0.0,0.0,0.0,internal_motif_model,0,0,0,,0,10.0,10,-0.0088495575221239,10,0.0,10,10,10,F93A,1.0,1.0,0.0,1.0,1.0,1.0,1.0,0.85,1.0,,strong_candidate
19,5,D,L,-2.3220715522766113,-3.788074433222534,5,139,48,D,1.0,0.0,0.0,1.0,30.0,msa,45.639663204214315,0.2364749388819394,partial,0,33,False,False,False,0.9,0.9,0.0,HLA-B07_like,HLA-B07_like,IPQSLDSWW,IPQSLLSWW,0.72,0.72,0.0,QSLDSWWTSLNFYRW,QSLLSWWTSLNFYRW,0.9,0.9,0.0,0.992,1.046,0.055,0.0,0.0,0.0,internal_motif_model,0,0,0,,0,10.0,10,0.0646017699115044,10,0.9988792390601552,10,10,10,D33L,1.0,1.0,0.0,1.0,1.0,1.0,1.0,0.85,1.0,,strong_candidate
20,16,W,S,-2.4348368644714355,-5.452739600895939,16,139,48,W,0.9583333333333334,0.0,0.0674580772976627,0.9325419227023372,30.0,msa,80.75363385087648,0.2833460836872859,partial,0,74,False,False,False,0.95,0.9,-0.05,HLA-A02_like,HLA-A02_like,WMALRRFII,SLNFYRSMA,0.72,0.72,0.0,QSLDSWWTSLNFYRW,WTSLNFYRSMALRRF,0.95,0.9,-0.05,1.023,1.04,0.017,0.0,0.0,0.0,internal_motif_model,0,0,0,,0,10.0,10,0.0008849557522123,10,0.0,10,10,10,W74S,1.0,1.0,0.0,1.0,1.0,1.0,1.0,0.85,1.0,,strong_candidate
21,16,W,A,-2.573362112045288,-5.230908995430383,16,139,48,W,0.9583333333333334,0.0,0.0674580772976627,0.9325419227023372,30.0,msa,80.75363385087648,0.2833460836872859,partial,0,74,False,False,False,0.95,0.9,-0.05,HLA-A02_like,HLA-A02_like,WMALRRFII,SLNFYRAMA,0.72,0.72,0.0,QSLDSWWTSLNFYRW,QSLDSWWTSLNFYRA,0.95,0.9,-0.05,1.023,1.047,0.024,0.0,0.0,0.0,internal_motif_model,0,0,0,,0,10.0,10,0.0238938053097345,10,0.0,10,10,10,W74A,1.0,1.0,0.0,1.0,1.0,1.0,1.0,0.85,1.0,,strong_candidate
22,13,F,T,-2.8152356147766113,-3.6123373251918736,13,139,48,F,0.9791666666666666,0.0,0.033803026545712,0.966196973454288,30.0,msa,110.91194314843057,0.462133096451794,surface,0,41,False,False,False,0.9,0.9,0.0,HLA-A02_like,HLA-A02_like,SLNFYRWMA,SLNTYRWMA,0.72,0.72,0.0,QSLDSWWTSLNFYRW,DSWWTSLNTYRWMAL,0.9,0.9,0.0,1.008,0.982,-0.026,0.0,0.0,0.0,internal_motif_model,0,0,0,,0,10.0,10,-0.0309734513274336,10,0.0,10,10,10,F41T,1.0,1.0,0.0,1.0,1.0,1.0,1.0,0.85,1.0,,strong_candidate
23,16,W,N,-2.8447299003601074,-5.32012612098157,16,139,48,W,0.9583333333333334,0.0,0.0674580772976627,0.9325419227023372,30.0,msa,80.75363385087648,0.2833460836872859,partial,0,74,False,False,False,0.95,0.9,-0.05,HLA-A02_like,HLA-A02_like,WMALRRFII,SLNFYRNMA,0.72,0.72,0.0,QSLDSWWTSLNFYRW,WTSLNFYRNMALRRF,0.95,0.9,-0.05,1.023,1.006,-0.017,0.0,0.0,0.0,internal_motif_model,0,0,0,,0,10.0,10,-0.0230088495575221,10,0.0,10,10,10,W74N,1.0,1.0,0.0,1.0,1.0,1.0,1.0,0.85,1.0,,strong_candidate
24,27,F,S,-2.940004587173462,-3.3770360530695314,27,139,55,F,1.0,0.0,0.0,1.0,30.0,msa,59.72269422076173,0.2488445592531738,partial,0,85,False,False,False,0.95,0.95,0.0,HLA-A02_like,HLA-A02_like,FIIFLFILL,FIIFLSILL,0.72,0.72,0.0,FYRWMALRRFIIFLF,FYRWMALRRFIIFLS,0.95,0.95,0.0,1.177,1.165,-0.011,0.0,0.0,0.0,internal_motif_model,0,0,0,,0,10.0,10,-0.031858407079646,10,0.0,10,10,10,F85S,1.0,1.0,0.0,1.0,1.0,1.0,1.0,0.85,1.0,,strong_candidate
25,16,W,I,-2.9792258739471436,-3.689125190356236,16,139,48,W,0.9583333333333334,0.0,0.0674580772976627,0.9325419227023372,30.0,msa,80.75363385087648,0.2833460836872859,partial,0,74,False,False,False,0.95,0.9,-0.05,HLA-A02_like,HLA-A02_like,WMALRRFII,SLNFYRIMA,0.72,0.72,0.0,QSLDSWWTSLNFYRW,QSLDSWWTSLNFYRI,0.95,0.9,-0.05,1.023,1.06,0.037,0.0,0.0,0.0,internal_motif_model,0,0,0,,0,10.0,10,0.047787610619469,10,0.0,10,10,10,W74I,1.0,1.0,0.0,1.0,1.0,1.0,1.0,0.85,1.0,,strong_candidate
26,56,S,T,-1.8031984567642212,-2.1109545834853805,56,139,139,S,0.920863309352518,0.0503597122302158,0.1196530392664537,0.8803469607335462,18.0,msa,118.9558780406117,0.7674572776813657,surface,0,114,True,False,False,0.8,0.8,0.0,HLA-A03_like,HLA-A03_like,STTSTGPCR,TTTSTGPCR,0.46,0.46,0.0,YQGMLPVCPLIPGSS,YQGMLPVCPLIPGST,0.8,0.8,0.0,0.97,0.956,-0.015,0.0,7.8,7.8,internal_motif_model,0,0,0,,0,10.0,10,0.0008849557522123,10,0.0,10,10,10,S114T,0.8475405950624602,1.0,0.4,0.8631578947368421,1.0,1.0,1.0,0.8445167277129835,0.8333333333333334,,strong_candidate
27,16,W,K,-2.2079837322235107,-4.204212642453371,16,139,48,W,0.9583333333333334,0.0,0.0674580772976627,0.9325419227023372,30.0,msa,80.75363385087648,0.2833460836872859,partial,0,74,False,False,False,0.95,0.95,0.0,HLA-A02_like,HLA-A03_like,WMALRRFII,WTSLNFYRK,0.72,0.72,0.0,QSLDSWWTSLNFYRW,WTSLNFYRKMALRRF,0.95,0.95,0.0,1.023,1.028,0.005,0.0,0.0,0.0,internal_motif_model,0,0,0,,0,9.6,10,-0.0265486725663716,10,0.9990009990009998,8,10,10,W74K,1.0,0.96,0.0,1.0,1.0,1.0,1.0,0.844,1.0,,strong_candidate
28,8,W,K,-2.8963239192962646,-3.862299420330743,8,139,48,W,1.0,0.0,0.0,1.0,30.0,msa,205.54529670568476,0.7212115673883676,surface,0,36,False,False,False,0.9,0.9,0.0,HLA-B07_like,HLA-A02_like,IPQSLDSWW,SLDSWKTSL,0.72,0.72,0.0,QSLDSWWTSLNFYRW,DSWKTSLNFYRWMAL,0.9,0.9,0.0,0.976,0.982,0.005,0.0,0.0,0.0,internal_motif_model,0,0,0,,0,9.6,10,-0.0265486725663716,10,0.9990009990009998,8,10,10,W36K,1.0,0.96,0.0,1.0,1.0,1.0,1.0,0.844,1.0,,strong_candidate
29,16,W,T,-2.3744540214538574,-3.0484129273321514,16,139,48,W,0.9583333333333334,0.0,0.0674580772976627,0.9325419227023372,30.0,msa,80.75363385087648,0.2833460836872859,partial,0,74,False,False,False,0.95,0.9,-0.05,HLA-A02_like,HLA-A02_like,WMALRRFII,SLNFYRTMA,0.72,0.72,0.0,QSLDSWWTSLNFYRW,WTSLNFYRTMALRRF,0.95,0.9,-0.05,1.023,1.025,0.002,0.0,0.0,0.0,internal_motif_model,0,0,0,,0,10.0,10,0.0017699115044248,10,0.0,10,10,10,W74T,0.9733021233916104,1.0,0.0,1.0,1.0,1.0,1.0,0.8433255308479026,1.0,,strong_candidate
30,14,Y,Q,-3.028849840164185,-3.0334917585503547,14,139,48,Y,1.0,0.0,0.0,1.0,30.0,msa,146.97568008612603,0.5588428900613157,surface,0,72,False,False,False,0.9,0.9,0.0,HLA-A02_like,HLA-A02_like,SLNFYRWMA,SLNFQRWMA,0.72,0.72,0.0,QSLDSWWTSLNFYRW,QSLDSWWTSLNFQRW,0.9,0.9,0.0,0.981,0.961,-0.021,0.0,0.0,0.0,internal_motif_model,0,0,0,,0,10.0,10,-0.0194690265486726,10,0.000999000999001,10,10,10,Y72Q,0.9713004248598591,1.0,0.0,1.0,1.0,1.0,1.0,0.8428251062149648,1.0,,strong_candidate
31,58,T,N,-2.684112310409546,-2.485879407658473,58,139,139,T,0.9856115107913668,0.0071942446043165,0.0284685318889823,0.9715314681110176,21.0,msa,138.84050077691398,0.8072122138192673,surface,0,116,True,False,False,0.8,0.8,0.0,HLA-A03_like,HLA-A03_like,STTSTGPCR,STNSTGPCR,0.36,0.36,0.0,STTSTGPCRTCMTTA,STNSTGPCRTCMTTA,0.8,0.8,0.0,0.948,0.929,-0.019,0.0,7.8,7.8,internal_motif_model,0,0,0,,0,10.0,10,-0.0247787610619469,10,0.0,10,10,10,T116N,0.8978373567330277,1.0,0.30000000000000004,0.8631578947368421,1.0,1.0,1.0,0.8420909181306254,0.8333333333333334,,strong_candidate
32,18,A,T,-2.116305351257324,-0.2588265013285138,18,139,55,C,0.0181818181818181,0.0,0.0605579893382868,0.9394420106617132,12.0,msa,61.751572455561856,0.4786943601206345,surface,0,76,False,False,False,0.95,0.95,0.0,HLA-A02_like,HLA-A02_like,WMALRRFII,WMTLRRFII,0.72,0.72,0.0,LDSWWTSLNFYRWMA,LDSWWTSLNFYRWMT,0.95,0.95,0.0,0.95,0.928,-0.022,0.0,0.0,0.0,internal_motif_model,0,0,0,,0,10.0,10,-0.0221238938053097,10,0.0,10,10,10,A76T,0.599074666093719,1.0,0.6,1.0,1.0,1.0,1.0,0.8397686665234297,1.0,,strong_candidate
33,110,A,S,-2.0605626106262207,-1.566007635674623,110,139,139,V,0.4172661870503597,0.0,0.2267873717109939,0.773212628289006,12.0,msa,76.82601471535853,0.5955505016694459,surface,0,168,True,False,False,0.5,0.5,0.0,HLA-A02_like,HLA-A02_like,FLWEWASAR,FLWEWASSR,0.72,0.72,0.0,SSWAFGKFLWEWASA,SSWAFGKFLWEWASS,0.72,0.72,0.0,0.999,0.991,-0.009,0.0,13.0,13.0,internal_motif_model,0,0,0,,0,10.0,10,-0.0230088495575221,10,0.0,10,10,10,A168S,0.7744350949996345,1.0,0.6,0.7719298245614035,1.0,1.0,1.0,0.8379947386621893,0.8333333333333334,,strong_candidate
34,22,F,L,-1.886050581932068,-2.8710377562076417,22,139,55,F,0.9818181818181818,0.0,0.0303351945483401,0.96966480545166,30.0,msa,62.66473290899549,0.2611030537874812,partial,0,80,False,False,False,0.95,0.95,0.0,HLA-A02_like,HLA-A02_like,WMALRRFII,WMALRRLII,0.72,0.72,0.0,WTSLNFYRWMALRRF,WTSLNFYRWMALRRL,0.95,0.95,0.0,1.069,1.092,0.023,0.0,0.0,0.0,internal_motif_model,0,0,0,,0,10.0,10,0.0088495575221239,10,0.0,10,10,10,F80L,0.9495069619802474,1.0,0.0,1.0,1.0,1.0,1.0,0.8373767404950618,1.0,,strong_candidate
35,6,S,Q,-3.038938283920288,-1.93350933477916,6,139,48,S,1.0,0.0,0.0,1.0,24.0,msa,65.16247499778798,0.4204030645018579,surface,0,34,False,False,False,0.9,0.9,0.0,HLA-B07_like,HLA-B07_like,IPQSLDSWW,IPQSLDQWW,0.72,0.72,0.0,QSLDSWWTSLNFYRW,QSLDQWWTSLNFYRW,0.9,0.9,0.0,0.976,0.977,0.0,0.0,0.0,0.0,internal_motif_model,0,0,0,,0,10.0,10,-0.0238938053097345,10,0.0,10,10,10,S34Q,0.8237360326320168,1.0,0.19999999999999996,1.0,1.0,1.0,1.0,0.8359340081580042,1.0,,strong_candidate
36,109,S,T,-2.5713465213775635,-2.703055883131384,109,139,139,S,1.0,0.0,0.0,1.0,24.0,msa,81.76114261488271,0.5274912426766627,surface,0,167,True,False,False,0.5,0.5,0.0,HLA-A02_like,HLA-A02_like,FLWEWASAR,FLWEWATAR,0.72,0.72,0.0,PSSWAFGKFLWEWAS,PSSWAFGKFLWEWAT,0.72,0.72,0.0,0.978,0.964,-0.015,0.0,7.8,7.8,internal_motif_model,0,0,0,,0,10.0,10,0.0008849557522123,10,0.0,10,10,10,S167T,0.9269719264468536,1.0,0.19999999999999996,0.8631578947368421,1.0,1.0,1.0,0.8343745605590819,0.8333333333333334,,strong_candidate
37,58,T,S,-1.836150050163269,-2.6939942705445503,58,139,139,T,0.9856115107913668,0.0,0.0284685318889823,0.9715314681110176,24.0,msa,138.84050077691398,0.8072122138192673,surface,0,116,True,False,False,0.8,0.8,0.0,HLA-A03_like,HLA-A03_like,STTSTGPCR,STSSTGPCR,0.36,0.36,0.0,STTSTGPCRTCMTTA,STSSTGPCRTCMTTA,0.8,0.8,0.0,0.948,0.963,0.015,0.0,7.8,7.8,internal_motif_model,0,0,0,,0,10.0,10,-0.0008849557522123,10,0.0,10,10,10,T116S,0.9257562967012474,1.0,0.19999999999999996,0.8631578947368421,1.0,1.0,1.0,0.8340706531226804,0.8333333333333334,,strong_candidate
38,23,I,L,-1.3209820985794067,-1.8495145570216776,23,139,55,I,1.0,0.0,0.0,1.0,24.0,msa,60.657984052847254,0.3079085484916104,partial,0,81,False,False,False,0.95,0.95,0.0,HLA-A02_like,HLA-A02_like,WMALRRFII,WMALRRFLI,0.72,0.72,0.0,TSLNFYRWMALRRFI,TSLNFYRWMALRRFL,0.95,0.95,0.0,1.069,1.083,0.014,0.0,0.0,0.0,internal_motif_model,0,0,0,,0,10.0,10,-0.0061946902654868,10,0.0,10,10,10,I81L,0.8124679995596322,1.0,0.19999999999999996,1.0,1.0,1.0,1.0,0.8331169998899081,1.0,,strong_candidate
39,7,W,F,-2.473987102508545,-1.8318753248121595,7,139,48,W,1.0,0.0,0.0,1.0,24.0,msa,62.68686228764738,0.219953902763675,partial,0,35,False,False,False,0.9,0.9,0.0,HLA-B07_like,HLA-B07_like,IPQSLDSWW,IPQSLDSFW,0.72,0.72,0.0,QSLDSWWTSLNFYRW,QSLDSFWTSLNFYRW,0.9,0.9,0.0,0.976,1.005,0.028,0.0,0.0,0.0,internal_motif_model,0,0,0,,0,10.0,10,0.0327433628318584,10,0.0,10,10,10,W35F,0.8101016684945963,1.0,0.19999999999999996,1.0,1.0,1.0,1.0,0.8325254171236491,1.0,,strong_candidate
40,18,A,R,-2.586312770843506,-0.1579491445008898,18,139,55,C,0.0181818181818181,0.0,0.0605579893382868,0.9394420106617132,12.0,msa,61.751572455561856,0.4786943601206345,surface,0,76,False,False,False,0.95,0.95,0.0,HLA-A02_like,HLA-A02_like,WMALRRFII,WMRLRRFII,0.72,0.72,0.0,LDSWWTSLNFYRWMA,LDSWWTSLNFYRWMR,0.95,0.95,0.0,0.95,0.923,-0.027,0.0,0.0,0.0,internal_motif_model,0,0,0,,0,9.6,10,-0.0557522123893805,10,0.9999900000999986,8,10,10,A76R,0.5855418081787856,0.96,0.6,1.0,1.0,1.0,1.0,0.8303854520446964,1.0,,strong_candidate
41,16,W,R,-2.312734603881836,-2.8293052381074233,16,139,48,W,0.9583333333333334,0.0,0.0674580772976627,0.9325419227023372,30.0,msa,80.75363385087648,0.2833460836872859,partial,0,74,False,False,False,0.95,0.95,0.0,HLA-A02_like,HLA-A03_like,WMALRRFII,WTSLNFYRR,0.72,0.72,0.0,QSLDSWWTSLNFYRW,WTSLNFYRRMALRRF,0.95,0.95,0.0,1.023,1.02,-0.003,0.0,0.0,0.0,internal_motif_model,0,0,0,,0,9.6,10,-0.031858407079646,10,0.9999900000999986,8,10,10,W74R,0.943908478280405,0.96,0.0,1.0,1.0,1.0,1.0,0.8299771195701012,1.0,,strong_candidate
42,22,F,A,-2.864999294281006,-2.6144633238105826,22,139,55,F,0.9818181818181818,0.0,0.0303351945483401,0.96966480545166,30.0,msa,62.66473290899549,0.2611030537874812,partial,0,80,False,False,False,0.95,0.95,0.0,HLA-A02_like,HLA-A02_like,WMALRRFII,WMALRRAII,0.72,0.72,0.0,WTSLNFYRWMALRRF,WTSLNFYRWMALRRA,0.95,0.95,0.0,1.069,1.065,-0.004,0.0,0.0,0.0,internal_motif_model,0,0,0,,0,10.0,10,-0.0088495575221239,10,0.0,10,10,10,F80A,0.9150870936626504,1.0,0.0,1.0,1.0,1.0,1.0,0.8287717734156627,1.0,,strong_candidate
43,18,A,S,-2.042442798614502,0.1124268740774994,18,139,55,C,0.0181818181818181,0.0,0.0605579893382868,0.9394420106617132,12.0,msa,61.751572455561856,0.4786943601206345,surface,0,76,False,False,False,0.95,0.95,0.0,HLA-A02_like,HLA-A02_like,WMALRRFII,WMSLRRFII,0.72,0.72,0.0,LDSWWTSLNFYRWMA,LDSWWTSLNFYRWMS,0.95,0.95,0.0,0.95,0.943,-0.007,0.0,0.0,0.0,internal_motif_model,0,0,0,,0,10.0,10,-0.0230088495575221,10,0.0,10,10,10,A76S,0.549270435116553,1.0,0.6,1.0,1.0,1.0,1.0,0.8273176087791383,0.8333333333333334,,strong_candidate
44,25,F,Y,-3.739476442337036,-1.6757557534986631,25,139,55,F,1.0,0.0,0.0,1.0,24.0,msa,42.52143143359662,0.1771726309733192,partial,0,83,False,False,False,0.95,0.95,0.0,HLA-A02_like,HLA-A02_like,FIIFLFILL,FIIYLFILL,0.72,0.72,0.0,LNFYRWMALRRFIIF,LNFYRWMALRRFIIY,0.95,0.95,0.0,1.14,1.15,0.01,0.0,0.0,0.0,internal_motif_model,0,0,0,,0,10.0,10,-0.036283185840708,10,-0.000999000999001,10,10,10,F83Y,0.7891579796156734,1.0,0.19999999999999996,1.0,1.0,1.0,1.0,0.8272894949039183,1.0,,strong_candidate
45,13,F,K,-3.2000832557678223,-2.7302370452912044,13,139,48,F,0.9791666666666666,0.0,0.033803026545712,0.966196973454288,30.0,msa,110.91194314843057,0.462133096451794,surface,0,41,False,False,False,0.9,0.9,0.0,HLA-A02_like,HLA-A03_like,SLNFYRWMA,DSWWTSLNK,0.72,0.72,0.0,QSLDSWWTSLNFYRW,DSWWTSLNKYRWMAL,0.9,0.9,0.0,1.008,0.985,-0.023,0.0,0.0,0.0,internal_motif_model,0,0,0,,0,9.6,10,-0.0592920353982301,10,0.9990009990009998,8,10,10,F41K,0.930618322595993,0.96,0.0,1.0,1.0,1.0,1.0,0.8266545806489982,1.0,,strong_candidate
46,102,K,R,-2.6355717182159424,-1.7187975441881065,102,139,139,K,0.935251798561151,0.0647482014388489,0.0800596389608133,0.9199403610391866,18.0,msa,96.7898181529019,0.4101263481055165,surface,0,160,True,False,False,0.5,0.5,0.0,HLA-A02_like,HLA-A02_like,FGKFLWEWA,FGRFLWEWA,0.72,0.72,0.0,IPSSWAFGKFLWEWA,IPSSWAFGRFLWEWA,0.72,0.72,0.0,1.028,1.019,-0.008,0.0,7.8,7.8,internal_motif_model,0,0,0,,0,9.6,10,-0.0053097345132743,10,0.0009890010989996,8,10,10,K160R,0.7949321043164213,0.96,0.4,0.8631578947368421,1.0,1.0,1.0,0.8253646050264738,0.8333333333333334,,strong_candidate
47,9,T,N,-2.775956153869629,-1.5929526003984904,9,139,48,T,1.0,0.0,0.0,1.0,24.0,msa,77.25241680304495,0.449141958157238,surface,0,37,False,False,False,0.9,0.9,0.0,HLA-A02_like,HLA-A02_like,SLDSWWTSL,SLDSWWNSL,0.72,0.72,0.0,QSLDSWWTSLNFYRW,QSLDSWWNSLNFYRW,0.9,0.9,0.0,0.964,0.945,-0.019,0.0,0.0,0.0,internal_motif_model,0,0,0,,0,10.0,10,-0.0247787610619469,10,0.0,10,10,10,T37N,0.7780498048869492,1.0,0.19999999999999996,1.0,1.0,1.0,1.0,0.8245124512217373,1.0,,strong_candidate
48,13,F,Q,-3.0815091133117676,-2.4769995523125488,13,139,48,F,0.9791666666666666,0.0,0.033803026545712,0.966196973454288,30.0,msa,110.91194314843057,0.462133096451794,surface,0,41,False,False,False,0.9,0.9,0.0,HLA-A02_like,HLA-A02_like,SLNFYRWMA,SLNQYRWMA,0.72,0.72,0.0,QSLDSWWTSLNFYRW,DSWWTSLNQYRWMAL,0.9,0.9,0.0,1.008,0.997,-0.011,0.0,0.0,0.0,internal_motif_model,0,0,0,,0,10.0,10,-0.0557522123893804,10,0.0,10,10,10,F41Q,0.8966461100104663,1.0,0.0,1.0,1.0,1.0,1.0,0.8241615275026166,1.0,,strong_candidate
49,35,F,V,-2.2363951206207275,-2.464121574872763,35,139,55,F,1.0,0.0,0.0,1.0,30.0,msa,58.24272762076741,0.2426780317531975,partial,0,93,False,False,False,0.95,0.95,0.0,HLA-A02_like,HLA-A02_like,LLLALIFLL,FILLLALIV,0.72,0.72,0.0,RFIIFLFILLLALIF,RFIIFLFILLLALIV,0.95,0.95,0.0,1.206,1.247,0.042,0.0,0.0,0.0,internal_motif_model,0,0,0,,0,10.0,10,0.0123893805309733,10,0.0,10,10,10,F93V,0.8949185088479763,1.0,0.0,1.0,1.0,1.0,1.0,0.823729627211994,1.0,,strong_candidate
50,33,L,T,-3.0221192836761475,-2.4467520122377664,33,139,55,L,1.0,0.0,0.0,1.0,30.0,msa,51.677804284413895,0.2571035039025567,partial,0,91,False,False,False,0.95,0.95,0.0,HLA-A02_like,HLA-A02_like,FLFILLLAL,LLLATIFLL,0.72,0.72,0.0,LRRFIIFLFILLLAL,LRRFIIFLFILLLAT,0.95,0.95,0.0,1.187,1.138,-0.049,0.0,0.0,0.0,internal_motif_model,0,0,0,,0,10.0,10,-0.0398230088495575,10,0.0,10,10,10,L91T,0.8925883543854083,1.0,0.0,1.0,1.0,1.0,1.0,0.8231470885963521,1.0,,strong_candidate
51,59,S,T,-1.509732723236084,-2.0495810290665872,59,139,139,S,0.9856115107913668,0.0,0.0284685318889823,0.9715314681110176,24.0,msa,37.32666975080914,0.2408172241987686,partial,0,117,True,False,False,0.8,0.8,0.0,HLA-A03_like,HLA-A03_like,STTSTGPCR,STTTTGPCR,0.36,0.36,0.0,STTSTGPCRTCMTTA,STTTTGPCRTCMTTA,0.8,0.8,0.0,0.956,0.941,-0.015,0.0,4.8,4.8,internal_motif_model,0,0,0,,0,10.0,10,0.0008849557522123,10,0.0,10,10,10,S117T,0.8393072350914689,1.0,0.19999999999999996,0.9157894736842105,1.0,1.0,1.0,0.8229847035097093,0.8333333333333334,,strong_candidate
52,5,D,Q,-2.914403200149536,-2.4076317982748776,5,139,48,D,1.0,0.0,0.0,1.0,30.0,msa,45.639663204214315,0.2364749388819394,partial,0,33,False,False,False,0.9,0.9,0.0,HLA-B07_like,HLA-B07_like,IPQSLDSWW,IPQSLQSWW,0.72,0.72,0.0,QSLDSWWTSLNFYRW,QSLQSWWTSLNFYRW,0.9,0.9,0.0,0.992,1.013,0.021,0.0,0.0,0.0,internal_motif_model,0,0,0,,0,10.0,10,0.0,10,0.9988792390601552,10,10,10,D33Q,0.8873403154417809,1.0,0.0,1.0,1.0,1.0,1.0,0.8218350788604453,1.0,,strong_candidate
53,7,W,T,-2.8531177043914795,-2.3857139842905326,7,139,48,W,1.0,0.0,0.0,1.0,30.0,msa,62.68686228764738,0.219953902763675,partial,0,35,False,False,False,0.9,0.9,0.0,HLA-B07_like,HLA-B07_like,IPQSLDSWW,IPQSLDSTW,0.72,0.72,0.0,QSLDSWWTSLNFYRW,QSLDSTWTSLNFYRW,0.9,0.9,0.0,0.976,0.979,0.002,0.0,0.0,0.0,internal_motif_model,0,0,0,,0,10.0,10,0.0017699115044248,10,0.0,10,10,10,W35T,0.8844000058244016,1.0,0.0,1.0,1.0,1.0,1.0,0.8211000014561004,1.0,,strong_candidate
54,20,R,A,-2.867863178253174,-2.3651364708284177,20,139,55,R,1.0,0.0,0.0,1.0,30.0,msa,57.0350994047275,0.2081572970975456,partial,0,78,False,False,False,0.95,0.95,0.0,HLA-A02_like,HLA-A02_like,WMALRRFII,WMALARFII,0.72,0.72,0.0,SWWTSLNFYRWMALR,SWWTSLNFYRWMALA,0.95,0.95,0.0,1.018,1.046,0.027,0.0,0.0,0.0,internal_motif_model,0,0,0,,0,10.0,10,0.0557522123893805,10,-0.9999900000999986,10,10,10,R78A,0.8816394996545058,1.0,0.0,1.0,1.0,1.0,1.0,0.8204098749136265,1.0,,strong_candidate
55,27,F,L,-1.3801945447921753,-2.359224392501659,27,139,55,F,1.0,0.0,0.0,1.0,30.0,msa,59.72269422076173,0.2488445592531738,partial,0,85,False,False,False,0.95,0.95,0.0,HLA-A02_like,HLA-A02_like,FIIFLFILL,FIIFLLILL,0.72,0.72,0.0,FYRWMALRRFIIFLF,FYRWMALRRFIIFLL,0.95,0.95,0.0,1.177,1.199,0.023,0.0,0.0,0.0,internal_motif_model,0,0,0,,0,10.0,10,0.0088495575221239,10,0.0,10,10,10,F85L,0.8808463849408175,1.0,0.0,1.0,1.0,1.0,1.0,0.8202115962352043,1.0,,strong_candidate
56,27,F,M,-4.138059139251709,-2.329116783651046,27,139,55,F,1.0,0.0,0.0,1.0,30.0,msa,59.72269422076173,0.2488445592531738,partial,0,85,False,False,False,0.95,0.95,0.0,HLA-A02_like,HLA-A02_like,FIIFLFILL,FIIFLMILL,0.72,0.72,0.0,FYRWMALRRFIIFLF,FYRWMALRRFIIFLM,0.95,0.95,0.0,1.177,1.139,-0.038,0.0,0.0,0.0,internal_motif_model,0,0,0,,0,10.0,10,-0.0079646017699115,10,0.0,10,10,10,F85M,0.8768074013121131,1.0,0.0,1.0,1.0,1.0,1.0,0.8192018503280283,1.0,,strong_candidate
57,110,A,K,-2.9804322719573975,-1.1005914811900652,110,139,139,V,0.4172661870503597,0.0,0.2267873717109939,0.773212628289006,12.0,msa,76.82601471535853,0.5955505016694459,surface,0,168,True,False,False,0.5,0.5,0.0,HLA-A02_like,HLA-A02_like,FLWEWASAR,FLWEWASKR,0.72,0.72,0.0,SSWAFGKFLWEWASA,SSWAFGKFLWEWASK,0.72,0.72,0.0,0.999,0.977,-0.022,0.0,13.0,13.0,internal_motif_model,0,0,0,,0,9.6,10,-0.0504424778761062,10,0.9990009990009998,8,10,10,A168K,0.7119987773955097,0.96,0.6,0.7719298245614035,1.0,1.0,1.0,0.8163856592611581,0.8333333333333334,,strong_candidate
58,20,R,V,-2.5268566608428955,-2.2420875754396263,20,139,55,R,1.0,0.0,0.0,1.0,30.0,msa,57.0350994047275,0.2081572970975456,partial,0,78,False,False,False,0.95,0.95,0.0,HLA-A02_like,HLA-A02_like,WMALRRFII,WMALVRFII,0.72,0.72,0.0,SWWTSLNFYRWMALR,SWWTSLNFYRWMALV,0.95,0.95,0.0,1.018,1.091,0.073,0.0,0.0,0.0,internal_motif_model,0,0,0,,0,10.0,10,0.0769911504424778,10,-0.9999900000999986,10,10,10,R78V,0.865132294566535,1.0,0.0,1.0,1.0,1.0,1.0,0.8162830736416338,1.0,,strong_candidate
59,17,M,S,-2.3579416275024414,-2.069826225773653,17,139,55,M,1.0,0.0,0.0,1.0,30.0,msa,71.16238917857868,0.3176892374043691,partial,0,75,False,False,False,0.95,0.9,-0.05,HLA-A02_like,HLA-A02_like,WMALRRFII,SLNFYRWSA,0.72,0.72,0.0,SLDSWWTSLNFYRWM,SLDSWWTSLNFYRWS,0.95,0.9,-0.05,0.991,1.018,0.027,0.0,0.0,0.0,internal_motif_model,0,0,0,,0,10.0,10,-0.0238938053097345,10,0.0,10,10,10,M75S,0.8420231604399567,1.0,0.0,1.0,1.0,1.0,1.0,0.8105057901099892,1.0,,strong_candidate
60,2,Q,D,-3.1449570655822754,-2.0265941306260515,2,139,48,Q,0.9166666666666666,0.0,0.0957482033986543,0.9042517966013456,30.0,msa,68.2424798689968,0.3032999105288746,partial,0,30,False,False,False,0.9,0.9,0.0,HLA-B07_like,HLA-B07_like,IPQSLDSWW,IPDSLDSWW,0.72,0.72,0.0,QSLDSWWTSLNFYRW,DSLDSWWTSLNFYRW,0.9,0.9,0.0,1.06,1.035,-0.025,0.0,0.0,0.0,internal_motif_model,0,0,0,,0,10.0,10,0.0,10,-0.9988792390601552,10,10,10,Q30D,0.8362235060933714,1.0,0.0,1.0,1.0,1.0,1.0,0.8090558765233429,1.0,,strong_candidate
61,29,L,I,-2.198624610900879,-1.0980027058348585,29,139,55,L,1.0,0.0,0.0,1.0,24.0,msa,60.385645668892856,0.3004260978551883,partial,0,87,False,False,False,0.95,0.95,0.0,HLA-A02_like,HLA-A02_like,FIIFLFILL,FIIFLFIIL,0.72,0.72,0.0,RWMALRRFIIFLFIL,RWMALRRFIIFLFII,0.95,0.95,0.0,1.187,1.173,-0.014,0.0,0.0,0.0,internal_motif_model,0,0,0,,0,10.0,10,0.0061946902654866,10,0.0,10,10,10,L87I,0.7116514890628508,1.0,0.19999999999999996,1.0,1.0,1.0,1.0,0.8079128722657127,1.0,,strong_candidate
62,22,F,V,-2.740917921066284,-1.990088629002713,22,139,55,F,0.9818181818181818,0.0,0.0303351945483401,0.96966480545166,30.0,msa,62.66473290899549,0.2611030537874812,partial,0,80,False,False,False,0.95,0.95,0.0,HLA-A02_like,HLA-A02_like,WMALRRFII,WMALRRVII,0.72,0.72,0.0,WTSLNFYRWMALRRF,WTSLNFYRWMALRRV,0.95,0.95,0.0,1.069,1.111,0.042,0.0,0.0,0.0,internal_motif_model,0,0,0,,0,10.0,10,0.0123893805309733,10,0.0,10,10,10,F80V,0.8313262349701185,1.0,0.0,1.0,1.0,1.0,1.0,0.8078315587425297,1.0,,strong_candidate
63,57,T,S,-1.6881183385849,-1.8885511337226717,57,139,139,T,0.9928057553956836,0.0,0.0142429670997965,0.9857570329002034,24.0,msa,63.96850642660588,0.3719099210849179,surface,0,115,True,False,False,0.8,0.8,0.0,HLA-A03_like,HLA-A03_like,STTSTGPCR,SSTSTGPCR,0.46,0.46,0.0,QGMLPVCPLIPGSST,QGMLPVCPLIPGSSS,0.8,0.8,0.0,0.948,0.963,0.015,0.0,7.8,7.8,internal_motif_model,0,0,0,,0,10.0,10,-0.0008849557522123,10,0.0,10,10,10,T115S,0.817704818431509,1.0,0.19999999999999996,0.8631578947368421,1.0,1.0,1.0,0.8070577835552457,0.8333333333333334,,strong_candidate
64,22,F,T,-2.9030046463012695,-1.9527920835480757,22,139,55,F,0.9818181818181818,0.0,0.0303351945483401,0.96966480545166,30.0,msa,62.66473290899549,0.2611030537874812,partial,0,80,False,False,False,0.95,0.95,0.0,HLA-A02_like,HLA-A02_like,WMALRRFII,WMALRRTII,0.72,0.72,0.0,WTSLNFYRWMALRRF,WTSLNFYRWMALRRT,0.95,0.95,0.0,1.069,1.043,-0.026,0.0,0.0,0.0,internal_motif_model,0,0,0,,0,10.0,10,-0.0309734513274336,10,0.0,10,10,10,F80T,0.826322844058341,1.0,0.0,1.0,1.0,1.0,1.0,0.8065807110145853,1.0,,strong_candidate
65,35,F,L,-1.1162946224212646,-1.949445129706362,35,139,55,F,1.0,0.0,0.0,1.0,30.0,msa,58.24272762076741,0.2426780317531975,partial,0,93,False,False,False,0.95,0.95,0.0,HLA-A02_like,HLA-A02_like,LLLALIFLL,FILLLALIL,0.72,0.72,0.0,RFIIFLFILLLALIF,RFIIFLFILLLALIL,0.95,0.95,0.0,1.206,1.228,0.023,0.0,0.0,0.0,internal_motif_model,0,0,0,,0,10.0,10,0.0088495575221239,10,0.0,10,10,10,F93L,0.8258738448754506,1.0,0.0,1.0,1.0,1.0,1.0,0.8064684612188626,1.0,,strong_candidate
66,2,Q,S,-1.961370587348938,-1.048954729815506,2,139,48,Q,0.9166666666666666,0.0,0.0957482033986543,0.9042517966013456,24.0,msa,68.2424798689968,0.3032999105288746,partial,0,30,False,False,False,0.9,0.9,0.0,HLA-B07_like,HLA-B07_like,IPQSLDSWW,IPSSLDSWW,0.72,0.72,0.0,QSLDSWWTSLNFYRW,SSLDSWWTSLNFYRW,0.9,0.9,0.0,1.06,1.059,-0.001,0.0,0.0,0.0,internal_motif_model,0,0,0,,0,10.0,10,0.0238938053097345,10,0.0,10,10,10,Q30S,0.705071625044217,1.0,0.19999999999999996,1.0,1.0,1.0,1.0,0.8062679062610543,1.0,,strong_candidate
67,35,F,I,-2.057161331176758,-1.9331051069225111,35,139,55,F,1.0,0.0,0.0,1.0,30.0,msa,58.24272762076741,0.2426780317531975,partial,0,93,False,False,False,0.95,0.95,0.0,HLA-A02_like,HLA-A02_like,LLLALIFLL,FILLLALII,0.72,0.72,0.0,RFIIFLFILLLALIF,RFIIFLFILLLALII,0.95,0.95,0.0,1.206,1.214,0.009,0.0,0.0,0.0,internal_motif_model,0,0,0,,0,10.0,10,0.0150442477876105,10,0.0,10,10,10,F93I,0.8236818048219183,1.0,0.0,1.0,1.0,1.0,1.0,0.8059204512054796,1.0,,strong_candidate
68,22,F,W,-2.56494402885437,-1.021606878845347,22,139,55,F,0.9818181818181818,0.0,0.0303351945483401,0.96966480545166,24.0,msa,62.66473290899549,0.2611030537874812,partial,0,80,False,False,False,0.95,0.95,0.0,HLA-A02_like,HLA-A02_like,WMALRRFII,WMALRRWII,0.72,0.72,0.0,WTSLNFYRWMALRRF,WTSLNFYRWMALRRW,0.95,0.95,0.0,1.069,1.041,-0.028,0.0,0.0,0.0,internal_motif_model,0,0,0,,0,10.0,10,-0.0327433628318584,10,0.0,10,10,10,F80W,0.7014028673259678,1.0,0.19999999999999996,1.0,1.0,1.0,1.0,0.805350716831492,1.0,,strong_candidate
69,110,A,T,-2.9212493896484375,-0.5887998996449539,110,139,139,V,0.4172661870503597,0.0,0.2267873717109939,0.773212628289006,12.0,msa,76.82601471535853,0.5955505016694459,surface,0,168,True,False,False,0.5,0.5,0.0,HLA-A02_like,HLA-A02_like,FLWEWASAR,FLWEWASTR,0.72,0.72,0.0,SSWAFGKFLWEWASA,SSWAFGKFLWEWAST,0.72,0.72,0.0,0.999,0.974,-0.026,0.0,13.0,13.0,internal_motif_model,0,0,0,,0,10.0,10,-0.0221238938053097,10,0.0,10,10,10,A168T,0.6433411224676161,1.0,0.6,0.7719298245614035,1.0,1.0,1.0,0.8052212455291847,0.8333333333333334,,strong_candidate
70,54,G,S,-1.6922523975372314,-5.181252173492879,54,139,139,G,0.9928057553956836,0.0,0.0142429670997965,0.9857570329002034,30.0,msa,91.16093863087076,0.8765474868352958,surface,0,112,True,False,False,0.45,0.5,0.05,HLA-B07_like,HLA-A02_like,IPGSSTTST,LIPSSSTTS,0.46,0.46,0.0,LDYQGMLPVCPLIPG,LDYQGMLPVCPLIPS,0.46,0.5,0.04,1.039,1.059,0.02,0.0,13.0,13.0,internal_motif_model,0,0,0,,0,10.0,10,-0.0035398230088495,10,0.0,10,10,10,G112S,1.0,1.0,0.0,0.7719298245614035,1.0,1.0,1.0,0.8043859649122808,0.8333333333333334,,strong_candidate
71,26,L,I,-2.0549674034118652,-0.9783386852253386,26,139,55,L,1.0,0.0,0.0,1.0,24.0,msa,65.21615853305252,0.3244585001644404,partial,0,84,False,False,False,0.95,0.95,0.0,HLA-A02_like,HLA-A02_like,FIIFLFILL,FIIFIFILL,0.72,0.72,0.0,NFYRWMALRRFIIFL,NFYRWMALRRFIIFI,0.95,0.95,0.0,1.163,1.149,-0.014,0.0,0.0,0.0,internal_motif_model,0,0,0,,0,10.0,10,0.0061946902654866,10,0.0,10,10,10,L84I,0.6955983703118762,1.0,0.19999999999999996,1.0,1.0,1.0,1.0,0.8038995925779691,1.0,,strong_candidate
72,15,R,V,-3.0347447395324707,-1.8409247042072252,15,139,48,R,1.0,0.0,0.0,1.0,30.0,msa,75.6729119814143,0.2761785108810741,partial,0,73,False,False,False,0.9,0.9,0.0,HLA-A02_like,HLA-A02_like,SLNFYRWMA,SLNFYVWMA,0.72,0.72,0.0,QSLDSWWTSLNFYRW,QSLDSWWTSLNFYVW,0.9,0.9,0.0,0.955,1.028,0.073,0.0,0.0,0.0,internal_motif_model,0,0,0,,0,10.0,10,0.0769911504424778,10,-0.9999900000999986,10,10,10,R73V,0.8113156571380638,1.0,0.0,1.0,1.0,1.0,1.0,0.802828914284516,1.0,,strong_candidate
73,25,F,L,-1.4801664352416992,-1.8331287572719075,25,139,55,F,1.0,0.0,0.0,1.0,30.0,msa,42.52143143359662,0.1771726309733192,partial,0,83,False,False,False,0.95,0.95,0.0,HLA-A02_like,HLA-A02_like,FIIFLFILL,MALRRFIIL,0.72,0.72,0.0,LNFYRWMALRRFIIF,LNFYRWMALRRFIIL,0.95,0.95,0.0,1.14,1.163,0.023,0.0,0.0,0.0,internal_motif_model,0,0,0,,0,10.0,10,0.0088495575221239,10,0.0,10,10,10,F83L,0.8102698184532904,1.0,0.0,1.0,1.0,1.0,1.0,0.8025674546133226,1.0,,strong_candidate
74,13,F,R,-2.4656097888946533,-2.0057871179598123,13,139,48,F,0.9791666666666666,0.0,0.033803026545712,0.966196973454288,30.0,msa,110.91194314843057,0.462133096451794,surface,0,41,False,False,False,0.9,0.9,0.0,HLA-A02_like,HLA-A03_like,SLNFYRWMA,DSWWTSLNR,0.72,0.72,0.0,QSLDSWWTSLNFYRW,DSWWTSLNRYRWMAL,0.9,0.9,0.0,1.008,0.977,-0.031,0.0,0.0,0.0,internal_motif_model,0,0,0,,0,9.6,10,-0.0646017699115044,10,0.9999900000999986,8,10,10,F41R,0.8334322122401078,0.96,0.0,1.0,1.0,1.0,1.0,0.8023580530600269,1.0,,strong_candidate
75,22,F,S,-2.865434169769287,-1.364103005801411,22,139,55,F,0.9818181818181818,0.0181818181818181,0.0303351945483401,0.96966480545166,27.0,msa,62.66473290899549,0.2611030537874812,partial,0,80,False,False,False,0.95,0.95,0.0,HLA-A02_like,HLA-A02_like,WMALRRFII,WMALRRSII,0.72,0.72,0.0,WTSLNFYRWMALRRF,WTSLNFYRWMALRRS,0.95,0.95,0.0,1.069,1.058,-0.011,0.0,0.0,0.0,internal_motif_model,0,0,0,,0,10.0,10,-0.031858407079646,10,0.0,10,10,10,F80S,0.7473492676706104,1.0,0.09999999999999998,1.0,1.0,1.0,1.0,0.8018373169176526,1.0,,strong_candidate
76,22,F,I,-2.5046966075897217,-1.789424387178144,22,139,55,F,0.9818181818181818,0.0,0.0303351945483401,0.96966480545166,30.0,msa,62.66473290899549,0.2611030537874812,partial,0,80,False,False,False,0.95,0.95,0.0,HLA-A02_like,HLA-A02_like,WMALRRFII,WMALRRIII,0.72,0.72,0.0,WTSLNFYRWMALRRF,WTSLNFYRWMALRRI,0.95,0.95,0.0,1.069,1.078,0.009,0.0,0.0,0.0,internal_motif_model,0,0,0,,0,10.0,10,0.0150442477876105,10,0.0,10,10,10,F80I,0.8044068076712849,1.0,0.0,1.0,1.0,1.0,1.0,0.8011017019178213,1.0,,strong_candidate
77,112,F,S,-2.3346521854400635,-1.762960547827646,112,139,139,F,1.0,0.0,0.0,1.0,30.0,msa,184.57726432686547,0.7690719346952728,surface,0,170,False,False,False,0.5,0.05,-0.45,HLA-B07_like,HLA-A02_like,LWEWASARF,LWEWASARS,0.72,0.72,0.0,WAFGKFLWEWASARF,WAFGKFLWEWASARS,0.72,0.72,0.0,1.01,0.99,-0.02,0.0,0.0,0.0,internal_motif_model,0,0,0,,0,10.0,10,-0.031858407079646,10,0.0,10,10,10,F170S,0.8008566415182813,1.0,0.0,1.0,1.0,1.0,1.0,0.8002141603795704,1.0,,strong_candidate
78,2,Q,R,-2.8957715034484863,-1.8978122824153445,2,139,48,Q,0.9166666666666666,0.0,0.0957482033986543,0.9042517966013456,30.0,msa,68.2424798689968,0.3032999105288746,partial,0,30,False,False,False,0.9,0.9,0.0,HLA-B07_like,HLA-B07_like,IPQSLDSWW,IPRSLDSWW,0.72,0.72,0.0,QSLDSWWTSLNFYRW,RSLDSWWTSLNFYRW,0.9,0.9,0.0,1.06,1.036,-0.024,0.0,0.0,0.0,internal_motif_model,0,0,0,,0,9.6,10,-0.0088495575221239,10,0.9999900000999986,8,10,10,Q30R,0.8189472162631767,0.96,0.0,1.0,1.0,1.0,1.0,0.7987368040657942,1.0,,strong_candidate
79,7,W,L,-1.9088643789291384,-1.7010079803322071,7,139,48,W,1.0,0.0,0.0,1.0,30.0,msa,62.68686228764738,0.219953902763675,partial,0,35,False,False,False,0.9,0.9,0.0,HLA-B07_like,HLA-B07_like,IPQSLDSWW,IPQSLDSLW,0.72,0.72,0.0,QSLDSWWTSLNFYRW,QSLDSLWTSLNFYRW,0.9,0.9,0.0,0.976,1.027,0.051,0.0,0.0,0.0,internal_motif_model,0,0,0,,0,10.0,10,0.0415929203539822,10,0.0,10,10,10,W35L,0.7925456060218445,1.0,0.0,1.0,1.0,1.0,1.0,0.7981364015054612,1.0,,strong_candidate
80,54,G,T,-1.9689698219299316,-3.0473747086211915,54,139,139,G,0.9928057553956836,0.0,0.0142429670997965,0.9857570329002034,30.0,msa,91.16093863087076,0.8765474868352958,surface,0,112,True,False,False,0.45,0.5,0.05,HLA-B07_like,HLA-A02_like,IPGSSTTST,LIPTSSTTS,0.46,0.46,0.0,LDYQGMLPVCPLIPG,LDYQGMLPVCPLIPT,0.46,0.5,0.04,1.039,1.044,0.005,0.0,13.0,13.0,internal_motif_model,0,0,0,,0,10.0,10,-0.0026548672566371,10,0.0,10,10,10,G112T,0.9731628446997226,1.0,0.0,0.7719298245614035,1.0,1.0,1.0,0.7976766760872114,0.8333333333333334,,strong_candidate
81,59,S,N,-3.6032190322875977,-0.8417244264458077,59,139,139,S,0.9856115107913668,0.0071942446043165,0.0284685318889823,0.9715314681110176,21.0,msa,37.32666975080914,0.2408172241987686,partial,0,117,True,False,False,0.8,0.8,0.0,HLA-A03_like,HLA-A03_like,STTSTGPCR,STTNTGPCR,0.36,0.36,0.0,STTSTGPCRTCMTTA,STTNTGPCRTCMTTA,0.8,0.8,0.0,0.956,0.922,-0.034,0.0,4.8,4.8,internal_motif_model,0,0,0,,0,10.0,10,-0.0238938053097345,10,0.0,10,10,10,S117N,0.6772713501424594,1.0,0.30000000000000004,0.9157894736842105,1.0,1.0,1.0,0.797475732272457,0.8333333333333334,,strong_candidate
82,22,F,R,-2.4465441703796387,-1.8124633138993147,22,139,55,F,0.9818181818181818,0.0,0.0303351945483401,0.96966480545166,30.0,msa,62.66473290899549,0.2611030537874812,partial,0,80,False,False,False,0.95,0.95,0.0,HLA-A02_like,HLA-A02_like,WMALRRFII,WMALRRRII,0.72,0.72,0.0,WTSLNFYRWMALRRF,WTSLNFYRWMALRRR,0.95,0.95,0.0,1.069,1.038,-0.031,0.0,0.0,0.0,internal_motif_model,0,0,0,,0,9.6,10,-0.0646017699115044,10,0.9999900000999986,8,10,10,F80R,0.807497516346007,0.96,0.0,1.0,1.0,1.0,1.0,0.7958743790865017,1.0,,strong_candidate
83,8,W,T,-2.743412494659424,-1.624101606144592,8,139,48,W,1.0,0.0,0.0,1.0,30.0,msa,205.54529670568476,0.7212115673883676,surface,0,36,False,False,False,0.9,0.95,0.05,HLA-B07_like,HLA-A03_like,IPQSLDSWW,WTTSLNFYR,0.72,0.72,0.0,QSLDSWWTSLNFYRW,DSWTTSLNFYRWMAL,0.9,0.95,0.05,0.976,0.979,0.002,0.0,0.0,0.0,internal_motif_model,0,0,0,,0,10.0,10,0.0017699115044248,10,0.0,10,10,10,W36T,0.7822284935660523,1.0,0.0,1.0,1.0,1.0,1.0,0.7955571233915131,1.0,,strong_candidate
84,15,R,S,-2.3025717735290527,-1.614707047752745,15,139,48,R,1.0,0.0,0.0,1.0,30.0,msa,75.6729119814143,0.2761785108810741,partial,0,73,False,False,False,0.9,0.9,0.0,HLA-A02_like,HLA-A02_like,SLNFYRWMA,SLNFYSWMA,0.72,0.72,0.0,QSLDSWWTSLNFYRW,QSLDSWWTSLNFYSW,0.9,0.9,0.0,0.955,0.975,0.02,0.0,0.0,0.0,internal_motif_model,0,0,0,,0,10.0,10,0.0327433628318584,10,-0.9999900000999986,10,10,10,R73S,0.7809681986109847,1.0,0.0,1.0,1.0,1.0,1.0,0.7952420496527461,1.0,,strong_candidate
85,3,S,T,-2.7782256603240967,-0.693483714634425,3,139,48,S,0.9791666666666666,0.0,0.033803026545712,0.966196973454288,24.0,msa,66.44591612774433,0.428683329856415,surface,0,31,False,False,False,0.9,0.9,0.0,HLA-B07_like,HLA-B07_like,IPQSLDSWW,IPQTLDSWW,0.72,0.72,0.0,QSLDSWWTSLNFYRW,QTLDSWWTSLNFYRW,0.9,0.9,0.0,1.053,1.038,-0.015,0.0,0.0,0.0,internal_motif_model,0,0,0,,0,10.0,10,0.0008849557522123,10,0.0,10,10,10,S31T,0.65738462280106,1.0,0.19999999999999996,1.0,1.0,1.0,1.0,0.794346155700265,1.0,,strong_candidate
86,24,I,L,-1.597322940826416,-0.1886995037278609,24,139,55,I,0.9818181818181818,0.0181818181818181,0.0303351945483401,0.96966480545166,21.0,msa,28.052022219769505,0.1423960518770025,buried,0,82,False,False,False,0.95,0.95,0.0,HLA-A02_like,HLA-A02_like,WMALRRFII,WMALRRFIL,0.72,0.72,0.0,SLNFYRWMALRRFII,SLNFYRWMALRRFIL,0.95,0.95,0.0,1.1,1.114,0.014,0.0,0.0,0.0,internal_motif_model,0,0,0,,0,10.0,10,-0.0061946902654868,10,0.0,10,10,10,I82L,0.5896670177930983,1.0,0.30000000000000004,1.0,1.0,1.0,1.0,0.7924167544482746,1.0,,strong_candidate
87,39,L,T,-3.5196080207824707,-1.5257896474338395,39,139,55,L,0.9818181818181818,0.0,0.0303351945483401,0.96966480545166,30.0,msa,94.19500085111348,0.4686318450304153,surface,0,97,False,False,False,0.95,0.95,0.0,HLA-A02_like,HLA-A02_like,LALIFLLVL,LVTLDYQGM,0.72,0.72,0.0,FLFILLLALIFLLVL,FLFILLLALIFLLVT,0.95,0.95,0.0,1.201,1.153,-0.049,0.0,0.0,0.0,internal_motif_model,0,0,0,,0,10.0,10,-0.0398230088495575,10,0.0,10,10,10,L97T,0.7690397878900618,1.0,0.0,1.0,1.0,1.0,1.0,0.7922599469725154,1.0,,strong_candidate
88,19,L,K,-2.891502857208252,-1.6938492228050563,19,139,55,L,1.0,0.0,0.0,1.0,30.0,msa,64.0085303170126,0.3184503995871273,partial,0,77,False,False,False,0.95,0.95,0.0,HLA-A02_like,HLA-A02_like,WMALRRFII,WMAKRRFII,0.72,0.72,0.0,DSWWTSLNFYRWMAL,DSWWTSLNFYRWMAK,0.95,0.95,0.0,0.981,0.936,-0.046,0.0,0.0,0.0,internal_motif_model,0,0,0,,0,9.6,10,-0.068141592920354,10,0.9990009990009998,8,10,10,L77K,0.7915852473099492,0.96,0.0,1.0,1.0,1.0,1.0,0.7918963118274873,1.0,,strong_candidate
89,8,W,R,-2.5961058139801025,-1.6839169958148543,8,139,48,W,1.0,0.0,0.0,1.0,30.0,msa,205.54529670568476,0.7212115673883676,surface,0,36,False,False,False,0.9,0.9,0.0,HLA-B07_like,HLA-A02_like,IPQSLDSWW,SLDSWRTSL,0.72,0.72,0.0,QSLDSWWTSLNFYRW,DSWRTSLNFYRWMAL,0.9,0.9,0.0,0.976,0.974,-0.003,0.0,0.0,0.0,internal_motif_model,0,0,0,,0,9.6,10,-0.031858407079646,10,0.9999900000999986,8,10,10,W36R,0.7902528232569781,0.96,0.0,1.0,1.0,1.0,1.0,0.7915632058142446,1.0,,strong_candidate
90,112,F,K,-3.06172513961792,-1.6526508550356596,112,139,139,F,1.0,0.0,0.0,1.0,30.0,msa,184.57726432686547,0.7690719346952728,surface,0,170,False,False,False,0.5,0.5,0.0,HLA-B07_like,HLA-A03_like,LWEWASARF,LWEWASARK,0.72,0.72,0.0,WAFGKFLWEWASARF,WAFGKFLWEWASARK,0.72,0.72,0.0,1.01,0.97,-0.04,0.0,0.0,0.0,internal_motif_model,0,0,0,,0,9.6,10,-0.0592920353982301,10,0.9990009990009998,8,10,10,F170K,0.7860584207268231,0.96,0.0,1.0,1.0,1.0,1.0,0.7905146051817058,1.0,,strong_candidate
91,102,K,T,-2.817098379135132,-2.7810040096291004,102,139,139,K,0.935251798561151,0.0,0.0800596389608133,0.9199403610391866,30.0,msa,96.7898181529019,0.4101263481055165,surface,0,160,True,False,False,0.5,0.5,0.0,HLA-A02_like,HLA-A02_like,FGKFLWEWA,FGTFLWEWA,0.72,0.72,0.0,IPSSWAFGKFLWEWA,IPSSWAFGTFLWEWA,0.72,0.72,0.0,1.028,1.025,-0.003,0.0,13.0,13.0,internal_motif_model,0,0,0,,0,10.0,10,0.0283185840707964,10,-0.9990009990009988,10,10,10,K160T,0.9374287916324805,1.0,0.0,0.7719298245614035,1.0,1.0,1.0,0.7887431628204008,0.8333333333333334,,strong_candidate
92,9,T,S,-2.2338695526123047,-0.4754892506259978,9,139,48,T,1.0,0.0,0.0,1.0,24.0,msa,77.25241680304495,0.449141958157238,surface,0,37,False,False,False,0.9,0.9,0.0,HLA-A02_like,HLA-A02_like,SLDSWWTSL,SLDSWWSSL,0.72,0.72,0.0,QSLDSWWTSLNFYRW,QSLDSWWSSLNFYRW,0.9,0.9,0.0,0.964,0.978,0.015,0.0,0.0,0.0,internal_motif_model,0,0,0,,0,10.0,10,-0.0008849557522123,10,0.0,10,10,10,T37S,0.6281403186237697,1.0,0.19999999999999996,1.0,1.0,1.0,1.0,0.7870350796559424,1.0,,strong_candidate
93,90,T,V,-3.010586738586426,-2.2023808580541697,90,139,139,T,1.0,0.0,0.0,1.0,30.0,msa,44.37411658601282,0.2579890499186791,partial,0,148,True,False,False,0.35,0.35,0.0,HLA-A02_like,HLA-A02_like,DGNCTCIPI,TKPSDGNCV,0.46,0.46,0.0,CTCIPIPSSWAFGKF,CVCIPIPSSWAFGKF,0.46,0.46,0.0,1.086,1.153,0.068,0.0,8.0,8.0,internal_motif_model,0,0,0,,0,10.0,10,0.043362831858407,10,0.0,10,10,10,T148V,0.8598055752556395,1.0,0.0,0.8596491228070176,1.0,1.0,1.0,0.7868812183753134,0.8333333333333334,,strong_candidate
94,34,I,S,-3.162415027618408,-1.319415398693792,34,139,55,I,1.0,0.0,0.0,1.0,30.0,msa,82.1187186907143,0.4168462877701234,surface,0,92,False,False,False,0.95,0.95,0.0,HLA-A02_like,HLA-A02_like,LLLALIFLL,LLLALSFLL,0.72,0.72,0.0,RRFIIFLFILLLALI,RRFIIFLFILLLALS,0.95,0.95,0.0,1.187,1.167,-0.02,0.0,0.0,0.0,internal_motif_model,0,0,0,,0,10.0,10,-0.0469026548672567,10,0.0,10,10,10,I92S,0.7413543540788601,1.0,0.0,1.0,1.0,1.0,1.0,0.785338588519715,1.0,,strong_candidate
95,37,L,S,-3.21370267868042,-1.292776474042597,37,139,55,L,0.9818181818181818,0.0,0.0303351945483401,0.96966480545166,30.0,msa,94.19500085111348,0.4686318450304153,surface,0,95,False,False,False,0.95,0.95,0.0,HLA-A02_like,HLA-A02_like,LLLALIFLL,LLALIFLSV,0.72,0.72,0.0,IIFLFILLLALIFLL,IIFLFILLLALIFLS,0.95,0.95,0.0,1.232,1.198,-0.034,0.0,0.0,0.0,internal_motif_model,0,0,0,,0,10.0,10,-0.0407079646017699,10,0.0,10,10,10,L95S,0.737780699954206,1.0,0.0,1.0,1.0,1.0,1.0,0.7844451749885515,1.0,,strong_candidate
96,15,R,T,-2.9682624340057373,-1.2833144707987003,15,139,48,R,1.0,0.0,0.0,1.0,30.0,msa,75.6729119814143,0.2761785108810741,partial,0,73,False,False,False,0.9,0.9,0.0,HLA-A02_like,HLA-A02_like,SLNFYRWMA,SLNFYTWMA,0.72,0.72,0.0,QSLDSWWTSLNFYRW,QSLDSWWTSLNFYTW,0.9,0.9,0.0,0.955,0.96,0.005,0.0,0.0,0.0,internal_motif_model,0,0,0,,0,10.0,10,0.0336283185840707,10,-0.9999900000999986,10,10,10,R73T,0.7365113571649307,1.0,0.0,1.0,1.0,1.0,1.0,0.7841278392912326,1.0,,strong_candidate
97,98,W,N,-2.954345941543579,-2.631939648146499,98,139,139,W,0.9784172661870504,0.0,0.0347616222042651,0.9652383777957348,30.0,msa,109.61927830244328,0.3846290466752396,surface,0,156,True,False,False,0.8,0.8,0.0,HLA-A02_like,HLA-A02_like,CIPIPSSWA,CIPIPSSNA,0.72,0.72,0.0,IPSSWAFGKFLWEWA,IPSSNAFGKFLWEWA,0.8,0.8,0.0,1.001,0.985,-0.017,0.0,13.0,13.0,internal_motif_model,0,0,0,,0,10.0,10,-0.0230088495575221,10,0.0,10,10,10,W156N,0.9174315703772553,1.0,0.0,0.7719298245614035,1.0,1.0,1.0,0.7837438575065946,0.8333333333333334,,strong_candidate
98,27,F,A,-2.600266218185425,-1.2689451300274754,27,139,55,F,1.0,0.0,0.0,1.0,30.0,msa,59.72269422076173,0.2488445592531738,partial,0,85,False,False,False,0.95,0.95,0.0,HLA-A02_like,HLA-A02_like,FIIFLFILL,FIIFLAILL,0.72,0.72,0.0,FYRWMALRRFIIFLF,FYRWMALRRFIIFLA,0.95,0.95,0.0,1.177,1.173,-0.004,0.0,0.0,0.0,internal_motif_model,0,0,0,,0,10.0,10,-0.0088495575221239,10,0.0,10,10,10,F85A,0.7345836872387597,1.0,0.0,1.0,1.0,1.0,1.0,0.78364592180969,1.0,,strong_candidate
99,33,L,V,-2.044148206710815,-0.3456846837725607,33,139,55,L,1.0,0.0,0.0,1.0,24.0,msa,51.677804284413895,0.2571035039025567,partial,0,91,False,False,False,0.95,0.95,0.0,HLA-A02_like,HLA-A02_like,FLFILLLAL,FLFILLLAV,0.72,0.72,0.0,LRRFIIFLFILLLAL,LRRFIIFLFILLLAV,0.95,0.95,0.0,1.187,1.206,0.019,0.0,0.0,0.0,internal_motif_model,0,0,0,,0,10.0,10,0.0035398230088495,10,0.0,10,10,10,L91V,0.610726829460501,1.0,0.19999999999999996,1.0,1.0,1.0,1.0,0.7826817073651253,1.0,,strong_candidate
100,29,L,M,-4.052438735961914,-0.3436091199660325,29,139,55,L,1.0,0.0,0.0,1.0,24.0,msa,60.385645668892856,0.3004260978551883,partial,0,87,False,False,False,0.95,0.95,0.0,HLA-A02_like,HLA-A02_like,FIIFLFILL,FIIFLFIML,0.72,0.72,0.0,RWMALRRFIIFLFIL,RWMALRRFIIFLFIM,0.95,0.95,0.0,1.187,1.126,-0.061,0.0,0.0,0.0,internal_motif_model,0,0,0,,0,10.0,10,-0.0168141592920353,10,0.0,10,10,10,L87M,0.6104483892736202,1.0,0.19999999999999996,1.0,1.0,1.0,1.0,0.7826120973184051,1.0,,strong_candidate
101,2,Q,T,-2.7999985218048096,-0.3212051609925197,2,139,48,Q,0.9166666666666666,0.0,0.0957482033986543,0.9042517966013456,24.0,msa,68.2424798689968,0.3032999105288746,partial,0,30,False,False,False,0.9,0.9,0.0,HLA-B07_like,HLA-B07_like,IPQSLDSWW,IPTSLDSWW,0.72,0.72,0.0,QSLDSWWTSLNFYRW,TSLDSWWTSLNFYRW,0.9,0.9,0.0,1.06,1.042,-0.018,0.0,0.0,0.0,internal_motif_model,0,0,0,,0,10.0,10,0.0247787610619468,10,0.0,10,10,10,Q30T,0.6074428625324841,1.0,0.19999999999999996,1.0,1.0,1.0,1.0,0.7818607156331211,1.0,,strong_candidate
102,54,G,N,-3.4314093589782715,-2.567845899318798,54,139,139,G,0.9928057553956836,0.0,0.0142429670997965,0.9857570329002034,30.0,msa,91.16093863087076,0.8765474868352958,surface,0,112,True,False,False,0.45,0.5,0.05,HLA-B07_like,HLA-A02_like,IPGSSTTST,LIPNSSTTS,0.46,0.46,0.0,LDYQGMLPVCPLIPG,LDYQGMLPVCPLIPN,0.46,0.5,0.04,1.039,1.025,-0.014,0.0,13.0,13.0,internal_motif_model,0,0,0,,0,10.0,10,-0.027433628318584,10,0.0,10,10,10,G112N,0.9088332919984627,1.0,0.0,0.7719298245614035,1.0,1.0,1.0,0.7815942879118964,0.8333333333333334,,strong_candidate
103,34,I,T,-3.3680217266082764,-1.180296277505164,34,139,55,I,1.0,0.0,0.0,1.0,30.0,msa,82.1187186907143,0.4168462877701234,surface,0,92,False,False,False,0.95,0.95,0.0,HLA-A02_like,HLA-A02_like,LLLALIFLL,LLLALTFLL,0.72,0.72,0.0,RRFIIFLFILLLALI,RRFIIFLFILLLALT,0.95,0.95,0.0,1.187,1.152,-0.035,0.0,0.0,0.0,internal_motif_model,0,0,0,,0,10.0,10,-0.0460176991150442,10,0.0,10,10,10,I92T,0.722691302632011,1.0,0.0,1.0,1.0,1.0,1.0,0.7806728256580028,1.0,,strong_candidate
104,15,R,F,-2.804141044616699,-1.171386964770761,15,139,48,R,1.0,0.0,0.0,1.0,30.0,msa,75.6729119814143,0.2761785108810741,partial,0,73,False,False,False,0.9,0.9,0.0,HLA-A02_like,HLA-A02_like,SLNFYRWMA,SLNFYFWMA,0.72,0.72,0.0,QSLDSWWTSLNFYRW,QSLDSWWTSLNFYFW,0.9,0.9,0.0,0.955,0.986,0.031,0.0,0.0,0.0,internal_motif_model,0,0,0,,0,10.0,10,0.0646017699115044,10,-0.9999900000999986,10,10,10,R73F,0.7214961041539185,1.0,0.0,1.0,1.0,1.0,1.0,0.7803740260384796,1.0,,strong_candidate
105,14,Y,R,-2.3619134426116943,-1.301036669131122,14,139,48,Y,1.0,0.0,0.0,1.0,30.0,msa,146.97568008612603,0.5588428900613157,surface,0,72,False,False,False,0.9,0.9,0.0,HLA-A02_like,HLA-A02_like,SLNFYRWMA,SLNFRRWMA,0.72,0.72,0.0,QSLDSWWTSLNFYRW,QSLDSWWTSLNFRRW,0.9,0.9,0.0,0.981,0.94,-0.041,0.0,0.0,0.0,internal_motif_model,0,0,0,,0,9.6,10,-0.0283185840707965,10,1.0009890010989997,8,10,10,Y72R,0.7388888182673539,0.96,0.0,1.0,1.0,1.0,1.0,0.7787222045668385,1.0,,strong_candidate
106,4,L,A,-2.981234312057495,-0.1724650020310036,4,139,48,L,1.0,0.0,0.0,1.0,24.0,msa,55.69130199671039,0.2770711542124895,partial,0,32,False,False,False,0.9,0.9,0.0,HLA-B07_like,HLA-B07_like,IPQSLDSWW,IPQSADSWW,0.72,0.72,0.0,QSLDSWWTSLNFYRW,QSADSWWTSLNFYRW,0.9,0.9,0.0,1.016,0.989,-0.027,0.0,0.0,0.0,internal_motif_model,0,0,0,,0,10.0,10,-0.0176991150442478,10,0.0,10,10,10,L32A,0.5874891335612709,1.0,0.19999999999999996,1.0,1.0,1.0,1.0,0.7768722833903178,1.0,,strong_candidate
107,36,L,T,-2.881622791290283,-1.0537700723955084,36,139,55,L,0.9636363636363636,0.0,0.0521442361324774,0.9478557638675226,30.0,msa,98.91147390194784,0.4920968850843175,surface,0,94,False,False,False,0.95,0.95,0.0,HLA-A02_like,HLA-A02_like,LLLALIFLL,LLLALIFTL,0.72,0.72,0.0,FIIFLFILLLALIFL,FIIFLFILLLALIFT,0.95,0.95,0.0,1.232,1.184,-0.049,0.0,0.0,0.0,internal_motif_model,0,0,0,,0,10.0,10,-0.0398230088495575,10,0.0,10,10,10,L94T,0.7057176109125647,1.0,0.0,1.0,1.0,1.0,1.0,0.7764294027281412,1.0,,strong_candidate
108,33,L,I,-2.0383477210998535,-0.1071408132293356,33,139,55,L,1.0,0.0,0.0,1.0,24.0,msa,51.677804284413895,0.2571035039025567,partial,0,91,False,False,False,0.95,0.95,0.0,HLA-A02_like,HLA-A02_like,FLFILLLAL,FLFILLLAI,0.72,0.72,0.0,LRRFIIFLFILLLAL,LRRFIIFLFILLLAI,0.95,0.95,0.0,1.187,1.173,-0.014,0.0,0.0,0.0,internal_motif_model,0,0,0,,0,10.0,10,0.0061946902654866,10,0.0,10,10,10,L91I,0.5787257897023329,1.0,0.19999999999999996,1.0,1.0,1.0,1.0,0.7746814474255833,1.0,,strong_candidate
109,10,S,K,-3.009040117263794,-1.1695135743500489,10,139,48,S,1.0,0.0,0.0,1.0,30.0,msa,77.33913732665465,0.4989621763009977,surface,0,38,False,False,False,0.9,0.9,0.0,HLA-A02_like,HLA-A03_like,SLDSWWTSL,QSLDSWWTK,0.72,0.72,0.0,QSLDSWWTSLNFYRW,QSLDSWWTKLNFYRW,0.9,0.9,0.0,0.975,0.963,-0.012,0.0,0.0,0.0,internal_motif_model,0,0,0,,0,9.6,10,-0.027433628318584,10,0.9990009990009998,8,10,10,S38K,0.721244785848404,0.96,0.0,1.0,1.0,1.0,1.0,0.774311196462101,1.0,,strong_candidate
110,15,R,I,-2.937551498413086,-0.9628024454129332,15,139,48,R,1.0,0.0,0.0,1.0,30.0,msa,75.6729119814143,0.2761785108810741,partial,0,73,False,False,False,0.9,0.9,0.0,HLA-A02_like,HLA-A02_like,SLNFYRWMA,SLNFYIWMA,0.72,0.72,0.0,QSLDSWWTSLNFYRW,QSLDSWWTSLNFYIW,0.9,0.9,0.0,0.955,0.995,0.04,0.0,0.0,0.0,internal_motif_model,0,0,0,,0,10.0,10,0.0796460176991149,10,-0.9999900000999986,10,10,10,R73I,0.693514159022787,1.0,0.0,1.0,1.0,1.0,1.0,0.7733785397556968,1.0,,strong_candidate
111,20,R,K,-3.195138454437256,-0.2000100141899849,20,139,55,R,1.0,0.0,0.0,1.0,24.0,msa,57.0350994047275,0.2081572970975456,partial,0,78,False,False,False,0.95,0.95,0.0,HLA-A02_like,HLA-A02_like,WMALRRFII,WMALKRFII,0.72,0.72,0.0,SWWTSLNFYRWMALR,SWWTSLNFYRWMALK,0.95,0.95,0.0,1.018,1.027,0.008,0.0,0.0,0.0,internal_motif_model,0,0,0,,0,9.6,10,0.0053097345132743,10,-0.0009890010989996,8,10,10,R78K,0.5911843407666852,0.96,0.19999999999999996,1.0,1.0,1.0,1.0,0.7717960851916713,1.0,,strong_candidate
112,31,L,T,-3.2024104595184326,-0.8749298448389027,31,139,55,L,0.9818181818181818,0.0,0.0303351945483401,0.96966480545166,30.0,msa,108.55037025161528,0.5400515932916183,surface,0,89,False,False,False,0.95,0.95,0.0,HLA-A02_like,HLA-A02_like,FLFILLLAL,FLFILLTAL,0.72,0.72,0.0,MALRRFIIFLFILLL,MALRRFIIFLFILLT,0.95,0.95,0.0,1.195,1.147,-0.049,0.0,0.0,0.0,internal_motif_model,0,0,0,,0,10.0,10,-0.0398230088495575,10,0.0,10,10,10,L89T,0.6817259098499221,1.0,0.0,1.0,1.0,1.0,1.0,0.7704314774624805,1.0,,strong_candidate
113,7,W,S,-2.1764771938323975,-0.8667987223869318,7,139,48,W,1.0,0.0,0.0,1.0,30.0,msa,62.68686228764738,0.219953902763675,partial,0,35,False,False,False,0.9,0.9,0.0,HLA-B07_like,HLA-B07_like,IPQSLDSWW,IPQSLDSSW,0.72,0.72,0.0,QSLDSWWTSLNFYRW,QSLDSSWTSLNFYRW,0.9,0.9,0.0,0.976,0.993,0.017,0.0,0.0,0.0,internal_motif_model,0,0,0,,0,10.0,10,0.0008849557522123,10,0.0,10,10,10,W35S,0.6806351068363233,1.0,0.0,1.0,1.0,1.0,1.0,0.7701587767090808,1.0,,strong_candidate
114,105,W,T,-2.9408955574035645,-4.229268272625546,105,139,137,W,1.0,0.0,0.0,1.0,30.0,msa,182.03016153429976,0.6387023211729816,surface,0,163,True,False,False,0.5,0.5,0.0,HLA-A02_like,HLA-A02_like,FGKFLWEWA,FGKFLTEWA,0.72,0.54,-0.18,IPSSWAFGKFLWEWA,IPSSWAFGKFLTEWA,0.72,0.54,-0.18,0.996,0.998,0.002,10.0,13.0,23.0,internal_motif_model,0,0,0,,0,10.0,10,0.0017699115044248,10,0.0,10,10,10,W163T,1.0,1.0,0.0,0.5964912280701755,1.0,1.0,1.0,0.7692982456140351,0.8333333333333334,,strong_candidate
115,21,R,A,-2.8005504608154297,-0.8288151929056937,21,139,55,R,1.0,0.0,0.0,1.0,30.0,msa,39.601522124014735,0.1445311026423895,buried,0,79,False,False,False,0.95,0.95,0.0,HLA-A02_like,HLA-A02_like,WMALRRFII,WMALRAFII,0.72,0.72,0.0,WWTSLNFYRWMALRR,WWTSLNFYRWMALRA,0.95,0.95,0.0,1.065,1.092,0.027,0.0,0.0,0.0,internal_motif_model,0,0,0,,0,10.0,10,0.0557522123893805,10,-0.9999900000999986,10,10,10,R79A,0.6755395559243815,1.0,0.0,1.0,1.0,1.0,1.0,0.7688848889810954,1.0,,strong_candidate
116,4,L,E,-3.019104242324829,-0.8032386938174909,4,139,48,L,1.0,0.0,0.0,1.0,30.0,msa,55.69130199671039,0.2770711542124895,partial,0,32,False,False,False,0.9,0.9,0.0,HLA-B07_like,HLA-B07_like,IPQSLDSWW,IPQSEDSWW,0.72,0.72,0.0,QSLDSWWTSLNFYRW,QSEDSWWTSLNFYRW,0.9,0.9,0.0,1.016,0.959,-0.057,0.0,0.0,0.0,internal_motif_model,0,0,0,,0,10.0,10,-0.0646017699115044,10,-0.99718953802679,10,10,10,L32E,0.6721084278793287,1.0,0.0,1.0,1.0,1.0,1.0,0.7680271069698322,1.0,,strong_candidate
117,21,R,N,-2.914097547531128,-0.7373463494340058,21,139,55,R,1.0,0.0,0.0,1.0,30.0,msa,39.601522124014735,0.1445311026423895,buried,0,79,False,False,False,0.95,0.95,0.0,HLA-A02_like,HLA-A02_like,WMALRRFII,WMALRNFII,0.72,0.72,0.0,WWTSLNFYRWMALRR,WWTSLNFYRWMALRN,0.95,0.95,0.0,1.065,1.051,-0.014,0.0,0.0,0.0,internal_motif_model,0,0,0,,0,10.0,10,0.0088495575221239,10,-0.9999900000999986,10,10,10,R79N,0.6632688650451508,1.0,0.0,1.0,1.0,1.0,1.0,0.7658172162612877,1.0,,strong_candidate
118,6,S,R,-2.6095104217529297,-0.9141697778438812,6,139,48,S,1.0,0.0,0.0,1.0,30.0,msa,65.16247499778798,0.4204030645018579,surface,0,34,False,False,False,0.9,0.9,0.0,HLA-B07_like,HLA-B07_like,IPQSLDSWW,IPQSLDRWW,0.72,0.72,0.0,QSLDSWWTSLNFYRW,QSLDRWWTSLNFYRW,0.9,0.9,0.0,0.976,0.957,-0.02,0.0,0.0,0.0,internal_motif_model,0,0,0,,0,9.6,10,-0.0327433628318584,10,0.9999900000999986,8,10,10,S34R,0.6869900092935195,0.96,0.0,1.0,1.0,1.0,1.0,0.7657475023233798,1.0,,strong_candidate
119,10,S,R,-2.484179735183716,-0.9037138019158136,10,139,48,S,1.0,0.0,0.0,1.0,30.0,msa,77.33913732665465,0.4989621763009977,surface,0,38,False,False,False,0.9,0.9,0.0,HLA-A02_like,HLA-A03_like,SLDSWWTSL,QSLDSWWTR,0.72,0.72,0.0,QSLDSWWTSLNFYRW,QSLDSWWTRLNFYRW,0.9,0.9,0.0,0.975,0.955,-0.02,0.0,0.0,0.0,internal_motif_model,0,0,0,,0,9.6,10,-0.0327433628318584,10,0.9999900000999986,8,10,10,S38R,0.6855873234872459,0.96,0.0,1.0,1.0,1.0,1.0,0.7653968308718115,1.0,,strong_candidate
120,2,Q,V,-2.90378475189209,-0.7135367199885536,2,139,48,Q,0.9166666666666666,0.0,0.0957482033986543,0.9042517966013456,30.0,msa,68.2424798689968,0.3032999105288746,partial,0,30,False,False,False,0.9,0.9,0.0,HLA-B07_like,HLA-B07_like,IPQSLDSWW,IPVSLDSWW,0.72,0.72,0.0,QSLDSWWTSLNFYRW,VSLDSWWTSLNFYRW,0.9,0.9,0.0,1.06,1.121,0.061,0.0,0.0,0.0,internal_motif_model,0,0,0,,0,10.0,10,0.0681415929203539,10,0.0,10,10,10,Q30V,0.6600747653737737,1.0,0.0,1.0,1.0,1.0,1.0,0.7650186913434435,1.0,,strong_candidate
121,107,W,K,-2.888694524765014,-1.7855969438456043,107,139,139,W,0.9856115107913668,0.0071942446043165,0.0284685318889823,0.9715314681110176,27.0,msa,100.07229238744928,0.3511308504822781,surface,0,165,True,False,False,0.5,0.5,0.0,HLA-A02_like,HLA-A02_like,FGKFLWEWA,FGKFLWEKA,0.72,0.72,0.0,IPSSWAFGKFLWEWA,IPSSWAFGKFLWEKA,0.72,0.72,0.0,1.004,1.009,0.005,0.0,13.0,13.0,internal_motif_model,0,0,0,,0,9.6,10,-0.0265486725663716,10,0.9990009990009998,8,10,10,W165K,0.8038933500587384,0.96,0.09999999999999998,0.7719298245614035,1.0,1.0,1.0,0.7643593024269654,0.8333333333333334,,strong_candidate
122,108,A,L,-1.9732558727264404,-0.2886719615946447,108,139,139,A,0.9856115107913668,0.0,0.0284685318889823,0.9715314681110176,24.0,msa,28.846907992980796,0.2236194418060526,partial,0,166,True,False,False,0.5,0.5,0.0,HLA-A02_like,HLA-A02_like,FGKFLWEWA,FGKFLWEWL,0.72,0.72,0.0,IPSSWAFGKFLWEWA,IPSSWAFGKFLWEWL,0.72,0.72,0.0,0.95,0.977,0.027,0.0,4.8,4.8,internal_motif_model,0,0,0,,0,10.0,10,0.0176991150442478,10,0.0,10,10,10,A166L,0.6030784820727348,1.0,0.19999999999999996,0.9157894736842105,1.0,1.0,1.0,0.7639275152550259,0.8333333333333334,,strong_candidate
123,15,R,L,-2.278538942337036,-0.6672558250179463,15,139,48,R,1.0,0.0,0.0,1.0,30.0,msa,75.6729119814143,0.2761785108810741,partial,0,73,False,False,False,0.9,0.9,0.0,HLA-A02_like,HLA-A02_like,SLNFYRWMA,SLNFYLWMA,0.72,0.72,0.0,QSLDSWWTSLNFYRW,QSLDSWWTSLNFYLW,0.9,0.9,0.0,0.955,1.009,0.054,0.0,0.0,0.0,internal_motif_model,0,0,0,,0,10.0,10,0.0734513274336283,10,-0.9999900000999986,10,10,10,R73L,0.6538661096802725,1.0,0.0,1.0,1.0,1.0,1.0,0.7634665274200682,1.0,,strong_candidate
124,29,L,A,-2.6635923385620117,0.2695591457960802,29,139,55,L,1.0,0.0,0.0,1.0,24.0,msa,60.385645668892856,0.3004260978551883,partial,0,87,False,False,False,0.95,0.95,0.0,HLA-A02_like,HLA-A02_like,FIIFLFILL,FIIFLFIAL,0.72,0.72,0.0,RWMALRRFIIFLFIL,RWMALRRFIIFLFIA,0.95,0.95,0.0,1.187,1.16,-0.027,0.0,0.0,0.0,internal_motif_model,0,0,0,,0,10.0,10,-0.0176991150442478,10,0.0,10,10,10,L87A,0.5281908908670754,1.0,0.19999999999999996,1.0,1.0,1.0,1.0,0.7620477227167689,0.8333333333333334,,strong_candidate
125,19,L,F,-3.284766435623169,-0.6245624387201474,19,139,55,L,1.0,0.0,0.0,1.0,30.0,msa,64.0085303170126,0.3184503995871273,partial,0,77,False,False,False,0.95,0.95,0.0,HLA-A02_like,HLA-A02_like,WMALRRFII,WMAFRRFII,0.72,0.72,0.0,DSWWTSLNFYRWMAL,DSWWTSLNFYRWMAF,0.95,0.95,0.0,0.981,0.959,-0.023,0.0,0.0,0.0,internal_motif_model,0,0,0,,0,10.0,10,-0.0088495575221239,10,0.0,10,10,10,L77F,0.6481387239829773,1.0,0.0,1.0,1.0,1.0,1.0,0.7620346809957443,1.0,,strong_candidate
126,96,S,E,-3.1049203872680664,-1.9738283636343965,96,139,139,S,1.0,0.0,0.0,1.0,30.0,msa,100.89937320217454,0.6509636980785455,surface,0,154,True,False,False,0.8,0.8,0.0,HLA-A02_like,HLA-A02_like,CIPIPSSWA,CIPIPESWA,0.72,0.72,0.0,IPSSWAFGKFLWEWA,IPESWAFGKFLWEWA,0.8,0.8,0.0,1.037,1.014,-0.023,0.0,13.0,13.0,internal_motif_model,0,0,0,,0,10.0,10,-0.0238938053097345,10,-0.99718953802679,10,10,10,S154E,0.8291448945007746,1.0,0.0,0.7719298245614035,1.0,1.0,1.0,0.7616721885374743,0.8333333333333334,,strong_candidate
127,12,N,K,-3.1508734226226807,-0.7855493173308616,12,139,48,N,0.9791666666666666,0.0,0.033803026545712,0.966196973454288,30.0,msa,82.36373778495309,0.4223781424869389,surface,0,40,False,False,False,0.9,0.9,0.0,HLA-A02_like,HLA-A02_like,SLNFYRWMA,SLKFYRWMA,0.72,0.72,0.0,QSLDSWWTSLNFYRW,QSLDSWWTSLKFYRW,0.9,0.9,0.0,1.01,1.032,0.022,0.0,0.0,0.0,internal_motif_model,0,0,0,,0,9.6,10,-0.0035398230088495,10,0.9990009990009998,8,10,10,N40K,0.6697353698797384,0.96,0.0,1.0,1.0,1.0,1.0,0.7614338424699346,1.0,,strong_candidate
128,12,N,S,-2.307880401611328,0.7496680012517345,12,139,48,N,0.9791666666666666,0.0208333333333333,0.033803026545712,0.966196973454288,21.0,msa,82.36373778495309,0.4223781424869389,surface,0,40,False,False,False,0.9,0.9,0.0,HLA-A02_like,HLA-A02_like,SLNFYRWMA,SLSFYRWMA,0.72,0.72,0.0,QSLDSWWTSLNFYRW,QSLDSWWTSLSFYRW,0.9,0.9,0.0,1.01,1.044,0.034,0.0,0.0,0.0,internal_motif_model,0,0,0,,0,10.0,10,0.0238938053097345,10,0.0,10,10,10,N40S,0.4637835240514986,1.0,0.30000000000000004,1.0,1.0,1.0,1.0,0.7609458810128747,0.8333333333333334,,strong_candidate
129,12,N,T,-2.9837112426757812,0.3137675324894076,12,139,48,N,0.9791666666666666,0.0,0.033803026545712,0.966196973454288,24.0,msa,82.36373778495309,0.4223781424869389,surface,0,40,False,False,False,0.9,0.9,0.0,HLA-A02_like,HLA-A02_like,SLNFYRWMA,SLTFYRWMA,0.72,0.72,0.0,QSLDSWWTSLNFYRW,QSLDSWWTSLTFYRW,0.9,0.9,0.0,1.01,1.029,0.019,0.0,0.0,0.0,internal_motif_model,0,0,0,,0,10.0,10,0.0247787610619468,10,0.0,10,10,10,N40T,0.5222602654563451,1.0,0.19999999999999996,1.0,1.0,1.0,1.0,0.7605650663640863,0.8333333333333334,,strong_candidate
130,23,I,S,-2.9009764194488525,-0.5798435459958853,23,139,55,I,1.0,0.0,0.0,1.0,30.0,msa,60.657984052847254,0.3079085484916104,partial,0,81,False,False,False,0.95,0.95,0.0,HLA-A02_like,HLA-A02_like,WMALRRFII,WMALRRFSI,0.72,0.72,0.0,TSLNFYRWMALRRFI,TSLNFYRWMALRRFS,0.95,0.95,0.0,1.069,1.049,-0.02,0.0,0.0,0.0,internal_motif_model,0,0,0,,0,10.0,10,-0.0469026548672567,10,0.0,10,10,10,I81S,0.6421396133759787,1.0,0.0,1.0,1.0,1.0,1.0,0.7605349033439947,1.0,,strong_candidate
131,6,S,E,-2.9123411178588867,-0.565275931604134,6,139,48,S,1.0,0.0,0.0,1.0,30.0,msa,65.16247499778798,0.4204030645018579,surface,0,34,False,False,False,0.9,0.9,0.0,HLA-B07_like,HLA-B07_like,IPQSLDSWW,IPQSLDEWW,0.72,0.72,0.0,QSLDSWWTSLNFYRW,QSLDEWWTSLNFYRW,0.9,0.9,0.0,0.976,0.953,-0.023,0.0,0.0,0.0,internal_motif_model,0,0,0,,0,10.0,10,-0.0238938053097345,10,-0.99718953802679,10,10,10,S34E,0.6401853447281594,1.0,0.0,1.0,1.0,1.0,1.0,0.7600463361820399,1.0,,strong_candidate
132,59,S,R,-3.5428202152252197,-1.5550350997774558,59,139,139,S,0.9856115107913668,0.0,0.0284685318889823,0.9715314681110176,30.0,msa,37.32666975080914,0.2408172241987686,partial,0,117,True,False,False,0.8,0.8,0.0,HLA-A03_like,HLA-A03_like,STTSTGPCR,STTRTGPCR,0.36,0.36,0.0,STTSTGPCRTCMTTA,STTRTGPCRTCMTTA,0.8,0.8,0.0,0.956,0.936,-0.02,0.0,8.0,8.0,internal_motif_model,0,0,0,,0,9.6,10,-0.0327433628318584,10,0.9999900000999986,8,10,10,S117R,0.772963111851656,0.96,0.0,0.8596491228070176,1.0,1.0,1.0,0.7591706025243176,0.8333333333333334,,strong_candidate
133,4,L,T,-2.7660012245178223,-0.5348446329979311,4,139,48,L,1.0,0.0,0.0,1.0,30.0,msa,55.69130199671039,0.2770711542124895,partial,0,32,False,False,False,0.9,0.9,0.0,HLA-B07_like,HLA-B07_like,IPQSLDSWW,IPQSTDSWW,0.72,0.72,0.0,QSLDSWWTSLNFYRW,QSTDSWWTSLNFYRW,0.9,0.9,0.0,1.016,0.967,-0.049,0.0,0.0,0.0,internal_motif_model,0,0,0,,0,10.0,10,-0.0398230088495575,10,0.0,10,10,10,L32T,0.6361029376037504,1.0,0.0,1.0,1.0,1.0,1.0,0.7590257344009376,1.0,,strong_candidate
134,30,L,T,-3.1591503620147705,-0.5220792129028666,30,139,55,L,1.0,0.0,0.0,1.0,30.0,msa,104.81344579017022,0.5214599293043295,surface,0,88,False,False,False,0.95,0.95,0.0,HLA-A02_like,HLA-A02_like,FIIFLFILL,FLFILTLAL,0.72,0.72,0.0,WMALRRFIIFLFILL,WMALRRFIIFLFILT,0.95,0.95,0.0,1.187,1.138,-0.049,0.0,0.0,0.0,internal_motif_model,0,0,0,,0,10.0,10,-0.0398230088495575,10,0.0,10,10,10,L88T,0.634390436188134,1.0,0.0,1.0,1.0,1.0,1.0,0.7585976090470335,1.0,,strong_candidate
135,38,V,S,-3.1493544578552246,-0.518341095649987,38,139,55,V,1.0,0.0,0.0,1.0,30.0,msa,71.25006474635506,0.4094831307261785,surface,0,96,False,False,False,0.95,0.95,0.0,HLA-A02_like,HLA-A02_like,LLALIFLLV,LALIFLLSL,0.72,0.72,0.0,IFLFILLLALIFLLV,IFLFILLLALIFLLS,0.95,0.95,0.0,1.191,1.138,-0.053,0.0,0.0,0.0,internal_motif_model,0,0,0,,0,10.0,10,-0.0442477876106194,10,0.0,10,10,10,V96S,0.6338889618112922,1.0,0.0,1.0,1.0,1.0,1.0,0.758472240452823,1.0,,strong_candidate
136,97,S,A,-2.804288387298584,-1.311354471676509,97,139,139,S,1.0,0.0,0.0,1.0,30.0,msa,41.1639743807217,0.2655740282627206,partial,0,155,True,False,False,0.8,0.8,0.0,HLA-A02_like,HLA-A02_like,CIPIPSSWA,CIPIPSAWA,0.72,0.72,0.0,IPSSWAFGKFLWEWA,IPSAWAFGKFLWEWA,0.8,0.8,0.0,1.041,1.049,0.007,0.0,8.0,8.0,internal_motif_model,0,0,0,,0,10.0,10,0.0230088495575221,10,0.0,10,10,10,S155A,0.7402729678945061,1.0,0.0,0.8596491228070176,1.0,1.0,1.0,0.7569980665350301,0.8333333333333334,,strong_candidate
137,21,R,I,-2.59048843383789,-0.4381845407001208,21,139,55,R,1.0,0.0,0.0,1.0,30.0,msa,39.601522124014735,0.1445311026423895,buried,0,79,False,False,False,0.95,0.95,0.0,HLA-A02_like,HLA-A02_like,WMALRRFII,WMALRIFII,0.72,0.72,0.0,WWTSLNFYRWMALRR,WWTSLNFYRWMALRI,0.95,0.95,0.0,1.065,1.105,0.04,0.0,0.0,0.0,internal_motif_model,0,0,0,,0,10.0,10,0.0796460176991149,10,-0.9999900000999986,10,10,10,R79I,0.6231358324351859,1.0,0.0,1.0,1.0,1.0,1.0,0.7557839581087965,1.0,,strong_candidate
138,56,S,N,-2.4977505207061768,-0.3466435246394894,56,139,139,S,0.920863309352518,0.0,0.1196530392664537,0.8803469607335462,24.0,msa,118.9558780406117,0.7674572776813657,surface,0,114,True,False,False,0.8,0.8,0.0,HLA-A03_like,HLA-A03_like,STTSTGPCR,NTTSTGPCR,0.46,0.46,0.0,YQGMLPVCPLIPGSS,YQGMLPVCPLIPGSN,0.8,0.8,0.0,0.97,0.937,-0.034,0.0,7.8,7.8,internal_motif_model,0,0,0,,0,10.0,10,-0.0238938053097345,10,0.0,10,10,10,S114N,0.6108554594883213,1.0,0.19999999999999996,0.8631578947368421,1.0,1.0,1.0,0.7553454438194488,0.8333333333333334,,strong_candidate
139,20,R,T,-3.0280210971832275,-0.377946347236616,20,139,55,R,1.0,0.0,0.0,1.0,30.0,msa,57.0350994047275,0.2081572970975456,partial,0,78,False,False,False,0.95,0.95,0.0,HLA-A02_like,HLA-A02_like,WMALRRFII,WMALTRFII,0.72,0.72,0.0,SWWTSLNFYRWMALR,SWWTSLNFYRWMALT,0.95,0.95,0.0,1.018,1.024,0.005,0.0,0.0,0.0,internal_motif_model,0,0,0,,0,10.0,10,0.0336283185840707,10,-0.9999900000999986,10,10,10,R78T,0.615054782942713,1.0,0.0,1.0,1.0,1.0,1.0,0.7537636957356783,1.0,,strong_candidate
140,5,D,V,-2.940730094909668,-0.3606937337207796,5,139,48,D,1.0,0.0,0.0,1.0,30.0,msa,45.639663204214315,0.2364749388819394,partial,0,33,False,False,False,0.9,0.9,0.0,HLA-B07_like,HLA-B07_like,IPQSLDSWW,IPQSLVSWW,0.72,0.72,0.0,QSLDSWWTSLNFYRW,QSLVSWWTSLNFYRW,0.9,0.9,0.0,0.992,1.065,0.074,0.0,0.0,0.0,internal_motif_model,0,0,0,,0,10.0,10,0.0681415929203539,10,0.9988792390601552,10,10,10,D33V,0.6127403173905472,1.0,0.0,1.0,1.0,1.0,1.0,0.7531850793476368,1.0,,strong_candidate
141,14,Y,T,-2.9181008338928223,-0.3333857876974946,14,139,48,Y,1.0,0.0,0.0,1.0,30.0,msa,146.97568008612603,0.5588428900613157,surface,0,72,False,False,False,0.9,0.95,0.05,HLA-A02_like,HLA-A03_like,SLNFYRWMA,FTRWMALRR,0.72,0.72,0.0,QSLDSWWTSLNFYRW,QSLDSWWTSLNFTRW,0.9,0.95,0.05,0.981,0.945,-0.036,0.0,0.0,0.0,internal_motif_model,0,0,0,,0,10.0,10,0.0053097345132743,10,0.000999000999001,10,10,10,Y72T,0.60907691298441,1.0,0.0,1.0,1.0,1.0,1.0,0.7522692282461025,1.0,,strong_candidate
142,109,S,R,-2.6144425868988037,-1.8343972981668912,109,139,139,S,1.0,0.0,0.0,1.0,30.0,msa,81.76114261488271,0.5274912426766627,surface,0,167,True,False,False,0.5,0.5,0.0,HLA-A02_like,HLA-A02_like,FLWEWASAR,FLWEWARAR,0.72,0.72,0.0,PSSWAFGKFLWEWAS,PSSWAFGKFLWEWAR,0.72,0.72,0.0,0.978,0.958,-0.02,0.0,13.0,13.0,internal_motif_model,0,0,0,,0,9.6,10,-0.0327433628318584,10,0.9999900000999986,8,10,10,S167R,0.8104399952326089,0.96,0.0,0.7719298245614035,1.0,1.0,1.0,0.750995963720433,0.8333333333333334,,strong_candidate
143,3,S,K,-3.073072910308838,-0.4636401926771327,3,139,48,S,0.9791666666666666,0.0,0.033803026545712,0.966196973454288,30.0,msa,66.44591612774433,0.428683329856415,surface,0,31,False,False,False,0.9,0.9,0.0,HLA-B07_like,HLA-B07_like,IPQSLDSWW,IPQKLDSWW,0.72,0.72,0.0,QSLDSWWTSLNFYRW,QKLDSWWTSLNFYRW,0.9,0.9,0.0,1.053,1.041,-0.012,0.0,0.0,0.0,internal_motif_model,0,0,0,,0,9.6,10,-0.027433628318584,10,0.9990009990009998,8,10,10,S31K,0.626550748648004,0.96,0.0,1.0,1.0,1.0,1.0,0.750637687162001,1.0,,strong_candidate
144,3,S,R,-2.764829158782959,-0.460043493448012,3,139,48,S,0.9791666666666666,0.0,0.033803026545712,0.966196973454288,30.0,msa,66.44591612774433,0.428683329856415,surface,0,31,False,False,False,0.9,0.9,0.0,HLA-B07_like,HLA-B07_like,IPQSLDSWW,IPQRLDSWW,0.72,0.72,0.0,QSLDSWWTSLNFYRW,QRLDSWWTSLNFYRW,0.9,0.9,0.0,1.053,1.033,-0.02,0.0,0.0,0.0,internal_motif_model,0,0,0,,0,9.6,10,-0.0327433628318584,10,0.9999900000999986,8,10,10,S31R,0.6260682457240463,0.96,0.0,1.0,1.0,1.0,1.0,0.7505170614310116,1.0,,strong_candidate
145,105,W,E,-2.971647262573242,-2.675050126597313,105,139,137,W,1.0,0.0,0.0,1.0,30.0,msa,182.03016153429976,0.6387023211729816,surface,0,163,True,False,False,0.5,0.5,0.0,HLA-A02_like,HLA-A02_like,FGKFLWEWA,FGKFLEEWA,0.72,0.54,-0.18,IPSSWAFGKFLWEWA,WAFGKFLEEWASARF,0.72,0.54,-0.18,0.996,0.99,-0.006,10.0,13.0,23.0,internal_motif_model,0,0,0,,0,10.0,10,-0.0230088495575221,10,-0.99718953802679,10,10,10,W163E,0.9232149096504736,1.0,0.0,0.5964912280701755,1.0,1.0,1.0,0.7501019730266535,0.8333333333333334,,strong_candidate
146,42,Y,Q,-2.922286033630371,-1.6267605085042192,42,139,55,Y,0.9636363636363636,0.0,0.0605579893382868,0.9394420106617132,30.0,msa,112.88290298106912,0.4292125588633806,surface,0,100,True,False,False,0.95,0.95,0.0,HLA-A02_like,HLA-A02_like,LVLLDYQGM,LVLLDQQGM,0.72,0.72,0.0,ILLLALIFLLVLLDY,ILLLALIFLLVLLDQ,0.95,0.95,0.0,1.035,1.014,-0.021,0.0,13.0,13.0,internal_motif_model,0,0,0,,0,10.0,10,-0.0194690265486726,10,0.000999000999001,10,10,10,Y100Q,0.7825851895479266,1.0,0.0,0.7719298245614035,1.0,1.0,1.0,0.7500322622992623,0.8333333333333334,,strong_candidate
147,32,A,L,-0.912675142288208,-2.0493498649922515,32,139,55,C,0.0181818181818181,0.0,0.0303351945483401,0.96966480545166,6.0,msa,57.14913921805281,0.4430165830856807,surface,4,90,False,False,False,0.95,0.95,0.0,HLA-A02_like,HLA-A02_like,FLFILLLAL,FLFILLLLL,0.72,0.72,0.0,ALRRFIIFLFILLLA,ALRRFIIFLFILLLL,0.95,0.95,0.0,1.187,1.213,0.027,0.0,0.0,0.0,internal_motif_model,0,0,4,surface_hydrophobic_gain,0,10.0,10,0.0176991150442478,10,0.0,10,10,10,A90L,0.8392762240631133,1.0,0.8,1.0,0.6666666666666667,0.9285714285714286,1.0,0.8893428655395879,1.0,surface_hydrophobic_gain,candidate
148,18,A,L,-2.569190263748169,-1.7678798654841898,18,139,55,C,0.0181818181818181,0.0,0.0605579893382868,0.9394420106617132,6.0,msa,61.751572455561856,0.4786943601206345,surface,4,76,False,False,False,0.95,0.95,0.0,HLA-A02_like,HLA-A02_like,WMALRRFII,WMLLRRFII,0.72,0.72,0.0,LDSWWTSLNFYRWMA,LDSWWTSLNFYRWML,0.95,0.95,0.0,0.95,0.977,0.027,0.0,0.0,0.0,internal_motif_model,0,0,4,surface_hydrophobic_gain,0,10.0,10,0.0176991150442478,10,0.0,10,10,10,A76L,0.8015165758085718,1.0,0.8,1.0,0.6666666666666667,0.9285714285714286,1.0,0.8799029534759525,1.0,surface_hydrophobic_gain,candidate
149,8,W,A,-2.87699294090271,-3.609356800753602,8,139,48,W,1.0,0.0,0.0,1.0,30.0,msa,205.54529670568476,0.7212115673883676,surface,0,36,False,False,False,0.9,0.95,0.05,HLA-B07_like,HLA-A03_like,IPQSLDSWW,WATSLNFYR,0.72,0.72,0.0,QSLDSWWTSLNFYRW,QSLDSWATSLNFYRW,0.9,0.95,0.05,0.976,1.001,0.024,0.0,0.0,0.0,internal_motif_model,0,0,4,surface_hydrophobic_gain,0,10.0,10,0.0238938053097345,10,0.0,10,10,10,W36A,1.0,1.0,0.0,1.0,1.0,0.9285714285714286,1.0,0.8428571428571429,1.0,surface_hydrophobic_gain,candidate
150,17,M,G,-3.0874204635620117,-3.714119853797797,17,139,55,M,1.0,0.0,0.0,1.0,30.0,msa,71.16238917857868,0.3176892374043691,partial,0,75,False,False,False,0.95,0.9,-0.05,HLA-A02_like,HLA-A02_like,WMALRRFII,SLNFYRWGA,0.72,0.72,0.0,SLDSWWTSLNFYRWM,SLDSWWTSLNFYRWG,0.95,0.9,-0.05,0.991,0.998,0.007,0.0,0.0,0.0,internal_motif_model,0,0,4,new_glycine,0,10.0,10,-0.0203539823008849,10,0.0,10,10,10,M75G,1.0,1.0,0.0,1.0,1.0,0.9285714285714286,1.0,0.8428571428571429,1.0,new_glycine,candidate
151,38,V,A,-2.5513830184936523,-2.2538402423833475,38,139,55,V,1.0,0.0,0.0,1.0,24.0,msa,71.25006474635506,0.4094831307261785,surface,0,96,False,False,False,0.95,0.95,0.0,HLA-A02_like,HLA-A02_like,LLALIFLLV,LLALIFLLA,0.72,0.72,0.0,IFLFILLLALIFLLV,IFLFILLLALIFLLA,0.95,0.95,0.0,1.191,1.146,-0.046,0.0,0.0,0.0,internal_motif_model,0,0,4,surface_hydrophobic_gain,0,10.0,10,-0.0212389380530973,10,0.0,10,10,10,V96A,0.866708933535602,1.0,0.19999999999999996,1.0,1.0,0.9285714285714286,1.0,0.8395343762410434,1.0,surface_hydrophobic_gain,candidate
152,14,Y,F,-2.967867612838745,-7.099386622339239,14,139,48,Y,1.0,0.0,0.0,1.0,24.0,msa,146.97568008612603,0.5588428900613157,surface,4,72,False,False,False,0.9,0.9,0.0,HLA-A02_like,HLA-A02_like,SLNFYRWMA,SLNFFRWMA,0.72,0.72,0.0,QSLDSWWTSLNFYRW,QSLDSWWTSLNFFRW,0.9,0.9,0.0,0.981,0.971,-0.01,0.0,0.0,0.0,internal_motif_model,0,0,4,surface_hydrophobic_gain,0,10.0,10,0.036283185840708,10,0.000999000999001,10,10,10,Y72F,1.0,1.0,0.19999999999999996,1.0,0.6666666666666667,0.9285714285714286,1.0,0.8395238095238096,1.0,surface_hydrophobic_gain,candidate
153,32,A,V,-2.3575007915496826,-0.4961187917116945,32,139,55,C,0.0181818181818181,0.0,0.0303351945483401,0.96966480545166,6.0,msa,57.14913921805281,0.4430165830856807,surface,4,90,False,False,False,0.95,0.95,0.0,HLA-A02_like,HLA-A02_like,FLFILLLAL,FLFILLLVL,0.72,0.72,0.0,ALRRFIIFLFILLLA,ALRRFIIFLFILLLV,0.95,0.95,0.0,1.187,1.232,0.046,0.0,0.0,0.0,internal_motif_model,0,0,4,surface_hydrophobic_gain,0,10.0,10,0.0212389380530972,10,0.0,10,10,10,A90V,0.6309078043821452,1.0,0.8,1.0,0.6666666666666667,0.9285714285714286,1.0,0.8372507606193459,1.0,surface_hydrophobic_gain,candidate
154,32,A,G,-3.493114233016968,-0.2767205369036389,32,139,55,C,0.0181818181818181,0.0,0.0303351945483401,0.96966480545166,12.0,msa,57.14913921805281,0.4430165830856807,surface,0,90,False,False,False,0.95,0.95,0.0,HLA-A02_like,HLA-A02_like,FLFILLLAL,FLFILLLGL,0.72,0.72,0.0,ALRRFIIFLFILLLA,ALRRFIIFLFILLLG,0.95,0.95,0.0,1.187,1.16,-0.027,0.0,0.0,0.0,internal_motif_model,0,0,4,new_glycine,0,10.0,10,-0.0194690265486726,10,0.0,10,10,10,A90G,0.6014751794356448,1.0,0.6,1.0,1.0,0.9285714285714286,1.0,0.833225937716054,1.0,new_glycine,candidate
155,110,A,L,-2.599363088607788,-1.1673513116308245,110,139,139,V,0.4172661870503597,0.0,0.2267873717109939,0.773212628289006,6.0,msa,76.82601471535853,0.5955505016694459,surface,4,168,True,False,False,0.5,0.5,0.0,HLA-A02_like,HLA-A02_like,FLWEWASAR,FLWEWASLR,0.72,0.72,0.0,SSWAFGKFLWEWASA,SSWAFGKFLWEWASL,0.72,0.72,0.0,0.999,1.03,0.031,0.0,7.8,7.8,internal_motif_model,0,0,4,surface_hydrophobic_gain,0,10.0,10,0.0176991150442478,10,0.0,10,10,10,A168L,0.7209547148644465,1.0,0.8,0.8631578947368421,0.6666666666666667,0.9285714285714286,1.0,0.8323940671872896,0.8333333333333334,surface_hydrophobic_gain,candidate
156,39,L,I,-2.335787296295166,-2.851736670007881,39,139,55,L,0.9818181818181818,0.0,0.0303351945483401,0.96966480545166,24.0,msa,94.19500085111348,0.4686318450304153,surface,4,97,False,False,False,0.95,0.95,0.0,HLA-A02_like,HLA-A02_like,LALIFLLVL,LALIFLLVI,0.72,0.72,0.0,FLFILLLALIFLLVL,FLFILLLALIFLLVI,0.95,0.95,0.0,1.201,1.187,-0.014,0.0,0.0,0.0,internal_motif_model,0,0,4,surface_hydrophobic_gain,0,10.0,10,0.0061946902654866,10,0.0,10,10,10,L97I,0.9469176905584002,1.0,0.19999999999999996,1.0,0.6666666666666667,0.9285714285714286,1.0,0.8262532321634096,1.0,surface_hydrophobic_gain,candidate
157,32,A,M,-3.9671671390533447,-0.0175227962195663,32,139,55,C,0.0181818181818181,0.0,0.0303351945483401,0.96966480545166,6.0,msa,57.14913921805281,0.4430165830856807,surface,4,90,False,False,False,0.95,0.95,0.0,HLA-A02_like,HLA-A02_like,FLFILLLAL,FLFILLLML,0.72,0.72,0.0,ALRRFIIFLFILLLA,ALRRFIIFLFILLLM,0.95,0.95,0.0,1.187,1.153,-0.034,0.0,0.0,0.0,internal_motif_model,0,0,4,surface_hydrophobic_gain,0,10.0,10,0.0008849557522123,10,0.0,10,10,10,A90M,0.566703390137645,1.0,0.8,1.0,0.6666666666666667,0.9285714285714286,1.0,0.8211996570582208,1.0,surface_hydrophobic_gain,candidate
158,52,I,V,-2.934608459472656,-2.295092301594053,52,139,139,I,0.8705035971223022,0.0,0.1379338564278194,0.8620661435721806,16.0,msa,84.70497829411434,0.4299745091071794,surface,4,110,True,False,False,0.8,0.8,0.0,HLA-A02_like,HLA-A02_like,GMLPVCPLI,GMLPVCPLV,0.46,0.46,0.0,VLLDYQGMLPVCPLI,VLLDYQGMLPVCPLV,0.8,0.8,0.0,1.118,1.151,0.033,0.0,7.8,7.8,internal_motif_model,0,0,4,surface_hydrophobic_gain,0,10.0,10,-0.0026548672566371,10,0.0,10,10,10,I110V,0.8722429629110031,1.0,0.4666666666666667,0.8631578947368421,0.6666666666666667,0.9285714285714286,1.0,0.8202161291989287,0.8333333333333334,surface_hydrophobic_gain,candidate
159,13,F,A,-3.0839059352874756,-2.548769951886129,13,139,48,F,0.9791666666666666,0.0,0.033803026545712,0.966196973454288,30.0,msa,110.91194314843057,0.462133096451794,surface,0,41,False,False,False,0.9,0.9,0.0,HLA-A02_like,HLA-A02_like,SLNFYRWMA,SLNAYRWMA,0.72,0.72,0.0,QSLDSWWTSLNFYRW,QSLDSWWTSLNAYRW,0.9,0.9,0.0,1.008,1.004,-0.004,0.0,0.0,0.0,internal_motif_model,0,0,4,surface_hydrophobic_gain,0,10.0,10,-0.0088495575221239,10,0.0,10,10,10,F41A,0.9062742233004182,1.0,0.0,1.0,1.0,0.9285714285714286,1.0,0.8194256986822475,1.0,surface_hydrophobic_gain,candidate
160,39,L,A,-2.803443670272827,-1.5971100492545247,39,139,55,L,0.9818181818181818,0.0,0.0303351945483401,0.96966480545166,24.0,msa,94.19500085111348,0.4686318450304153,surface,0,97,False,False,False,0.95,0.95,0.0,HLA-A02_like,HLA-A02_like,LALIFLLVL,LALIFLLVA,0.72,0.72,0.0,FLFILLLALIFLLVL,FLFILLLALIFLLVA,0.95,0.95,0.0,1.201,1.175,-0.027,0.0,0.0,0.0,internal_motif_model,0,0,4,surface_hydrophobic_gain,0,10.0,10,-0.0176991150442478,10,0.0,10,10,10,L97A,0.7786075332655134,1.0,0.19999999999999996,1.0,1.0,0.9285714285714286,1.0,0.8175090261735213,1.0,surface_hydrophobic_gain,candidate
161,32,A,F,-2.209113121032715,-0.7579472157939904,32,139,55,C,0.0181818181818181,0.0,0.0303351945483401,0.96966480545166,12.0,msa,57.14913921805281,0.4430165830856807,surface,4,90,False,False,False,0.95,0.95,0.0,HLA-A02_like,HLA-A02_like,FLFILLLAL,FLFILLLFL,0.72,0.72,0.0,ALRRFIIFLFILLLA,ALRRFIIFLFILLLF,0.95,0.95,0.0,1.187,1.191,0.004,0.0,0.0,0.0,internal_motif_model,0,0,4,surface_hydrophobic_gain,0,10.0,10,0.0088495575221239,10,0.0,10,10,10,A90F,0.6660325040434505,1.0,0.6,1.0,0.6666666666666667,0.9285714285714286,1.0,0.8160319355346721,1.0,surface_hydrophobic_gain,candidate
162,39,L,V,-2.4010331630706787,-2.0873014327320334,39,139,55,L,0.9818181818181818,0.0181818181818181,0.0303351945483401,0.96966480545166,21.0,msa,94.19500085111348,0.4686318450304153,surface,4,97,False,False,False,0.95,0.95,0.0,HLA-A02_like,HLA-A02_like,LALIFLLVL,LALIFLLVV,0.72,0.72,0.0,FLFILLLALIFLLVL,FLFILLLALIFLLVV,0.95,0.95,0.0,1.201,1.22,0.019,0.0,0.0,0.0,internal_motif_model,0,0,4,surface_hydrophobic_gain,0,10.0,10,0.0035398230088495,10,0.0,10,10,10,L97V,0.8443674872565874,1.0,0.30000000000000004,1.0,0.6666666666666667,0.9285714285714286,1.0,0.8156156813379565,1.0,surface_hydrophobic_gain,candidate
163,36,L,I,-1.9209121465682983,-2.4034301325123693,36,139,55,L,0.9636363636363636,0.0,0.0521442361324774,0.9478557638675226,24.0,msa,98.91147390194784,0.4920968850843175,surface,4,94,False,False,False,0.95,0.95,0.0,HLA-A02_like,HLA-A02_like,LLLALIFLL,LLLALIFIL,0.72,0.72,0.0,FIIFLFILLLALIFL,FIIFLFILLLALIFI,0.95,0.95,0.0,1.232,1.218,-0.014,0.0,0.0,0.0,internal_motif_model,0,0,4,surface_hydrophobic_gain,0,10.0,10,0.0061946902654866,10,0.0,10,10,10,L94I,0.8867766552948639,1.0,0.19999999999999996,1.0,0.6666666666666667,0.9285714285714286,1.0,0.8112179733475255,1.0,surface_hydrophobic_gain,candidate
164,8,W,L,-2.0354857444763184,-5.484433387118202,8,139,48,W,1.0,0.0,0.0,1.0,30.0,msa,205.54529670568476,0.7212115673883676,surface,4,36,False,False,False,0.9,0.9,0.0,HLA-B07_like,HLA-B07_like,IPQSLDSWW,IPQSLDSWL,0.72,0.72,0.0,QSLDSWWTSLNFYRW,QSLDSWLTSLNFYRW,0.9,0.9,0.0,0.976,1.027,0.051,0.0,0.0,0.0,internal_motif_model,0,0,4,surface_hydrophobic_gain,0,10.0,10,0.0415929203539822,10,0.0,10,10,10,W36L,1.0,1.0,0.0,1.0,0.6666666666666667,0.9285714285714286,1.0,0.8095238095238095,1.0,surface_hydrophobic_gain,candidate
165,14,Y,L,-2.2516777515411377,-3.453729689939138,14,139,48,Y,1.0,0.0,0.0,1.0,30.0,msa,146.97568008612603,0.5588428900613157,surface,4,72,False,False,False,0.9,0.9,0.0,HLA-A02_like,HLA-A02_like,SLNFYRWMA,SLNFLRWMA,0.72,0.72,0.0,QSLDSWWTSLNFYRW,QSLDSWWTSLNFLRW,0.9,0.9,0.0,0.981,0.994,0.013,0.0,0.0,0.0,internal_motif_model,0,0,4,surface_hydrophobic_gain,0,10.0,10,0.0451327433628319,10,0.000999000999001,10,10,10,Y72L,1.0,1.0,0.0,1.0,0.6666666666666667,0.9285714285714286,1.0,0.8095238095238095,1.0,surface_hydrophobic_gain,candidate
166,69,T,N,-3.2499845027923584,-1.9374902488377188,69,139,139,P,0.1223021582733813,0.0,0.2539233102813905,0.7460766897186095,6.0,msa,59.26653496746049,0.3445728777177935,partial,0,127,True,True,True,0.45,0.45,0.0,HLA-A03_like,HLA-A03_like,RTCMTTAQG,RTCMTNAQG,0.46,0.46,0.0,GPCRTCMTTAQGTSM,GPCRTCMTNAQGTSM,0.46,0.46,0.0,1.001,0.982,-0.019,7.2,21.6,28.8,internal_motif_model,0,15,15,antibody_interface_mutation,0,10.0,10,-0.0247787610619469,10,0.0,10,10,10,T127N,0.8242700785866317,1.0,0.8,0.49473684210526314,1.0,0.7321428571428572,1.0,0.7982291737819962,0.6666666666666666,antibody_interface_mutation;protected_epitope_or_contact,candidate
167,14,Y,A,-3.2417550086975098,-1.8931726855101945,14,139,48,Y,1.0,0.0,0.0,1.0,30.0,msa,146.97568008612603,0.5588428900613157,surface,0,72,False,False,False,0.9,0.95,0.05,HLA-A02_like,HLA-A03_like,SLNFYRWMA,FARWMALRR,0.72,0.72,0.0,QSLDSWWTSLNFYRW,QSLDSWWTSLNFARW,0.9,0.95,0.05,0.981,0.968,-0.014,0.0,0.0,0.0,internal_motif_model,0,0,4,surface_hydrophobic_gain,0,10.0,10,0.027433628318584,10,0.000999000999001,10,10,10,Y72A,0.818324806956723,1.0,0.0,1.0,1.0,0.9285714285714286,1.0,0.7974383445963237,1.0,surface_hydrophobic_gain,candidate
168,98,W,G,-2.589841842651367,-3.742251065022287,98,139,139,W,0.9784172661870504,0.0,0.0347616222042651,0.9652383777957348,30.0,msa,109.61927830244328,0.3846290466752396,surface,0,156,True,False,False,0.8,0.8,0.0,HLA-A02_like,HLA-A02_like,CIPIPSSWA,CIPIPSSGA,0.72,0.72,0.0,IPSSWAFGKFLWEWA,IPSSGAFGKFLWEWA,0.8,0.8,0.0,1.001,0.999,-0.003,0.0,13.0,13.0,internal_motif_model,0,0,4,new_glycine,0,10.0,10,0.0044247787610619,10,0.0,10,10,10,W156G,1.0,1.0,0.0,0.7719298245614035,1.0,0.9285714285714286,1.0,0.7972431077694236,0.8333333333333334,new_glycine,candidate
169,54,G,A,-2.6025619506835938,-3.6108479072594264,54,139,139,G,0.9928057553956836,0.0,0.0142429670997965,0.9857570329002034,30.0,msa,91.16093863087076,0.8765474868352958,surface,0,112,True,False,False,0.45,0.5,0.05,HLA-B07_like,HLA-A02_like,IPGSSTTST,LIPASSTTS,0.46,0.46,0.0,LDYQGMLPVCPLIPG,LDYQGMLPVCPLIPA,0.46,0.5,0.04,1.039,1.066,0.027,0.0,13.0,13.0,internal_motif_model,0,0,4,surface_hydrophobic_gain,0,10.0,10,0.0194690265486725,10,0.0,10,10,10,G112A,1.0,1.0,0.0,0.7719298245614035,1.0,0.9285714285714286,1.0,0.7972431077694236,0.8333333333333334,surface_hydrophobic_gain,candidate
170,107,W,A,-2.6551620960235596,-3.5351631448017145,107,139,139,W,0.9856115107913668,0.0,0.0284685318889823,0.9715314681110176,30.0,msa,100.07229238744928,0.3511308504822781,surface,0,165,True,False,False,0.5,0.5,0.0,HLA-A02_like,HLA-A02_like,FGKFLWEWA,FGKFLWEAA,0.72,0.72,0.0,IPSSWAFGKFLWEWA,IPSSWAFGKFLWEAA,0.72,0.72,0.0,1.004,1.028,0.024,0.0,13.0,13.0,internal_motif_model,0,0,4,surface_hydrophobic_gain,0,10.0,10,0.0238938053097345,10,0.0,10,10,10,W165A,1.0,1.0,0.0,0.7719298245614035,1.0,0.9285714285714286,1.0,0.7972431077694236,0.8333333333333334,surface_hydrophobic_gain,candidate
171,42,Y,A,-2.8433637619018555,-3.775843689606887,42,139,55,Y,0.9636363636363636,0.0,0.0605579893382868,0.9394420106617132,30.0,msa,112.88290298106912,0.4292125588633806,surface,0,100,True,False,False,0.95,0.95,0.0,HLA-A02_like,HLA-A02_like,LVLLDYQGM,LVLLDAQGM,0.72,0.72,0.0,ILLLALIFLLVLLDY,ILLLALIFLLVLLDA,0.95,0.95,0.0,1.035,1.021,-0.014,0.0,13.0,13.0,internal_motif_model,0,0,4,surface_hydrophobic_gain,0,10.0,10,0.027433628318584,10,0.000999000999001,10,10,10,Y100A,1.0,1.0,0.0,0.7719298245614035,1.0,0.9285714285714286,1.0,0.7972431077694236,0.8333333333333334,surface_hydrophobic_gain,candidate
172,111,R,A,-2.8574657440185547,-3.2748442051413633,111,139,139,R,0.9928057553956836,0.0,0.0142429670997965,0.9857570329002034,30.0,msa,161.2357209991473,0.5884515364932383,surface,0,169,True,False,False,0.5,0.95,0.45,HLA-A02_like,HLA-A02_like,FLWEWASAR,FLWEWASAA,0.72,0.72,0.0,SWAFGKFLWEWASAR,SWAFGKFLWEWASAA,0.72,0.95,0.23,1.021,1.059,0.038,0.0,13.0,13.0,internal_motif_model,0,0,4,surface_hydrophobic_gain,0,10.0,10,0.0557522123893805,10,-0.9999900000999986,10,10,10,R169A,1.0,1.0,0.0,0.7719298245614035,1.0,0.9285714285714286,1.0,0.7972431077694236,0.8333333333333334,surface_hydrophobic_gain,candidate
173,38,V,L,-1.257968544960022,-1.9649652552033672,38,139,55,V,1.0,0.0,0.0,1.0,24.0,msa,71.25006474635506,0.4094831307261785,surface,4,96,False,False,False,0.95,0.95,0.0,HLA-A02_like,HLA-A02_like,LLALIFLLV,LLALIFLLL,0.72,0.72,0.0,IFLFILLLALIFLLV,IFLFILLLALIFLLL,0.95,0.95,0.0,1.191,1.172,-0.019,0.0,0.0,0.0,internal_motif_model,0,0,4,surface_hydrophobic_gain,0,10.0,10,-0.0035398230088495,10,0.0,10,10,10,V96L,0.8279558944034909,1.0,0.19999999999999996,1.0,0.6666666666666667,0.9285714285714286,1.0,0.7965127831246823,1.0,surface_hydrophobic_gain,candidate
174,34,I,F,-2.406355142593384,-2.773888170907952,34,139,55,I,1.0,0.0,0.0,1.0,30.0,msa,82.1187186907143,0.4168462877701234,surface,4,92,False,False,False,0.95,0.95,0.0,HLA-A02_like,HLA-A02_like,LLLALIFLL,LLLALFFLL,0.72,0.72,0.0,RRFIIFLFILLLALI,RRFIIFLFILLLALF,0.95,0.95,0.0,1.187,1.178,-0.009,0.0,0.0,0.0,internal_motif_model,0,0,4,surface_hydrophobic_gain,0,10.0,10,-0.0150442477876106,10,0.0,10,10,10,I92F,0.9364741905466943,1.0,0.0,1.0,0.6666666666666667,0.9285714285714286,1.0,0.7936423571604831,1.0,surface_hydrophobic_gain,candidate
175,18,A,G,-2.807921886444092,0.9303863791774633,18,139,55,C,0.0181818181818181,0.0,0.0605579893382868,0.9394420106617132,12.0,msa,61.751572455561856,0.4786943601206345,surface,0,76,False,False,False,0.95,0.95,0.0,HLA-A02_like,HLA-A02_like,WMALRRFII,WMGLRRFII,0.72,0.72,0.0,LDSWWTSLNFYRWMA,LDSWWTSLNFYRWMG,0.95,0.95,0.0,0.95,0.923,-0.027,0.0,0.0,0.0,internal_motif_model,0,0,4,new_glycine,0,10.0,10,-0.0194690265486726,10,0.0,10,10,10,A76G,0.439539866128689,1.0,0.6,1.0,1.0,0.9285714285714286,1.0,0.7927421093893151,0.8333333333333334,new_glycine,candidate
176,67,M,L,-3.0662899017333984,-3.943340254600372,67,139,139,T,0.014388489208633,0.0,0.0251393489658203,0.9748606510341796,6.0,msa,139.95408227527605,0.6247950101574824,surface,4,125,True,True,True,0.45,0.45,0.0,HLA-A03_like,HLA-A03_like,RTCMTTAQG,RTCLTTAQG,0.46,0.46,0.0,GPCRTCMTTAQGTSM,GPCRTCLTTAQGTSM,0.46,0.46,0.0,0.986,1.047,0.061,7.2,24.6,31.8,internal_motif_model,0,15,19,surface_hydrophobic_gain;antibody_interface_mutation,0,10.0,10,0.0168141592920353,10,0.0,10,10,10,M125L,1.0,1.0,0.8,0.4421052631578948,0.6666666666666667,0.6607142857142857,1.0,0.7911591478696742,0.6666666666666666,antibody_interface_mutation;protected_epitope_or_contact;surface_hydrophobic_gain,candidate
177,30,L,V,-2.2024831771850586,-1.7950541969763665,30,139,55,L,1.0,0.0,0.0,1.0,24.0,msa,104.81344579017022,0.5214599293043295,surface,4,88,False,False,False,0.95,0.95,0.0,HLA-A02_like,HLA-A02_like,FIIFLFILL,FIIFLFILV,0.72,0.72,0.0,WMALRRFIIFLFILL,WMALRRFIIFLFILV,0.95,0.95,0.0,1.187,1.206,0.019,0.0,0.0,0.0,internal_motif_model,0,0,4,surface_hydrophobic_gain,0,10.0,10,0.0035398230088495,10,0.0,10,10,10,L88V,0.8051620556127792,1.0,0.19999999999999996,1.0,0.6666666666666667,0.9285714285714286,1.0,0.7908143234270044,1.0,surface_hydrophobic_gain,candidate
178,10,S,A,-2.9455654621124268,-1.570159165939117,10,139,48,S,1.0,0.0,0.0,1.0,30.0,msa,77.33913732665465,0.4989621763009977,surface,0,38,False,False,False,0.9,0.9,0.0,HLA-A02_like,HLA-A02_like,SLDSWWTSL,SLDSWWTAL,0.72,0.72,0.0,QSLDSWWTSLNFYRW,QSLDSWWTALNFYRW,0.9,0.9,0.0,0.975,0.982,0.007,0.0,0.0,0.0,internal_motif_model,0,0,4,surface_hydrophobic_gain,0,10.0,10,0.0230088495575221,10,0.0,10,10,10,S38A,0.774992029389727,1.0,0.0,1.0,1.0,0.9285714285714286,1.0,0.7866051502045747,1.0,surface_hydrophobic_gain,candidate
179,109,S,A,-2.7212560176849365,-2.9232145965363543,109,139,139,S,1.0,0.0,0.0,1.0,30.0,msa,81.76114261488271,0.5274912426766627,surface,0,167,True,False,False,0.5,0.5,0.0,HLA-A02_like,HLA-A02_like,FLWEWASAR,FLWEWAAAR,0.72,0.72,0.0,PSSWAFGKFLWEWAS,PSSWAFGKFLWEWAA,0.72,0.72,0.0,0.978,0.986,0.007,0.0,13.0,13.0,internal_motif_model,0,0,4,surface_hydrophobic_gain,0,10.0,10,0.0230088495575221,10,0.0,10,10,10,S167A,0.9565065681240245,1.0,0.0,0.7719298245614035,1.0,0.9285714285714286,1.0,0.7863697498004297,0.8333333333333334,surface_hydrophobic_gain,candidate
180,56,S,A,-2.80714750289917,-2.259767431558089,56,139,139,S,0.920863309352518,0.014388489208633,0.1196530392664537,0.8803469607335462,27.0,msa,118.9558780406117,0.7674572776813657,surface,0,114,True,False,False,0.8,0.8,0.0,HLA-A03_like,HLA-A03_like,STTSTGPCR,ATTSTGPCR,0.46,0.46,0.0,YQGMLPVCPLIPGSS,YQGMLPVCPLIPGSA,0.8,0.8,0.0,0.97,0.978,0.007,0.0,13.0,13.0,internal_motif_model,0,0,4,surface_hydrophobic_gain,0,10.0,10,0.0230088495575221,10,0.0,10,10,10,S114A,0.8675040753935888,1.0,0.09999999999999998,0.7719298245614035,1.0,0.9285714285714286,1.0,0.7791191266178208,0.8333333333333334,surface_hydrophobic_gain,candidate
181,100,F,L,-2.4369068145751953,-4.112460280708575,100,139,139,F,0.9784172661870504,0.0071942446043165,0.0393473844179827,0.9606526155820172,27.0,msa,85.74160333883407,0.3572566805784752,surface,4,158,True,False,False,0.8,0.8,0.0,HLA-B07_like,HLA-B07_like,IPIPSSWAF,IPIPSSWAL,0.72,0.72,0.0,IPSSWAFGKFLWEWA,IPSSWALGKFLWEWA,0.8,0.8,0.0,0.994,1.016,0.023,0.0,13.0,13.0,internal_motif_model,0,0,4,surface_hydrophobic_gain,0,10.0,10,0.0088495575221239,10,0.0,10,10,10,F158L,1.0,1.0,0.09999999999999998,0.7719298245614035,0.6666666666666667,0.9285714285714286,1.0,0.7789097744360903,0.8333333333333334,surface_hydrophobic_gain,candidate
182,32,A,C,-4.100556373596191,0.6648362951426634,32,139,55,C,0.0181818181818181,0.9818181818181818,0.0303351945483401,0.96966480545166,6.0,msa,57.14913921805281,0.4430165830856807,surface,0,90,False,False,False,0.95,0.95,0.0,HLA-A02_like,HLA-A02_like,FLFILLLAL,FLFILLLCL,0.72,0.72,0.0,ALRRFIIFLFILLLA,ALRRFIIFLFILLLC,0.95,0.95,0.0,1.187,1.236,0.05,0.0,0.0,0.0,internal_motif_model,10,0,10,new_cysteine,10,9.3,10,0.0061946902654866,10,-0.0099009900990099,8,10,7,A90C,0.475163832393807,0.93,0.8,1.0,1.0,0.8214285714285714,0.33333333333333337,0.7771004819079756,0.6666666666666666,new_cysteine,candidate
183,38,V,I,-2.340820550918579,-1.3850372118621408,38,139,55,V,1.0,0.0,0.0,1.0,24.0,msa,71.25006474635506,0.4094831307261785,surface,4,96,False,False,False,0.95,0.95,0.0,HLA-A02_like,HLA-A02_like,LLALIFLLV,LLALIFLLI,0.72,0.72,0.0,IFLFILLLALIFLLV,IFLFILLLALIFLLI,0.95,0.95,0.0,1.191,1.158,-0.033,0.0,0.0,0.0,internal_motif_model,0,0,4,surface_hydrophobic_gain,0,10.0,10,0.0026548672566371,10,0.0,10,10,10,V96I,0.7501576247201104,1.0,0.19999999999999996,1.0,0.6666666666666667,0.9285714285714286,1.0,0.7770632157038372,1.0,surface_hydrophobic_gain,candidate
184,6,S,A,-2.877260208129883,-1.2736059444250143,6,139,48,S,1.0,0.0,0.0,1.0,30.0,msa,65.16247499778798,0.4204030645018579,surface,0,34,False,False,False,0.9,0.9,0.0,HLA-B07_like,HLA-B07_like,IPQSLDSWW,IPQSLDAWW,0.72,0.72,0.0,QSLDSWWTSLNFYRW,QSLDAWWTSLNFYRW,0.9,0.9,0.0,0.976,0.984,0.007,0.0,0.0,0.0,internal_motif_model,0,0,4,surface_hydrophobic_gain,0,10.0,10,0.0230088495575221,10,0.0,10,10,10,S34A,0.7352089429055744,1.0,0.0,1.0,1.0,0.9285714285714286,1.0,0.7766593785835365,1.0,surface_hydrophobic_gain,candidate
185,31,L,V,-2.102501392364502,-1.3628087868417538,31,139,55,L,0.9818181818181818,0.0,0.0303351945483401,0.96966480545166,24.0,msa,108.55037025161528,0.5400515932916183,surface,4,89,False,False,False,0.95,0.95,0.0,HLA-A02_like,HLA-A02_like,FLFILLLAL,FLFILLVAL,0.72,0.72,0.0,MALRRFIIFLFILLL,MALRRFIIFLFILLV,0.95,0.95,0.0,1.195,1.214,0.019,0.0,0.0,0.0,internal_motif_model,0,0,4,surface_hydrophobic_gain,0,10.0,10,0.0035398230088495,10,0.0,10,10,10,L89V,0.7471756461380619,1.0,0.19999999999999996,1.0,0.6666666666666667,0.9285714285714286,1.0,0.7763177210583251,1.0,surface_hydrophobic_gain,candidate
186,9,T,A,-2.9048945903778076,-1.24055002149521,9,139,48,T,1.0,0.0,0.0,1.0,30.0,msa,77.25241680304495,0.449141958157238,surface,0,37,False,False,False,0.9,0.9,0.0,HLA-A02_like,HLA-A02_like,SLDSWWTSL,SLDSWWASL,0.72,0.72,0.0,QSLDSWWTSLNFYRW,QSLDSWWASLNFYRW,0.9,0.9,0.0,0.964,0.986,0.022,0.0,0.0,0.0,internal_motif_model,0,0,4,surface_hydrophobic_gain,0,10.0,10,0.0221238938053097,10,0.0,10,10,10,T37A,0.7307744382523604,1.0,0.0,1.0,1.0,0.9285714285714286,1.0,0.775550752420233,1.0,surface_hydrophobic_gain,candidate
187,18,A,F,-3.1222259998321533,0.4618275331295081,18,139,55,C,0.0181818181818181,0.0,0.0605579893382868,0.9394420106617132,12.0,msa,61.751572455561856,0.4786943601206345,surface,4,76,False,False,False,0.95,0.95,0.0,HLA-A02_like,HLA-A02_like,WMALRRFII,WMFLRRFII,0.72,0.72,0.0,LDSWWTSLNFYRWMA,LDSWWTSLNFYRWMF,0.95,0.95,0.0,0.95,0.954,0.004,0.0,0.0,0.0,internal_motif_model,0,0,4,surface_hydrophobic_gain,0,10.0,10,0.0088495575221239,10,0.0,10,10,10,A76F,0.5023977808060858,1.0,0.6,1.0,0.6666666666666667,0.9285714285714286,1.0,0.775123254725331,0.8333333333333334,surface_hydrophobic_gain,candidate
188,24,I,T,-3.1871533393859863,-1.5310429574359148,24,139,55,I,0.9818181818181818,0.0,0.0303351945483401,0.96966480545166,30.0,msa,28.052022219769505,0.1423960518770025,buried,0,82,False,False,False,0.95,0.95,0.0,HLA-A02_like,HLA-A02_like,WMALRRFII,FITFLFILL,0.72,0.72,0.0,SLNFYRWMALRRFII,SLNFYRWMALRRFIT,0.95,0.95,0.0,1.1,1.065,-0.035,0.0,0.0,0.0,internal_motif_model,0,0,10,buried_hydrophobic_loss,0,10.0,10,-0.0460176991150442,10,0.0,10,10,10,I82T,0.7697445277848893,1.0,0.0,1.0,1.0,0.8214285714285714,1.0,0.7745789890890795,0.8333333333333334,buried_hydrophobic_loss,candidate
189,37,L,I,-2.3614771366119385,-1.2358508674453788,37,139,55,L,0.9818181818181818,0.0,0.0303351945483401,0.96966480545166,24.0,msa,94.19500085111348,0.4686318450304153,surface,4,95,False,False,False,0.95,0.95,0.0,HLA-A02_like,HLA-A02_like,LLLALIFLL,LLLALIFLI,0.72,0.72,0.0,IIFLFILLLALIFLL,IIFLFILLLALIFLI,0.95,0.95,0.0,1.232,1.218,-0.014,0.0,0.0,0.0,internal_motif_model,0,0,4,surface_hydrophobic_gain,0,10.0,10,0.0061946902654866,10,0.0,10,10,10,L95I,0.7301440392601919,1.0,0.19999999999999996,1.0,0.6666666666666667,0.9285714285714286,1.0,0.7720598193388576,1.0,surface_hydrophobic_gain,candidate
190,34,I,A,-2.516878604888916,-0.1629714944705824,34,139,55,I,1.0,0.0,0.0,1.0,24.0,msa,82.1187186907143,0.4168462877701234,surface,0,92,False,False,False,0.95,0.95,0.0,HLA-A02_like,HLA-A02_like,LLLALIFLL,LLLALAFLL,0.72,0.72,0.0,RRFIIFLFILLLALI,RRFIIFLFILLLALA,0.95,0.95,0.0,1.187,1.174,-0.013,0.0,0.0,0.0,internal_motif_model,0,0,4,surface_hydrophobic_gain,0,10.0,10,-0.0238938053097345,10,0.0,10,10,10,I92A,0.5862155644178102,1.0,0.19999999999999996,1.0,1.0,0.9285714285714286,1.0,0.7694110339615955,1.0,surface_hydrophobic_gain,candidate
191,0,I,A,-4.4393229484558105,-0.152031485062821,0,139,48,I,0.9583333333333334,0.0,0.0578173184160061,0.942182681583994,24.0,msa,104.813420657429,0.5320478205960862,surface,0,28,False,False,False,0.9,0.9,0.0,HLA-B07_like,HLA-B07_like,IPQSLDSWW,APQSLDSWW,0.36,0.36,0.0,IPQSLDSWWTSLNFY,APQSLDSWWTSLNFY,0.9,0.9,0.0,1.061,1.039,-0.022,0.0,0.0,0.0,internal_motif_model,0,0,4,surface_hydrophobic_gain,0,10.0,10,-0.0238938053097345,10,0.035772973664784,10,10,10,I28A,0.5847479447501355,1.0,0.19999999999999996,1.0,1.0,0.9285714285714286,1.0,0.7690441290446768,1.0,surface_hydrophobic_gain,candidate
192,16,W,G,-3.0705037117004395,-1.007700645541405,16,139,48,W,0.9583333333333334,0.0,0.0674580772976627,0.9325419227023372,30.0,msa,80.75363385087648,0.2833460836872859,partial,0,74,False,False,False,0.95,0.9,-0.05,HLA-A02_like,HLA-A02_like,WMALRRFII,GMALRRFII,0.72,0.72,0.0,QSLDSWWTSLNFYRW,FYRGMALRRFIIFLF,0.95,0.9,-0.05,1.023,1.02,-0.003,0.0,0.0,0.0,internal_motif_model,0,0,4,new_glycine,0,10.0,10,0.0044247787610619,10,0.0,10,10,10,W74G,0.6995373240033396,1.0,0.0,1.0,1.0,0.9285714285714286,1.0,0.7677414738579778,1.0,new_glycine,candidate
193,37,L,A,-2.673393726348877,-0.1078813715299134,37,139,55,L,0.9818181818181818,0.0,0.0303351945483401,0.96966480545166,24.0,msa,94.19500085111348,0.4686318450304153,surface,0,95,False,False,False,0.95,0.95,0.0,HLA-A02_like,HLA-A02_like,LLLALIFLL,LLLALIFLA,0.72,0.72,0.0,IIFLFILLLALIFLL,IIFLFILLLALIFLA,0.95,0.95,0.0,1.232,1.206,-0.027,0.0,0.0,0.0,internal_motif_model,0,0,4,surface_hydrophobic_gain,0,10.0,10,-0.0176991150442478,10,0.0,10,10,10,L95A,0.5788251367765883,1.0,0.19999999999999996,1.0,1.0,0.9285714285714286,1.0,0.76756342705129,1.0,surface_hydrophobic_gain,candidate
194,37,L,V,-2.3046936988830566,-1.0102389641654952,37,139,55,L,0.9818181818181818,0.0,0.0303351945483401,0.96966480545166,24.0,msa,94.19500085111348,0.4686318450304153,surface,4,95,False,False,False,0.95,0.95,0.0,HLA-A02_like,HLA-A02_like,LLLALIFLL,LLLALIFLV,0.72,0.72,0.0,IIFLFILLLALIFLL,IIFLFILLLALIFLV,0.95,0.95,0.0,1.232,1.251,0.019,0.0,0.0,0.0,internal_motif_model,0,0,4,surface_hydrophobic_gain,0,10.0,10,0.0035398230088495,10,0.0,10,10,10,L95V,0.6998778434852422,1.0,0.19999999999999996,1.0,0.6666666666666667,0.9285714285714286,1.0,0.7644932703951202,1.0,surface_hydrophobic_gain,candidate
195,111,R,V,-2.774751901626587,-3.907097756200727,111,139,139,R,0.9928057553956836,0.0,0.0142429670997965,0.9857570329002034,30.0,msa,161.2357209991473,0.5884515364932383,surface,4,169,True,False,False,0.5,0.95,0.45,HLA-A02_like,HLA-A02_like,FLWEWASAR,FLWEWASAV,0.72,0.72,0.0,SWAFGKFLWEWASAR,SWAFGKFLWEWASAV,0.72,0.95,0.23,1.021,1.123,0.102,0.0,13.0,13.0,internal_motif_model,0,0,4,surface_hydrophobic_gain,0,10.0,10,0.0769911504424778,10,-0.9999900000999986,10,10,10,R169V,1.0,1.0,0.0,0.7719298245614035,0.6666666666666667,0.9285714285714286,1.0,0.7639097744360903,0.8333333333333334,surface_hydrophobic_gain,candidate
196,107,W,V,-2.8808133602142334,-4.146225787541681,107,139,139,W,0.9856115107913668,0.0,0.0284685318889823,0.9715314681110176,30.0,msa,100.07229238744928,0.3511308504822781,surface,4,165,True,False,False,0.5,0.5,0.0,HLA-A02_like,HLA-A02_like,FGKFLWEWA,FGKFLWEVA,0.72,0.72,0.0,IPSSWAFGKFLWEWA,IPSSWAFGKFLWEVA,0.72,0.72,0.0,1.004,1.074,0.07,0.0,13.0,13.0,internal_motif_model,0,0,4,surface_hydrophobic_gain,0,10.0,10,0.0451327433628319,10,0.0,10,10,10,W165V,1.0,1.0,0.0,0.7719298245614035,0.6666666666666667,0.9285714285714286,1.0,0.7639097744360903,0.8333333333333334,surface_hydrophobic_gain,candidate
197,8,W,V,-2.90981388092041,-1.8515968055892813,8,139,48,W,1.0,0.0,0.0,1.0,30.0,msa,205.54529670568476,0.7212115673883676,surface,4,36,False,False,False,0.9,0.95,0.05,HLA-B07_like,HLA-A03_like,IPQSLDSWW,WVTSLNFYR,0.72,0.72,0.0,QSLDSWWTSLNFYRW,QSLDSWVTSLNFYRW,0.9,0.95,0.05,0.976,1.046,0.07,0.0,0.0,0.0,internal_motif_model,0,0,4,surface_hydrophobic_gain,0,10.0,10,0.0451327433628319,10,0.0,10,10,10,W36V,0.8127473365178468,1.0,0.0,1.0,0.6666666666666667,0.9285714285714286,1.0,0.7627106436532712,1.0,surface_hydrophobic_gain,candidate
198,104,L,A,-2.878992795944214,-0.7741515852763143,104,139,139,L,1.0,0.0,0.0,1.0,24.0,msa,77.01586744260025,0.3831635196149266,surface,0,162,True,False,False,0.5,0.95,0.45,HLA-A02_like,HLA-A03_like,FGKFLWEWA,FAWEWASAR,0.72,0.72,0.0,IPSSWAFGKFLWEWA,IPSSWAFGKFAWEWA,0.72,0.95,0.23,0.969,0.942,-0.027,0.0,7.8,7.8,internal_motif_model,0,0,4,surface_hydrophobic_gain,0,10.0,10,-0.0176991150442478,10,0.0,10,10,10,L162A,0.6682063459907577,1.0,0.19999999999999996,0.8631578947368421,1.0,0.9285714285714286,1.0,0.7625403083022008,0.8333333333333334,surface_hydrophobic_gain,candidate
199,56,S,P,-2.5782675743103027,-2.8321203378397684,56,139,139,S,0.920863309352518,0.0071942446043165,0.1196530392664537,0.8803469607335462,27.0,msa,118.9558780406117,0.7674572776813657,surface,0,114,True,False,False,0.8,0.8,0.0,HLA-A03_like,HLA-A03_like,STTSTGPCR,PTTSTGPCR,0.46,0.46,0.0,YQGMLPVCPLIPGSS,YQGMLPVCPLIPGSP,0.8,0.8,0.0,0.97,0.978,0.007,0.0,13.0,13.0,internal_motif_model,0,0,8,new_proline,5,9.2,10,-0.0070796460176991,10,0.0,6,10,10,S114P,0.9442861283883404,0.9199999999999999,0.09999999999999998,0.7719298245614035,1.0,0.8571428571428572,0.6666666666666667,0.7625051160569849,0.6666666666666666,new_proline,candidate
200,54,G,P,-2.1536412239074707,-3.482102334005134,54,139,139,G,0.9928057553956836,0.0,0.0142429670997965,0.9857570329002034,30.0,msa,91.16093863087076,0.8765474868352958,surface,0,112,True,False,False,0.45,0.45,0.0,HLA-B07_like,HLA-B07_like,IPGSSTTST,IPPSSTTST,0.46,0.46,0.0,LDYQGMLPVCPLIPG,LDYQGMLPVCPLIPP,0.46,0.46,0.0,1.039,1.066,0.027,0.0,13.0,13.0,internal_motif_model,0,0,8,new_proline,5,9.2,10,-0.0106194690265487,10,0.0,6,10,10,G112P,1.0,0.9199999999999999,0.0,0.7719298245614035,1.0,0.8571428571428572,0.6666666666666667,0.7614335839598998,0.6666666666666666,new_proline,candidate
201,3,S,G,-2.9935944080352783,-0.6957578904492152,3,139,48,S,0.9791666666666666,0.0,0.033803026545712,0.966196973454288,30.0,msa,66.44591612774433,0.428683329856415,surface,0,31,False,False,False,0.9,0.9,0.0,HLA-B07_like,HLA-A02_like,IPQSLDSWW,GLDSWWTSL,0.72,0.72,0.0,QSLDSWWTSLNFYRW,QGLDSWWTSLNFYRW,0.9,0.9,0.0,1.053,1.033,-0.02,0.0,0.0,0.0,internal_motif_model,0,0,4,new_glycine,0,10.0,10,0.0035398230088495,10,0.0,10,10,10,S31G,0.6576897071048421,1.0,0.0,1.0,1.0,0.9285714285714286,1.0,0.7572795696333534,1.0,new_glycine,candidate
202,36,L,A,-2.632941484451294,0.2956155464953554,36,139,55,L,0.9636363636363636,0.0,0.0521442361324774,0.9478557638675226,24.0,msa,98.91147390194784,0.4920968850843175,surface,0,94,False,False,False,0.95,0.95,0.0,HLA-A02_like,HLA-A02_like,LLLALIFLL,LLLALIFAL,0.72,0.72,0.0,FIIFLFILLLALIFL,FIIFLFILLLALIFA,0.95,0.95,0.0,1.232,1.206,-0.027,0.0,0.0,0.0,internal_motif_model,0,0,4,surface_hydrophobic_gain,0,10.0,10,-0.0176991150442478,10,0.0,10,10,10,L94A,0.5246953832573706,1.0,0.19999999999999996,1.0,1.0,0.9285714285714286,1.0,0.7540309886714855,0.8333333333333334,surface_hydrophobic_gain,candidate
203,110,A,V,-3.2154037952423096,2.076410650239239,110,139,139,V,0.4172661870503597,0.5827338129496403,0.2267873717109939,0.773212628289006,0.0,msa,76.82601471535853,0.5955505016694459,surface,4,168,True,False,False,0.5,0.5,0.0,HLA-A02_like,HLA-A02_like,FLWEWASAR,FLWEWASVR,0.72,0.72,0.0,SSWAFGKFLWEWASA,SSWAFGKFLWEWASV,0.72,0.72,0.0,0.999,1.053,0.053,0.0,7.8,7.8,internal_motif_model,0,0,4,surface_hydrophobic_gain,0,10.0,10,0.0212389380530972,10,0.0,10,10,10,A168V,0.2857988868339474,1.0,1.0,0.8631578947368421,0.6666666666666667,0.9285714285714286,1.0,0.7536051101796648,0.6666666666666666,surface_hydrophobic_gain,candidate
204,105,W,S,-2.3869447708129883,-2.6352848234828627,105,139,137,W,1.0,0.0,0.0,1.0,30.0,msa,182.03016153429976,0.6387023211729816,surface,0,163,True,False,False,0.5,0.5,0.0,HLA-A02_like,HLA-A02_like,FGKFLWEWA,FGKFLSEWA,0.72,0.54,-0.18,IPSSWAFGKFLWEWA,IPSSWAFGKFLSEWA,0.72,0.54,-0.18,0.996,1.013,0.017,10.0,13.0,23.0,internal_motif_model,0,0,0,,0,10.0,10,0.0008849557522123,10,0.0,10,10,10,W163S,0.9178803309708234,1.0,0.0,0.5964912280701755,1.0,1.0,1.0,0.748768328356741,0.8333333333333334,,candidate
205,111,R,S,-2.434800863265991,-1.5878739653091998,111,139,139,R,0.9928057553956836,0.0,0.0142429670997965,0.9857570329002034,30.0,msa,161.2357209991473,0.5884515364932383,surface,0,169,True,False,False,0.5,0.5,0.0,HLA-A02_like,HLA-A02_like,FLWEWASAR,FLWEWASAS,0.72,0.72,0.0,SWAFGKFLWEWASAR,SWAFGKFLWEWASAS,0.72,0.72,0.0,1.021,1.049,0.028,0.0,13.0,13.0,internal_motif_model,0,0,0,,0,10.0,10,0.0327433628318584,10,-0.9999900000999986,10,10,10,R169S,0.7773684979095805,1.0,0.0,0.7719298245614035,1.0,1.0,1.0,0.7487280893896758,0.8333333333333334,,candidate
206,26,L,A,-2.744758367538452,0.6921779624647115,26,139,55,L,1.0,0.0,0.0,1.0,24.0,msa,65.21615853305252,0.3244585001644404,partial,0,84,False,False,False,0.95,0.95,0.0,HLA-A02_like,HLA-A02_like,FIIFLFILL,FIIFAFILL,0.72,0.72,0.0,NFYRWMALRRFIIFL,NFYRWMALRRFIIFA,0.95,0.95,0.0,1.163,1.136,-0.027,0.0,0.0,0.0,internal_motif_model,0,0,0,,0,10.0,10,-0.0176991150442478,10,0.0,10,10,10,L84A,0.47149590422179,1.0,0.19999999999999996,1.0,1.0,1.0,1.0,0.7478739760554476,0.8333333333333334,,candidate
207,105,W,A,-2.6980795860290527,-1.7442525332462822,105,139,137,W,1.0,0.0,0.0,1.0,30.0,msa,182.03016153429976,0.6387023211729816,surface,0,163,True,False,False,0.5,0.5,0.0,HLA-A02_like,HLA-A02_like,FGKFLWEWA,FGKFLAEWA,0.72,0.72,0.0,IPSSWAFGKFLWEWA,IPSSWAFGKFLAEWA,0.72,0.72,0.0,0.996,1.02,0.024,0.0,13.0,13.0,internal_motif_model,0,0,4,surface_hydrophobic_gain,0,10.0,10,0.0238938053097345,10,0.0,10,10,10,W163A,0.7983469315976227,1.0,0.0,0.7719298245614035,1.0,0.9285714285714286,1.0,0.7468298406688293,0.8333333333333334,surface_hydrophobic_gain,candidate
208,6,S,D,-2.7596895694732666,-0.1644230905824031,6,139,48,S,1.0,0.0,0.0,1.0,30.0,msa,65.16247499778798,0.4204030645018579,surface,0,34,False,False,False,0.9,0.9,0.0,HLA-B07_like,HLA-B07_like,IPQSLDSWW,IPQSLDDWW,0.72,0.72,0.0,QSLDSWWTSLNFYRW,QSLDDWWTSLNFYRW,0.9,0.9,0.0,0.976,0.956,-0.021,0.0,0.0,0.0,internal_motif_model,0,0,0,,0,10.0,10,-0.0238938053097345,10,-0.9988792390601552,10,10,10,S34D,0.5864102983457096,1.0,0.0,1.0,1.0,1.0,1.0,0.7466025745864274,1.0,,candidate
209,14,Y,W,-3.2253332138061523,-0.4761439230447308,14,139,48,Y,1.0,0.0,0.0,1.0,24.0,msa,146.97568008612603,0.5588428900613157,surface,4,72,False,False,False,0.9,0.9,0.0,HLA-A02_like,HLA-A02_like,SLNFYRWMA,SLNFWRWMA,0.72,0.72,0.0,QSLDSWWTSLNFYRW,QSLDSWWTSLNFWRW,0.9,0.9,0.0,0.981,0.943,-0.038,0.0,0.0,0.0,internal_motif_model,0,0,4,surface_hydrophobic_gain,0,10.0,10,0.0035398230088495,10,0.000999000999001,10,10,10,Y72W,0.6282281439703308,1.0,0.19999999999999996,1.0,0.6666666666666667,0.9285714285714286,1.0,0.7465808455163923,1.0,surface_hydrophobic_gain,candidate
210,12,N,R,-2.3860039710998535,-0.3424998466068416,12,139,48,N,0.9791666666666666,0.0,0.033803026545712,0.966196973454288,30.0,msa,82.36373778495309,0.4223781424869389,surface,0,40,False,False,False,0.9,0.9,0.0,HLA-A02_like,HLA-A02_like,SLNFYRWMA,SLRFYRWMA,0.72,0.72,0.0,QSLDSWWTSLNFYRW,QSLDSWWTSLRFYRW,0.9,0.9,0.0,1.01,1.024,0.014,0.0,0.0,0.0,internal_motif_model,0,0,0,,0,9.6,10,-0.0088495575221239,10,0.9999900000999986,8,10,10,N40R,0.610299578487624,0.96,0.0,1.0,1.0,1.0,1.0,0.746574894621906,1.0,,candidate
211,27,F,C,-3.715261936187744,-2.0027189442276665,27,139,55,F,1.0,0.0,0.0,1.0,30.0,msa,59.72269422076173,0.2488445592531738,partial,0,85,False,False,False,0.95,0.95,0.0,HLA-A02_like,HLA-A02_like,FIIFLFILL,FIIFLCILL,0.72,0.72,0.0,FYRWMALRRFIIFLF,FYRWMALRRFIIFLC,0.95,0.95,0.0,1.177,1.222,0.046,0.0,0.0,0.0,internal_motif_model,10,0,10,new_cysteine,10,9.3,10,-0.0026548672566371,10,-0.0099009900990099,8,10,7,F85C,0.8330206118524567,0.93,0.0,1.0,1.0,0.8214285714285714,0.33333333333333337,0.746564676772638,0.8333333333333334,new_cysteine,candidate
212,105,W,R,-2.7786271572113037,-2.746996096415586,105,139,137,W,1.0,0.0,0.0,1.0,30.0,msa,182.03016153429976,0.6387023211729816,surface,0,163,True,False,False,0.5,0.5,0.0,HLA-A02_like,HLA-A02_like,FGKFLWEWA,FGKFLREWA,0.72,0.54,-0.18,IPSSWAFGKFLWEWA,WAFGKFLREWASARF,0.72,0.54,-0.18,0.996,0.993,-0.003,10.0,13.0,23.0,internal_motif_model,0,0,0,,0,9.6,10,-0.031858407079646,10,0.9999900000999986,8,10,10,W163R,0.9328665759680842,0.96,0.0,0.5964912280701755,1.0,1.0,1.0,0.7465148896060562,0.8333333333333334,,candidate
213,38,V,T,-3.5656886100769043,-0.1569207826591423,38,139,55,V,1.0,0.0,0.0,1.0,30.0,msa,71.25006474635506,0.4094831307261785,surface,0,96,False,False,False,0.95,0.95,0.0,HLA-A02_like,HLA-A02_like,LLALIFLLV,LALIFLLTL,0.72,0.72,0.0,IFLFILLLALIFLLV,IFLFILLLALIFLLT,0.95,0.95,0.0,1.191,1.124,-0.068,0.0,0.0,0.0,internal_motif_model,0,0,0,,0,10.0,10,-0.043362831858407,10,0.0,10,10,10,V96T,0.5854038518015852,1.0,0.0,1.0,1.0,1.0,1.0,0.7463509629503963,1.0,,candidate
214,97,S,T,-2.840881824493408,0.2381999857270216,97,139,139,S,1.0,0.0,0.0,1.0,24.0,msa,41.1639743807217,0.2655740282627206,partial,0,155,True,False,False,0.8,0.8,0.0,HLA-A02_like,HLA-A02_like,CIPIPSSWA,CIPIPSTWA,0.72,0.72,0.0,IPSSWAFGKFLWEWA,IPSTWAFGKFLWEWA,0.8,0.8,0.0,1.041,1.026,-0.015,0.0,4.8,4.8,internal_motif_model,0,0,0,,0,10.0,10,0.0008849557522123,10,0.0,10,10,10,S155T,0.53239777208296,1.0,0.19999999999999996,0.9157894736842105,1.0,1.0,1.0,0.7462573377575822,0.6666666666666666,,candidate
215,28,I,L,-0.9970988035202026,0.7466454866067807,28,139,55,I,1.0,0.0,0.0,1.0,24.0,msa,49.63103153785892,0.2519341702429387,partial,0,86,False,False,False,0.95,0.95,0.0,HLA-A02_like,HLA-A02_like,FIIFLFILL,FIIFLFLLL,0.72,0.72,0.0,YRWMALRRFIIFLFI,YRWMALRRFIIFLFL,0.95,0.95,0.0,1.191,1.205,0.014,0.0,0.0,0.0,internal_motif_model,0,0,0,,0,10.0,10,-0.0061946902654868,10,0.0,10,10,10,I86L,0.46418899919995893,1.0,0.19999999999999996,1.0,1.0,1.0,1.0,0.7460472497999898,0.8333333333333334,,candidate
216,22,F,K,-3.2136340141296387,-0.31695949278037,22,139,55,F,0.9818181818181818,0.0,0.0303351945483401,0.96966480545166,30.0,msa,62.66473290899549,0.2611030537874812,partial,0,80,False,False,False,0.95,0.95,0.0,HLA-A02_like,HLA-A02_like,WMALRRFII,WMALRRKII,0.72,0.72,0.0,WTSLNFYRWMALRRF,WTSLNFYRWMALRRK,0.95,0.95,0.0,1.069,1.046,-0.023,0.0,0.0,0.0,internal_motif_model,0,0,0,,0,9.6,10,-0.0592920353982301,10,0.9990009990009998,8,10,10,F80K,0.6068732993869396,0.96,0.0,1.0,1.0,1.0,1.0,0.745718324846735,1.0,,candidate
217,9,T,K,-2.880357265472412,-0.3167510691772577,9,139,48,T,1.0,0.0,0.0,1.0,30.0,msa,77.25241680304495,0.449141958157238,surface,0,37,False,False,False,0.9,0.9,0.0,HLA-A02_like,HLA-A02_like,SLDSWWTSL,SLDSWWKSL,0.72,0.72,0.0,QSLDSWWTSLNFYRW,QSLDSWWKSLNFYRW,0.9,0.9,0.0,0.964,0.967,0.003,0.0,0.0,0.0,internal_motif_model,0,0,0,,0,9.6,10,-0.0283185840707965,10,0.9990009990009998,8,10,10,T37K,0.6068453390289787,0.96,0.0,1.0,1.0,1.0,1.0,0.7457113347572447,1.0,,candidate
218,34,I,L,-1.203979253768921,-0.4468093136206335,34,139,55,I,1.0,0.0,0.0,1.0,24.0,msa,82.1187186907143,0.4168462877701234,surface,4,92,False,False,False,0.95,0.95,0.0,HLA-A02_like,HLA-A02_like,LLLALIFLL,LLLALLFLL,0.72,0.72,0.0,RRFIIFLFILLLALI,RRFIIFLFILLLALL,0.95,0.95,0.0,1.187,1.201,0.014,0.0,0.0,0.0,internal_motif_model,0,0,4,surface_hydrophobic_gain,0,10.0,10,-0.0061946902654868,10,0.0,10,10,10,I92L,0.6242928594445405,1.0,0.19999999999999996,1.0,0.6666666666666667,0.9285714285714286,1.0,0.7455970243849447,1.0,surface_hydrophobic_gain,candidate
219,69,T,D,-3.0433385372161865,-4.362368624522048,69,139,139,P,0.1223021582733813,0.0,0.2539233102813905,0.7460766897186095,12.0,msa,59.26653496746049,0.3445728777177935,partial,0,127,True,True,True,0.45,0.45,0.0,HLA-A03_like,HLA-A03_like,RTCMTTAQG,RTCMTDAQG,0.46,0.46,0.0,GPCRTCMTTAQGTSM,GPCRTCMTDAQGTSM,0.46,0.46,0.0,1.001,0.995,-0.006,12.0,36.0,48.0,internal_motif_model,0,15,15,antibody_interface_mutation,0,10.0,10,-0.0247787610619469,10,-0.9988792390601552,10,10,10,T127D,1.0,1.0,0.6,0.1578947368421053,1.0,0.7321428571428572,1.0,0.7447932330827067,0.6666666666666666,antibody_interface_mutation;protected_epitope_or_contact,candidate
220,0,I,P,-4.086647033691406,-1.3856436232682654,0,139,48,I,0.9583333333333334,0.0,0.0578173184160061,0.942182681583994,30.0,msa,104.813420657429,0.5320478205960862,surface,0,28,False,False,False,0.9,0.9,0.0,HLA-B07_like,HLA-B07_like,IPQSLDSWW,PPQSLDSWW,0.36,0.36,0.0,IPQSLDSWWTSLNFY,PPQSLDSWWTSLNFY,0.9,0.9,0.0,1.061,1.039,-0.022,0.0,0.0,0.0,internal_motif_model,0,0,8,new_proline,5,9.2,10,-0.0539823008849557,10,0.1984272533890525,6,10,10,I28P,0.7502389757750464,0.9199999999999999,0.0,1.0,1.0,0.8571428571428572,0.6666666666666667,0.7446073629913806,0.8333333333333334,new_proline,candidate
221,0,I,V,-4.451381683349609,-0.4136109623946424,0,139,48,I,0.9583333333333334,0.0,0.0578173184160061,0.942182681583994,24.0,msa,104.813420657429,0.5320478205960862,surface,4,28,False,False,False,0.9,0.9,0.0,HLA-B07_like,HLA-B07_like,IPQSLDSWW,VPQSLDSWW,0.36,0.36,0.0,IPQSLDSWWTSLNFY,VPQSLDSWWTSLNFY,0.9,0.9,0.0,1.061,1.119,0.058,0.0,0.0,0.0,internal_motif_model,0,0,4,surface_hydrophobic_gain,0,10.0,10,-0.0026548672566371,10,-0.0261132242341499,10,10,10,I28V,0.6198392478087886,1.0,0.19999999999999996,1.0,0.6666666666666667,0.9285714285714286,1.0,0.7444836214760068,1.0,surface_hydrophobic_gain,candidate
222,105,W,V,-2.9667577743530273,-2.6432489087503086,105,139,137,W,1.0,0.0,0.0,1.0,30.0,msa,182.03016153429976,0.6387023211729816,surface,4,163,True,False,False,0.5,0.5,0.0,HLA-A02_like,HLA-A02_like,FGKFLWEWA,FGKFLVEWA,0.72,0.72,0.0,IPSSWAFGKFLWEWA,IPSSWAFGKFLVEWA,0.72,0.72,0.0,0.996,1.066,0.07,0.0,13.0,13.0,internal_motif_model,0,0,4,surface_hydrophobic_gain,0,10.0,10,0.0451327433628319,10,0.0,10,10,10,W163V,0.9189487256803609,1.0,0.0,0.7719298245614035,0.6666666666666667,0.9285714285714286,1.0,0.7436469558561805,0.8333333333333334,surface_hydrophobic_gain,candidate
223,98,W,L,-2.810150623321533,-2.194272638601177,98,139,139,W,0.9784172661870504,0.0215827338129496,0.0347616222042651,0.9652383777957348,27.0,msa,109.61927830244328,0.3846290466752396,surface,4,156,True,False,False,0.8,0.8,0.0,HLA-A02_like,HLA-A02_like,CIPIPSSWA,CIPIPSSLA,0.72,0.72,0.0,IPSSWAFGKFLWEWA,IPSSLAFGKFLWEWA,0.8,0.8,0.0,1.001,1.052,0.051,0.0,13.0,13.0,internal_motif_model,0,0,4,surface_hydrophobic_gain,0,10.0,10,0.0415929203539822,10,0.0,10,10,10,W156L,0.8587178447157926,1.0,0.09999999999999998,0.7719298245614035,0.6666666666666667,0.9285714285714286,1.0,0.7435892356150384,0.8333333333333334,surface_hydrophobic_gain,candidate
224,9,T,E,-3.0468807220458984,-0.0528210356933414,9,139,48,T,1.0,0.0,0.0,1.0,30.0,msa,77.25241680304495,0.449141958157238,surface,0,37,False,False,False,0.9,0.9,0.0,HLA-A02_like,HLA-A02_like,SLDSWWTSL,SLDSWWESL,0.72,0.72,0.0,QSLDSWWTSLNFYRW,QSLDSWWESLNFYRW,0.9,0.9,0.0,0.964,0.955,-0.008,0.0,0.0,0.0,internal_motif_model,0,0,0,,0,10.0,10,-0.0247787610619469,10,-0.99718953802679,10,10,10,T37E,0.5714387051227725,1.0,0.0,1.0,1.0,1.0,1.0,0.7428596762806932,1.0,,candidate
225,36,L,M,-4.075848579406738,-0.356780274907635,36,139,55,L,0.9636363636363636,0.0,0.0521442361324774,0.9478557638675226,24.0,msa,98.91147390194784,0.4920968850843175,surface,4,94,False,False,False,0.95,0.95,0.0,HLA-A02_like,HLA-A02_like,LLLALIFLL,LLLALIFML,0.72,0.72,0.0,FIIFLFILLLALIFL,FIIFLFILLLALIFM,0.95,0.95,0.0,1.232,1.172,-0.061,0.0,0.0,0.0,internal_motif_model,0,0,4,surface_hydrophobic_gain,0,10.0,10,-0.0168141592920353,10,0.0,10,10,10,L94M,0.6122153206644263,1.0,0.19999999999999996,1.0,0.6666666666666667,0.9285714285714286,1.0,0.7425776396899162,1.0,surface_hydrophobic_gain,candidate
226,75,M,A,-2.820490837097168,-2.2754208428599156,75,139,139,M,0.8992805755395683,0.0,0.1457327329274661,0.8542672670725339,16.0,msa,172.79632957501562,0.7714121856027483,surface,0,133,True,True,True,0.4,0.4,0.0,HLA-A02_like,HLA-A02_like,MTTAQGTSM,MTTAQGTSA,0.46,0.46,0.0,GPCRTCMTTAQGTSM,GPCRTCMTTAQGTSA,0.46,0.46,0.0,0.98,1.014,0.034,7.2,24.6,31.8,internal_motif_model,0,15,19,surface_hydrophobic_gain;antibody_interface_mutation,0,10.0,10,-0.0008849557522123,10,0.0,10,10,10,M133A,0.8696040054244044,1.0,0.4666666666666667,0.4421052631578948,1.0,0.6607142857142857,1.0,0.7418934825591086,0.6666666666666666,antibody_interface_mutation;protected_epitope_or_contact;surface_hydrophobic_gain,candidate
227,90,T,I,-3.0468533039093018,-0.848442153757361,90,139,139,T,1.0,0.0,0.0,1.0,30.0,msa,44.37411658601282,0.2579890499186791,partial,0,148,True,False,False,0.35,0.35,0.0,HLA-A02_like,HLA-A02_like,DGNCTCIPI,TKPSDGNCI,0.46,0.46,0.0,CTCIPIPSSWAFGKF,CICIPIPSSWAFGKF,0.46,0.46,0.0,1.086,1.12,0.035,0.0,8.0,8.0,internal_motif_model,0,0,0,,0,10.0,10,0.0460176991150441,10,0.0,10,10,10,T148I,0.6781725439492505,1.0,0.0,0.8596491228070176,1.0,1.0,1.0,0.7414729605487161,0.8333333333333334,,candidate
228,40,L,R,-3.305981159210205,-0.1724805256866091,40,139,55,L,1.0,0.0,0.0,1.0,30.0,msa,47.09750042555674,0.2343159225152076,partial,0,98,False,False,False,0.95,0.95,0.0,HLA-A02_like,HLA-A02_like,LVLLDYQGM,LVLRDYQGM,0.72,0.72,0.0,LFILLLALIFLLVLL,LFILLLALIFLLVLR,0.95,0.95,0.0,1.168,1.114,-0.054,0.0,0.0,0.0,internal_motif_model,0,0,0,,0,9.6,10,-0.0734513274336283,10,0.9999900000999986,8,10,10,L98R,0.5874912160843686,0.96,0.0,1.0,1.0,1.0,1.0,0.7408728040210921,1.0,,candidate
229,21,R,V,-2.824200391769409,0.019533301698857,21,139,55,R,1.0,0.0,0.0,1.0,30.0,msa,39.601522124014735,0.1445311026423895,buried,0,79,False,False,False,0.95,0.95,0.0,HLA-A02_like,HLA-A02_like,WMALRRFII,WMALRVFII,0.72,0.72,0.0,WWTSLNFYRWMALRR,WWTSLNFYRWMALRV,0.95,0.95,0.0,1.065,1.138,0.073,0.0,0.0,0.0,internal_motif_model,0,0,0,,0,10.0,10,0.0769911504424778,10,-0.9999900000999986,10,10,10,R79V,0.5617322556454043,1.0,0.0,1.0,1.0,1.0,1.0,0.7404330639113511,0.8333333333333334,,candidate
230,107,W,T,-2.7418553829193115,-1.3293205737347762,107,139,139,W,0.9856115107913668,0.0,0.0284685318889823,0.9715314681110176,30.0,msa,100.07229238744928,0.3511308504822781,surface,0,165,True,False,False,0.5,0.5,0.0,HLA-A02_like,HLA-A02_like,FGKFLWEWA,FGKFLWETA,0.72,0.72,0.0,IPSSWAFGKFLWEWA,IPSSWAFGKFLWETA,0.72,0.72,0.0,1.004,1.006,0.002,0.0,13.0,13.0,internal_motif_model,0,0,0,,0,10.0,10,0.0017699115044248,10,0.0,10,10,10,W165T,0.7426831490698036,1.0,0.0,0.7719298245614035,1.0,1.0,1.0,0.7400567521797317,0.8333333333333334,,candidate
231,27,F,V,-1.9273275136947632,0.0361392931184241,27,139,55,F,1.0,0.0,0.0,1.0,30.0,msa,59.72269422076173,0.2488445592531738,partial,0,85,False,False,False,0.95,0.95,0.0,HLA-A02_like,HLA-A02_like,FIIFLFILL,FIIFLVILL,0.72,0.72,0.0,FYRWMALRRFIIFLF,FYRWMALRRFIIFLV,0.95,0.95,0.0,1.177,1.218,0.042,0.0,0.0,0.0,internal_motif_model,0,0,0,,0,10.0,10,0.0123893805309733,10,0.0,10,10,10,F85V,0.5595045354762329,1.0,0.0,1.0,1.0,1.0,1.0,0.7398761338690583,0.8333333333333334,,candidate
232,19,L,T,-2.780327558517456,0.0424987176439515,19,139,55,L,1.0,0.0,0.0,1.0,30.0,msa,64.0085303170126,0.3184503995871273,partial,0,77,False,False,False,0.95,0.95,0.0,HLA-A02_like,HLA-A02_like,WMALRRFII,WMATRRFII,0.72,0.72,0.0,DSWWTSLNFYRWMAL,DSWWTSLNFYRWMAT,0.95,0.95,0.0,0.981,0.933,-0.049,0.0,0.0,0.0,internal_motif_model,0,0,0,,0,10.0,10,-0.0398230088495575,10,0.0,10,10,10,L77T,0.558651408558249,1.0,0.0,1.0,1.0,1.0,1.0,0.7396628521395623,0.8333333333333334,,candidate
233,54,G,R,-3.256814479827881,-1.0252486388200737,54,139,139,G,0.9928057553956836,0.0071942446043165,0.0142429670997965,0.9857570329002034,27.0,msa,91.16093863087076,0.8765474868352958,surface,0,112,True,False,False,0.45,0.5,0.05,HLA-B07_like,HLA-A02_like,IPGSSTTST,LIPRSSTTS,0.46,0.46,0.0,LDYQGMLPVCPLIPG,LDYQGMLPVCPLIPR,0.46,0.5,0.04,1.039,1.039,-0.0,0.0,13.0,13.0,internal_motif_model,0,0,0,,0,9.6,10,-0.036283185840708,10,0.9999900000999986,8,10,10,G112R,0.7018914152206404,0.96,0.09999999999999998,0.7719298245614035,1.0,1.0,1.0,0.7388588187174409,0.8333333333333334,,candidate
234,17,M,K,-2.677659749984741,-0.055352624586817,17,139,55,M,1.0,0.0,0.0,1.0,30.0,msa,71.16238917857868,0.3176892374043691,partial,0,75,False,False,False,0.95,0.9,-0.05,HLA-A02_like,HLA-A03_like,WMALRRFII,TSLNFYRWK,0.72,0.72,0.0,SLDSWWTSLNFYRWM,SLDSWWTSLNFYRWK,0.95,0.9,-0.05,0.991,1.006,0.015,0.0,0.0,0.0,internal_motif_model,0,0,0,,0,9.6,10,-0.0513274336283185,10,0.9990009990009998,8,10,10,M75K,0.5717783218006061,0.96,0.0,1.0,1.0,1.0,1.0,0.7369445804501515,1.0,,candidate
235,7,W,A,-2.9494733810424805,0.1296157226287277,7,139,48,W,1.0,0.0,0.0,1.0,30.0,msa,62.68686228764738,0.219953902763675,partial,0,35,False,False,False,0.9,0.9,0.0,HLA-B07_like,HLA-B07_like,IPQSLDSWW,IPQSLDSAW,0.72,0.72,0.0,QSLDSWWTSLNFYRW,QSLDSAWTSLNFYRW,0.9,0.9,0.0,0.976,1.001,0.024,0.0,0.0,0.0,internal_motif_model,0,0,0,,0,10.0,10,0.0238938053097345,10,0.0,10,10,10,W35A,0.5469645237358399,1.0,0.0,1.0,1.0,1.0,1.0,0.73674113093396,0.8333333333333334,,candidate
236,33,L,A,-2.3239707946777344,1.0242456006302805,33,139,55,L,1.0,0.0,0.0,1.0,24.0,msa,51.677804284413895,0.2571035039025567,partial,0,91,False,False,False,0.95,0.95,0.0,HLA-A02_like,HLA-A02_like,FLFILLLAL,FLFILLLAA,0.72,0.72,0.0,LRRFIIFLFILLLAL,LRRFIIFLFILLLAA,0.95,0.95,0.0,1.187,1.16,-0.027,0.0,0.0,0.0,internal_motif_model,0,0,0,,0,10.0,10,-0.0176991150442478,10,0.0,10,10,10,L91A,0.42694850224018355,1.0,0.19999999999999996,1.0,1.0,1.0,1.0,0.7367371255600459,0.8333333333333334,,candidate
237,25,F,T,-3.059309959411621,0.1366551693717781,25,139,55,F,1.0,0.0,0.0,1.0,30.0,msa,42.52143143359662,0.1771726309733192,partial,0,83,False,False,False,0.95,0.95,0.0,HLA-A02_like,HLA-A02_like,FIIFLFILL,FIITLFILL,0.72,0.72,0.0,LNFYRWMALRRFIIF,LNFYRWMALRRFIIT,0.95,0.95,0.0,1.14,1.114,-0.026,0.0,0.0,0.0,internal_motif_model,0,0,0,,0,10.0,10,-0.0309734513274336,10,0.0,10,10,10,F83T,0.5460201707554557,1.0,0.0,1.0,1.0,1.0,1.0,0.736505042688864,0.8333333333333334,,candidate
238,101,G,C,-3.1089835166931152,0.1504482546388885,101,139,139,A,0.3884892086330935,0.0,0.2617420822038793,0.7382579177961207,12.0,msa,34.06803392131721,0.3275772492434347,partial,0,159,True,False,False,0.5,0.5,0.0,HLA-A02_like,HLA-A02_like,FGKFLWEWA,WAFCKFLWE,0.72,0.72,0.0,IPSSWAFGKFLWEWA,IPSSWAFCKFLWEWA,0.72,0.72,0.0,1.028,1.104,0.077,0.0,8.0,8.0,internal_motif_model,10,0,10,new_cysteine,10,9.3,10,0.0256637168141592,10,-0.0099009900990099,8,10,7,G159C,0.5441698064219878,0.93,0.6,0.8596491228070176,1.0,0.8214285714285714,0.33333333333333337,0.7362817999764244,0.5,new_cysteine,candidate
239,0,I,T,-4.505532264709473,0.1490674693376377,0,139,48,I,0.9583333333333334,0.0,0.0578173184160061,0.942182681583994,30.0,msa,104.813420657429,0.5320478205960862,surface,0,28,False,False,False,0.9,0.9,0.0,HLA-B07_like,HLA-B07_like,IPQSLDSWW,TPQSLDSWW,0.36,0.36,0.0,IPQSLDSWWTSLNFY,TPQSLDSWWTSLNFY,0.9,0.9,0.0,1.061,1.0,-0.061,0.0,0.0,0.0,internal_motif_model,0,0,0,,0,10.0,10,-0.0460176991150442,10,-0.3619050198226743,10,10,10,I28T,0.5443550409669886,1.0,0.0,1.0,1.0,1.0,1.0,0.7360887602417472,0.8333333333333334,,candidate
240,75,M,L,-2.788644313812256,-2.6476437773822,75,139,139,M,0.8992805755395683,0.0359712230215827,0.1457327329274661,0.8542672670725339,13.0,msa,172.79632957501562,0.7714121856027483,surface,4,133,True,True,True,0.4,0.4,0.0,HLA-A02_like,HLA-A02_like,MTTAQGTSM,MTTAQGTSL,0.46,0.46,0.0,GPCRTCMTTAQGTSM,GPCRTCMTTAQGTSL,0.46,0.46,0.0,0.98,1.04,0.061,7.2,24.6,31.8,internal_motif_model,0,15,19,surface_hydrophobic_gain;antibody_interface_mutation,0,10.0,10,0.0168141592920353,10,0.0,10,10,10,M133L,0.9195383042995927,1.0,0.5666666666666667,0.4421052631578948,0.6666666666666667,0.6607142857142857,1.0,0.7360437239445724,0.6666666666666666,antibody_interface_mutation;protected_epitope_or_contact;surface_hydrophobic_gain,candidate
241,33,L,F,-2.2609896659851074,0.1656294848173161,33,139,55,L,1.0,0.0,0.0,1.0,30.0,msa,51.677804284413895,0.2571035039025567,partial,0,91,False,False,False,0.95,0.95,0.0,HLA-A02_like,HLA-A02_like,FLFILLLAL,LLLAFIFLL,0.72,0.72,0.0,LRRFIIFLFILLLAL,LRRFIIFLFILLLAF,0.95,0.95,0.0,1.187,1.164,-0.023,0.0,0.0,0.0,internal_motif_model,0,0,0,,0,10.0,10,-0.0088495575221239,10,0.0,10,10,10,L91F,0.5421332202401192,1.0,0.0,1.0,1.0,1.0,1.0,0.7355333050600298,0.8333333333333334,,candidate
242,51,L,A,-2.705282211303711,0.5691801161967476,51,139,139,L,0.9712230215827338,0.0,0.053537761638623,0.9464622383613768,24.0,msa,58.62910581804712,0.2916870936221249,partial,0,109,True,False,False,0.8,0.8,0.0,HLA-A02_like,HLA-A02_like,GMLPVCPLI,GMLPVCPAI,0.72,0.72,0.0,LVLLDYQGMLPVCPL,LVLLDYQGMLPVCPA,0.8,0.8,0.0,1.171,1.145,-0.027,0.0,4.8,4.8,internal_motif_model,0,0,0,,0,10.0,10,-0.0176991150442478,10,0.0,10,10,10,L109A,0.4879962609889824,1.0,0.19999999999999996,0.9157894736842105,1.0,1.0,1.0,0.7351569599840877,0.6666666666666666,,candidate
243,108,A,V,-2.6656737327575684,0.5780366636238341,108,139,139,A,0.9856115107913668,0.0,0.0284685318889823,0.9715314681110176,24.0,msa,28.846907992980796,0.2236194418060526,partial,0,166,True,False,False,0.5,0.5,0.0,HLA-A02_like,HLA-A02_like,FGKFLWEWA,FGKFLWEWV,0.72,0.72,0.0,IPSSWAFGKFLWEWA,IPSSWAFGKFLWEWV,0.72,0.72,0.0,0.95,0.996,0.046,0.0,4.8,4.8,internal_motif_model,0,0,0,,0,10.0,10,0.0212389380530972,10,0.0,10,10,10,A166V,0.48680814106081627,1.0,0.19999999999999996,0.9157894736842105,1.0,1.0,1.0,0.7348599300020462,0.6666666666666666,,candidate
244,8,W,S,-2.4891490936279297,0.2116053133051423,8,139,48,W,1.0,0.0,0.0,1.0,30.0,msa,205.54529670568476,0.7212115673883676,surface,0,36,False,False,False,0.9,0.95,0.05,HLA-B07_like,HLA-A03_like,IPQSLDSWW,WSTSLNFYR,0.72,0.72,0.0,QSLDSWWTSLNFYRW,DSWSTSLNFYRWMAL,0.9,0.95,0.05,0.976,0.993,0.017,0.0,0.0,0.0,internal_motif_model,0,0,0,,0,10.0,10,0.0008849557522123,10,0.0,10,10,10,W36S,0.5359654897006458,1.0,0.0,1.0,1.0,1.0,1.0,0.7339913724251614,0.8333333333333334,,candidate
245,109,S,V,-2.8406760692596436,-2.3445804712208655,109,139,139,S,1.0,0.0,0.0,1.0,30.0,msa,81.76114261488271,0.5274912426766627,surface,4,167,True,False,False,0.5,0.5,0.0,HLA-A02_like,HLA-A02_like,FLWEWASAR,FLWEWAVAR,0.72,0.72,0.0,PSSWAFGKFLWEWAS,PSSWAFGKFLWEWAV,0.72,0.72,0.0,0.978,1.031,0.053,0.0,13.0,13.0,internal_motif_model,0,0,4,surface_hydrophobic_gain,0,10.0,10,0.0442477876106194,10,0.0,10,10,10,S167V,0.8788818796024284,1.0,0.0,0.7719298245614035,0.6666666666666667,0.9285714285714286,1.0,0.7336302443366973,0.8333333333333334,surface_hydrophobic_gain,candidate
246,60,T,S,-1.741141676902771,0.6276976058273647,60,139,139,T,0.935251798561151,0.0,0.1003090562394382,0.8996909437605618,24.0,msa,35.76665537000137,0.2079456707558219,partial,0,118,True,False,False,0.8,0.8,0.0,HLA-A03_like,HLA-A03_like,STTSTGPCR,STTSSGPCR,0.36,0.36,0.0,STTSTGPCRTCMTTA,STTSSGPCRTCMTTA,0.8,0.8,0.0,1.013,1.027,0.015,0.0,4.8,4.8,internal_motif_model,0,0,0,,0,10.0,10,-0.0008849557522123,10,0.0,10,10,10,T118S,0.48014604665334204,1.0,0.19999999999999996,0.9157894736842105,1.0,1.0,1.0,0.7331944064001776,0.6666666666666666,,candidate
247,69,T,L,-2.8925423622131348,-2.4140031783818756,69,139,139,P,0.1223021582733813,0.0719424460431654,0.2539233102813905,0.7460766897186095,6.0,msa,59.26653496746049,0.3445728777177935,partial,0,127,True,True,True,0.45,0.8,0.35,HLA-A03_like,HLA-B07_like,RTCMTTAQG,GPCRTCMTL,0.46,0.46,0.0,GPCRTCMTTAQGTSM,GPCRTCMTLAQGTSM,0.46,0.8,0.34,1.001,1.05,0.049,16.0,36.0,52.0,internal_motif_model,0,15,15,antibody_interface_mutation,0,10.0,10,0.0398230088495574,10,0.0,10,10,10,T127L,0.8881950462200405,1.0,0.8,0.08771929824561409,1.0,0.7321428571428572,1.0,0.7328069069184187,0.6666666666666666,antibody_interface_mutation;protected_epitope_or_contact,candidate
248,108,A,R,-3.0268330574035645,-1.805212373660538,108,139,139,A,0.9856115107913668,0.0,0.0284685318889823,0.9715314681110176,30.0,msa,28.846907992980796,0.2236194418060526,partial,0,166,True,False,False,0.5,0.5,0.0,HLA-A02_like,HLA-A03_like,FGKFLWEWA,FGKFLWEWR,0.72,0.54,-0.18,IPSSWAFGKFLWEWA,WAFGKFLWEWRSARF,0.72,0.54,-0.18,0.95,0.923,-0.027,10.0,8.0,18.0,internal_motif_model,0,0,0,,0,9.6,10,-0.0557522123893805,10,0.9999900000999986,8,10,10,A166R,0.8065247911766837,0.96,0.0,0.6842105263157895,1.0,1.0,1.0,0.7324733030573288,0.8333333333333334,,candidate
249,40,L,A,-2.3451693058013916,1.1726363560349284,40,139,55,L,1.0,0.0,0.0,1.0,24.0,msa,47.09750042555674,0.2343159225152076,partial,0,98,False,False,False,0.95,0.95,0.0,HLA-A02_like,HLA-A02_like,LVLLDYQGM,LVLADYQGM,0.72,0.72,0.0,LFILLLALIFLLVLL,LFILLLALIFLLVLA,0.95,0.95,0.0,1.168,1.141,-0.027,0.0,0.0,0.0,internal_motif_model,0,0,0,,0,10.0,10,-0.0176991150442478,10,0.0,10,10,10,L98A,0.4070416463120273,1.0,0.19999999999999996,1.0,1.0,1.0,1.0,0.7317604115780069,0.8333333333333334,,candidate
250,4,L,R,-2.793327808380127,0.108791905266969,4,139,48,L,1.0,0.0,0.0,1.0,30.0,msa,55.69130199671039,0.2770711542124895,partial,0,32,False,False,False,0.9,0.9,0.0,HLA-B07_like,HLA-B07_like,IPQSLDSWW,IPQSRDSWW,0.72,0.72,0.0,QSLDSWWTSLNFYRW,QSRDSWWTSLNFYRW,0.9,0.9,0.0,1.016,0.962,-0.054,0.0,0.0,0.0,internal_motif_model,0,0,0,,0,9.6,10,-0.0734513274336283,10,0.9999900000999986,8,10,10,L32R,0.5497580719657439,0.96,0.0,1.0,1.0,1.0,1.0,0.731439517991436,0.8333333333333334,,candidate
251,27,F,G,-2.8813438415527344,0.083928727666148,27,139,55,F,1.0,0.0,0.0,1.0,30.0,msa,59.72269422076173,0.2488445592531738,partial,0,85,False,False,False,0.95,0.95,0.0,HLA-A02_like,HLA-A02_like,FIIFLFILL,FLGILLLAL,0.72,0.72,0.0,FYRWMALRRFIIFLF,FYRWMALRRFIIFLG,0.95,0.95,0.0,1.177,1.146,-0.031,0.0,0.0,0.0,internal_motif_model,0,0,4,new_glycine,0,10.0,10,-0.0283185840707965,10,0.0,10,10,10,F85G,0.5530935067983656,1.0,0.0,1.0,1.0,0.9285714285714286,1.0,0.7311305195567342,0.8333333333333334,new_glycine,candidate
252,96,S,T,-2.673051357269287,0.3790495424752862,96,139,139,S,1.0,0.0,0.0,1.0,24.0,msa,100.89937320217454,0.6509636980785455,surface,0,154,True,False,False,0.8,0.8,0.0,HLA-A02_like,HLA-A02_like,CIPIPSSWA,CIPIPTSWA,0.72,0.72,0.0,IPSSWAFGKFLWEWA,IPTSWAFGKFLWEWA,0.8,0.8,0.0,1.037,1.023,-0.015,0.0,7.8,7.8,internal_motif_model,0,0,0,,0,10.0,10,0.0008849557522123,10,0.0,10,10,10,S154T,0.513502579952652,1.0,0.19999999999999996,0.8631578947368421,1.0,1.0,1.0,0.7310072239355315,0.6666666666666666,,candidate
253,19,L,R,-2.041402816772461,0.1256301944414701,19,139,55,L,1.0,0.0,0.0,1.0,30.0,msa,64.0085303170126,0.3184503995871273,partial,0,77,False,False,False,0.95,0.95,0.0,HLA-A02_like,HLA-A02_like,WMALRRFII,WMARRRFII,0.72,0.72,0.0,DSWWTSLNFYRWMAL,DSWWTSLNFYRWMAR,0.95,0.95,0.0,0.981,0.928,-0.054,0.0,0.0,0.0,internal_motif_model,0,0,0,,0,9.6,10,-0.0734513274336283,10,0.9999900000999986,8,10,10,L77R,0.5474991886831608,0.96,0.0,1.0,1.0,1.0,1.0,0.7308747971707902,0.8333333333333334,,candidate
254,110,A,G,-2.2691030502319336,1.4278368838489826,110,139,139,V,0.4172661870503597,0.0,0.2267873717109939,0.773212628289006,12.0,msa,76.82601471535853,0.5955505016694459,surface,0,168,True,False,False,0.5,0.5,0.0,HLA-A02_like,HLA-A02_like,FLWEWASAR,FLWEWASGR,0.72,0.72,0.0,SSWAFGKFLWEWASA,SSWAFGKFLWEWASG,0.72,0.72,0.0,0.999,0.968,-0.032,0.0,13.0,13.0,internal_motif_model,0,0,4,new_glycine,0,10.0,10,-0.0194690265486726,10,0.0,10,10,10,A168G,0.3728060894801313,1.0,0.6,0.7719298245614035,1.0,0.9285714285714286,1.0,0.7304446301394564,0.6666666666666666,new_glycine,candidate
255,105,W,L,-2.490191698074341,-2.2453653627794665,105,139,137,W,1.0,0.0,0.0,1.0,30.0,msa,182.03016153429976,0.6387023211729816,surface,4,163,True,False,False,0.5,0.5,0.0,HLA-A02_like,HLA-A02_like,FGKFLWEWA,FGKFLLEWA,0.72,0.72,0.0,IPSSWAFGKFLWEWA,IPSSWAFGKFLLEWA,0.72,0.72,0.0,0.996,1.047,0.051,0.0,13.0,13.0,internal_motif_model,0,0,4,surface_hydrophobic_gain,0,10.0,10,0.0415929203539822,10,0.0,10,10,10,W163L,0.8655720149531547,1.0,0.0,0.7719298245614035,0.6666666666666667,0.9285714285714286,1.0,0.7303027781743789,0.8333333333333334,surface_hydrophobic_gain,candidate
256,102,K,V,-2.978649616241455,-2.240310635050264,102,139,139,K,0.935251798561151,0.0,0.0800596389608133,0.9199403610391866,30.0,msa,96.7898181529019,0.4101263481055165,surface,4,160,True,False,False,0.5,0.9,0.4,HLA-A02_like,HLA-B07_like,FGKFLWEWA,IPSSWAFGV,0.72,0.72,0.0,IPSSWAFGKFLWEWA,IPSSWAFGVFLWEWA,0.72,0.9,0.18,1.028,1.092,0.065,0.0,13.0,13.0,internal_motif_model,0,0,4,surface_hydrophobic_gain,0,10.0,10,0.0716814159292035,10,-0.9990009990009988,10,10,10,K160V,0.8648939151861788,1.0,0.0,0.7719298245614035,0.6666666666666667,0.9285714285714286,1.0,0.730133253232635,0.8333333333333334,surface_hydrophobic_gain,candidate
257,58,T,A,-2.571540355682373,-1.2407995222386603,58,139,139,T,0.9856115107913668,0.0,0.0284685318889823,0.9715314681110176,30.0,msa,138.84050077691398,0.8072122138192673,surface,0,116,True,False,False,0.8,0.8,0.0,HLA-A03_like,HLA-A02_like,STTSTGPCR,PLIPGSSTA,0.36,0.36,0.0,STTSTGPCRTCMTTA,STASTGPCRTCMTTA,0.8,0.8,0.0,0.948,0.97,0.022,0.0,13.0,13.0,internal_motif_model,0,0,4,surface_hydrophobic_gain,0,10.0,10,0.0221238938053097,10,0.0,10,10,10,T116A,0.7308079091740515,1.0,0.0,0.7719298245614035,1.0,0.9285714285714286,1.0,0.7299450850629364,0.8333333333333334,surface_hydrophobic_gain,candidate
258,40,L,M,-3.2150774002075195,1.2314192597379758,40,139,55,L,1.0,0.0,0.0,1.0,24.0,msa,47.09750042555674,0.2343159225152076,partial,0,98,False,False,False,0.95,0.95,0.0,HLA-A02_like,HLA-A02_like,LVLLDYQGM,LVLMDYQGM,0.72,0.72,0.0,LFILLLALIFLLVLL,LFILLLALIFLLVLM,0.95,0.95,0.0,1.168,1.107,-0.061,0.0,0.0,0.0,internal_motif_model,0,0,0,,0,10.0,10,-0.0168141592920353,10,0.0,10,10,10,L98M,0.399155826256295,1.0,0.19999999999999996,1.0,1.0,1.0,1.0,0.7297889565640738,0.8333333333333334,,candidate
259,110,A,F,-3.087597608566284,0.4557629706115449,110,139,139,V,0.4172661870503597,0.0,0.2267873717109939,0.773212628289006,12.0,msa,76.82601471535853,0.5955505016694459,surface,4,168,True,False,False,0.5,0.5,0.0,HLA-A02_like,HLA-A02_like,FLWEWASAR,FLWEWASFR,0.72,0.72,0.0,SSWAFGKFLWEWASA,SSWAFGKFLWEWASF,0.72,0.72,0.0,0.999,1.004,0.005,0.0,13.0,13.0,internal_motif_model,0,0,4,surface_hydrophobic_gain,0,10.0,10,0.0088495575221239,10,0.0,10,10,10,A168F,0.5032113515166274,1.0,0.6,0.7719298245614035,0.6666666666666667,0.9285714285714286,1.0,0.7297126123152471,0.6666666666666666,surface_hydrophobic_gain,candidate
260,102,K,A,-2.8064417839050293,-1.2327065137830004,102,139,139,K,0.935251798561151,0.0,0.0800596389608133,0.9199403610391866,30.0,msa,96.7898181529019,0.4101263481055165,surface,0,160,True,False,False,0.5,0.5,0.0,HLA-A02_like,HLA-A02_like,FGKFLWEWA,FGAFLWEWA,0.72,0.72,0.0,IPSSWAFGKFLWEWA,IPSSWAFGAFLWEWA,0.72,0.72,0.0,1.028,1.047,0.019,0.0,13.0,13.0,internal_motif_model,0,0,4,surface_hydrophobic_gain,0,10.0,10,0.0504424778761061,10,-0.9990009990009988,10,10,10,K160A,0.7297222192136975,1.0,0.0,0.7719298245614035,1.0,0.9285714285714286,1.0,0.7296736625728479,0.8333333333333334,surface_hydrophobic_gain,candidate
261,34,I,M,-3.9179108142852783,0.0363223907692997,34,139,55,I,1.0,0.0,0.0,1.0,24.0,msa,82.1187186907143,0.4168462877701234,surface,4,92,False,False,False,0.95,0.95,0.0,HLA-A02_like,HLA-A02_like,LLLALIFLL,LLLALMFLL,0.72,0.72,0.0,RRFIIFLFILLLALI,RRFIIFLFILLLALM,0.95,0.95,0.0,1.187,1.14,-0.047,0.0,0.0,0.0,internal_motif_model,0,0,4,surface_hydrophobic_gain,0,10.0,10,-0.0230088495575221,10,0.0,10,10,10,I92M,0.5594799726350583,1.0,0.19999999999999996,1.0,0.6666666666666667,0.9285714285714286,1.0,0.7293938026825741,0.8333333333333334,surface_hydrophobic_gain,candidate
262,96,S,D,-2.918121814727783,-0.9842277167794578,96,139,139,S,1.0,0.0,0.0,1.0,30.0,msa,100.89937320217454,0.6509636980785455,surface,0,154,True,False,False,0.8,0.8,0.0,HLA-A02_like,HLA-A02_like,CIPIPSSWA,CIPIPDSWA,0.72,0.72,0.0,IPSSWAFGKFLWEWA,IPDSWAFGKFLWEWA,0.8,0.8,0.0,1.037,1.016,-0.021,0.0,13.0,13.0,internal_motif_model,0,0,0,,0,10.0,10,-0.0238938053097345,10,-0.9988792390601552,10,10,10,S154D,0.6963883932643474,1.0,0.0,0.7719298245614035,1.0,1.0,1.0,0.7284830632283675,0.8333333333333334,,candidate
263,59,S,A,-2.6018757820129395,-0.4548748434998799,59,139,139,S,0.9856115107913668,0.0,0.0284685318889823,0.9715314681110176,30.0,msa,37.32666975080914,0.2408172241987686,partial,0,117,True,False,False,0.8,0.85,0.05,HLA-A03_like,HLA-A02_like,STTSTGPCR,LIPGSSTTA,0.36,0.36,0.0,STTSTGPCRTCMTTA,STTATGPCRTCMTTA,0.8,0.85,0.05,0.956,0.963,0.007,0.0,8.0,8.0,internal_motif_model,0,0,0,,0,10.0,10,0.0230088495575221,10,0.0,10,10,10,S117A,0.6253748631101499,1.0,0.0,0.8596491228070176,1.0,1.0,1.0,0.728273540338941,0.8333333333333334,,candidate
264,112,F,G,-2.569361448287964,0.1700356721323146,112,139,139,F,1.0,0.0,0.0,1.0,30.0,msa,184.57726432686547,0.7690719346952728,surface,0,170,False,False,False,0.5,0.05,-0.45,HLA-B07_like,HLA-A02_like,LWEWASARF,LWEWASARG,0.72,0.72,0.0,WAFGKFLWEWASARF,WAFGKFLWEWASARG,0.72,0.72,0.0,1.01,0.956,-0.054,0.0,0.0,0.0,internal_motif_model,0,0,4,new_glycine,0,10.0,10,-0.0283185840707965,10,0.0,10,10,10,F170G,0.5415421232015405,1.0,0.0,1.0,1.0,0.9285714285714286,1.0,0.728242673657528,0.8333333333333334,new_glycine,candidate
265,3,S,V,-2.865471124649048,-0.8155489591153184,3,139,48,S,0.9791666666666666,0.0,0.033803026545712,0.966196973454288,30.0,msa,66.44591612774433,0.428683329856415,surface,4,31,False,False,False,0.9,0.9,0.0,HLA-B07_like,HLA-B07_like,IPQSLDSWW,IPQVLDSWW,0.72,0.72,0.0,QSLDSWWTSLNFYRW,QVLDSWWTSLNFYRW,0.9,0.9,0.0,1.053,1.106,0.053,0.0,0.0,0.0,internal_motif_model,0,0,4,surface_hydrophobic_gain,0,10.0,10,0.0442477876106194,10,0.0,10,10,10,S31V,0.6737598695547415,1.0,0.0,1.0,0.6666666666666667,0.9285714285714286,1.0,0.7279637769124949,1.0,surface_hydrophobic_gain,candidate
266,67,M,S,-1.8290387392044067,-3.790539035104075,67,139,139,T,0.014388489208633,0.0,0.0251393489658203,0.9748606510341796,12.0,msa,139.95408227527605,0.6247950101574824,surface,0,125,True,True,True,0.45,0.45,0.0,HLA-A03_like,HLA-A03_like,RTCMTTAQG,RTCSTTAQG,0.46,0.28,-0.18,GPCRTCMTTAQGTSM,GPCRTCSTTAQGTSM,0.46,0.45,-0.01,0.986,1.013,0.027,12.0,41.0,53.0,internal_motif_model,0,15,15,antibody_interface_mutation,0,10.0,10,-0.0238938053097345,10,0.0,10,10,10,M125S,1.0,1.0,0.6,0.07017543859649122,1.0,0.7321428571428572,1.0,0.7272493734335839,0.6666666666666666,antibody_interface_mutation;protected_epitope_or_contact,candidate
267,103,F,A,-2.4671802520751953,1.514836770776185,103,139,139,F,0.5323741007194245,0.0,0.2306780064321617,0.7693219935678383,17.0,msa,54.34326972179623,0.2264302905074843,partial,0,161,True,False,False,0.5,0.9,0.4,HLA-A02_like,HLA-A02_like,FGKFLWEWA,KALWEWASA,0.72,0.72,0.0,IPSSWAFGKFLWEWA,IPSSWAFGKALWEWA,0.72,0.9,0.18,0.997,0.993,-0.004,0.0,8.0,8.0,internal_motif_model,0,0,0,,0,10.0,10,-0.0088495575221239,10,0.0,10,10,10,F161A,0.3611349162314812,1.0,0.43333333333333335,0.8596491228070176,1.0,1.0,1.0,0.7272135536192739,0.6666666666666666,,candidate
268,67,M,N,-2.6600217819213867,-3.2422551053846576,67,139,139,T,0.014388489208633,0.0,0.0251393489658203,0.9748606510341796,12.0,msa,139.95408227527605,0.6247950101574824,surface,0,125,True,True,True,0.45,0.45,0.0,HLA-A03_like,HLA-A03_like,RTCMTTAQG,RTCNTTAQG,0.46,0.28,-0.18,GPCRTCMTTAQGTSM,GPCRTCNTTAQGTSM,0.46,0.45,-0.01,0.986,0.979,-0.007,12.0,41.0,53.0,internal_motif_model,0,15,15,antibody_interface_mutation,0,10.0,10,-0.047787610619469,10,0.0,10,10,10,M125N,0.9993063599814753,1.0,0.6,0.07017543859649122,1.0,0.7321428571428572,1.0,0.7270759634289528,0.6666666666666666,antibody_interface_mutation;protected_epitope_or_contact,candidate
269,42,Y,R,-2.797839641571045,-1.120611118213276,42,139,55,Y,0.9636363636363636,0.0,0.0605579893382868,0.9394420106617132,30.0,msa,112.88290298106912,0.4292125588633806,surface,0,100,True,False,False,0.95,0.95,0.0,HLA-A02_like,HLA-A02_like,LVLLDYQGM,LVLLDRQGM,0.72,0.72,0.0,ILLLALIFLLVLLDY,ILLLALIFLLVLLDR,0.95,0.95,0.0,1.035,0.993,-0.041,0.0,13.0,13.0,internal_motif_model,0,0,0,,0,9.6,10,-0.0283185840707965,10,1.0009890010989997,8,10,10,Y100R,0.7146844435535414,0.96,0.0,0.7719298245614035,1.0,1.0,1.0,0.727057075800666,0.8333333333333334,,candidate
270,112,F,T,-2.777348041534424,0.433369629633006,112,139,139,F,1.0,0.0,0.0,1.0,30.0,msa,184.57726432686547,0.7690719346952728,surface,0,170,False,False,False,0.5,0.05,-0.45,HLA-B07_like,HLA-A02_like,LWEWASARF,LWEWASART,0.72,0.72,0.0,WAFGKFLWEWASARF,WAFGKFLWEWASART,0.72,0.72,0.0,1.01,0.965,-0.045,0.0,0.0,0.0,internal_motif_model,0,0,0,,0,10.0,10,-0.0309734513274336,10,0.0,10,10,10,F170T,0.5062154538368444,1.0,0.0,1.0,1.0,1.0,1.0,0.7265538634592111,0.8333333333333334,,candidate
271,19,L,N,-2.6414976119995117,0.4379240185931792,19,139,55,L,1.0,0.0,0.0,1.0,30.0,msa,64.0085303170126,0.3184503995871273,partial,0,77,False,False,False,0.95,0.95,0.0,HLA-A02_like,HLA-A02_like,WMALRRFII,WMANRRFII,0.72,0.72,0.0,DSWWTSLNFYRWMAL,DSWWTSLNFYRWMAN,0.95,0.95,0.0,0.981,0.914,-0.068,0.0,0.0,0.0,internal_motif_model,0,0,0,,0,10.0,10,-0.0646017699115044,10,0.0,10,10,10,L77N,0.5056044753117758,1.0,0.0,1.0,1.0,1.0,1.0,0.726401118827944,0.8333333333333334,,candidate
272,20,R,F,-2.771758556365967,0.532718141613941,20,139,55,R,1.0,0.0,0.0,1.0,30.0,msa,57.0350994047275,0.2081572970975456,partial,0,78,False,False,False,0.95,0.95,0.0,HLA-A02_like,HLA-A02_like,WMALRRFII,WMALFRFII,0.72,0.72,0.0,SWWTSLNFYRWMALR,SWWTSLNFYRWMALF,0.95,0.95,0.0,1.018,1.05,0.031,0.0,0.0,0.0,internal_motif_model,0,0,0,,0,10.0,10,0.0646017699115044,10,-0.9999900000999986,10,10,10,R78F,0.49288769289049617,1.0,0.0,1.0,1.0,1.0,1.0,0.723221923222624,0.8333333333333334,,candidate
273,30,L,G,-3.123105049133301,0.3240661320710103,30,139,55,L,1.0,0.0,0.0,1.0,30.0,msa,104.81344579017022,0.5214599293043295,surface,0,88,False,False,False,0.95,0.9,-0.05,HLA-A02_like,HLA-A02_like,FIIFLFILL,IIFLFILGL,0.72,0.72,0.0,WMALRRFIIFLFILL,WMALRRFIIFLFILG,0.95,0.9,-0.05,1.187,1.133,-0.054,0.0,0.0,0.0,internal_motif_model,0,0,4,new_glycine,0,10.0,10,-0.0371681415929203,10,0.0,10,10,10,L88G,0.5208786919373365,1.0,0.0,1.0,1.0,0.9285714285714286,1.0,0.723076815841477,0.8333333333333334,new_glycine,candidate
274,26,L,V,-2.308265686035156,1.4328106544000718,26,139,55,L,1.0,0.0,0.0,1.0,24.0,msa,65.21615853305252,0.3244585001644404,partial,0,84,False,False,False,0.95,0.95,0.0,HLA-A02_like,HLA-A02_like,FIIFLFILL,FIIFVFILL,0.72,0.72,0.0,NFYRWMALRRFIIFL,NFYRWMALRRFIIFV,0.95,0.95,0.0,1.163,1.182,0.019,0.0,0.0,0.0,internal_motif_model,0,0,0,,0,10.0,10,0.0035398230088495,10,0.0,10,10,10,L84V,0.37213885024740256,1.0,0.19999999999999996,1.0,1.0,1.0,1.0,0.7230347125618507,0.8333333333333334,,candidate
275,31,L,A,-2.412355422973633,1.2232773932469456,31,139,55,L,0.9818181818181818,0.0,0.0303351945483401,0.96966480545166,24.0,msa,108.55037025161528,0.5400515932916183,surface,0,89,False,False,False,0.95,0.95,0.0,HLA-A02_like,HLA-A02_like,FLFILLLAL,FLFILLAAL,0.72,0.72,0.0,MALRRFIIFLFILLL,MALRRFIIFLFILLA,0.95,0.95,0.0,1.195,1.169,-0.027,0.0,0.0,0.0,internal_motif_model,0,0,4,surface_hydrophobic_gain,0,10.0,10,-0.0176991150442478,10,0.0,10,10,10,L89A,0.40024807059982737,1.0,0.19999999999999996,1.0,1.0,0.9285714285714286,1.0,0.7229191605070998,0.8333333333333334,surface_hydrophobic_gain,candidate
276,7,W,G,-3.1981494426727295,0.329415116556305,7,139,48,W,1.0,0.0,0.0,1.0,30.0,msa,62.68686228764738,0.219953902763675,partial,0,35,False,False,False,0.9,0.9,0.0,HLA-B07_like,HLA-B07_like,IPQSLDSWW,IPQSLDSGW,0.72,0.72,0.0,QSLDSWWTSLNFYRW,QSLDSGWTSLNFYRW,0.9,0.9,0.0,0.976,0.974,-0.003,0.0,0.0,0.0,internal_motif_model,0,0,4,new_glycine,0,10.0,10,0.0044247787610619,10,0.0,10,10,10,W35G,0.5201611171583662,1.0,0.0,1.0,1.0,0.9285714285714286,1.0,0.7228974221467345,0.8333333333333334,new_glycine,candidate
277,3,S,A,-2.8008015155792236,0.3507924009028897,3,139,48,S,0.9791666666666666,0.0,0.033803026545712,0.966196973454288,30.0,msa,66.44591612774433,0.428683329856415,surface,0,31,False,False,False,0.9,0.9,0.0,HLA-B07_like,HLA-B07_like,IPQSLDSWW,IPQALDSWW,0.72,0.72,0.0,QSLDSWWTSLNFYRW,QALDSWWTSLNFYRW,0.9,0.9,0.0,1.053,1.06,0.007,0.0,0.0,0.0,internal_motif_model,0,0,4,surface_hydrophobic_gain,0,10.0,10,0.0230088495575221,10,0.0,10,10,10,S31A,0.5172933204518785,1.0,0.0,1.0,1.0,0.9285714285714286,1.0,0.7221804729701126,0.8333333333333334,surface_hydrophobic_gain,candidate
278,2,Q,A,-2.6828155517578125,0.5655927521498256,2,139,48,Q,0.9166666666666666,0.0,0.0957482033986543,0.9042517966013456,30.0,msa,68.2424798689968,0.3032999105288746,partial,0,30,False,False,False,0.9,0.9,0.0,HLA-B07_like,HLA-B07_like,IPQSLDSWW,IPASLDSWW,0.72,0.72,0.0,QSLDSWWTSLNFYRW,ASLDSWWTSLNFYRW,0.9,0.9,0.0,1.06,1.068,0.008,0.0,0.0,0.0,internal_motif_model,0,0,0,,0,10.0,10,0.0469026548672566,10,0.0,10,10,10,Q30A,0.4884775115833957,1.0,0.0,1.0,1.0,1.0,1.0,0.7221193778958489,0.8333333333333334,,candidate
279,6,S,T,-2.9098453521728516,1.4662814836120788,6,139,48,S,1.0,0.0,0.0,1.0,24.0,msa,65.16247499778798,0.4204030645018579,surface,0,34,False,False,False,0.9,0.9,0.0,HLA-B07_like,HLA-B07_like,IPQSLDSWW,IPQSLDTWW,0.72,0.72,0.0,QSLDSWWTSLNFYRW,QSLDTWWTSLNFYRW,0.9,0.9,0.0,0.976,0.962,-0.015,0.0,0.0,0.0,internal_motif_model,0,0,0,,0,10.0,10,0.0008849557522123,10,0.0,10,10,10,S34T,0.36764868525631256,1.0,0.19999999999999996,1.0,1.0,1.0,1.0,0.7219121713140781,0.8333333333333334,,candidate
280,67,M,A,-2.961740732192993,-0.1857278167956906,67,139,139,T,0.014388489208633,0.0,0.0251393489658203,0.9748606510341796,6.0,msa,139.95408227527605,0.6247950101574824,surface,0,125,True,True,True,0.45,0.45,0.0,HLA-A03_like,HLA-A03_like,RTCMTTAQG,RTCATTAQG,0.46,0.46,0.0,GPCRTCMTTAQGTSM,GPCRTCATTAQGTSM,0.46,0.46,0.0,0.986,1.02,0.034,7.2,24.6,31.8,internal_motif_model,0,15,19,surface_hydrophobic_gain;antibody_interface_mutation,0,10.0,10,-0.0008849557522123,10,0.0,10,10,10,M125A,0.5892683612631751,1.0,0.8,0.4421052631578948,1.0,0.6607142857142857,1.0,0.7218095715188013,0.6666666666666666,antibody_interface_mutation;protected_epitope_or_contact;surface_hydrophobic_gain,candidate
281,13,F,L,-2.5355968475341797,-0.6249990862979189,13,139,48,F,0.9791666666666666,0.0,0.033803026545712,0.966196973454288,30.0,msa,110.91194314843057,0.462133096451794,surface,4,41,False,False,False,0.9,0.9,0.0,HLA-A02_like,HLA-A02_like,SLNFYRWMA,SLNLYRWMA,0.72,0.72,0.0,QSLDSWWTSLNFYRW,QSLDSWWTSLNLYRW,0.9,0.9,0.0,1.008,1.031,0.023,0.0,0.0,0.0,internal_motif_model,0,0,4,surface_hydrophobic_gain,0,10.0,10,0.0088495575221239,10,0.0,10,10,10,F41L,0.6481973009502444,1.0,0.0,1.0,0.6666666666666667,0.9285714285714286,1.0,0.7215731347613706,1.0,surface_hydrophobic_gain,candidate
282,19,L,Q,-3.258386611938477,0.5835619412660549,19,139,55,L,1.0,0.0,0.0,1.0,30.0,msa,64.0085303170126,0.3184503995871273,partial,0,77,False,False,False,0.95,0.95,0.0,HLA-A02_like,HLA-A02_like,WMALRRFII,WMAQRRFII,0.72,0.72,0.0,DSWWTSLNFYRWMAL,DSWWTSLNFYRWMAQ,0.95,0.95,0.0,0.981,0.948,-0.034,0.0,0.0,0.0,internal_motif_model,0,0,0,,0,10.0,10,-0.0646017699115044,10,0.0,10,10,10,L77Q,0.48606691627436094,1.0,0.0,1.0,1.0,1.0,1.0,0.7215167290685902,0.8333333333333334,,candidate
283,106,E,A,-2.4479892253875732,0.1945750543807491,106,139,138,E,0.9347826086956522,0.0072463768115942,0.1054924005299425,0.8945075994700575,27.0,msa,70.36147154747249,0.3155222939348542,partial,0,164,True,False,False,0.5,0.85,0.35,HLA-A02_like,HLA-A02_like,FGKFLWEWA,WAFGKFLWA,0.72,0.72,0.0,IPSSWAFGKFLWEWA,IPSSWAFGKFLWAWA,0.72,0.85,0.13,1.008,1.038,0.03,0.0,8.0,8.0,internal_motif_model,0,0,0,,0,10.0,10,0.0469026548672566,10,0.99718953802679,10,10,10,E164A,0.5382501260306018,1.0,0.09999999999999998,0.8596491228070176,1.0,1.0,1.0,0.721492356069054,0.6666666666666666,,candidate
284,3,S,F,-2.831886529922486,-0.6189441791669879,3,139,48,S,0.9791666666666666,0.0,0.033803026545712,0.966196973454288,30.0,msa,66.44591612774433,0.428683329856415,surface,4,31,False,False,False,0.9,0.95,0.05,HLA-B07_like,HLA-A02_like,IPQSLDSWW,FLDSWWTSL,0.72,0.72,0.0,QSLDSWWTSLNFYRW,QFLDSWWTSLNFYRW,0.9,0.95,0.05,1.053,1.064,0.011,0.0,0.0,0.0,internal_motif_model,0,0,4,surface_hydrophobic_gain,0,10.0,10,0.031858407079646,10,0.0,10,10,10,S31F,0.6473850255252348,1.0,0.0,1.0,0.6666666666666667,0.9285714285714286,1.0,0.7213700659051183,1.0,surface_hydrophobic_gain,candidate
285,94,I,V,-2.9667179584503174,0.9812628937415298,94,139,139,I,1.0,0.0,0.0,1.0,24.0,msa,30.427254761442605,0.1544530698550386,partial,0,152,True,False,False,0.8,0.8,0.0,HLA-A02_like,HLA-A02_like,CIPIPSSWA,CIPVPSSWA,0.72,0.72,0.0,IPSSWAFGKFLWEWA,VPSSWAFGKFLWEWA,0.8,0.8,0.0,1.124,1.157,0.033,0.0,4.8,4.8,internal_motif_model,0,0,0,,0,10.0,10,-0.0026548672566371,10,0.0,10,10,10,I152V,0.4327147007550658,1.0,0.19999999999999996,0.9157894736842105,1.0,1.0,1.0,0.7213365699256086,0.6666666666666666,,candidate
286,67,M,R,-3.034450054168701,-5.266360063758128,67,139,139,T,0.014388489208633,0.0,0.0251393489658203,0.9748606510341796,12.0,msa,139.95408227527605,0.6247950101574824,surface,0,125,True,True,True,0.45,0.7,0.25,HLA-A03_like,HLA-A03_like,RTCMTTAQG,STGPCRTCR,0.46,0.28,-0.18,GPCRTCMTTAQGTSM,RTCRTTAQGTSMYPS,0.46,0.7,0.24,0.986,0.993,0.007,12.0,41.0,53.0,internal_motif_model,0,15,15,antibody_interface_mutation,0,9.6,10,-0.0566371681415929,10,0.9999900000999986,8,10,10,M125R,1.0,0.96,0.6,0.07017543859649122,1.0,0.7321428571428572,1.0,0.7212493734335839,0.6666666666666666,antibody_interface_mutation;protected_epitope_or_contact,candidate
287,85,S,T,-2.596047878265381,0.97634155725774,85,139,139,T,0.4316546762589928,0.5107913669064749,0.309168634403574,0.690831365596426,0.0,msa,133.17931311603334,0.8592213749421506,surface,0,143,True,True,True,0.35,0.35,0.0,HLA-A03_like,HLA-A03_like,PSCCCTKPS,PSCCCTKPT,0.28,0.28,0.0,KPSDGNCTCIPIPSS,KPTDGNCTCIPIPSS,0.35,0.35,0.0,0.919,0.904,-0.015,7.2,24.6,31.8,internal_motif_model,0,15,15,antibody_interface_mutation,0,10.0,10,0.0008849557522123,10,0.0,10,10,10,S143T,0.43337490587424343,1.0,1.0,0.4421052631578948,1.0,0.7321428571428572,1.0,0.7199790648144255,0.5,antibody_interface_mutation;protected_epitope_or_contact,candidate
288,10,S,I,-2.9656822681427,-0.5762766867115658,10,139,48,S,1.0,0.0,0.0,1.0,30.0,msa,77.33913732665465,0.4989621763009977,surface,4,38,False,False,False,0.9,0.9,0.0,HLA-A02_like,HLA-A02_like,SLDSWWTSL,SLDSWWTIL,0.72,0.72,0.0,QSLDSWWTSLNFYRW,QSLDSWWTILNFYRW,0.9,0.9,0.0,0.975,0.995,0.02,0.0,0.0,0.0,internal_motif_model,0,0,4,surface_hydrophobic_gain,0,10.0,10,0.0469026548672566,10,0.0,10,10,10,S38I,0.6416611135280917,1.0,0.0,1.0,0.6666666666666667,0.9285714285714286,1.0,0.7199390879058325,1.0,surface_hydrophobic_gain,candidate
289,67,M,V,-3.468667507171631,-1.0860079902095665,67,139,139,T,0.014388489208633,0.0,0.0251393489658203,0.9748606510341796,6.0,msa,139.95408227527605,0.6247950101574824,surface,4,125,True,True,True,0.45,0.45,0.0,HLA-A03_like,HLA-A03_like,RTCMTTAQG,RTCVTTAQG,0.46,0.46,0.0,GPCRTCMTTAQGTSM,GPCRTCVTTAQGTSM,0.46,0.46,0.0,0.986,1.066,0.08,7.2,24.6,31.8,internal_motif_model,0,15,19,surface_hydrophobic_gain;antibody_interface_mutation,0,10.0,10,0.0203539823008849,10,0.0,10,10,10,M125V,0.7100423788780501,1.0,0.8,0.4421052631578948,0.6666666666666667,0.6607142857142857,1.0,0.7186697425891867,0.6666666666666666,antibody_interface_mutation;protected_epitope_or_contact;surface_hydrophobic_gain,candidate
290,21,R,S,-2.752163887023926,0.669929280790825,21,139,55,R,1.0,0.0,0.0,1.0,30.0,msa,39.601522124014735,0.1445311026423895,buried,0,79,False,False,False,0.95,0.95,0.0,HLA-A02_like,HLA-A02_like,WMALRRFII,WMALRSFII,0.72,0.72,0.0,WWTSLNFYRWMALRR,WWTSLNFYRWMALRS,0.95,0.95,0.0,1.065,1.085,0.02,0.0,0.0,0.0,internal_motif_model,0,0,0,,0,10.0,10,0.0327433628318584,10,-0.9999900000999986,10,10,10,R79S,0.47448060026613403,1.0,0.0,1.0,1.0,1.0,1.0,0.7186201500665336,0.8333333333333334,,candidate
291,90,T,S,-2.167782783508301,1.0697409086837697,90,139,139,T,1.0,0.0,0.0,1.0,24.0,msa,44.37411658601282,0.2579890499186791,partial,0,148,True,False,False,0.35,0.35,0.0,HLA-A02_like,HLA-A02_like,DGNCTCIPI,DGNCSCIPI,0.46,0.46,0.0,CTCIPIPSSWAFGKF,CSCIPIPSSWAFGKF,0.46,0.46,0.0,1.086,1.1,0.015,0.0,4.8,4.8,internal_motif_model,0,0,0,,0,10.0,10,-0.0008849557522123,10,0.0,10,10,10,T148S,0.42084523428148735,1.0,0.19999999999999996,0.9157894736842105,1.0,1.0,1.0,0.718369203307214,0.6666666666666666,,candidate
292,20,R,S,-2.823079824447632,0.6812529196269566,20,139,55,R,1.0,0.0,0.0,1.0,30.0,msa,57.0350994047275,0.2081572970975456,partial,0,78,False,False,False,0.95,0.95,0.0,HLA-A02_like,HLA-A02_like,WMALRRFII,WMALSRFII,0.72,0.72,0.0,SWWTSLNFYRWMALR,SWWTSLNFYRWMALS,0.95,0.95,0.0,1.018,1.038,0.02,0.0,0.0,0.0,internal_motif_model,0,0,0,,0,10.0,10,0.0327433628318584,10,-0.9999900000999986,10,10,10,R78S,0.4729615161002866,1.0,0.0,1.0,1.0,1.0,1.0,0.7182403790250717,0.8333333333333334,,candidate
293,35,F,S,-3.196899652481079,0.7183716208301405,35,139,55,F,1.0,0.0,0.0,1.0,30.0,msa,58.24272762076741,0.2426780317531975,partial,0,93,False,False,False,0.95,0.95,0.0,HLA-A02_like,HLA-A02_like,LLLALIFLL,LLLALISLL,0.72,0.72,0.0,RFIIFLFILLLALIF,RFIIFLFILLLALIS,0.95,0.95,0.0,1.206,1.194,-0.011,0.0,0.0,0.0,internal_motif_model,0,0,0,,0,10.0,10,-0.031858407079646,10,0.0,10,10,10,F93S,0.46798198327779295,1.0,0.0,1.0,1.0,1.0,1.0,0.7169954958194482,0.8333333333333334,,candidate
294,55,S,N,-2.69486665725708,0.7968682689797788,55,139,139,S,0.9280575539568344,0.0,0.0941412500040876,0.9058587499959124,24.0,msa,77.66939411277062,0.5010928652436815,surface,0,113,True,False,False,0.45,0.45,0.0,HLA-B07_like,HLA-B07_like,IPGSSTTST,IPGNSTTST,0.46,0.46,0.0,DYQGMLPVCPLIPGS,DYQGMLPVCPLIPGN,0.46,0.46,0.0,0.99,0.957,-0.034,0.0,7.8,7.8,internal_motif_model,0,0,0,,0,10.0,10,-0.0238938053097345,10,0.0,10,10,10,S113N,0.4574515330398594,1.0,0.19999999999999996,0.8631578947368421,1.0,1.0,1.0,0.7169944622073333,0.6666666666666666,,candidate
295,100,F,R,-2.899064302444458,-2.7031334966875136,100,139,139,F,0.9784172661870504,0.0,0.0393473844179827,0.9606526155820172,30.0,msa,85.74160333883407,0.3572566805784752,surface,0,158,True,False,False,0.8,0.45,-0.35,HLA-B07_like,HLA-A02_like,IPIPSSWAF,PIPSSWARG,0.72,0.54,-0.18,IPSSWAFGKFLWEWA,WARGKFLWEWASARF,0.8,0.54,-0.26,0.994,0.962,-0.031,18.0,13.0,31.0,internal_motif_model,0,0,0,,0,9.6,10,-0.0646017699115044,10,0.9999900000999986,8,10,10,F158R,0.926982338428892,0.96,0.0,0.45614035087719296,1.0,1.0,1.0,0.7169736547826616,0.6666666666666666,predicted_tcell_epitope_loss,candidate
296,23,I,V,-2.75152587890625,1.6226431470209093,23,139,55,I,1.0,0.0,0.0,1.0,24.0,msa,60.657984052847254,0.3079085484916104,partial,0,81,False,False,False,0.95,0.95,0.0,HLA-A02_like,HLA-A02_like,WMALRRFII,WMALRRFVI,0.72,0.72,0.0,TSLNFYRWMALRRFI,TSLNFYRWMALRRFV,0.95,0.95,0.0,1.069,1.102,0.033,0.0,0.0,0.0,internal_motif_model,0,0,0,,0,10.0,10,-0.0026548672566371,10,0.0,10,10,10,I81V,0.34667251933763055,1.0,0.19999999999999996,1.0,1.0,1.0,1.0,0.7166681298344076,0.8333333333333334,,candidate
297,3,S,L,-2.2742297649383545,-0.4762405140829742,3,139,48,S,0.9791666666666666,0.0,0.033803026545712,0.966196973454288,30.0,msa,66.44591612774433,0.428683329856415,surface,4,31,False,False,False,0.9,0.95,0.05,HLA-B07_like,HLA-A02_like,IPQSLDSWW,LLDSWWTSL,0.72,0.72,0.0,QSLDSWWTSLNFYRW,QLLDSWWTSLNFYRW,0.9,0.95,0.05,1.053,1.087,0.034,0.0,0.0,0.0,internal_motif_model,0,0,4,surface_hydrophobic_gain,0,10.0,10,0.0407079646017699,10,0.0,10,10,10,S31L,0.6282411018117879,1.0,0.0,1.0,0.6666666666666667,0.9285714285714286,1.0,0.7165840849767565,1.0,surface_hydrophobic_gain,candidate
298,92,I,V,-3.08829927444458,1.141168529049338,92,139,139,I,0.9928057553956836,0.0,0.0142429670997965,0.9857570329002034,24.0,msa,13.28391037643908,0.0674310171392846,buried,0,150,True,False,False,0.8,0.8,0.0,HLA-A02_like,HLA-A02_like,CIPIPSSWA,CVPIPSSWA,0.46,0.46,0.0,CTCIPIPSSWAFGKF,CTCVPIPSSWAFGKF,0.8,0.8,0.0,1.166,1.199,0.033,0.0,4.8,4.8,internal_motif_model,0,0,0,,0,10.0,10,-0.0026548672566371,10,0.0,10,10,10,I150V,0.4112631053676544,1.0,0.19999999999999996,0.9157894736842105,1.0,1.0,1.0,0.7159736710787558,0.6666666666666666,,candidate
299,96,S,A,-2.8032920360565186,-0.8222498739534956,96,139,139,S,1.0,0.0,0.0,1.0,30.0,msa,100.89937320217454,0.6509636980785455,surface,0,154,True,False,False,0.8,0.8,0.0,HLA-A02_like,HLA-A02_like,CIPIPSSWA,CIPIPASWA,0.72,0.72,0.0,IPSSWAFGKFLWEWA,IPASWAFGKFLWEWA,0.8,0.8,0.0,1.037,1.045,0.007,0.0,13.0,13.0,internal_motif_model,0,0,4,surface_hydrophobic_gain,0,10.0,10,0.0230088495575221,10,0.0,10,10,10,S154A,0.6746588079414806,1.0,0.0,0.7719298245614035,1.0,0.9285714285714286,1.0,0.7159078097547937,0.8333333333333334,surface_hydrophobic_gain,candidate
300,71,Q,N,-2.935236930847168,-2.477915018830828,71,139,139,Q,0.9496402877697842,0.0,0.0835009187140195,0.9164990812859805,24.0,msa,178.87347666960216,0.7949932296426763,surface,0,129,True,True,True,0.45,0.45,0.0,HLA-A03_like,HLA-A03_like,RTCMTTAQG,RTCMTTANG,0.46,0.46,0.0,GPCRTCMTTAQGTSM,GPCRTCMTTANGTSM,0.46,0.46,0.0,0.956,0.922,-0.034,7.2,24.6,31.8,internal_motif_model,0,15,15,antibody_interface_mutation,0,10.0,10,0.0,10,0.0,10,10,10,Q129N,0.8967689213004065,1.0,0.19999999999999996,0.4421052631578948,1.0,0.7321428571428572,1.0,0.7158275686709663,0.6666666666666666,antibody_interface_mutation;protected_epitope_or_contact,candidate
301,109,S,K,-2.5664470195770264,-0.7837550920545766,109,139,139,S,1.0,0.0,0.0,1.0,30.0,msa,81.76114261488271,0.5274912426766627,surface,0,167,True,False,False,0.5,0.5,0.0,HLA-A02_like,HLA-A02_like,FLWEWASAR,FLWEWAKAR,0.72,0.72,0.0,PSSWAFGKFLWEWAS,PSSWAFGKFLWEWAK,0.72,0.72,0.0,0.978,0.967,-0.012,0.0,13.0,13.0,internal_motif_model,0,0,0,,0,9.6,10,-0.027433628318584,10,0.9990009990009998,8,10,10,S167K,0.6694946717043011,0.96,0.0,0.7719298245614035,1.0,1.0,1.0,0.715759632838356,0.8333333333333334,,candidate
302,90,T,R,-2.8397536277770996,-0.252958256443776,90,139,139,T,1.0,0.0,0.0,1.0,30.0,msa,44.37411658601282,0.2579890499186791,partial,0,148,True,False,False,0.35,0.35,0.0,HLA-A02_like,HLA-A03_like,DGNCTCIPI,TKPSDGNCR,0.46,0.46,0.0,CTCIPIPSSWAFGKF,CRCIPIPSSWAFGKF,0.46,0.46,0.0,1.086,1.08,-0.005,0.0,8.0,8.0,internal_motif_model,0,0,0,,0,9.6,10,-0.0336283185840708,10,0.9999900000999986,8,10,10,T148R,0.598287431706017,0.96,0.0,0.8596491228070176,1.0,1.0,1.0,0.7155016824879078,0.8333333333333334,,candidate
303,10,S,L,-2.3124353885650635,-0.443144952323081,10,139,48,S,1.0,0.0,0.0,1.0,30.0,msa,77.33913732665465,0.4989621763009977,surface,4,38,False,False,False,0.9,0.95,0.05,HLA-A02_like,HLA-A02_like,SLDSWWTSL,LLNFYRWMA,0.72,0.72,0.0,QSLDSWWTSLNFYRW,QSLDSWWTLLNFYRW,0.9,0.95,0.05,0.975,1.009,0.034,0.0,0.0,0.0,internal_motif_model,0,0,4,surface_hydrophobic_gain,0,10.0,10,0.0407079646017699,10,0.0,10,10,10,S38L,0.6238012795464519,1.0,0.0,1.0,0.6666666666666667,0.9285714285714286,1.0,0.7154741294104225,1.0,surface_hydrophobic_gain,candidate
304,36,L,V,-2.109452724456787,0.4966386267749101,36,139,55,L,0.9636363636363636,0.0,0.0521442361324774,0.9478557638675226,24.0,msa,98.91147390194784,0.4920968850843175,surface,4,94,False,False,False,0.95,0.95,0.0,HLA-A02_like,HLA-A02_like,LLLALIFLL,LLLALIFVL,0.72,0.72,0.0,FIIFLFILLLALIFL,FIIFLFILLLALIFV,0.95,0.95,0.0,1.232,1.251,0.019,0.0,0.0,0.0,internal_motif_model,0,0,4,surface_hydrophobic_gain,0,10.0,10,0.0035398230088495,10,0.0,10,10,10,L94V,0.4977278172088866,1.0,0.19999999999999996,1.0,0.6666666666666667,0.9285714285714286,1.0,0.7139557638260312,0.8333333333333334,surface_hydrophobic_gain,candidate
305,15,R,A,-3.1216580867767334,0.8116516764856954,15,139,48,R,1.0,0.0,0.0,1.0,30.0,msa,75.6729119814143,0.2761785108810741,partial,0,73,False,False,False,0.9,0.9,0.0,HLA-A02_like,HLA-A02_like,SLNFYRWMA,SLNFYAWMA,0.72,0.72,0.0,QSLDSWWTSLNFYRW,QSLDSWWTSLNFYAW,0.9,0.9,0.0,0.955,0.982,0.027,0.0,0.0,0.0,internal_motif_model,0,0,0,,0,10.0,10,0.0557522123893805,10,-0.9999900000999986,10,10,10,R73A,0.4554683154024466,1.0,0.0,1.0,1.0,1.0,1.0,0.7138670788506116,0.8333333333333334,,candidate
306,100,F,E,-3.241909980773926,-2.3847890162444116,100,139,139,F,0.9784172661870504,0.0,0.0393473844179827,0.9606526155820172,30.0,msa,85.74160333883407,0.3572566805784752,surface,0,158,True,False,False,0.8,0.45,-0.35,HLA-B07_like,HLA-A02_like,IPIPSSWAF,PIPSSWAEG,0.72,0.54,-0.18,IPSSWAFGKFLWEWA,WAEGKFLWEWASARF,0.8,0.54,-0.26,0.994,0.959,-0.034,18.0,13.0,31.0,internal_motif_model,0,0,0,,0,10.0,10,-0.0557522123893804,10,-0.99718953802679,10,10,10,F158E,0.8842759198893845,1.0,0.0,0.45614035087719296,1.0,1.0,1.0,0.7122970501477848,0.6666666666666666,predicted_tcell_epitope_loss,candidate
307,37,L,T,-3.4341328144073486,0.865394703563851,37,139,55,L,0.9818181818181818,0.0,0.0303351945483401,0.96966480545166,30.0,msa,94.19500085111348,0.4686318450304153,surface,0,95,False,False,False,0.95,0.95,0.0,HLA-A02_like,HLA-A02_like,LLLALIFLL,LLALIFLTV,0.72,0.72,0.0,IIFLFILLLALIFLL,IIFLFILLLALIFLT,0.95,0.95,0.0,1.232,1.184,-0.049,0.0,0.0,0.0,internal_motif_model,0,0,0,,0,10.0,10,-0.0398230088495575,10,0.0,10,10,10,L95T,0.44825860281441887,1.0,0.0,1.0,1.0,1.0,1.0,0.7120646507036047,0.8333333333333334,,candidate
308,13,F,S,-2.356610059738159,0.8859800221086971,13,139,48,F,0.9791666666666666,0.0,0.033803026545712,0.966196973454288,30.0,msa,110.91194314843057,0.462133096451794,surface,0,41,False,False,False,0.9,0.9,0.0,HLA-A02_like,HLA-A02_like,SLNFYRWMA,SLNSYRWMA,0.72,0.72,0.0,QSLDSWWTSLNFYRW,DSWWTSLNSYRWMAL,0.9,0.9,0.0,1.008,0.997,-0.011,0.0,0.0,0.0,internal_motif_model,0,0,0,,0,10.0,10,-0.031858407079646,10,0.0,10,10,10,F41S,0.4454970495802568,1.0,0.0,1.0,1.0,1.0,1.0,0.7113742623950642,0.8333333333333334,,candidate
309,0,I,L,-3.868208885192871,0.5753796229673753,0,139,48,I,0.9583333333333334,0.0,0.0578173184160061,0.942182681583994,24.0,msa,104.813420657429,0.5320478205960862,surface,4,28,False,False,False,0.9,0.95,0.05,HLA-B07_like,HLA-B07_like,IPQSLDSWW,LPQSLDSWW,0.36,0.36,0.0,IPQSLDSWWTSLNFY,LPQSLDSWWTSLNFY,0.9,0.95,0.05,1.061,1.085,0.024,0.0,0.0,0.0,internal_motif_model,0,0,4,surface_hydrophobic_gain,0,10.0,10,-0.0061946902654868,10,0.0,10,10,10,I28L,0.48716458729224854,1.0,0.19999999999999996,1.0,0.6666666666666667,0.9285714285714286,1.0,0.7113149563468717,0.8333333333333334,surface_hydrophobic_gain,candidate
310,42,Y,S,-2.430243730545044,-0.4549410499376449,42,139,55,Y,0.9636363636363636,0.0,0.0605579893382868,0.9394420106617132,30.0,msa,112.88290298106912,0.4292125588633806,surface,0,100,True,False,False,0.95,0.95,0.0,HLA-A02_like,HLA-A02_like,LVLLDYQGM,LVLLDSQGM,0.72,0.72,0.0,ILLLALIFLLVLLDY,ILLLALIFLLVLLDS,0.95,0.95,0.0,1.035,1.013,-0.021,0.0,13.0,13.0,internal_motif_model,0,0,0,,0,10.0,10,0.0044247787610619,10,0.000999000999001,10,10,10,Y100S,0.6253837448091111,1.0,0.0,0.7719298245614035,1.0,1.0,1.0,0.7107319011145585,0.8333333333333334,,candidate
311,25,F,G,-2.849524974822998,0.6962529378523925,25,139,55,F,1.0,0.0,0.0,1.0,30.0,msa,42.52143143359662,0.1771726309733192,partial,0,83,False,False,False,0.95,0.9,-0.05,HLA-A02_like,HLA-A02_like,FIIFLFILL,ALRRFIIGL,0.72,0.72,0.0,LNFYRWMALRRFIIF,LNFYRWMALRRFIIG,0.95,0.9,-0.05,1.14,1.109,-0.031,0.0,0.0,0.0,internal_motif_model,0,0,4,new_glycine,0,10.0,10,-0.0283185840707965,10,0.0,10,10,10,F83G,0.4709492397902212,1.0,0.0,1.0,1.0,0.9285714285714286,1.0,0.7105944528046982,0.8333333333333334,new_glycine,candidate
312,19,L,G,-3.1642112731933594,0.7046809723233309,19,139,55,L,1.0,0.0,0.0,1.0,30.0,msa,64.0085303170126,0.3184503995871273,partial,0,77,False,False,False,0.95,0.85,-0.1,HLA-A02_like,HLA-A02_like,WMALRRFII,WMAGRRFII,0.72,0.72,0.0,DSWWTSLNFYRWMAL,DSWWTSLNFYRWMAG,0.95,0.85,-0.1,0.981,0.928,-0.054,0.0,0.0,0.0,internal_motif_model,0,0,4,new_glycine,0,10.0,10,-0.0371681415929203,10,0.0,10,10,10,L77G,0.46981860555688915,1.0,0.0,1.0,1.0,0.9285714285714286,1.0,0.7103117942463651,0.8333333333333334,new_glycine,candidate
313,104,L,I,-3.122053861618042,-0.2100957661760674,104,139,139,L,1.0,0.0,0.0,1.0,24.0,msa,77.01586744260025,0.3831635196149266,surface,4,162,True,False,False,0.5,0.5,0.0,HLA-A02_like,HLA-A02_like,FGKFLWEWA,FGKFIWEWA,0.72,0.72,0.0,IPSSWAFGKFLWEWA,IPSSWAFGKFIWEWA,0.72,0.72,0.0,0.969,0.955,-0.014,0.0,7.8,7.8,internal_motif_model,0,0,4,surface_hydrophobic_gain,0,10.0,10,0.0061946902654866,10,0.0,10,10,10,L162I,0.5925373604421129,1.0,0.19999999999999996,0.8631578947368421,0.6666666666666667,0.9285714285714286,1.0,0.7102897285817062,0.8333333333333334,surface_hydrophobic_gain,candidate
314,30,L,S,-2.8540568351745605,0.9206282622507728,30,139,55,L,1.0,0.0,0.0,1.0,30.0,msa,104.81344579017022,0.5214599293043295,surface,0,88,False,False,False,0.95,0.95,0.0,HLA-A02_like,HLA-A02_like,FIIFLFILL,FLFILSLAL,0.72,0.72,0.0,WMALRRFIIFLFILL,WMALRRFIIFLFILS,0.95,0.95,0.0,1.187,1.153,-0.034,0.0,0.0,0.0,internal_motif_model,0,0,0,,0,10.0,10,-0.0407079646017699,10,0.0,10,10,10,L88S,0.4408489330396299,1.0,0.0,1.0,1.0,1.0,1.0,0.7102122332599075,0.8333333333333334,,candidate
315,5,D,T,-2.999941825866699,0.9207806343855224,5,139,48,D,1.0,0.0,0.0,1.0,30.0,msa,45.639663204214315,0.2364749388819394,partial,0,33,False,False,False,0.9,0.9,0.0,HLA-B07_like,HLA-B07_like,IPQSLDSWW,IPQSLTSWW,0.72,0.72,0.0,QSLDSWWTSLNFYRW,QSLTSWWTSLNFYRW,0.9,0.9,0.0,0.992,0.998,0.006,0.0,0.0,0.0,internal_motif_model,0,0,0,,0,10.0,10,0.0247787610619468,10,0.9988792390601552,10,10,10,D33T,0.44082849207532826,1.0,0.0,1.0,1.0,1.0,1.0,0.710207123018832,0.8333333333333334,,candidate
316,2,Q,L,-2.33320951461792,0.9292509539542948,2,139,48,Q,0.9166666666666666,0.0,0.0957482033986543,0.9042517966013456,30.0,msa,68.2424798689968,0.3032999105288746,partial,0,30,False,False,False,0.9,0.9,0.0,HLA-B07_like,HLA-B07_like,IPQSLDSWW,IPLSLDSWW,0.72,0.72,0.0,QSLDSWWTSLNFYRW,LSLDSWWTSLNFYRW,0.9,0.9,0.0,1.06,1.099,0.039,0.0,0.0,0.0,internal_motif_model,0,0,0,,0,10.0,10,0.0646017699115044,10,0.0,10,10,10,Q30L,0.4396921852288458,1.0,0.0,1.0,1.0,1.0,1.0,0.7099230463072115,0.8333333333333334,,candidate
317,111,R,C,-3.0971760749816895,-2.270208237169385,111,139,139,R,0.9928057553956836,0.0,0.0142429670997965,0.9857570329002034,30.0,msa,161.2357209991473,0.5884515364932383,surface,0,169,True,False,False,0.5,0.5,0.0,HLA-A02_like,HLA-A02_like,FLWEWASAR,FLWEWASAC,0.72,0.72,0.0,SWAFGKFLWEWASAR,SWAFGKFLWEWASAC,0.72,0.72,0.0,1.021,1.129,0.108,0.0,13.0,13.0,internal_motif_model,10,0,10,new_cysteine,10,9.3,10,0.0619469026548671,10,-1.0098909901990083,8,10,7,R169C,0.8689047260777313,0.93,0.0,0.7719298245614035,1.0,0.8214285714285714,0.33333333333333337,0.7099216702412374,0.6666666666666666,new_cysteine,candidate
318,0,I,G,-4.486016750335693,0.7490764322964196,0,139,48,I,0.9583333333333334,0.0,0.0578173184160061,0.942182681583994,30.0,msa,104.813420657429,0.5320478205960862,surface,0,28,False,False,False,0.9,0.9,0.0,HLA-B07_like,HLA-B07_like,IPQSLDSWW,GPQSLDSWW,0.36,0.36,0.0,IPQSLDSWWTSLNFY,GPQSLDSWWTSLNFY,0.9,0.9,0.0,1.061,0.991,-0.07,0.0,0.0,0.0,internal_motif_model,0,0,4,new_glycine,0,10.0,10,-0.043362831858407,10,0.0,10,10,10,I28G,0.463862883968044,1.0,0.0,1.0,1.0,0.9285714285714286,1.0,0.7088228638491539,0.8333333333333334,new_glycine,candidate
319,25,F,S,-2.943681240081787,0.963982281820364,25,139,55,F,1.0,0.0,0.0,1.0,30.0,msa,42.52143143359662,0.1771726309733192,partial,0,83,False,False,False,0.95,0.95,0.0,HLA-A02_like,HLA-A02_like,FIIFLFILL,FIISLFILL,0.72,0.72,0.0,LNFYRWMALRRFIIF,LNFYRWMALRRFIIS,0.95,0.95,0.0,1.14,1.129,-0.011,0.0,0.0,0.0,internal_motif_model,0,0,0,,0,10.0,10,-0.031858407079646,10,0.0,10,10,10,F83S,0.4350329223378522,1.0,0.0,1.0,1.0,1.0,1.0,0.7087582305844631,0.8333333333333334,,candidate
320,19,L,D,-2.525362014770508,0.968616649743268,19,139,55,L,1.0,0.0,0.0,1.0,30.0,msa,64.0085303170126,0.3184503995871273,partial,0,77,False,False,False,0.95,0.95,0.0,HLA-A02_like,HLA-A02_like,WMALRRFII,WMADRRFII,0.72,0.72,0.0,DSWWTSLNFYRWMAL,DSWWTSLNFYRWMAD,0.95,0.95,0.0,0.981,0.927,-0.055,0.0,0.0,0.0,internal_motif_model,0,0,0,,0,10.0,10,-0.0646017699115044,10,-0.9988792390601552,10,10,10,L77D,0.43441121450768616,1.0,0.0,1.0,1.0,1.0,1.0,0.7086028036269215,0.8333333333333334,,candidate
321,51,L,T,-2.458763599395752,0.5915392603759244,51,139,139,L,0.9712230215827338,0.0071942446043165,0.053537761638623,0.9464622383613768,27.0,msa,58.62910581804712,0.2916870936221249,partial,0,109,True,False,False,0.8,0.8,0.0,HLA-A02_like,HLA-A02_like,GMLPVCPLI,GMLPVCPTI,0.72,0.72,0.0,LVLLDYQGMLPVCPL,LVLLDYQGMLPVCPT,0.8,0.8,0.0,1.171,1.123,-0.049,0.0,8.0,8.0,internal_motif_model,0,0,0,,0,10.0,10,-0.0398230088495575,10,0.0,10,10,10,L109T,0.4849967462238072,1.0,0.09999999999999998,0.8596491228070176,1.0,1.0,1.0,0.7081790111173554,0.6666666666666666,,candidate
322,36,L,G,-2.5242815017700195,0.7997387983193107,36,139,55,L,0.9636363636363636,0.0,0.0521442361324774,0.9478557638675226,30.0,msa,98.91147390194784,0.4920968850843175,surface,0,94,False,False,False,0.95,0.95,0.0,HLA-A02_like,HLA-A02_like,LLLALIFLL,LLLALIFGL,0.72,0.72,0.0,FIIFLFILLLALIFL,FIIFLFILLLALIFG,0.95,0.95,0.0,1.232,1.179,-0.054,0.0,0.0,0.0,internal_motif_model,0,0,4,new_glycine,0,10.0,10,-0.0371681415929203,10,0.0,10,10,10,L94G,0.457066446961931,1.0,0.0,1.0,1.0,0.9285714285714286,1.0,0.7071237545976257,0.8333333333333334,new_glycine,candidate
323,28,I,V,-2.298889636993408,1.9100646910546288,28,139,55,I,1.0,0.0,0.0,1.0,24.0,msa,49.63103153785892,0.2519341702429387,partial,0,86,False,False,False,0.95,0.95,0.0,HLA-A02_like,HLA-A02_like,FIIFLFILL,FIIFLFVLL,0.72,0.72,0.0,YRWMALRRFIIFLFI,YRWMALRRFIIFLFV,0.95,0.95,0.0,1.191,1.224,0.033,0.0,0.0,0.0,internal_motif_model,0,0,0,,0,10.0,10,-0.0026548672566371,10,0.0,10,10,10,I86V,0.3081144619160274,1.0,0.19999999999999996,1.0,1.0,1.0,1.0,0.7070286154790069,0.8333333333333334,,candidate
324,108,A,S,-2.675207138061523,-0.8470118481011184,108,139,139,A,0.9856115107913668,0.0,0.0284685318889823,0.9715314681110176,30.0,msa,28.846907992980796,0.2236194418060526,partial,0,166,True,False,False,0.5,0.5,0.0,HLA-A02_like,HLA-A02_like,FGKFLWEWA,FLWEWSSAR,0.72,0.54,-0.18,IPSSWAFGKFLWEWA,IPSSWAFGKFLWEWS,0.72,0.54,-0.18,0.95,0.943,-0.007,10.0,8.0,18.0,internal_motif_model,0,0,0,,0,10.0,10,-0.0230088495575221,10,0.0,10,10,10,A166S,0.6779806661698404,1.0,0.0,0.6842105263157895,1.0,1.0,1.0,0.706337271805618,0.8333333333333334,,candidate
325,33,L,M,-3.884832859039306,1.9379924207222816,33,139,55,L,1.0,0.0,0.0,1.0,24.0,msa,51.677804284413895,0.2571035039025567,partial,0,91,False,False,False,0.95,0.95,0.0,HLA-A02_like,HLA-A02_like,FLFILLLAL,FLFILLLAM,0.72,0.72,0.0,LRRFIIFLFILLLAL,LRRFIIFLFILLLAM,0.95,0.95,0.0,1.187,1.126,-0.061,0.0,0.0,0.0,internal_motif_model,0,0,0,,0,10.0,10,-0.0168141592920353,10,0.0,10,10,10,L91M,0.3043679125479186,1.0,0.19999999999999996,1.0,1.0,1.0,1.0,0.7060919781369797,0.8333333333333334,,candidate
326,108,A,F,-2.6225578784942627,0.2078196609925555,108,139,139,A,0.9856115107913668,0.0,0.0284685318889823,0.9715314681110176,30.0,msa,28.846907992980796,0.2236194418060526,partial,0,166,True,False,False,0.5,0.5,0.0,HLA-A02_like,HLA-B07_like,FGKFLWEWA,FGKFLWEWF,0.72,0.72,0.0,IPSSWAFGKFLWEWA,IPSSWAFGKFLWEWF,0.72,0.72,0.0,0.95,0.954,0.004,0.0,8.0,8.0,internal_motif_model,0,0,0,,0,10.0,10,0.0088495575221239,10,0.0,10,10,10,A166F,0.5364733409813759,1.0,0.0,0.8596491228070176,1.0,1.0,1.0,0.7060481598067475,0.6666666666666666,,candidate
327,103,F,R,-2.5121335983276367,1.9769425185365608,103,139,139,F,0.5323741007194245,0.0,0.2306780064321617,0.7693219935678383,17.0,msa,54.34326972179623,0.2264302905074843,partial,0,161,True,False,False,0.5,0.8,0.3,HLA-A02_like,HLA-A03_like,FGKFLWEWA,PSSWAFGKR,0.72,0.54,-0.18,IPSSWAFGKFLWEWA,WAFGKRLWEWASARF,0.72,0.8,0.08,0.997,0.966,-0.031,0.0,8.0,8.0,internal_motif_model,0,0,0,,0,9.6,10,-0.0646017699115044,10,0.9999900000999986,8,10,10,F161R,0.2991426949562831,0.96,0.43333333333333335,0.8596491228070176,1.0,1.0,1.0,0.7057154983004743,0.6666666666666666,,candidate
328,82,T,S,-2.355339288711548,-0.9499492303775412,82,139,139,T,0.9280575539568344,0.0647482014388489,0.0941412500040876,0.9058587499959124,18.0,msa,58.16691470685098,0.3381797366677382,partial,0,140,True,True,True,0.4,0.4,0.0,HLA-A03_like,HLA-A03_like,MYPSCCCTK,MYPSCCCSK,0.28,0.28,0.0,TTAQGTSMYPSCCCT,TTAQGTSMYPSCCCS,0.4,0.4,0.0,1.164,1.179,0.015,7.2,21.6,28.8,internal_motif_model,0,15,15,antibody_interface_mutation,0,10.0,10,-0.0008849557522123,10,0.0,10,10,10,T140S,0.6917898797762434,1.0,0.4,0.49473684210526314,1.0,0.7321428571428572,1.0,0.7051091240793992,0.6666666666666666,antibody_interface_mutation;protected_epitope_or_contact,candidate
329,95,P,S,-1.9839930534362793,0.2539598619175933,95,139,139,P,1.0,0.0,0.0,1.0,30.0,msa,30.85365684912904,0.1940481562838304,partial,0,153,True,False,False,0.8,0.9,0.1,HLA-A02_like,HLA-A02_like,CIPIPSSWA,CIPISSSWA,0.72,0.72,0.0,IPSSWAFGKFLWEWA,ISSSWAFGKFLWEWA,0.8,0.9,0.1,1.05,1.042,-0.007,0.0,8.0,8.0,internal_motif_model,0,0,0,,0,10.0,10,0.007079646017699,10,0.0,10,10,10,P153S,0.5302835596179329,1.0,0.0,0.8596491228070176,1.0,1.0,1.0,0.7045007144658868,0.6666666666666666,,candidate
330,20,R,I,-2.2534546852111816,1.1007195789046025,20,139,55,R,1.0,0.0,0.0,1.0,30.0,msa,57.0350994047275,0.2081572970975456,partial,0,78,False,False,False,0.95,0.95,0.0,HLA-A02_like,HLA-A02_like,WMALRRFII,WMALIRFII,0.72,0.72,0.0,SWWTSLNFYRWMALR,SWWTSLNFYRWMALI,0.95,0.95,0.0,1.018,1.058,0.04,0.0,0.0,0.0,internal_motif_model,0,0,0,,0,10.0,10,0.0796460176991149,10,-0.9999900000999986,10,10,10,R78I,0.41668939638410407,1.0,0.0,1.0,1.0,1.0,1.0,0.704172349096026,0.8333333333333334,,candidate
331,38,V,C,-3.5785069465637207,-0.7322861116968227,38,139,55,V,1.0,0.0,0.0,1.0,30.0,msa,71.25006474635506,0.4094831307261785,surface,0,96,False,False,False,0.95,0.95,0.0,HLA-A02_like,HLA-A02_like,LLALIFLLV,LALIFLLCL,0.72,0.72,0.0,IFLFILLLALIFLLV,IFLFILLLALIFLLC,0.95,0.95,0.0,1.191,1.196,0.004,0.0,0.0,0.0,internal_motif_model,10,0,10,new_cysteine,10,9.3,10,-0.0150442477876106,10,-0.0099009900990099,8,10,7,V96C,0.6625900261018378,0.93,0.0,1.0,1.0,0.8214285714285714,0.33333333333333337,0.7039570303349834,0.8333333333333334,new_cysteine,candidate
332,28,I,F,-2.087759017944336,1.107845216647661,28,139,55,I,1.0,0.0,0.0,1.0,30.0,msa,49.63103153785892,0.2519341702429387,partial,0,86,False,False,False,0.95,0.95,0.0,HLA-A02_like,HLA-A02_like,FIIFLFILL,FIIFLFFLL,0.72,0.72,0.0,YRWMALRRFIIFLFI,YRWMALRRFIIFLFF,0.95,0.95,0.0,1.191,1.182,-0.009,0.0,0.0,0.0,internal_motif_model,0,0,0,,0,10.0,10,-0.0150442477876106,10,0.0,10,10,10,I86F,0.41573348074393845,1.0,0.0,1.0,1.0,1.0,1.0,0.7039333701859847,0.8333333333333334,,candidate
333,65,T,S,-2.096968412399292,-0.864287755937653,65,139,139,T,0.9856115107913668,0.0,0.0284685318889823,0.9715314681110176,24.0,msa,81.40631857421567,0.4732925498500911,surface,0,123,True,False,True,0.45,0.45,0.0,HLA-A03_like,HLA-A03_like,RTCMTTAQG,RSCMTTAQG,0.46,0.46,0.0,GPCRTCMTTAQGTSM,GPCRSCMTTAQGTSM,0.46,0.46,0.0,1.058,1.073,0.015,0.0,19.8,19.8,internal_motif_model,0,15,15,antibody_interface_mutation,0,10.0,10,-0.0008849557522123,10,0.0,10,10,10,T123S,0.6802982566921892,1.0,0.19999999999999996,0.6526315789473685,1.0,0.7321428571428572,1.0,0.7038151656768067,0.6666666666666666,antibody_interface_mutation;protected_epitope_or_contact,candidate
334,103,F,L,-2.80584454536438,2.2180601826908344,103,139,139,F,0.5323741007194245,0.0,0.2306780064321617,0.7693219935678383,17.0,msa,54.34326972179623,0.2264302905074843,partial,0,161,True,False,False,0.5,0.9,0.4,HLA-A02_like,HLA-A02_like,FGKFLWEWA,KLLWEWASA,0.72,0.72,0.0,IPSSWAFGKFLWEWA,IPSSWAFGKLLWEWA,0.72,0.9,0.18,0.997,1.02,0.023,0.0,8.0,8.0,internal_motif_model,0,0,0,,0,10.0,10,0.0088495575221239,10,0.0,10,10,10,F161L,0.26679637669027123,1.0,0.43333333333333335,0.8596491228070176,1.0,1.0,1.0,0.7036289187339714,0.6666666666666666,,candidate
335,20,R,L,-1.8710240125656128,1.1173648976337065,20,139,55,R,1.0,0.0,0.0,1.0,30.0,msa,57.0350994047275,0.2081572970975456,partial,0,78,False,False,False,0.95,0.95,0.0,HLA-A02_like,HLA-A02_like,WMALRRFII,WMALLRFII,0.72,0.72,0.0,SWWTSLNFYRWMALR,SWWTSLNFYRWMALL,0.95,0.95,0.0,1.018,1.072,0.054,0.0,0.0,0.0,internal_motif_model,0,0,0,,0,10.0,10,0.0734513274336283,10,-0.9999900000999986,10,10,10,R78L,0.41445640039378817,1.0,0.0,1.0,1.0,1.0,1.0,0.703614100098447,0.8333333333333334,,candidate
336,21,R,G,-2.8049724102020264,0.9431367625044232,21,139,55,R,1.0,0.0,0.0,1.0,30.0,msa,39.601522124014735,0.1445311026423895,buried,0,79,False,False,False,0.95,0.85,-0.1,HLA-A02_like,HLA-A02_like,WMALRRFII,WMALRGFII,0.72,0.72,0.0,WWTSLNFYRWMALRR,WWTSLNFYRWMALRG,0.95,0.85,-0.1,1.065,1.065,0.0,0.0,0.0,0.0,internal_motif_model,0,0,4,new_glycine,0,10.0,10,0.036283185840708,10,-0.9999900000999986,10,10,10,R79G,0.43782938191943754,1.0,0.0,1.0,1.0,0.9285714285714286,1.0,0.7023144883370023,0.8333333333333334,new_glycine,candidate
337,59,S,L,-3.198064088821411,0.3405899490483364,59,139,139,S,0.9856115107913668,0.0,0.0284685318889823,0.9715314681110176,30.0,msa,37.32666975080914,0.2408172241987686,partial,0,117,True,False,False,0.8,0.85,0.05,HLA-A03_like,HLA-A02_like,STTSTGPCR,LIPGSSTTL,0.36,0.36,0.0,STTSTGPCRTCMTTA,STTLTGPCRTCMTTA,0.8,0.85,0.05,0.956,0.99,0.034,0.0,8.0,8.0,internal_motif_model,0,0,0,,0,10.0,10,0.0407079646017699,10,0.0,10,10,10,S117L,0.5186619956003318,1.0,0.0,0.8596491228070176,1.0,1.0,1.0,0.7015953234614865,0.6666666666666666,,candidate
338,14,Y,G,-2.718538284301758,0.9773682755656808,14,139,48,Y,1.0,0.0,0.0,1.0,30.0,msa,146.97568008612603,0.5588428900613157,surface,0,72,False,False,False,0.9,0.8,-0.1,HLA-A02_like,HLA-A02_like,SLNFYRWMA,SLNFGRWMA,0.72,0.72,0.0,QSLDSWWTSLNFYRW,FGRWMALRRFIIFLF,0.9,0.8,-0.1,0.981,0.94,-0.041,0.0,0.0,0.0,internal_motif_model,0,0,4,new_glycine,0,10.0,10,0.0079646017699114,10,0.000999000999001,10,10,10,Y72G,0.43323716997971773,1.0,0.0,1.0,1.0,0.9285714285714286,1.0,0.7011664353520723,0.8333333333333334,new_glycine,candidate
339,107,W,G,-2.883401870727539,-0.3375826898491425,107,139,139,W,0.9856115107913668,0.0,0.0284685318889823,0.9715314681110176,30.0,msa,100.07229238744928,0.3511308504822781,surface,0,165,True,False,False,0.5,0.5,0.0,HLA-A02_like,HLA-A02_like,FGKFLWEWA,FGKFLWEGA,0.72,0.72,0.0,IPSSWAFGKFLWEWA,IPSSWAFGKFLWEGA,0.72,0.72,0.0,1.004,1.001,-0.003,0.0,13.0,13.0,internal_motif_model,0,0,4,new_glycine,0,10.0,10,0.0044247787610619,10,0.0,10,10,10,W165G,0.6096399340853513,1.0,0.0,0.7719298245614035,1.0,0.9285714285714286,1.0,0.6996530912907615,0.8333333333333334,new_glycine,candidate
340,6,S,L,-2.4574995040893555,0.0307780890875619,6,139,48,S,1.0,0.0,0.0,1.0,30.0,msa,65.16247499778798,0.4204030645018579,surface,4,34,False,False,False,0.9,0.9,0.0,HLA-B07_like,HLA-B07_like,IPQSLDSWW,IPQSLDLWW,0.72,0.72,0.0,QSLDSWWTSLNFYRW,QSLDLWWTSLNFYRW,0.9,0.9,0.0,0.976,1.01,0.034,0.0,0.0,0.0,internal_motif_model,0,0,4,surface_hydrophobic_gain,0,10.0,10,0.0407079646017699,10,0.0,10,10,10,S34L,0.5602237495266823,1.0,0.0,1.0,0.6666666666666667,0.9285714285714286,1.0,0.6995797469054802,0.8333333333333334,surface_hydrophobic_gain,candidate
341,38,V,F,-2.438737154006958,0.054037234737791,38,139,55,V,1.0,0.0,0.0,1.0,30.0,msa,71.25006474635506,0.4094831307261785,surface,4,96,False,False,False,0.95,0.95,0.0,HLA-A02_like,HLA-A02_like,LLALIFLLV,LALIFLLFL,0.72,0.72,0.0,IFLFILLLALIFLLV,IFLFILLLALIFLLF,0.95,0.95,0.0,1.191,1.15,-0.042,0.0,0.0,0.0,internal_motif_model,0,0,4,surface_hydrophobic_gain,0,10.0,10,-0.0123893805309734,10,0.0,10,10,10,V96F,0.5571034981322573,1.0,0.0,1.0,0.6666666666666667,0.9285714285714286,1.0,0.6987996840568739,0.8333333333333334,surface_hydrophobic_gain,candidate
342,73,T,S,-2.0485997200012207,-0.7738100968477113,73,139,139,T,0.8776978417266187,0.0,0.1387927954342322,0.8612072045657677,16.0,msa,122.97880053086897,0.7149930263422615,surface,0,131,True,True,True,0.4,0.4,0.0,HLA-A02_like,HLA-A02_like,MTTAQGTSM,MTTAQGSSM,0.46,0.46,0.0,GPCRTCMTTAQGTSM,GPCRTCMTTAQGSSM,0.46,0.46,0.0,0.98,0.995,0.015,7.2,24.6,31.8,internal_motif_model,0,15,15,antibody_interface_mutation,0,10.0,10,-0.0008849557522123,10,0.0,10,10,10,T131S,0.6681605347747503,1.0,0.4666666666666667,0.4421052631578948,1.0,0.7321428571428572,1.0,0.6986754720395523,0.6666666666666666,antibody_interface_mutation;protected_epitope_or_contact,candidate
343,59,S,G,-2.892948627471924,0.6636757771411794,59,139,139,S,0.9856115107913668,0.0071942446043165,0.0284685318889823,0.9715314681110176,27.0,msa,37.32666975080914,0.2408172241987686,partial,0,117,True,False,False,0.8,0.8,0.0,HLA-A03_like,HLA-A03_like,STTSTGPCR,STTGTGPCR,0.36,0.36,0.0,STTSTGPCRTCMTTA,STTGTGPCRTCMTTA,0.8,0.8,0.0,0.956,0.936,-0.02,0.0,8.0,8.0,internal_motif_model,0,0,4,new_glycine,0,10.0,10,0.0035398230088495,10,0.0,10,10,10,S117G,0.4753195177300975,1.0,0.09999999999999998,0.8596491228070176,1.0,0.9285714285714286,1.0,0.6986168468510708,0.6666666666666666,new_glycine,candidate
344,7,W,I,-2.6411776542663574,1.2808350824642505,7,139,48,W,1.0,0.0,0.0,1.0,30.0,msa,62.68686228764738,0.219953902763675,partial,0,35,False,False,False,0.9,0.9,0.0,HLA-B07_like,HLA-B07_like,IPQSLDSWW,IPQSLDSIW,0.72,0.72,0.0,QSLDSWWTSLNFYRW,QSLDSIWTSLNFYRW,0.9,0.9,0.0,0.976,1.013,0.037,0.0,0.0,0.0,internal_motif_model,0,0,0,,0,10.0,10,0.047787610619469,10,0.0,10,10,10,W35I,0.3925266150166812,1.0,0.0,1.0,1.0,1.0,1.0,0.6981316537541703,0.8333333333333334,,candidate
345,104,L,V,-2.985618829727173,0.1553362330059542,104,139,139,L,1.0,0.0,0.0,1.0,24.0,msa,77.01586744260025,0.3831635196149266,surface,4,162,True,False,False,0.5,0.95,0.45,HLA-A02_like,HLA-A03_like,FGKFLWEWA,FVWEWASAR,0.72,0.72,0.0,IPSSWAFGKFLWEWA,IPSSWAFGKFVWEWA,0.72,0.95,0.23,0.969,0.988,0.019,0.0,7.8,7.8,internal_motif_model,0,0,4,surface_hydrophobic_gain,0,10.0,10,0.0035398230088495,10,0.0,10,10,10,L162V,0.5435140763472417,1.0,0.19999999999999996,0.8631578947368421,0.6666666666666667,0.9285714285714286,1.0,0.6980339075579884,0.6666666666666666,surface_hydrophobic_gain,candidate
346,24,I,V,-2.543156147003174,2.186599890707015,24,139,55,I,0.9818181818181818,0.0,0.0303351945483401,0.96966480545166,24.0,msa,28.052022219769505,0.1423960518770025,buried,0,82,False,False,False,0.95,0.95,0.0,HLA-A02_like,HLA-A02_like,WMALRRFII,WMALRRFIV,0.72,0.72,0.0,SLNFYRWMALRRFII,SLNFYRWMALRRFIV,0.95,0.95,0.0,1.1,1.133,0.033,0.0,0.0,0.0,internal_motif_model,0,0,0,,0,10.0,10,-0.0026548672566371,10,0.0,10,10,10,I82V,0.2710168249134225,1.0,0.19999999999999996,1.0,1.0,1.0,1.0,0.6977542062283557,0.8333333333333334,,candidate
347,10,S,G,-3.0715255737304688,1.086122164113874,10,139,48,S,1.0,0.0,0.0,1.0,30.0,msa,77.33913732665465,0.4989621763009977,surface,0,38,False,False,False,0.9,0.9,0.0,HLA-A02_like,HLA-A02_like,SLDSWWTSL,SLDSWWTGL,0.72,0.72,0.0,QSLDSWWTSLNFYRW,DSWWTGLNFYRWMAL,0.9,0.9,0.0,0.975,0.955,-0.02,0.0,0.0,0.0,internal_motif_model,0,0,4,new_glycine,0,10.0,10,0.0035398230088495,10,0.0,10,10,10,S38G,0.4186476628028588,1.0,0.0,1.0,1.0,0.9285714285714286,1.0,0.6975190585578576,0.8333333333333334,new_glycine,candidate
348,37,L,Y,-3.0974056720733643,0.1043103247015437,37,139,55,L,0.9818181818181818,0.0,0.0303351945483401,0.96966480545166,30.0,msa,94.19500085111348,0.4686318450304153,surface,4,95,False,False,False,0.95,0.95,0.0,HLA-A02_like,HLA-A02_like,LLLALIFLL,LLALIFLYV,0.72,0.72,0.0,IIFLFILLLALIFLL,IIFLFILLLALIFLY,0.95,0.95,0.0,1.232,1.22,-0.013,0.0,0.0,0.0,internal_motif_model,0,0,4,surface_hydrophobic_gain,0,10.0,10,-0.0451327433628319,10,-0.000999000999001,10,10,10,L95Y,0.5503592831288184,1.0,0.0,1.0,0.6666666666666667,0.9285714285714286,1.0,0.6971136303060141,0.8333333333333334,surface_hydrophobic_gain,candidate
349,109,S,L,-2.481200695037842,-1.2395831631975227,109,139,139,S,1.0,0.0,0.0,1.0,30.0,msa,81.76114261488271,0.5274912426766627,surface,4,167,True,False,False,0.5,0.5,0.0,HLA-A02_like,HLA-A02_like,FLWEWASAR,FLWEWALAR,0.72,0.72,0.0,PSSWAFGKFLWEWAS,PSSWAFGKFLWEWAL,0.72,0.72,0.0,0.978,1.012,0.034,0.0,13.0,13.0,internal_motif_model,0,0,4,surface_hydrophobic_gain,0,10.0,10,0.0407079646017699,10,0.0,10,10,10,S167L,0.730644732673448,1.0,0.0,0.7719298245614035,0.6666666666666667,0.9285714285714286,1.0,0.6965709576044523,0.8333333333333334,surface_hydrophobic_gain,candidate
350,90,T,L,-2.599696159362793,0.505830991452882,90,139,139,T,1.0,0.0,0.0,1.0,30.0,msa,44.37411658601282,0.2579890499186791,partial,0,148,True,False,False,0.35,0.4,0.05,HLA-A02_like,HLA-B07_like,DGNCTCIPI,LCIPIPSSW,0.46,0.46,0.0,CTCIPIPSSWAFGKF,CLCIPIPSSWAFGKF,0.46,0.46,0.0,1.086,1.134,0.049,0.0,8.0,8.0,internal_motif_model,0,0,0,,0,10.0,10,0.0398230088495574,10,0.0,10,10,10,T148L,0.4964946468622269,1.0,0.0,0.8596491228070176,1.0,1.0,1.0,0.6960534862769603,0.6666666666666666,,candidate
351,24,I,A,-2.988563060760498,2.2525098829185595,24,139,55,I,0.9818181818181818,0.0,0.0303351945483401,0.96966480545166,24.0,msa,28.052022219769505,0.1423960518770025,buried,0,82,False,False,False,0.95,0.95,0.0,HLA-A02_like,HLA-A02_like,WMALRRFII,WMALRRFIA,0.72,0.72,0.0,SLNFYRWMALRRFII,SLNFYRWMALRRFIA,0.95,0.95,0.0,1.1,1.087,-0.013,0.0,0.0,0.0,internal_motif_model,0,0,0,,0,10.0,10,-0.0238938053097345,10,0.0,10,10,10,I82A,0.26217489459503274,1.0,0.19999999999999996,1.0,1.0,1.0,1.0,0.6955437236487583,0.8333333333333334,,candidate
352,23,I,A,-2.9561610221862793,2.2657465934323966,23,139,55,I,1.0,0.0,0.0,1.0,24.0,msa,60.657984052847254,0.3079085484916104,partial,0,81,False,False,False,0.95,0.95,0.0,HLA-A02_like,HLA-A02_like,WMALRRFII,WMALRRFAI,0.72,0.72,0.0,TSLNFYRWMALRRFI,TSLNFYRWMALRRFA,0.95,0.95,0.0,1.069,1.056,-0.013,0.0,0.0,0.0,internal_motif_model,0,0,0,,0,10.0,10,-0.0238938053097345,10,0.0,10,10,10,I81A,0.260399168819912,1.0,0.19999999999999996,1.0,1.0,1.0,1.0,0.6950997922049781,0.8333333333333334,,candidate
353,17,M,R,-2.1191368103027344,1.204942355974481,17,139,55,M,1.0,0.0,0.0,1.0,30.0,msa,71.16238917857868,0.3176892374043691,partial,0,75,False,False,False,0.95,0.9,-0.05,HLA-A02_like,HLA-A03_like,WMALRRFII,TSLNFYRWR,0.72,0.72,0.0,SLDSWWTSLNFYRWM,SLDSWWTSLNFYRWR,0.95,0.9,-0.05,0.991,0.998,0.007,0.0,0.0,0.0,internal_motif_model,0,0,0,,0,9.6,10,-0.0566371681415929,10,0.9999900000999986,8,10,10,M75R,0.40270774502108775,0.96,0.0,1.0,1.0,1.0,1.0,0.6946769362552719,0.8333333333333334,,candidate
354,111,R,T,-2.93851089477539,0.0396483967074061,111,139,139,R,0.9928057553956836,0.0,0.0142429670997965,0.9857570329002034,30.0,msa,161.2357209991473,0.5884515364932383,surface,0,169,True,False,False,0.5,0.5,0.0,HLA-A02_like,HLA-A02_like,FLWEWASAR,FLWEWASAT,0.72,0.72,0.0,SWAFGKFLWEWASAR,SWAFGKFLWEWASAT,0.72,0.72,0.0,1.021,1.028,0.007,0.0,13.0,13.0,internal_motif_model,0,0,0,,0,10.0,10,0.0336283185840707,10,-0.9999900000999986,10,10,10,R169T,0.5590337836467651,1.0,0.0,0.7719298245614035,1.0,1.0,1.0,0.694144410823972,0.6666666666666666,,candidate
355,8,W,I,-2.729591608047486,0.2449656236433099,8,139,48,W,1.0,0.0,0.0,1.0,30.0,msa,205.54529670568476,0.7212115673883676,surface,4,36,False,False,False,0.9,0.9,0.0,HLA-B07_like,HLA-B07_like,IPQSLDSWW,IPQSLDSWI,0.72,0.72,0.0,QSLDSWWTSLNFYRW,QSLDSWITSLNFYRW,0.9,0.9,0.0,0.976,1.013,0.037,0.0,0.0,0.0,internal_motif_model,0,0,4,surface_hydrophobic_gain,0,10.0,10,0.047787610619469,10,0.0,10,10,10,W36I,0.5314901509923176,1.0,0.0,1.0,0.6666666666666667,0.9285714285714286,1.0,0.6923963472718889,0.8333333333333334,surface_hydrophobic_gain,candidate
356,39,L,M,-3.9458861351013184,1.155508263095726,39,139,55,L,0.9818181818181818,0.0,0.0303351945483401,0.96966480545166,24.0,msa,94.19500085111348,0.4686318450304153,surface,4,97,False,False,False,0.95,0.95,0.0,HLA-A02_like,HLA-A02_like,LALIFLLVL,LALIFLLVM,0.72,0.72,0.0,FLFILLLALIFLLVL,FLFILLLALIFLLVM,0.95,0.95,0.0,1.201,1.141,-0.061,0.0,0.0,0.0,internal_motif_model,0,0,4,surface_hydrophobic_gain,0,10.0,10,-0.0168141592920353,10,0.0,10,10,10,L97M,0.4093394072307246,1.0,0.19999999999999996,1.0,0.6666666666666667,0.9285714285714286,1.0,0.6918586613314908,0.8333333333333334,surface_hydrophobic_gain,candidate
357,13,F,I,-3.0381600856781006,0.2702795064311374,13,139,48,F,0.9791666666666666,0.0,0.033803026545712,0.966196973454288,30.0,msa,110.91194314843057,0.462133096451794,surface,4,41,False,False,False,0.9,0.9,0.0,HLA-A02_like,HLA-A02_like,SLNFYRWMA,SLNIYRWMA,0.72,0.72,0.0,QSLDSWWTSLNFYRW,QSLDSWWTSLNIYRW,0.9,0.9,0.0,1.008,1.017,0.009,0.0,0.0,0.0,internal_motif_model,0,0,4,surface_hydrophobic_gain,0,10.0,10,0.0150442477876105,10,0.0,10,10,10,F41I,0.5280942533417843,1.0,0.0,1.0,0.6666666666666667,0.9285714285714286,1.0,0.6915473728592556,0.8333333333333334,surface_hydrophobic_gain,candidate
358,11,L,R,-2.4719722270965576,0.2627789877406314,11,139,48,L,1.0,0.0,0.0,1.0,30.0,msa,83.13649417951248,0.4136143989030472,surface,0,39,False,False,False,0.9,0.5,-0.4,HLA-A02_like,HLA-A03_like,SLDSWWTSL,WWTSRNFYR,0.72,0.72,0.0,QSLDSWWTSLNFYRW,WTSRNFYRWMALRRF,0.9,0.72,-0.18,1.013,0.959,-0.054,10.0,0.0,10.0,internal_motif_model,0,0,0,,0,9.6,10,-0.0734513274336283,10,0.9999900000999986,8,10,10,L39R,0.5291004598574879,0.96,0.0,0.8245614035087719,1.0,1.0,1.0,0.6911873956661264,0.6666666666666666,,candidate
359,98,W,C,-3.009565830230713,-1.6808875485246233,98,139,139,W,0.9784172661870504,0.0,0.0347616222042651,0.9652383777957348,30.0,msa,109.61927830244328,0.3846290466752396,surface,0,156,True,False,False,0.8,0.8,0.0,HLA-A02_like,HLA-B07_like,CIPIPSSWA,IPIPSSCAF,0.72,0.72,0.0,IPSSWAFGKFLWEWA,IPSSCAFGKFLWEWA,0.8,0.8,0.0,1.001,1.076,0.074,0.0,13.0,13.0,internal_motif_model,10,0,10,new_cysteine,10,9.3,10,0.0300884955752211,10,-0.0099009900990099,8,10,7,W156C,0.789846418083124,0.93,0.0,0.7719298245614035,1.0,0.8214285714285714,0.33333333333333337,0.6901570932425857,0.6666666666666666,new_cysteine,candidate
360,0,I,M,-0.2085775136947631,1.6706280914710303,0,139,48,I,0.9583333333333334,0.0416666666666666,0.0578173184160061,0.942182681583994,21.0,msa,104.813420657429,0.5320478205960862,surface,4,28,False,False,False,0.9,0.95,0.05,HLA-B07_like,HLA-B07_like,IPQSLDSWW,MPQSLDSWW,0.36,0.36,0.0,IPQSLDSWWTSLNFY,MPQSLDSWWTSLNFY,0.9,0.95,0.05,1.061,0.979,-0.082,0.0,0.0,0.0,internal_motif_model,0,0,4,surface_hydrophobic_gain,0,10.0,10,-0.0230088495575221,10,-0.2597469266479582,10,10,10,I28M,0.34023526269529913,1.0,0.30000000000000004,1.0,0.6666666666666667,0.9285714285714286,1.0,0.6895826251976344,0.8333333333333334,surface_hydrophobic_gain,candidate
361,31,L,S,-2.9832687377929688,1.5507562964839394,31,139,55,L,0.9818181818181818,0.0,0.0303351945483401,0.96966480545166,30.0,msa,108.55037025161528,0.5400515932916183,surface,0,89,False,False,False,0.95,0.95,0.0,HLA-A02_like,HLA-A02_like,FLFILLLAL,FLFILLSAL,0.72,0.72,0.0,MALRRFIIFLFILLL,MALRRFIIFLFILLS,0.95,0.95,0.0,1.195,1.161,-0.034,0.0,0.0,0.0,internal_motif_model,0,0,0,,0,10.0,10,-0.0407079646017699,10,0.0,10,10,10,L89S,0.35631625470959527,1.0,0.0,1.0,1.0,1.0,1.0,0.6890790636773988,0.8333333333333334,,candidate
362,69,T,R,-3.2977705001831055,-1.753315248339078,69,139,139,P,0.1223021582733813,0.0,0.2539233102813905,0.7460766897186095,12.0,msa,59.26653496746049,0.3445728777177935,partial,0,127,True,True,True,0.45,0.45,0.0,HLA-A03_like,HLA-A03_like,RTCMTTAQG,RTCMTRAQG,0.46,0.46,0.0,GPCRTCMTTAQGTSM,GPCRTCMTRAQGTSM,0.46,0.46,0.0,1.001,0.996,-0.005,12.0,36.0,48.0,internal_motif_model,0,15,15,antibody_interface_mutation,0,9.6,10,-0.0336283185840708,10,0.9999900000999986,8,10,10,T127R,0.7995627092461579,0.96,0.6,0.1578947368421053,1.0,0.7321428571428572,1.0,0.6886839103942463,0.6666666666666666,antibody_interface_mutation;protected_epitope_or_contact,candidate
363,21,R,Y,-2.9281766414642334,1.57360485409734,21,139,55,R,1.0,0.0,0.0,1.0,30.0,msa,39.601522124014735,0.1445311026423895,buried,0,79,False,False,False,0.95,0.95,0.0,HLA-A02_like,HLA-A02_like,WMALRRFII,WMALRYFII,0.72,0.72,0.0,WWTSLNFYRWMALRR,WWTSLNFYRWMALRY,0.95,0.95,0.0,1.065,1.106,0.041,0.0,0.0,0.0,internal_motif_model,0,0,0,,0,10.0,10,0.0283185840707964,10,-1.0009890010989997,10,10,10,R79Y,0.353251084353559,1.0,0.0,1.0,1.0,1.0,1.0,0.6883127710883897,0.8333333333333334,,candidate
364,5,D,S,-2.1627204418182373,1.579770338218765,5,139,48,D,1.0,0.0,0.0,1.0,30.0,msa,45.639663204214315,0.2364749388819394,partial,0,33,False,False,False,0.9,0.9,0.0,HLA-B07_like,HLA-B07_like,IPQSLDSWW,IPQSLSSWW,0.72,0.72,0.0,QSLDSWWTSLNFYRW,QSLSSWWTSLNFYRW,0.9,0.9,0.0,0.992,1.012,0.021,0.0,0.0,0.0,internal_motif_model,0,0,0,,0,10.0,10,0.0238938053097345,10,0.9988792390601552,10,10,10,D33S,0.35242397484934596,1.0,0.0,1.0,1.0,1.0,1.0,0.6881059937123365,0.8333333333333334,,candidate
365,37,L,W,-3.6996724605560303,0.8326950588679551,37,139,55,L,0.9818181818181818,0.0181818181818181,0.0303351945483401,0.96966480545166,27.0,msa,94.19500085111348,0.4686318450304153,surface,4,95,False,False,False,0.95,0.95,0.0,HLA-A02_like,HLA-A02_like,LLLALIFLL,LLALIFLWV,0.72,0.72,0.0,IIFLFILLLALIFLL,IIFLFILLLALIFLW,0.95,0.95,0.0,1.232,1.181,-0.051,0.0,0.0,0.0,internal_motif_model,0,0,4,surface_hydrophobic_gain,0,10.0,10,-0.0415929203539823,10,0.0,10,10,10,L95W,0.45264531217571313,1.0,0.09999999999999998,1.0,0.6666666666666667,0.9285714285714286,1.0,0.6876851375677379,0.8333333333333334,surface_hydrophobic_gain,candidate
366,29,L,T,-3.3044848442077637,1.611672821769872,29,139,55,L,1.0,0.0,0.0,1.0,30.0,msa,60.385645668892856,0.3004260978551883,partial,0,87,False,False,False,0.95,0.95,0.0,HLA-A02_like,HLA-A02_like,FIIFLFILL,FIIFLFITL,0.72,0.72,0.0,RWMALRRFIIFLFIL,RWMALRRFIIFLFIT,0.95,0.95,0.0,1.187,1.138,-0.049,0.0,0.0,0.0,internal_motif_model,0,0,0,,0,10.0,10,-0.0398230088495575,10,0.0,10,10,10,L87T,0.3481442059239135,1.0,0.0,1.0,1.0,1.0,1.0,0.6870360514809783,0.8333333333333334,,candidate
367,100,F,A,-2.6723599433898926,0.0426971059100367,100,139,139,F,0.9784172661870504,0.0,0.0393473844179827,0.9606526155820172,30.0,msa,85.74160333883407,0.3572566805784752,surface,0,158,True,False,False,0.8,0.45,-0.35,HLA-B07_like,HLA-A02_like,IPIPSSWAF,PIPSSWAAG,0.72,0.72,0.0,IPSSWAFGKFLWEWA,IPSSWAAGKFLWEWA,0.8,0.72,-0.08,0.994,0.99,-0.004,0.0,13.0,13.0,internal_motif_model,0,0,4,surface_hydrophobic_gain,0,10.0,10,-0.0088495575221239,10,0.0,10,10,10,F158A,0.5586247944567168,1.0,0.0,0.7719298245614035,1.0,0.9285714285714286,1.0,0.6868993063836027,0.6666666666666666,surface_hydrophobic_gain,candidate
368,17,M,T,-2.57297945022583,1.6271168898149426,17,139,55,M,1.0,0.0,0.0,1.0,30.0,msa,71.16238917857868,0.3176892374043691,partial,0,75,False,False,False,0.95,0.9,-0.05,HLA-A02_like,HLA-A02_like,WMALRRFII,SLNFYRWTA,0.72,0.72,0.0,SLDSWWTSLNFYRWM,SLDSWWTSLNFYRWT,0.95,0.9,-0.05,0.991,1.003,0.012,0.0,0.0,0.0,internal_motif_model,0,0,0,,0,10.0,10,-0.0230088495575221,10,0.0,10,10,10,M75T,0.34607235962405813,1.0,0.0,1.0,1.0,1.0,1.0,0.6865180899060146,0.8333333333333334,,candidate
369,2,Q,F,-2.73568344116211,1.6428920278268322,2,139,48,Q,0.9166666666666666,0.0,0.0957482033986543,0.9042517966013456,30.0,msa,68.2424798689968,0.3032999105288746,partial,0,30,False,False,False,0.9,0.9,0.0,HLA-B07_like,HLA-B07_like,IPQSLDSWW,IPFSLDSWW,0.72,0.72,0.0,QSLDSWWTSLNFYRW,FSLDSWWTSLNFYRW,0.9,0.9,0.0,1.06,1.073,0.013,0.0,0.0,0.0,internal_motif_model,0,0,0,,0,10.0,10,0.0557522123893805,10,0.0,10,10,10,Q30F,0.3439560997614196,1.0,0.0,1.0,1.0,1.0,1.0,0.685989024940355,0.8333333333333334,,candidate
370,103,F,T,-2.8017501831054688,1.729635441283392,103,139,139,F,0.5323741007194245,0.0,0.2306780064321617,0.7693219935678383,17.0,msa,54.34326972179623,0.2264302905074843,partial,0,161,True,False,False,0.5,0.5,0.0,HLA-A02_like,HLA-A02_like,FGKFLWEWA,FGKTLWEWA,0.72,0.54,-0.18,IPSSWAFGKFLWEWA,IPSSWAFGKTLWEWA,0.72,0.54,-0.18,0.997,0.971,-0.026,10.0,8.0,18.0,internal_motif_model,0,0,0,,0,10.0,10,-0.0309734513274336,10,0.0,10,10,10,F161T,0.3323193328369072,1.0,0.43333333333333335,0.6842105263157895,1.0,1.0,1.0,0.6849219384723847,0.6666666666666666,,candidate
371,1,P,A,-2.9156901836395264,-0.2046449420902831,1,139,48,P,1.0,0.0,0.0,1.0,30.0,msa,45.77583239619151,0.2878983169571793,partial,0,29,False,False,False,0.9,0.45,-0.45,HLA-B07_like,HLA-A02_like,IPQSLDSWW,IAQSLDSWW,0.36,0.36,0.0,IPQSLDSWWTSLNFY,IAQSLDSWWTSLNFY,0.9,0.45,-0.45,1.099,1.099,0.0,18.0,0.0,18.0,internal_motif_model,0,0,0,,0,10.0,10,0.0300884955752211,10,0.0,10,10,10,P29A,0.5918061237187097,1.0,0.0,0.6842105263157895,1.0,1.0,1.0,0.6847936361928353,0.6666666666666666,predicted_tcell_epitope_loss,candidate
372,64,R,Q,-3.356922149658203,-3.268107948922392,64,139,139,R,0.8345323741007195,0.0,0.1497551184645261,0.850244881535474,22.0,msa,187.49126744225867,0.6842746986943747,surface,0,122,True,False,True,0.8,0.45,-0.35,HLA-A03_like,HLA-A03_like,STTSTGPCR,QTCMTTAQG,0.46,0.46,0.0,GPCRTCMTTAQGTSM,GPCQTCMTTAQGTSM,0.8,0.46,-0.34,1.053,1.073,0.02,18.0,33.0,51.0,internal_motif_model,0,15,15,antibody_interface_mutation,0,10.0,10,0.0088495575221239,10,-0.9999900000999986,10,10,10,R122Q,1.0,1.0,0.2666666666666667,0.10526315789473684,1.0,0.7321428571428572,1.0,0.6842669172932331,0.5,antibody_interface_mutation;predicted_tcell_epitope_loss;protected_epitope_or_contact,candidate
373,102,K,G,-2.588308811187744,0.1334841015677739,102,139,139,K,0.935251798561151,0.0,0.0800596389608133,0.9199403610391866,30.0,msa,96.7898181529019,0.4101263481055165,surface,0,160,True,False,False,0.5,0.5,0.0,HLA-A02_like,HLA-A02_like,FGKFLWEWA,FGGFLWEWA,0.72,0.64,-0.08,IPSSWAFGKFLWEWA,IPSSWAFGGFLWEWA,0.72,0.64,-0.08,1.028,1.02,-0.008,0.0,13.0,13.0,internal_motif_model,0,0,4,new_glycine,0,10.0,10,0.0309734513274335,10,-0.9990009990009988,10,10,10,K160G,0.5464455745465517,1.0,0.0,0.7719298245614035,1.0,0.9285714285714286,1.0,0.6838545014060615,0.6666666666666666,new_glycine,candidate
374,28,I,Y,-3.880937099456787,1.7126028369192454,28,139,55,I,1.0,0.0,0.0,1.0,30.0,msa,49.63103153785892,0.2519341702429387,partial,0,86,False,False,False,0.95,0.95,0.0,HLA-A02_like,HLA-A02_like,FIIFLFILL,FIIFLFYLL,0.72,0.72,0.0,YRWMALRRFIIFLFI,YRWMALRRFIIFLFY,0.95,0.95,0.0,1.191,1.192,0.001,0.0,0.0,0.0,internal_motif_model,0,0,0,,0,10.0,10,-0.0513274336283186,10,-0.000999000999001,10,10,10,I86Y,0.3346042838113378,1.0,0.0,1.0,1.0,1.0,1.0,0.6836510709528345,0.8333333333333334,,candidate
375,42,Y,L,-1.865387797355652,-0.8499849931333756,42,139,55,Y,0.9636363636363636,0.0,0.0605579893382868,0.9394420106617132,30.0,msa,112.88290298106912,0.4292125588633806,surface,4,100,True,False,False,0.95,0.95,0.0,HLA-A02_like,HLA-A02_like,LVLLDYQGM,LVLLDLQGM,0.72,0.72,0.0,ILLLALIFLLVLLDY,ILLLALIFLLVLLDL,0.95,0.95,0.0,1.035,1.047,0.013,0.0,13.0,13.0,internal_motif_model,0,0,4,surface_hydrophobic_gain,0,10.0,10,0.0451327433628319,10,0.000999000999001,10,10,10,Y100L,0.67837951830621,1.0,0.0,0.7719298245614035,0.6666666666666667,0.9285714285714286,1.0,0.6835046540126428,0.8333333333333334,surface_hydrophobic_gain,candidate
376,21,R,T,-2.9545791149139404,1.7246017766518946,21,139,55,R,1.0,0.0,0.0,1.0,30.0,msa,39.601522124014735,0.1445311026423895,buried,0,79,False,False,False,0.95,0.95,0.0,HLA-A02_like,HLA-A02_like,WMALRRFII,WMALRTFII,0.72,0.72,0.0,WWTSLNFYRWMALRR,WWTSLNFYRWMALRT,0.95,0.95,0.0,1.065,1.07,0.005,0.0,0.0,0.0,internal_motif_model,0,0,0,,0,10.0,10,0.0336283185840707,10,-0.9999900000999986,10,10,10,R79T,0.3329946069558145,1.0,0.0,1.0,1.0,1.0,1.0,0.6832486517389537,0.8333333333333334,,candidate
377,85,S,Q,-3.2513585090637207,1.1903724056292333,85,139,139,T,0.4316546762589928,0.0,0.309168634403574,0.690831365596426,6.0,msa,133.17931311603334,0.8592213749421506,surface,0,143,True,True,True,0.35,0.35,0.0,HLA-A03_like,HLA-A03_like,PSCCCTKPS,PSCCCTKPQ,0.28,0.28,0.0,KPSDGNCTCIPIPSS,KPQDGNCTCIPIPSS,0.35,0.35,0.0,0.919,0.919,0.0,7.2,24.6,31.8,internal_motif_model,0,15,15,antibody_interface_mutation,0,10.0,10,-0.0238938053097345,10,0.0,10,10,10,S143Q,0.4046623270407852,1.0,0.8,0.4421052631578948,1.0,0.7321428571428572,1.0,0.682800920106061,0.5,antibody_interface_mutation;protected_epitope_or_contact,candidate
378,29,L,G,-3.1323723793029785,1.5293308791359266,29,139,55,L,1.0,0.0,0.0,1.0,30.0,msa,60.385645668892856,0.3004260978551883,partial,0,87,False,False,False,0.95,0.95,0.0,HLA-A02_like,HLA-A02_like,FIIFLFILL,FIIFLFIGL,0.72,0.72,0.0,RWMALRRFIIFLFIL,RWMALRRFIIFLFIG,0.95,0.95,0.0,1.187,1.133,-0.054,0.0,0.0,0.0,internal_motif_model,0,0,4,new_glycine,0,10.0,10,-0.0371681415929203,10,0.0,10,10,10,L87G,0.3591905085348046,1.0,0.0,1.0,1.0,0.9285714285714286,1.0,0.6826547699908441,0.8333333333333334,new_glycine,candidate
379,26,L,T,-3.0186593532562256,1.7425120991583751,26,139,55,L,1.0,0.0,0.0,1.0,30.0,msa,65.21615853305252,0.3244585001644404,partial,0,84,False,False,False,0.95,0.95,0.0,HLA-A02_like,HLA-A02_like,FIIFLFILL,FIIFTFILL,0.72,0.72,0.0,NFYRWMALRRFIIFL,NFYRWMALRRFIIFT,0.95,0.95,0.0,1.163,1.114,-0.049,0.0,0.0,0.0,internal_motif_model,0,0,0,,0,10.0,10,-0.0398230088495575,10,0.0,10,10,10,L84T,0.33059190869613464,1.0,0.0,1.0,1.0,1.0,1.0,0.6826479771740337,0.8333333333333334,,candidate
380,67,M,G,-2.8583619594573975,-2.1278963614994097,67,139,139,T,0.014388489208633,0.0,0.0251393489658203,0.9748606510341796,12.0,msa,139.95408227527605,0.6247950101574824,surface,0,125,True,True,True,0.45,0.35,-0.1,HLA-A03_like,HLA-A03_like,RTCMTTAQG,RTCGTTAQG,0.46,0.28,-0.18,GPCRTCMTTAQGTSM,GPCRTCGTTAQGTSM,0.46,0.35,-0.11,0.986,0.993,0.007,12.0,41.0,53.0,internal_motif_model,0,15,19,new_glycine;antibody_interface_mutation,0,10.0,10,-0.0203539823008849,10,0.0,10,10,10,M125G,0.8498133615375172,1.0,0.6,0.07017543859649122,1.0,0.6607142857142857,1.0,0.6825598566751061,0.6666666666666666,antibody_interface_mutation;new_glycine;protected_epitope_or_contact,candidate
381,35,F,G,-2.3054986000061035,1.534858201732419,35,139,55,F,1.0,0.0,0.0,1.0,30.0,msa,58.24272762076741,0.2426780317531975,partial,0,93,False,False,False,0.95,0.9,-0.05,HLA-A02_like,HLA-A02_like,LLLALIFLL,ILLLALIGL,0.72,0.72,0.0,RFIIFLFILLLALIF,RFIIFLFILLLALIG,0.95,0.9,-0.05,1.206,1.175,-0.031,0.0,0.0,0.0,internal_motif_model,0,0,4,new_glycine,0,10.0,10,-0.0283185840707965,10,0.0,10,10,10,F93G,0.3584490094144802,1.0,0.0,1.0,1.0,0.9285714285714286,1.0,0.682469395210763,0.8333333333333334,new_glycine,candidate
382,57,T,N,-3.1791059970855713,1.1511766689399394,57,139,139,T,0.9928057553956836,0.0071942446043165,0.0142429670997965,0.9857570329002034,21.0,msa,63.96850642660588,0.3719099210849179,surface,0,115,True,False,False,0.8,0.45,-0.35,HLA-A03_like,HLA-B07_like,STTSTGPCR,IPGSSNTST,0.46,0.46,0.0,QGMLPVCPLIPGSST,QGMLPVCPLIPGSSN,0.8,0.46,-0.34,0.948,0.929,-0.019,10.8,7.8,18.6,internal_motif_model,0,0,0,,0,10.0,10,-0.0247787610619469,10,0.0,10,10,10,T115N,0.40992049747831694,1.0,0.30000000000000004,0.6736842105263158,1.0,1.0,1.0,0.6822169664748424,0.5,predicted_tcell_epitope_loss,candidate
383,11,L,E,-2.958167791366577,0.71370520332772,11,139,48,L,1.0,0.0,0.0,1.0,30.0,msa,83.13649417951248,0.4136143989030472,surface,0,39,False,False,False,0.9,0.5,-0.4,HLA-A02_like,HLA-A03_like,SLDSWWTSL,WWTSENFYR,0.72,0.72,0.0,QSLDSWWTSLNFYRW,WTSENFYRWMALRRF,0.9,0.72,-0.18,1.013,0.956,-0.057,10.0,0.0,10.0,internal_motif_model,0,0,0,,0,10.0,10,-0.0646017699115044,10,-0.99718953802679,10,10,10,L39E,0.4686079906100422,1.0,0.0,0.8245614035087719,1.0,1.0,1.0,0.682064278354265,0.6666666666666666,,candidate
384,21,R,F,-2.713324546813965,1.7675575895495117,21,139,55,R,1.0,0.0,0.0,1.0,30.0,msa,39.601522124014735,0.1445311026423895,buried,0,79,False,False,False,0.95,0.95,0.0,HLA-A02_like,HLA-A02_like,WMALRRFII,WMALRFFII,0.72,0.72,0.0,WWTSLNFYRWMALRR,WWTSLNFYRWMALRF,0.95,0.95,0.0,1.065,1.096,0.031,0.0,0.0,0.0,internal_motif_model,0,0,0,,0,10.0,10,0.0646017699115044,10,-0.9999900000999986,10,10,10,R79F,0.3272320163126313,1.0,0.0,1.0,1.0,1.0,1.0,0.6818080040781579,0.8333333333333334,,candidate
385,52,I,S,-2.3894548416137695,0.1643668471935768,52,139,139,I,0.8705035971223022,0.0071942446043165,0.1379338564278194,0.8620661435721806,19.0,msa,84.70497829411434,0.4299745091071794,surface,0,110,True,False,False,0.8,0.45,-0.35,HLA-A02_like,HLA-B07_like,GMLPVCPLI,SPGSSTTST,0.46,0.46,0.0,VLLDYQGMLPVCPLI,VLLDYQGMLPVCPLS,0.8,0.46,-0.34,1.118,1.098,-0.02,18.0,13.0,31.0,internal_motif_model,0,0,0,,0,10.0,10,-0.0469026548672567,10,0.0,10,10,10,I110S,0.5423026050862082,1.0,0.3666666666666667,0.45614035087719296,1.0,1.0,1.0,0.6818037214469906,0.5,predicted_tcell_epitope_loss,candidate
386,108,A,T,-3.00154185295105,0.340559101877119,108,139,139,A,0.9856115107913668,0.0071942446043165,0.0284685318889823,0.9715314681110176,27.0,msa,28.846907992980796,0.2236194418060526,partial,0,166,True,False,False,0.5,0.5,0.0,HLA-A02_like,HLA-A02_like,FGKFLWEWA,FLWEWTSAR,0.72,0.54,-0.18,IPSSWAFGKFLWEWA,IPSSWAFGKFLWEWT,0.72,0.54,-0.18,0.95,0.928,-0.022,10.0,8.0,18.0,internal_motif_model,0,0,0,,0,10.0,10,-0.0221238938053097,10,0.0,10,10,10,A166T,0.5186661337974285,1.0,0.09999999999999998,0.6842105263157895,1.0,1.0,1.0,0.6815086387125151,0.6666666666666666,,candidate
387,39,L,G,-3.1418581008911133,1.5743749939504426,39,139,55,L,0.9818181818181818,0.0,0.0303351945483401,0.96966480545166,30.0,msa,94.19500085111348,0.4686318450304153,surface,0,97,False,False,False,0.95,0.95,0.0,HLA-A02_like,HLA-A02_like,LALIFLLVL,LVGLDYQGM,0.72,0.72,0.0,FLFILLLALIFLLVL,FLFILLLALIFLLVG,0.95,0.95,0.0,1.201,1.148,-0.054,0.0,0.0,0.0,internal_motif_model,0,0,4,new_glycine,0,10.0,10,-0.0371681415929203,10,0.0,10,10,10,L97G,0.35314776886696797,1.0,0.0,1.0,1.0,0.9285714285714286,1.0,0.6811440850738849,0.8333333333333334,new_glycine,candidate
388,88,N,T,-2.16566801071167,-1.4367504462548195,88,139,139,N,1.0,0.0,0.0,1.0,24.0,msa,125.04428460326874,0.6412527415552243,surface,0,146,True,True,True,0.35,0.35,0.0,HLA-A02_like,HLA-A02_like,DGNCTCIPI,DGTCTCIPI,0.31,0.31,0.0,NCTCIPIPSSWAFGK,TCTCIPIPSSWAFGK,0.35,0.35,0.0,1.037,1.056,0.019,7.2,24.6,31.8,internal_motif_model,0,15,15,antibody_interface_mutation,0,10.0,10,0.0247787610619468,10,0.0,10,10,10,N146T,0.7570950373899685,1.0,0.19999999999999996,0.4421052631578948,1.0,0.7321428571428572,1.0,0.6809090976933568,0.6666666666666666,antibody_interface_mutation;protected_epitope_or_contact,candidate
389,12,N,L,-2.3991310596466064,0.5877554916527288,12,139,48,N,0.9791666666666666,0.0,0.033803026545712,0.966196973454288,30.0,msa,82.36373778495309,0.4223781424869389,surface,4,40,False,False,False,0.9,0.95,0.05,HLA-A02_like,HLA-A02_like,SLNFYRWMA,LLFYRWMAL,0.72,0.72,0.0,QSLDSWWTSLNFYRW,QSLDSWWTSLLFYRW,0.9,0.95,0.05,1.01,1.078,0.068,0.0,0.0,0.0,internal_motif_model,0,0,4,surface_hydrophobic_gain,0,10.0,10,0.0646017699115044,10,0.0,10,10,10,N40L,0.4855043448180236,1.0,0.0,1.0,0.6666666666666667,0.9285714285714286,1.0,0.6808998957283154,0.8333333333333334,surface_hydrophobic_gain,candidate
390,33,L,C,-3.741579055786133,-0.038929769244703,33,139,55,L,1.0,0.0,0.0,1.0,30.0,msa,51.677804284413895,0.2571035039025567,partial,0,91,False,False,False,0.95,0.95,0.0,HLA-A02_like,HLA-A02_like,FLFILLLAL,LLLACIFLL,0.72,0.72,0.0,LRRFIIFLFILLLAL,LRRFIIFLFILLLAC,0.95,0.95,0.0,1.187,1.21,0.023,0.0,0.0,0.0,internal_motif_model,10,0,10,new_cysteine,10,9.3,10,-0.011504424778761,10,-0.0099009900990099,8,10,7,L91C,0.5695751696275955,0.93,0.0,1.0,1.0,0.8214285714285714,0.33333333333333337,0.6807033162164228,0.8333333333333334,new_cysteine,candidate
391,58,T,R,-3.345031976699829,0.2717366403494736,58,139,139,T,0.9856115107913668,0.0,0.0284685318889823,0.9715314681110176,30.0,msa,138.84050077691398,0.8072122138192673,surface,0,116,True,False,False,0.8,0.8,0.0,HLA-A03_like,HLA-A03_like,STTSTGPCR,STRSTGPCR,0.36,0.36,0.0,STTSTGPCRTCMTTA,STRSTGPCRTCMTTA,0.8,0.8,0.0,0.948,0.943,-0.005,0.0,13.0,13.0,internal_motif_model,0,0,0,,0,9.6,10,-0.0336283185840708,10,0.9999900000999986,8,10,10,T116R,0.5278987765083303,0.96,0.0,0.7719298245614035,1.0,1.0,1.0,0.6803606590393633,0.6666666666666666,,candidate
392,10,S,F,-2.8134820461273193,0.6217464035688067,10,139,48,S,1.0,0.0,0.0,1.0,30.0,msa,77.33913732665465,0.4989621763009977,surface,4,38,False,False,False,0.9,0.95,0.05,HLA-A02_like,HLA-A02_like,SLDSWWTSL,FLNFYRWMA,0.72,0.72,0.0,QSLDSWWTSLNFYRW,QSLDSWWTFLNFYRW,0.9,0.95,0.05,0.975,0.986,0.011,0.0,0.0,0.0,internal_motif_model,0,0,4,surface_hydrophobic_gain,0,10.0,10,0.031858407079646,10,0.0,10,10,10,S38F,0.48094440990472775,1.0,0.0,1.0,0.6666666666666667,0.9285714285714286,1.0,0.6797599119999915,0.8333333333333334,surface_hydrophobic_gain,candidate
393,15,R,D,-3.0531296730041504,1.83852669176008,15,139,48,R,1.0,0.0,0.0,1.0,30.0,msa,75.6729119814143,0.2761785108810741,partial,0,73,False,False,False,0.9,0.9,0.0,HLA-A02_like,HLA-A02_like,SLNFYRWMA,SLNFYDWMA,0.72,0.72,0.0,QSLDSWWTSLNFYRW,QSLDSWWTSLNFYDW,0.9,0.9,0.0,0.955,0.954,-0.001,0.0,0.0,0.0,internal_motif_model,0,0,0,,0,10.0,10,0.0088495575221239,10,-1.998869239160154,10,10,10,R73D,0.3177113983387968,1.0,0.0,1.0,1.0,1.0,1.0,0.6794278495846993,0.8333333333333334,,candidate
394,75,M,S,-1.9416632652282717,-2.8544583093729443,75,139,139,M,0.8992805755395683,0.0071942446043165,0.1457327329274661,0.8542672670725339,19.0,msa,172.79632957501562,0.7714121856027483,surface,0,133,True,True,True,0.4,0.4,0.0,HLA-A02_like,HLA-A03_like,MTTAQGTSM,MTTAQGTSS,0.46,0.36,-0.1,GPCRTCMTTAQGTSM,GPCRTCMTTAQGTSS,0.46,0.4,-0.06,0.98,1.006,0.027,12.0,41.0,53.0,internal_motif_model,0,15,15,antibody_interface_mutation,0,10.0,10,-0.0238938053097345,10,0.0,10,10,10,M133S,0.9472828028093688,1.0,0.3666666666666667,0.07017543859649122,1.0,0.7321428571428572,1.0,0.6790700741359262,0.6666666666666666,antibody_interface_mutation;protected_epitope_or_contact,candidate
395,102,K,S,-2.159637928009033,0.5250869195686505,102,139,139,K,0.935251798561151,0.0,0.0800596389608133,0.9199403610391866,30.0,msa,96.7898181529019,0.4101263481055165,surface,0,160,True,False,False,0.5,0.5,0.0,HLA-A02_like,HLA-A02_like,FGKFLWEWA,FGSFLWEWA,0.72,0.72,0.0,IPSSWAFGKFLWEWA,IPSSWAFGSFLWEWA,0.72,0.72,0.0,1.028,1.039,0.012,0.0,13.0,13.0,internal_motif_model,0,0,0,,0,10.0,10,0.027433628318584,10,-0.9990009990009988,10,10,10,K160S,0.4939114334691941,1.0,0.0,0.7719298245614035,1.0,1.0,1.0,0.6778638232795793,0.6666666666666666,,candidate
396,107,W,E,-3.025263786315918,0.5323052655193123,107,139,139,W,0.9856115107913668,0.0,0.0284685318889823,0.9715314681110176,30.0,msa,100.07229238744928,0.3511308504822781,surface,0,165,True,False,False,0.5,0.5,0.0,HLA-A02_like,HLA-A02_like,FGKFLWEWA,FGKFLWEEA,0.72,0.72,0.0,IPSSWAFGKFLWEWA,IPSSWAFGKFLWEEA,0.72,0.72,0.0,1.004,0.998,-0.006,0.0,13.0,13.0,internal_motif_model,0,0,0,,0,10.0,10,-0.0230088495575221,10,-0.99718953802679,10,10,10,W165E,0.4929430808754791,1.0,0.0,0.7719298245614035,1.0,1.0,1.0,0.6776217351311505,0.6666666666666666,,candidate
397,9,T,R,-2.3928372859954834,1.715306500695931,9,139,48,T,1.0,0.0,0.0,1.0,30.0,msa,77.25241680304495,0.449141958157238,surface,0,37,False,False,False,0.9,0.9,0.0,HLA-A02_like,HLA-A02_like,SLDSWWTSL,SLDSWWRSL,0.72,0.72,0.0,QSLDSWWTSLNFYRW,QSLDSWWRSLNFYRW,0.9,0.9,0.0,0.964,0.958,-0.005,0.0,0.0,0.0,internal_motif_model,0,0,0,,0,9.6,10,-0.0336283185840708,10,0.9999900000999986,8,10,10,T37R,0.3342415830141494,0.96,0.0,1.0,1.0,1.0,1.0,0.6775603957535373,0.8333333333333334,,candidate
398,4,L,K,-3.0716552734375,1.7236191254183666,4,139,48,L,1.0,0.0,0.0,1.0,30.0,msa,55.69130199671039,0.2770711542124895,partial,0,32,False,False,False,0.9,0.9,0.0,HLA-B07_like,HLA-B07_like,IPQSLDSWW,IPQSKDSWW,0.72,0.72,0.0,QSLDSWWTSLNFYRW,QSKDSWWTSLNFYRW,0.9,0.9,0.0,1.016,0.97,-0.046,0.0,0.0,0.0,internal_motif_model,0,0,0,,0,9.6,10,-0.068141592920354,10,0.9990009990009998,8,10,10,L32K,0.33312643118219654,0.96,0.0,1.0,1.0,1.0,1.0,0.6772816077955491,0.8333333333333334,,candidate
399,64,R,A,-2.824075698852539,-3.7369491196740223,64,139,139,R,0.8345323741007195,0.0,0.1497551184645261,0.850244881535474,22.0,msa,187.49126744225867,0.6842746986943747,surface,0,122,True,False,True,0.8,0.45,-0.35,HLA-A03_like,HLA-A03_like,STTSTGPCR,ATCMTTAQG,0.46,0.46,0.0,GPCRTCMTTAQGTSM,GPCATCMTTAQGTSM,0.8,0.46,-0.34,1.053,1.08,0.027,18.0,33.0,51.0,internal_motif_model,0,15,19,surface_hydrophobic_gain;antibody_interface_mutation,0,10.0,10,0.0557522123893805,10,-0.9999900000999986,10,10,10,R122A,1.0,1.0,0.2666666666666667,0.10526315789473684,1.0,0.6607142857142857,1.0,0.677124060150376,0.5,antibody_interface_mutation;predicted_tcell_epitope_loss;protected_epitope_or_contact;surface_hydrophobic_gain,candidate
400,23,I,R,-3.226992607116699,1.746276983430107,23,139,55,I,1.0,0.0,0.0,1.0,30.0,msa,60.657984052847254,0.3079085484916104,partial,0,81,False,False,False,0.95,0.95,0.0,HLA-A02_like,HLA-A02_like,WMALRRFII,WMALRRFRI,0.72,0.72,0.0,TSLNFYRWMALRRFI,TSLNFYRWMALRRFR,0.95,0.95,0.0,1.069,1.029,-0.04,0.0,0.0,0.0,internal_motif_model,0,0,0,,0,9.6,10,-0.079646017699115,10,0.9999900000999986,8,10,10,I81R,0.3300868434811274,0.96,0.0,1.0,1.0,1.0,1.0,0.6765217108702819,0.8333333333333334,,candidate
401,56,S,R,-3.3801865577697754,0.4105443392820405,56,139,139,S,0.920863309352518,0.0,0.1196530392664537,0.8803469607335462,30.0,msa,118.9558780406117,0.7674572776813657,surface,0,114,True,False,False,0.8,0.8,0.0,HLA-A03_like,HLA-A03_like,STTSTGPCR,RTTSTGPCR,0.46,0.46,0.0,YQGMLPVCPLIPGSS,YQGMLPVCPLIPGSR,0.8,0.8,0.0,0.97,0.95,-0.02,0.0,13.0,13.0,internal_motif_model,0,0,0,,0,9.6,10,-0.0327433628318584,10,0.9999900000999986,8,10,10,S114R,0.5092775028526066,0.96,0.0,0.7719298245614035,1.0,1.0,1.0,0.6757053406254324,0.6666666666666666,,candidate
402,9,T,G,-3.078843116760254,1.7799417840926708,9,139,48,T,1.0,0.0,0.0,1.0,30.0,msa,77.25241680304495,0.449141958157238,surface,0,37,False,False,False,0.9,0.8,-0.1,HLA-A02_like,HLA-A02_like,SLDSWWTSL,SLDSWWGSL,0.72,0.72,0.0,QSLDSWWTSLNFYRW,QSLDSWWGSLNFYRW,0.9,0.8,-0.1,0.964,0.959,-0.005,0.0,0.0,0.0,internal_motif_model,0,0,4,new_glycine,0,10.0,10,0.0026548672566371,10,0.0,10,10,10,T37G,0.32557065691133535,1.0,0.0,1.0,1.0,0.9285714285714286,1.0,0.6742498070849767,0.8333333333333334,new_glycine,candidate
403,35,F,C,-3.825928211212158,0.1706622605852317,35,139,55,F,1.0,0.0,0.0,1.0,30.0,msa,58.24272762076741,0.2426780317531975,partial,0,93,False,False,False,0.95,0.95,0.0,HLA-A02_like,HLA-A02_like,LLLALIFLL,LLLALICLL,0.72,0.72,0.0,RFIIFLFILLLALIF,RFIIFLFILLLALIC,0.95,0.95,0.0,1.206,1.252,0.046,0.0,0.0,0.0,internal_motif_model,10,0,10,new_cysteine,10,9.3,10,-0.0026548672566371,10,-0.0099009900990099,8,10,7,F93C,0.5414580653636756,0.93,0.0,1.0,1.0,0.8214285714285714,0.33333333333333337,0.6736740401504429,0.6666666666666666,new_cysteine,candidate
404,29,L,S,-2.7537436485290527,2.0208028670012936,29,139,55,L,1.0,0.0,0.0,1.0,30.0,msa,60.385645668892856,0.3004260978551883,partial,0,87,False,False,False,0.95,0.95,0.0,HLA-A02_like,HLA-A02_like,FIIFLFILL,FIIFLFISL,0.72,0.72,0.0,RWMALRRFIIFLFIL,RWMALRRFIIFLFIS,0.95,0.95,0.0,1.187,1.153,-0.034,0.0,0.0,0.0,internal_motif_model,0,0,0,,0,10.0,10,-0.0407079646017699,10,0.0,10,10,10,L87S,0.2932587594276498,1.0,0.0,1.0,1.0,1.0,1.0,0.6733146898569125,0.8333333333333334,,candidate
405,111,R,L,-2.061706781387329,-0.5366257645382575,111,139,139,R,0.9928057553956836,0.0,0.0142429670997965,0.9857570329002034,30.0,msa,161.2357209991473,0.5884515364932383,surface,4,169,True,False,False,0.5,0.95,0.45,HLA-A02_like,HLA-A02_like,FLWEWASAR,FLWEWASAL,0.72,0.72,0.0,SWAFGKFLWEWASAR,SWAFGKFLWEWASAL,0.72,0.95,0.23,1.021,1.096,0.075,0.0,13.0,13.0,internal_motif_model,0,0,4,surface_hydrophobic_gain,0,10.0,10,0.0734513274336283,10,-0.9999900000999986,10,10,10,R169L,0.6363418792336766,1.0,0.0,0.7719298245614035,0.6666666666666667,0.9285714285714286,1.0,0.6729952442445094,0.8333333333333334,surface_hydrophobic_gain,candidate
406,104,L,R,-2.905686855316162,0.5035514872868703,104,139,139,L,1.0,0.0,0.0,1.0,30.0,msa,77.01586744260025,0.3831635196149266,surface,0,162,True,False,False,0.5,0.8,0.3,HLA-A02_like,HLA-A03_like,FGKFLWEWA,SSWAFGKFR,0.72,0.72,0.0,IPSSWAFGKFLWEWA,IPSSWAFGKFRWEWA,0.72,0.8,0.08,0.969,0.915,-0.054,0.0,13.0,13.0,internal_motif_model,0,0,0,,0,9.6,10,-0.0734513274336283,10,0.9999900000999986,8,10,10,L162R,0.4968004459728027,0.96,0.0,0.7719298245614035,1.0,1.0,1.0,0.6725860764054814,0.6666666666666666,,candidate
407,39,L,W,-2.9535045623779297,0.8403096138004287,39,139,55,L,0.9818181818181818,0.0,0.0303351945483401,0.96966480545166,30.0,msa,94.19500085111348,0.4686318450304153,surface,4,97,False,False,False,0.95,0.95,0.0,HLA-A02_like,HLA-A02_like,LALIFLLVL,LVWLDYQGM,0.72,0.72,0.0,FLFILLLALIFLLVL,FLFILLLALIFLLVW,0.95,0.95,0.0,1.201,1.15,-0.051,0.0,0.0,0.0,internal_motif_model,0,0,4,surface_hydrophobic_gain,0,10.0,10,-0.0415929203539823,10,0.0,10,10,10,L97W,0.45162380751671716,1.0,0.0,1.0,0.6666666666666667,0.9285714285714286,1.0,0.6724297614029888,0.8333333333333334,surface_hydrophobic_gain,candidate
408,52,I,T,-2.7554006576538086,0.0011502527448215,52,139,139,I,0.8705035971223022,0.0,0.1379338564278194,0.8620661435721806,22.0,msa,84.70497829411434,0.4299745091071794,surface,0,110,True,False,False,0.8,0.45,-0.35,HLA-A02_like,HLA-B07_like,GMLPVCPLI,TPGSSTTST,0.46,0.46,0.0,VLLDYQGMLPVCPLI,VLLDYQGMLPVCPLT,0.8,0.46,-0.34,1.118,1.084,-0.035,18.0,13.0,31.0,internal_motif_model,0,0,0,,0,10.0,10,-0.0460176991150442,10,0.0,10,10,10,I110T,0.5641983709101344,1.0,0.2666666666666667,0.45614035087719296,1.0,1.0,1.0,0.6722776629029722,0.5,predicted_tcell_epitope_loss,candidate
409,93,P,A,-2.937915802001953,0.4851725919693024,93,139,138,P,1.0,0.0,0.0,1.0,30.0,msa,66.53782656241775,0.4184768966189796,surface,0,151,True,False,False,0.8,0.8,0.0,HLA-A02_like,HLA-A02_like,CIPIPSSWA,CIAIPSSWA,0.46,0.46,0.0,CTCIPIPSSWAFGKF,CTCIAIPSSWAFGKF,0.8,0.8,0.0,1.109,1.109,0.0,0.0,13.0,13.0,internal_motif_model,0,0,4,surface_hydrophobic_gain,0,10.0,10,0.0300884955752211,10,0.0,10,10,10,P151A,0.4992660040205922,1.0,0.0,0.7719298245614035,1.0,0.9285714285714286,1.0,0.6720596087745716,0.6666666666666666,surface_hydrophobic_gain,candidate
410,26,L,M,-3.7552123069763184,2.962503278827853,26,139,55,L,1.0,0.0,0.0,1.0,24.0,msa,65.21615853305252,0.3244585001644404,partial,0,84,False,False,False,0.95,0.95,0.0,HLA-A02_like,HLA-A02_like,FIIFLFILL,FIIFMFILL,0.72,0.72,0.0,NFYRWMALRRFIIFL,NFYRWMALRRFIIFM,0.95,0.95,0.0,1.163,1.102,-0.061,0.0,0.0,0.0,internal_motif_model,0,0,0,,0,10.0,10,-0.0168141592920353,10,0.0,10,10,10,L84M,0.16692815092985414,1.0,0.19999999999999996,1.0,1.0,1.0,1.0,0.6717320377324636,0.8333333333333334,,candidate
411,45,M,K,-3.166065216064453,-2.3269162787617574,45,139,124,M,0.9838709677419356,0.0,0.0275608534062741,0.972439146593726,30.0,msa,85.68143555633252,0.3825064087336273,surface,0,103,True,False,True,0.95,0.95,0.0,HLA-A02_like,HLA-A03_like,LVLLDYQGM,LVLLDYQGK,0.72,0.72,0.0,LALIFLLVLLDYQGM,LALIFLLVLLDYQGK,0.95,0.95,0.0,1.082,1.097,0.015,0.0,33.0,33.0,internal_motif_model,0,15,15,antibody_interface_mutation,0,9.6,10,-0.0513274336283185,10,0.9990009990009998,8,10,10,M103K,0.876512200080198,0.96,0.0,0.42105263157894735,1.0,0.7321428571428572,1.0,0.6705528620501247,0.6666666666666666,antibody_interface_mutation;protected_epitope_or_contact,candidate
412,35,F,M,-4.216364860534668,2.139064649349507,35,139,55,F,1.0,0.0,0.0,1.0,30.0,msa,58.24272762076741,0.2426780317531975,partial,0,93,False,False,False,0.95,0.95,0.0,HLA-A02_like,HLA-A02_like,LLLALIFLL,FILLLALIM,0.72,0.72,0.0,RFIIFLFILLLALIF,RFIIFLFILLLALIM,0.95,0.95,0.0,1.206,1.168,-0.038,0.0,0.0,0.0,internal_motif_model,0,0,0,,0,10.0,10,-0.0079646017699115,10,0.0,10,10,10,F93M,0.2773937531703994,1.0,0.0,1.0,1.0,1.0,1.0,0.6693484382925998,0.8333333333333334,,candidate
413,67,M,T,-2.0410470962524414,-0.623882761185854,67,139,139,T,0.014388489208633,0.9856115107913668,0.0251393489658203,0.9748606510341796,6.0,msa,139.95408227527605,0.6247950101574824,surface,0,125,True,True,True,0.45,0.45,0.0,HLA-A03_like,HLA-A03_like,RTCMTTAQG,RTCTTTAQG,0.46,0.28,-0.18,GPCRTCMTTAQGTSM,GPCRTCTTTAQGTSM,0.46,0.45,-0.01,0.986,0.998,0.012,12.0,41.0,53.0,internal_motif_model,0,15,15,antibody_interface_mutation,0,10.0,10,-0.0230088495575221,10,0.0,10,10,10,M125T,0.6480475441603806,1.0,0.8,0.07017543859649122,1.0,0.7321428571428572,1.0,0.6692612594736791,0.6666666666666666,antibody_interface_mutation;protected_epitope_or_contact,candidate
414,112,F,L,-2.4813294410705566,0.9381626878067096,112,139,139,F,1.0,0.0,0.0,1.0,30.0,msa,184.57726432686547,0.7690719346952728,surface,4,170,False,False,False,0.5,0.5,0.0,HLA-B07_like,HLA-A02_like,LWEWASARF,LWEWASARL,0.72,0.72,0.0,WAFGKFLWEWASARF,WAFGKFLWEWASARL,0.72,0.72,0.0,1.01,1.05,0.04,0.0,0.0,0.0,internal_motif_model,0,0,4,surface_hydrophobic_gain,0,10.0,10,0.0088495575221239,10,0.0,10,10,10,F170L,0.4384966619539198,1.0,0.0,1.0,0.6666666666666667,0.9285714285714286,1.0,0.6691479750122895,0.8333333333333334,surface_hydrophobic_gain,candidate
415,38,V,Y,-3.3265562057495117,0.945605941322384,38,139,55,V,1.0,0.0,0.0,1.0,30.0,msa,71.25006474635506,0.4094831307261785,surface,4,96,False,False,False,0.95,0.95,0.0,HLA-A02_like,HLA-A02_like,LLALIFLLV,LALIFLLYL,0.72,0.72,0.0,IFLFILLLALIFLLV,IFLFILLLALIFLLY,0.95,0.95,0.0,1.191,1.16,-0.032,0.0,0.0,0.0,internal_motif_model,0,0,4,surface_hydrophobic_gain,0,10.0,10,-0.0486725663716814,10,-0.000999000999001,10,10,10,V96Y,0.4374981376525292,1.0,0.0,1.0,0.6666666666666667,0.9285714285714286,1.0,0.6688983439369419,0.8333333333333334,surface_hydrophobic_gain,candidate
416,23,I,F,-2.123927593231201,2.152809304320044,23,139,55,I,1.0,0.0,0.0,1.0,30.0,msa,60.657984052847254,0.3079085484916104,partial,0,81,False,False,False,0.95,0.95,0.0,HLA-A02_like,HLA-A02_like,WMALRRFII,WMALRRFFI,0.72,0.72,0.0,TSLNFYRWMALRRFI,TSLNFYRWMALRRFF,0.95,0.95,0.0,1.069,1.06,-0.009,0.0,0.0,0.0,internal_motif_model,0,0,0,,0,10.0,10,-0.0150442477876106,10,0.0,10,10,10,I81F,0.27554988583826945,1.0,0.0,1.0,1.0,1.0,1.0,0.6688874714595674,0.8333333333333334,,candidate
417,107,W,L,-2.4135756492614746,0.0365988680770783,107,139,139,W,0.9856115107913668,0.0071942446043165,0.0284685318889823,0.9715314681110176,27.0,msa,100.07229238744928,0.3511308504822781,surface,4,165,True,False,False,0.5,0.5,0.0,HLA-A02_like,HLA-A02_like,FGKFLWEWA,FGKFLWELA,0.72,0.72,0.0,IPSSWAFGKFLWEWA,IPSSWAFGKFLWELA,0.72,0.72,0.0,1.004,1.055,0.051,0.0,13.0,13.0,internal_motif_model,0,0,4,surface_hydrophobic_gain,0,10.0,10,0.0415929203539822,10,0.0,10,10,10,W165L,0.5594428827643427,1.0,0.09999999999999998,0.7719298245614035,0.6666666666666667,0.9285714285714286,1.0,0.668770495127176,0.6666666666666666,surface_hydrophobic_gain,candidate
418,25,F,A,-2.655771255493164,2.1679137524870384,25,139,55,F,1.0,0.0,0.0,1.0,30.0,msa,42.52143143359662,0.1771726309733192,partial,0,83,False,False,False,0.95,0.95,0.0,HLA-A02_like,HLA-A02_like,FIIFLFILL,MALRRFIIA,0.72,0.72,0.0,LNFYRWMALRRFIIF,LNFYRWMALRRFIIA,0.95,0.95,0.0,1.14,1.136,-0.004,0.0,0.0,0.0,internal_motif_model,0,0,0,,0,10.0,10,-0.0088495575221239,10,0.0,10,10,10,F83A,0.27352360008539545,1.0,0.0,1.0,1.0,1.0,1.0,0.6683809000213489,0.8333333333333334,,candidate
419,15,R,G,-2.6531057357788086,1.9773235113586909,15,139,48,R,1.0,0.0,0.0,1.0,30.0,msa,75.6729119814143,0.2761785108810741,partial,0,73,False,False,False,0.9,0.8,-0.1,HLA-A02_like,HLA-A02_like,SLNFYRWMA,SLNFYGWMA,0.72,0.72,0.0,QSLDSWWTSLNFYRW,QSLDSWWTSLNFYGW,0.9,0.8,-0.1,0.955,0.955,0.0,0.0,0.0,0.0,internal_motif_model,0,0,4,new_glycine,0,10.0,10,0.036283185840708,10,-0.9999900000999986,10,10,10,R73G,0.2990915841630324,1.0,0.0,1.0,1.0,0.9285714285714286,1.0,0.667630038897901,0.8333333333333334,new_glycine,candidate
420,30,L,F,-2.1394312381744385,1.0000146133404542,30,139,55,L,1.0,0.0,0.0,1.0,30.0,msa,104.81344579017022,0.5214599293043295,surface,4,88,False,False,False,0.95,0.95,0.0,HLA-A02_like,HLA-A02_like,FIIFLFILL,FLFILFLAL,0.72,0.72,0.0,WMALRRFIIFLFILL,WMALRRFIIFLFILF,0.95,0.95,0.0,1.187,1.164,-0.023,0.0,0.0,0.0,internal_motif_model,0,0,4,surface_hydrophobic_gain,0,10.0,10,-0.0088495575221239,10,0.0,10,10,10,L88F,0.4301991277367666,1.0,0.0,1.0,0.6666666666666667,0.9285714285714286,1.0,0.6670735914580013,0.8333333333333334,surface_hydrophobic_gain,candidate
421,71,Q,T,-1.9251415729522705,-1.0053202673468604,71,139,139,Q,0.9496402877697842,0.0,0.0835009187140195,0.9164990812859805,24.0,msa,178.87347666960216,0.7949932296426763,surface,0,129,True,True,True,0.45,0.45,0.0,HLA-A03_like,HLA-A03_like,RTCMTTAQG,RTCMTTATG,0.46,0.46,0.0,GPCRTCMTTAQGTSM,GPCRTCMTTATGTSM,0.46,0.46,0.0,0.956,0.941,-0.015,7.2,24.6,31.8,internal_motif_model,0,15,15,antibody_interface_mutation,0,10.0,10,0.0247787610619468,10,0.0,10,10,10,Q129T,0.6992179924813449,1.0,0.19999999999999996,0.4421052631578948,1.0,0.7321428571428572,1.0,0.6664398364662009,0.6666666666666666,antibody_interface_mutation;protected_epitope_or_contact,candidate
422,110,A,C,-2.738424301147461,1.7156381291928255,110,139,139,V,0.4172661870503597,0.0,0.2267873717109939,0.773212628289006,12.0,msa,76.82601471535853,0.5955505016694459,surface,0,168,True,False,False,0.5,0.5,0.0,HLA-A02_like,HLA-A02_like,FLWEWASAR,FLWEWASCR,0.72,0.72,0.0,SSWAFGKFLWEWASA,SSWAFGKFLWEWASC,0.72,0.72,0.0,0.999,1.057,0.058,0.0,13.0,13.0,internal_motif_model,10,0,10,new_cysteine,10,9.3,10,0.0061946902654866,10,-0.0099009900990099,8,10,7,A168C,0.33419709452366797,0.93,0.6,0.7719298245614035,1.0,0.8214285714285714,0.33333333333333337,0.6662447623527216,0.5,new_cysteine,candidate
423,26,L,S,-2.6617493629455566,2.2320790008283495,26,139,55,L,1.0,0.0,0.0,1.0,30.0,msa,65.21615853305252,0.3244585001644404,partial,0,84,False,False,False,0.95,0.95,0.0,HLA-A02_like,HLA-A02_like,FIIFLFILL,FIIFSFILL,0.72,0.72,0.0,NFYRWMALRRFIIFL,NFYRWMALRRFIIFS,0.95,0.95,0.0,1.163,1.129,-0.034,0.0,0.0,0.0,internal_motif_model,0,0,0,,0,10.0,10,-0.0407079646017699,10,0.0,10,10,10,L84S,0.264915729933096,1.0,0.0,1.0,1.0,1.0,1.0,0.666228932483274,0.8333333333333334,,candidate
424,58,T,G,-2.6297497749328613,0.6600433963824628,58,139,139,T,0.9856115107913668,0.0,0.0284685318889823,0.9715314681110176,30.0,msa,138.84050077691398,0.8072122138192673,surface,0,116,True,False,False,0.8,0.8,0.0,HLA-A03_like,HLA-A03_like,STTSTGPCR,STGSTGPCR,0.36,0.36,0.0,STTSTGPCRTCMTTA,STGSTGPCRTCMTTA,0.8,0.8,0.0,0.948,0.943,-0.005,0.0,13.0,13.0,internal_motif_model,0,0,4,new_glycine,0,10.0,10,0.0026548672566371,10,0.0,10,10,10,T116G,0.47580680738801995,1.0,0.0,0.7719298245614035,1.0,0.9285714285714286,1.0,0.6661948096164286,0.6666666666666666,new_glycine,candidate
425,105,W,C,-3.0523855686187744,-2.0057698947218796,105,139,137,W,1.0,0.0,0.0,1.0,30.0,msa,182.03016153429976,0.6387023211729816,surface,0,163,True,False,False,0.5,0.5,0.0,HLA-A02_like,HLA-A02_like,FGKFLWEWA,FGKFLCEWA,0.72,0.54,-0.18,IPSSWAFGKFLWEWA,IPSSWAFGKFLCEWA,0.72,0.54,-0.18,0.996,1.07,0.074,10.0,13.0,23.0,internal_motif_model,10,0,10,new_cysteine,10,9.3,10,0.0300884955752211,10,-0.0099009900990099,8,10,7,W163C,0.8334299017153368,0.93,0.0,0.5964912280701755,1.0,0.8214285714285714,0.33333333333333337,0.6659652448523933,0.6666666666666666,new_cysteine,candidate
426,48,V,I,-3.1458797454833984,0.5826084073937068,48,139,137,V,1.0,0.0,0.0,1.0,24.0,msa,33.67742085714046,0.1935483957306923,partial,0,106,True,False,True,0.8,0.8,0.0,HLA-A02_like,HLA-A02_like,GMLPVCPLI,GMLPICPLI,0.72,0.72,0.0,IFLLVLLDYQGMLPV,IFLLVLLDYQGMLPI,0.8,0.8,0.0,1.178,1.145,-0.033,0.0,16.8,16.8,internal_motif_model,0,15,15,antibody_interface_mutation,0,10.0,10,0.0026548672566371,10,0.0,10,10,10,V106I,0.4861948343604148,1.0,0.19999999999999996,0.7052631578947368,1.0,0.7321428571428572,1.0,0.6658156258833368,0.5,antibody_interface_mutation;protected_epitope_or_contact,candidate
427,45,M,A,-3.2647762298583984,0.0589796569470593,45,139,124,M,0.9838709677419356,0.0,0.0275608534062741,0.972439146593726,24.0,msa,85.68143555633252,0.3825064087336273,surface,0,103,True,False,True,0.95,0.95,0.0,HLA-A02_like,HLA-A02_like,LVLLDYQGM,LVLLDYQGA,0.72,0.72,0.0,LALIFLLVLLDYQGM,LALIFLLVLLDYQGA,0.95,0.95,0.0,1.082,1.116,0.034,0.0,19.8,19.8,internal_motif_model,0,15,19,surface_hydrophobic_gain;antibody_interface_mutation,0,10.0,10,-0.0008849557522123,10,0.0,10,10,10,M103A,0.5564404643294594,1.0,0.19999999999999996,0.6526315789473685,1.0,0.6607142857142857,1.0,0.6657078604432671,0.5,antibody_interface_mutation;protected_epitope_or_contact;surface_hydrophobic_gain,candidate
428,28,I,S,-3.111665725708008,2.324376606991649,28,139,55,I,1.0,0.0,0.0,1.0,30.0,msa,49.63103153785892,0.2519341702429387,partial,0,86,False,False,False,0.95,0.95,0.0,HLA-A02_like,HLA-A02_like,FIIFLFILL,FIIFLFSLL,0.72,0.72,0.0,YRWMALRRFIIFLFI,YRWMALRRFIIFLFS,0.95,0.95,0.0,1.191,1.171,-0.02,0.0,0.0,0.0,internal_motif_model,0,0,0,,0,10.0,10,-0.0469026548672567,10,0.0,10,10,10,I86S,0.25253385922021887,1.0,0.0,1.0,1.0,1.0,1.0,0.6631334648050548,0.8333333333333334,,candidate
429,73,T,N,-3.238781452178955,1.193215449448104,73,139,139,T,0.8776978417266187,0.1079136690647482,0.1387927954342322,0.8612072045657677,10.0,msa,122.97880053086897,0.7149930263422615,surface,0,131,True,True,True,0.4,0.4,0.0,HLA-A02_like,HLA-A02_like,MTTAQGTSM,MTTAQGNSM,0.46,0.46,0.0,GPCRTCMTTAQGTSM,GPCRTCMTTAQGNSM,0.46,0.46,0.0,0.98,0.961,-0.019,7.2,24.6,31.8,internal_motif_model,0,15,15,antibody_interface_mutation,0,10.0,10,-0.0247787610619469,10,0.0,10,10,10,T131N,0.40428092818918315,1.0,0.6666666666666667,0.4421052631578948,1.0,0.7321428571428572,1.0,0.6627055703931605,0.5,antibody_interface_mutation;protected_epitope_or_contact,candidate
430,30,L,I,-2.0121049880981445,2.0287620507623956,30,139,55,L,1.0,0.0,0.0,1.0,24.0,msa,104.81344579017022,0.5214599293043295,surface,4,88,False,False,False,0.95,0.95,0.0,HLA-A02_like,HLA-A02_like,FIIFLFILL,FIIFLFILI,0.72,0.72,0.0,WMALRRFIIFLFILL,WMALRRFIIFLFILI,0.95,0.95,0.0,1.187,1.173,-0.014,0.0,0.0,0.0,internal_motif_model,0,0,4,surface_hydrophobic_gain,0,10.0,10,0.0061946902654866,10,0.0,10,10,10,L88I,0.29219102226298665,1.0,0.19999999999999996,1.0,0.6666666666666667,0.9285714285714286,1.0,0.6625715650895563,0.8333333333333334,surface_hydrophobic_gain,candidate
431,39,L,Y,-2.106048583984375,1.1382132710302812,39,139,55,L,0.9818181818181818,0.0,0.0303351945483401,0.96966480545166,30.0,msa,94.19500085111348,0.4686318450304153,surface,4,97,False,False,False,0.95,0.95,0.0,HLA-A02_like,HLA-A02_like,LALIFLLVL,LVYLDYQGM,0.72,0.72,0.0,FLFILLLALIFLLVL,FLFILLLALIFLLVY,0.95,0.95,0.0,1.201,1.189,-0.013,0.0,0.0,0.0,internal_motif_model,0,0,4,surface_hydrophobic_gain,0,10.0,10,-0.0451327433628319,10,-0.000999000999001,10,10,10,L97Y,0.4116595579327449,1.0,0.0,1.0,0.6666666666666667,0.9285714285714286,1.0,0.6624386990069958,0.8333333333333334,surface_hydrophobic_gain,candidate
432,55,S,G,-2.7274434566497803,0.7739988439798253,55,139,139,S,0.9280575539568344,0.0,0.0941412500040876,0.9058587499959124,30.0,msa,77.66939411277062,0.5010928652436815,surface,0,113,True,False,False,0.45,0.4,-0.05,HLA-B07_like,HLA-A02_like,IPGSSTTST,LIPGGSTTS,0.46,0.46,0.0,DYQGMLPVCPLIPGS,DYQGMLPVCPLIPGG,0.46,0.46,0.0,0.99,0.971,-0.02,0.0,13.0,13.0,internal_motif_model,0,0,4,new_glycine,0,10.0,10,0.0035398230088495,10,0.0,10,10,10,S113G,0.4605195027890018,1.0,0.0,0.7719298245614035,1.0,0.9285714285714286,1.0,0.6623729834666741,0.6666666666666666,new_glycine,candidate
433,24,I,S,-2.7534947395324707,1.816471912000736,24,139,55,I,0.9818181818181818,0.0,0.0303351945483401,0.96966480545166,30.0,msa,28.052022219769505,0.1423960518770025,buried,0,82,False,False,False,0.95,0.95,0.0,HLA-A02_like,HLA-A02_like,WMALRRFII,FISFLFILL,0.72,0.72,0.0,SLNFYRWMALRRFII,SLNFYRWMALRRFIS,0.95,0.95,0.0,1.1,1.08,-0.02,0.0,0.0,0.0,internal_motif_model,0,0,10,buried_hydrophobic_loss,0,10.0,10,-0.0469026548672567,10,0.0,10,10,10,I82S,0.3206700821328058,1.0,0.0,1.0,1.0,0.8214285714285714,1.0,0.6623103776760587,0.6666666666666666,buried_hydrophobic_loss,candidate
434,59,S,I,-3.3750648498535156,1.5289794796183005,59,139,139,S,0.9856115107913668,0.0,0.0284685318889823,0.9715314681110176,30.0,msa,37.32666975080914,0.2408172241987686,partial,0,117,True,False,False,0.8,0.85,0.05,HLA-A03_like,HLA-A02_like,STTSTGPCR,LIPGSSTTI,0.36,0.36,0.0,STTSTGPCRTCMTTA,STTITGPCRTCMTTA,0.8,0.85,0.05,0.956,0.976,0.02,0.0,8.0,8.0,internal_motif_model,0,0,0,,0,10.0,10,0.0469026548672566,10,0.0,10,10,10,S117I,0.3592376493391728,1.0,0.0,0.8596491228070176,1.0,1.0,1.0,0.6617392368961967,0.6666666666666666,,candidate
435,102,K,L,-2.4033327102661133,-0.1786752668384679,102,139,139,K,0.935251798561151,0.0,0.0800596389608133,0.9199403610391866,30.0,msa,96.7898181529019,0.4101263481055165,surface,4,160,True,False,False,0.5,0.9,0.4,HLA-A02_like,HLA-B07_like,FGKFLWEWA,IPSSWAFGL,0.72,0.72,0.0,IPSSWAFGKFLWEWA,IPSSWAFGLFLWEWA,0.72,0.9,0.18,1.028,1.073,0.046,0.0,13.0,13.0,internal_motif_model,0,0,4,surface_hydrophobic_gain,0,10.0,10,0.0681415929203539,10,-0.9990009990009988,10,10,10,K160L,0.5883222504657624,1.0,0.0,0.7719298245614035,0.6666666666666667,0.9285714285714286,1.0,0.6609903370525309,0.8333333333333334,surface_hydrophobic_gain,candidate
436,4,L,Q,-3.056710720062256,2.394378961252727,4,139,48,L,1.0,0.0,0.0,1.0,30.0,msa,55.69130199671039,0.2770711542124895,partial,0,32,False,False,False,0.9,0.9,0.0,HLA-B07_like,HLA-B07_like,IPQSLDSWW,IPQSQDSWW,0.72,0.72,0.0,QSLDSWWTSLNFYRW,QSQDSWWTSLNFYRW,0.9,0.9,0.0,1.016,0.982,-0.034,0.0,0.0,0.0,internal_motif_model,0,0,0,,0,10.0,10,-0.0646017699115044,10,0.0,10,10,10,L32Q,0.2431429320219105,1.0,0.0,1.0,1.0,1.0,1.0,0.6607857330054776,0.8333333333333334,,candidate
437,106,E,L,-2.3881192207336426,1.5728574570155445,106,139,138,E,0.9347826086956522,0.0,0.1054924005299425,0.8945075994700575,30.0,msa,70.36147154747249,0.3155222939348542,partial,0,164,True,False,False,0.5,0.85,0.35,HLA-A02_like,HLA-A02_like,FGKFLWEWA,WAFGKFLWL,0.72,0.72,0.0,IPSSWAFGKFLWEWA,IPSSWAFGKFLWLWA,0.72,0.85,0.13,1.008,1.065,0.057,0.0,8.0,8.0,internal_motif_model,0,0,0,,0,10.0,10,0.0646017699115044,10,0.99718953802679,10,10,10,E164L,0.35335134886119535,1.0,0.0,0.8596491228070176,1.0,1.0,1.0,0.6602676617767024,0.6666666666666666,,candidate
438,104,L,T,-2.8493311405181885,1.0532139945588028,104,139,139,L,1.0,0.0,0.0,1.0,30.0,msa,77.01586744260025,0.3831635196149266,surface,0,162,True,False,False,0.5,0.95,0.45,HLA-A02_like,HLA-A03_like,FGKFLWEWA,FTWEWASAR,0.72,0.72,0.0,IPSSWAFGKFLWEWA,IPSSWAFGKFTWEWA,0.72,0.95,0.23,0.969,0.92,-0.049,0.0,13.0,13.0,internal_motif_model,0,0,0,,0,10.0,10,-0.0398230088495575,10,0.0,10,10,10,L162T,0.42306234610577587,1.0,0.0,0.7719298245614035,1.0,1.0,1.0,0.6601515514387247,0.6666666666666666,,candidate
439,90,T,F,-3.0751359462738037,1.6133021609066134,90,139,139,T,1.0,0.0,0.0,1.0,30.0,msa,44.37411658601282,0.2579890499186791,partial,0,148,True,False,False,0.35,0.4,0.05,HLA-A02_like,HLA-B07_like,DGNCTCIPI,FCIPIPSSW,0.46,0.46,0.0,CTCIPIPSSWAFGKF,CFCIPIPSSWAFGKF,0.46,0.46,0.0,1.086,1.112,0.026,0.0,8.0,8.0,internal_motif_model,0,0,0,,0,10.0,10,0.0309734513274335,10,0.0,10,10,10,T148F,0.34792562748643086,1.0,0.0,0.8596491228070176,1.0,1.0,1.0,0.6589112314330112,0.6666666666666666,,candidate
440,39,L,F,-1.8230239152908323,1.2596374245219408,39,139,55,L,0.9818181818181818,0.0,0.0303351945483401,0.96966480545166,30.0,msa,94.19500085111348,0.4686318450304153,surface,4,97,False,False,False,0.95,0.95,0.0,HLA-A02_like,HLA-A02_like,LALIFLLVL,LVFLDYQGM,0.72,0.72,0.0,FLFILLLALIFLLVL,FLFILLLALIFLLVF,0.95,0.95,0.0,1.201,1.179,-0.023,0.0,0.0,0.0,internal_motif_model,0,0,4,surface_hydrophobic_gain,0,10.0,10,-0.0088495575221239,10,0.0,10,10,10,L97F,0.39537031455524885,1.0,0.0,1.0,0.6666666666666667,0.9285714285714286,1.0,0.6583663881626218,0.8333333333333334,surface_hydrophobic_gain,candidate
441,11,L,V,-3.0939974784851074,2.160658558796712,11,139,48,L,1.0,0.0,0.0,1.0,24.0,msa,83.13649417951248,0.4136143989030472,surface,4,39,False,False,False,0.9,0.9,0.0,HLA-A02_like,HLA-A02_like,SLDSWWTSL,SLDSWWTSV,0.72,0.72,0.0,QSLDSWWTSLNFYRW,QSLDSWWTSVNFYRW,0.9,0.9,0.0,1.013,1.032,0.019,0.0,0.0,0.0,internal_motif_model,0,0,4,surface_hydrophobic_gain,0,10.0,10,0.0035398230088495,10,0.0,10,10,10,L39V,0.2744968958620113,1.0,0.19999999999999996,1.0,0.6666666666666667,0.9285714285714286,1.0,0.6581480334893124,0.8333333333333334,surface_hydrophobic_gain,candidate
442,5,D,R,-2.2800533771514893,2.2985726774546436,5,139,48,D,1.0,0.0,0.0,1.0,30.0,msa,45.639663204214315,0.2364749388819394,partial,0,33,False,False,False,0.9,0.9,0.0,HLA-B07_like,HLA-B07_like,IPQSLDSWW,IPQSLRSWW,0.72,0.72,0.0,QSLDSWWTSLNFYRW,QSLRSWWTSLNFYRW,0.9,0.9,0.0,0.992,0.993,0.001,0.0,0.0,0.0,internal_motif_model,0,0,0,,0,9.6,10,-0.0088495575221239,10,1.998869239160154,8,10,10,D33R,0.2559954974218219,0.96,0.0,1.0,1.0,1.0,1.0,0.6579988743554555,0.8333333333333334,,candidate
443,9,T,D,-2.87073278427124,2.491154666276856,9,139,48,T,1.0,0.0,0.0,1.0,30.0,msa,77.25241680304495,0.449141958157238,surface,0,37,False,False,False,0.9,0.9,0.0,HLA-A02_like,HLA-A02_like,SLDSWWTSL,SLDSWWDSL,0.72,0.72,0.0,QSLDSWWTSLNFYRW,QSLDSWWDSLNFYRW,0.9,0.9,0.0,0.964,0.957,-0.006,0.0,0.0,0.0,internal_motif_model,0,0,0,,0,10.0,10,-0.0247787610619469,10,-0.9988792390601552,10,10,10,T37D,0.2301603172221699,1.0,0.0,1.0,1.0,1.0,1.0,0.6575400793055425,0.8333333333333334,,candidate
444,75,M,R,-3.174625873565674,-3.829357942290926,75,139,139,M,0.8992805755395683,0.0,0.1457327329274661,0.8542672670725339,22.0,msa,172.79632957501562,0.7714121856027483,surface,0,133,True,True,True,0.4,0.85,0.45,HLA-A02_like,HLA-A03_like,MTTAQGTSM,MTTAQGTSR,0.46,0.36,-0.1,GPCRTCMTTAQGTSM,GPCRTCMTTAQGTSR,0.46,0.85,0.39,0.98,0.986,0.007,16.0,41.0,57.0,internal_motif_model,0,15,15,antibody_interface_mutation,0,9.6,10,-0.0566371681415929,10,0.9999900000999986,8,10,10,M133R,1.0,0.96,0.2666666666666667,0.0,1.0,0.7321428571428572,1.0,0.6572142857142858,0.6666666666666666,antibody_interface_mutation;protected_epitope_or_contact,candidate
445,34,I,C,-3.827980756759643,0.6671605706659136,34,139,55,I,1.0,0.0,0.0,1.0,30.0,msa,82.1187186907143,0.4168462877701234,surface,0,92,False,False,False,0.95,0.95,0.0,HLA-A02_like,HLA-A02_like,LLLALIFLL,LLLALCFLL,0.72,0.72,0.0,RRFIIFLFILLLALI,RRFIIFLFILLLALC,0.95,0.95,0.0,1.187,1.224,0.037,0.0,0.0,0.0,internal_motif_model,10,0,10,new_cysteine,10,9.3,10,-0.0176991150442478,10,-0.0099009900990099,8,10,7,I92C,0.4748520271344261,0.93,0.0,1.0,1.0,0.8214285714285714,0.33333333333333337,0.6570225305931304,0.6666666666666666,new_cysteine,candidate
446,27,F,T,-3.2291295528411865,2.510903876210591,27,139,55,F,1.0,0.0,0.0,1.0,30.0,msa,59.72269422076173,0.2488445592531738,partial,0,85,False,False,False,0.95,0.95,0.0,HLA-A02_like,HLA-A02_like,FIIFLFILL,FIIFLTILL,0.72,0.72,0.0,FYRWMALRRFIIFLF,FYRWMALRRFIIFLT,0.95,0.95,0.0,1.177,1.151,-0.026,0.0,0.0,0.0,internal_motif_model,0,0,0,,0,10.0,10,-0.0309734513274336,10,0.0,10,10,10,F85T,0.2275109292884424,1.0,0.0,1.0,1.0,1.0,1.0,0.6568777323221107,0.8333333333333334,,candidate
447,55,S,A,-2.7633118629455566,0.5446557024285994,55,139,139,S,0.9280575539568344,0.0,0.0941412500040876,0.9058587499959124,30.0,msa,77.66939411277062,0.5010928652436815,surface,0,113,True,False,False,0.45,0.8,0.35,HLA-B07_like,HLA-A02_like,IPGSSTTST,PVCPLIPGA,0.46,0.46,0.0,DYQGMLPVCPLIPGS,DYQGMLPVCPLIPGA,0.46,0.8,0.34,0.99,0.998,0.007,4.0,13.0,17.0,internal_motif_model,0,0,4,surface_hydrophobic_gain,0,10.0,10,0.0230088495575221,10,0.0,10,10,10,S113A,0.4912862501144757,1.0,0.0,0.7017543859649122,1.0,0.9285714285714286,1.0,0.6560295825787442,0.6666666666666666,surface_hydrophobic_gain,candidate
448,31,L,I,-2.304654598236084,2.249766285325393,31,139,55,L,0.9818181818181818,0.0,0.0303351945483401,0.96966480545166,24.0,msa,108.55037025161528,0.5400515932916183,surface,4,89,False,False,False,0.95,0.95,0.0,HLA-A02_like,HLA-A02_like,FLFILLLAL,FLFILLIAL,0.72,0.72,0.0,MALRRFIIFLFILLL,MALRRFIIFLFILLI,0.95,0.95,0.0,1.195,1.181,-0.014,0.0,0.0,0.0,internal_motif_model,0,0,4,surface_hydrophobic_gain,0,10.0,10,0.0061946902654866,10,0.0,10,10,10,L89I,0.26254295257723703,1.0,0.19999999999999996,1.0,0.6666666666666667,0.9285714285714286,1.0,0.6551595476681189,0.8333333333333334,surface_hydrophobic_gain,candidate
449,103,F,S,-2.250934362411499,2.6204725163298974,103,139,139,F,0.5323741007194245,0.0,0.2306780064321617,0.7693219935678383,17.0,msa,54.34326972179623,0.2264302905074843,partial,0,161,True,False,False,0.5,0.5,0.0,HLA-A02_like,HLA-A02_like,FGKFLWEWA,FGKSLWEWA,0.72,0.54,-0.18,IPSSWAFGKFLWEWA,IPSSWAFGKSLWEWA,0.72,0.54,-0.18,0.997,0.986,-0.011,10.0,8.0,18.0,internal_motif_model,0,0,0,,0,10.0,10,-0.031858407079646,10,0.0,10,10,10,F161S,0.21281212189204368,1.0,0.43333333333333335,0.6842105263157895,1.0,1.0,1.0,0.6550451357361688,0.6666666666666666,,candidate
450,26,L,F,-2.1793317794799805,2.5792537723317537,26,139,55,L,1.0,0.0,0.0,1.0,30.0,msa,65.21615853305252,0.3244585001644404,partial,0,84,False,False,False,0.95,0.95,0.0,HLA-A02_like,HLA-A02_like,FIIFLFILL,FIIFFFILL,0.72,0.72,0.0,NFYRWMALRRFIIFL,NFYRWMALRRFIIFF,0.95,0.95,0.0,1.163,1.14,-0.023,0.0,0.0,0.0,internal_motif_model,0,0,0,,0,10.0,10,-0.0088495575221239,10,0.0,10,10,10,L84F,0.21834168197867487,1.0,0.0,1.0,1.0,1.0,1.0,0.6545854204946687,0.8333333333333334,,candidate
451,55,S,R,-3.3555967807769775,0.6258366956522536,55,139,139,S,0.9280575539568344,0.0,0.0941412500040876,0.9058587499959124,30.0,msa,77.66939411277062,0.5010928652436815,surface,0,113,True,False,False,0.45,0.8,0.35,HLA-B07_like,HLA-A03_like,IPGSSTTST,PVCPLIPGR,0.46,0.46,0.0,DYQGMLPVCPLIPGS,DYQGMLPVCPLIPGR,0.46,0.8,0.34,0.99,0.97,-0.02,4.0,13.0,17.0,internal_motif_model,0,0,0,,0,9.6,10,-0.0327433628318584,10,0.9999900000999986,8,10,10,S113R,0.48039569071405297,0.96,0.0,0.7017543859649122,1.0,1.0,1.0,0.6544497998714957,0.6666666666666666,,candidate
452,56,S,G,-2.693443536758423,1.0160163847721435,56,139,139,S,0.920863309352518,0.0,0.1196530392664537,0.8803469607335462,30.0,msa,118.9558780406117,0.7674572776813657,surface,0,114,True,False,False,0.8,0.8,0.0,HLA-A03_like,HLA-A03_like,STTSTGPCR,GTTSTGPCR,0.46,0.46,0.0,YQGMLPVCPLIPGSS,YQGMLPVCPLIPGSG,0.8,0.8,0.0,0.97,0.951,-0.02,0.0,13.0,13.0,internal_motif_model,0,0,4,new_glycine,0,10.0,10,0.0035398230088495,10,0.0,10,10,10,S114G,0.4280524646402867,1.0,0.0,0.7719298245614035,1.0,0.9285714285714286,1.0,0.6542562239294952,0.6666666666666666,new_glycine,candidate
453,12,N,V,-3.0982918739318848,1.387024364447484,12,139,48,N,0.9791666666666666,0.0,0.033803026545712,0.966196973454288,30.0,msa,82.36373778495309,0.4223781424869389,surface,4,40,False,False,False,0.9,0.95,0.05,HLA-A02_like,HLA-A02_like,SLNFYRWMA,LVFYRWMAL,0.72,0.72,0.0,QSLDSWWTSLNFYRW,QSLDSWWTSLVFYRW,0.9,0.95,0.05,1.01,1.097,0.087,0.0,0.0,0.0,internal_motif_model,0,0,4,surface_hydrophobic_gain,0,10.0,10,0.0681415929203539,10,0.0,10,10,10,N40V,0.37828115389081673,1.0,0.0,1.0,0.6666666666666667,0.9285714285714286,1.0,0.6540940979965137,0.8333333333333334,surface_hydrophobic_gain,candidate
454,34,I,V,-2.11545991897583,2.30435926473993,34,139,55,I,1.0,0.0,0.0,1.0,24.0,msa,82.1187186907143,0.4168462877701234,surface,4,92,False,False,False,0.95,0.95,0.0,HLA-A02_like,HLA-A02_like,LLLALIFLL,LLLALVFLL,0.72,0.72,0.0,RRFIIFLFILLLALI,RRFIIFLFILLLALV,0.95,0.95,0.0,1.187,1.22,0.033,0.0,0.0,0.0,internal_motif_model,0,0,4,surface_hydrophobic_gain,0,10.0,10,-0.0026548672566371,10,0.0,10,10,10,I92V,0.2552192175310041,1.0,0.19999999999999996,1.0,0.6666666666666667,0.9285714285714286,1.0,0.6533286139065606,0.8333333333333334,surface_hydrophobic_gain,candidate
455,105,W,G,-2.679366111755371,0.003191335471115,105,139,137,W,1.0,0.0,0.0,1.0,30.0,msa,182.03016153429976,0.6387023211729816,surface,0,163,True,False,False,0.5,0.5,0.0,HLA-A02_like,HLA-A02_like,FGKFLWEWA,FLGEWASAR,0.72,0.54,-0.18,IPSSWAFGKFLWEWA,WAFGKFLGEWASARF,0.72,0.54,-0.18,0.996,0.993,-0.003,10.0,13.0,23.0,internal_motif_model,0,0,4,new_glycine,0,10.0,10,0.0044247787610619,10,0.0,10,10,10,W163G,0.5639245564150267,1.0,0.0,0.5964912280701755,1.0,0.9285714285714286,1.0,0.6531365275749347,0.6666666666666666,new_glycine,candidate
456,96,S,P,-2.610211133956909,-0.0176431618996559,96,139,139,S,1.0,0.0,0.0,1.0,30.0,msa,100.89937320217454,0.6509636980785455,surface,0,154,True,False,False,0.8,0.8,0.0,HLA-A02_like,HLA-A02_like,CIPIPSSWA,CIPIPPSWA,0.72,0.72,0.0,IPSSWAFGKFLWEWA,IPPSWAFGKFLWEWA,0.8,0.8,0.0,1.037,1.045,0.007,0.0,13.0,13.0,internal_motif_model,0,0,8,new_proline,5,9.2,10,-0.0070796460176991,10,0.0,6,10,10,S154P,0.5667195373851317,0.9199999999999999,0.0,0.7719298245614035,1.0,0.8571428571428572,0.6666666666666667,0.6531134683061827,0.6666666666666666,new_proline,candidate
457,98,W,D,-2.9331247806549072,1.2758598841022035,98,139,139,W,0.9784172661870504,0.0,0.0347616222042651,0.9652383777957348,30.0,msa,109.61927830244328,0.3846290466752396,surface,0,156,True,False,False,0.8,0.8,0.0,HLA-A02_like,HLA-A02_like,CIPIPSSWA,CIPIPSSDA,0.72,0.72,0.0,IPSSWAFGKFLWEWA,IPSSDAFGKFLWEWA,0.8,0.8,0.0,1.001,0.998,-0.004,0.0,13.0,13.0,internal_motif_model,0,0,0,,0,10.0,10,-0.0230088495575221,10,-0.9988792390601552,10,10,10,W156D,0.3931940457925217,1.0,0.0,0.7719298245614035,1.0,1.0,1.0,0.6526844763604112,0.6666666666666666,,candidate
458,31,L,F,-2.477445363998413,1.443972627271421,31,139,55,L,0.9818181818181818,0.0,0.0303351945483401,0.96966480545166,30.0,msa,108.55037025161528,0.5400515932916183,surface,4,89,False,False,False,0.95,0.95,0.0,HLA-A02_like,HLA-A02_like,FLFILLLAL,FLFILLFAL,0.72,0.72,0.0,MALRRFIIFLFILLL,MALRRFIIFLFILLF,0.95,0.95,0.0,1.195,1.173,-0.023,0.0,0.0,0.0,internal_motif_model,0,0,4,surface_hydrophobic_gain,0,10.0,10,-0.0088495575221239,10,0.0,10,10,10,L89F,0.3706414538279421,1.0,0.0,1.0,0.6666666666666667,0.9285714285714286,1.0,0.6521841729807951,0.8333333333333334,surface_hydrophobic_gain,candidate
459,42,Y,G,-3.0673956871032715,1.1013152994698032,42,139,55,Y,0.9636363636363636,0.0,0.0605579893382868,0.9394420106617132,30.0,msa,112.88290298106912,0.4292125588633806,surface,0,100,True,False,False,0.95,0.85,-0.1,HLA-A02_like,HLA-A02_like,LVLLDYQGM,LVLLDGQGM,0.72,0.72,0.0,ILLLALIFLLVLLDY,ILLLALIFLLVLLDG,0.95,0.85,-0.1,1.035,0.994,-0.041,0.0,13.0,13.0,internal_motif_model,0,0,4,new_glycine,0,10.0,10,0.0079646017699114,10,0.000999000999001,10,10,10,Y100G,0.4166094795224873,1.0,0.0,0.7719298245614035,1.0,0.9285714285714286,1.0,0.6513954776500455,0.6666666666666666,new_glycine,candidate
460,98,W,S,-1.88760244846344,1.3346641421034064,98,139,139,W,0.9784172661870504,0.0,0.0347616222042651,0.9652383777957348,30.0,msa,109.61927830244328,0.3846290466752396,surface,0,156,True,False,False,0.8,0.8,0.0,HLA-A02_like,HLA-A02_like,CIPIPSSWA,CIPIPSSSA,0.72,0.72,0.0,IPSSWAFGKFLWEWA,IPSSSAFGKFLWEWA,0.8,0.8,0.0,1.001,1.018,0.017,0.0,13.0,13.0,internal_motif_model,0,0,0,,0,10.0,10,0.0008849557522123,10,0.0,10,10,10,W156S,0.38530536102371693,1.0,0.0,0.7719298245614035,1.0,1.0,1.0,0.65071230516821,0.6666666666666666,,candidate
461,5,D,A,-2.8863935470581055,2.7216621881704555,5,139,48,D,1.0,0.0,0.0,1.0,30.0,msa,45.639663204214315,0.2364749388819394,partial,0,33,False,False,False,0.9,0.9,0.0,HLA-B07_like,HLA-B07_like,IPQSLDSWW,IPQSLASWW,0.72,0.72,0.0,QSLDSWWTSLNFYRW,QSLASWWTSLNFYRW,0.9,0.9,0.0,0.992,1.02,0.028,0.0,0.0,0.0,internal_motif_model,0,0,0,,0,10.0,10,0.0469026548672566,10,0.9988792390601552,10,10,10,D33A,0.19923736642123013,1.0,0.0,1.0,1.0,1.0,1.0,0.6498093416053076,0.8333333333333334,,candidate
462,51,L,N,-3.2993335723876953,1.8942105793399548,51,139,139,L,0.9712230215827338,0.0,0.053537761638623,0.9464622383613768,30.0,msa,58.62910581804712,0.2916870936221249,partial,0,109,True,False,False,0.8,0.8,0.0,HLA-A02_like,HLA-A02_like,GMLPVCPLI,GMLPVCPNI,0.72,0.72,0.0,LVLLDYQGMLPVCPL,LVLLDYQGMLPVCPN,0.8,0.8,0.0,1.171,1.104,-0.068,0.0,8.0,8.0,internal_motif_model,0,0,0,,0,10.0,10,-0.0646017699115044,10,0.0,10,10,10,L109N,0.31024131622654216,1.0,0.0,0.8596491228070176,1.0,1.0,1.0,0.6494901536180391,0.6666666666666666,,candidate
463,75,M,I,-3.331501007080078,-0.0563554390933518,75,139,139,M,0.8992805755395683,0.0071942446043165,0.1457327329274661,0.8542672670725339,13.0,msa,172.79632957501562,0.7714121856027483,surface,4,133,True,True,True,0.4,0.4,0.0,HLA-A02_like,HLA-A02_like,MTTAQGTSM,MTTAQGTSI,0.46,0.46,0.0,GPCRTCMTTAQGTSM,GPCRTCMTTAQGTSI,0.46,0.46,0.0,0.98,1.026,0.047,7.2,24.6,31.8,internal_motif_model,0,15,19,surface_hydrophobic_gain;antibody_interface_mutation,0,10.0,10,0.0230088495575221,10,0.0,10,10,10,M133I,0.5719128509621418,1.0,0.5666666666666667,0.4421052631578948,0.6666666666666667,0.6607142857142857,1.0,0.6491373606102097,0.6666666666666666,antibody_interface_mutation;protected_epitope_or_contact;surface_hydrophobic_gain,candidate
464,58,T,L,-2.955138683319092,0.1847529048553724,58,139,139,T,0.9856115107913668,0.0,0.0284685318889823,0.9715314681110176,30.0,msa,138.84050077691398,0.8072122138192673,surface,4,116,True,False,False,0.8,0.8,0.0,HLA-A03_like,HLA-A02_like,STTSTGPCR,PLIPGSSTL,0.36,0.36,0.0,STTSTGPCRTCMTTA,STLSTGPCRTCMTTA,0.8,0.8,0.0,0.948,0.997,0.049,0.0,13.0,13.0,internal_motif_model,0,0,4,surface_hydrophobic_gain,0,10.0,10,0.0398230088495574,10,0.0,10,10,10,T116L,0.5395677830165327,1.0,0.0,0.7719298245614035,0.6666666666666667,0.9285714285714286,1.0,0.6488017201902234,0.6666666666666666,surface_hydrophobic_gain,candidate
465,58,T,V,-3.120701313018799,0.190950621278489,58,139,139,T,0.9856115107913668,0.0,0.0284685318889823,0.9715314681110176,30.0,msa,138.84050077691398,0.8072122138192673,surface,4,116,True,False,False,0.8,0.8,0.0,HLA-A03_like,HLA-A02_like,STTSTGPCR,PLIPGSSTV,0.36,0.36,0.0,STTSTGPCRTCMTTA,STVSTGPCRTCMTTA,0.8,0.8,0.0,0.948,1.016,0.068,0.0,13.0,13.0,internal_motif_model,0,0,4,surface_hydrophobic_gain,0,10.0,10,0.043362831858407,10,0.0,10,10,10,T116V,0.5387363494977659,1.0,0.0,0.7719298245614035,0.6666666666666667,0.9285714285714286,1.0,0.6485938618105318,0.6666666666666666,surface_hydrophobic_gain,candidate
466,64,R,N,-3.1925363540649414,-2.1600229376527125,64,139,139,R,0.8345323741007195,0.0,0.1497551184645261,0.850244881535474,22.0,msa,187.49126744225867,0.6842746986943747,surface,0,122,True,False,True,0.8,0.45,-0.35,HLA-A03_like,HLA-A03_like,STTSTGPCR,NTCMTTAQG,0.46,0.46,0.0,GPCRTCMTTAQGTSM,GPCNTCMTTAQGTSM,0.8,0.46,-0.34,1.053,1.039,-0.014,18.0,33.0,51.0,internal_motif_model,0,15,15,antibody_interface_mutation,0,10.0,10,0.0088495575221239,10,-0.9999900000999986,10,10,10,R122N,0.854123192842067,1.0,0.2666666666666667,0.10526315789473684,1.0,0.7321428571428572,1.0,0.6477977155037499,0.5,antibody_interface_mutation;predicted_tcell_epitope_loss;protected_epitope_or_contact,candidate
467,109,S,C,-3.109222650527954,-0.4145409154824904,109,139,139,S,1.0,0.0,0.0,1.0,30.0,msa,81.76114261488271,0.5274912426766627,surface,0,167,True,False,False,0.5,0.5,0.0,HLA-A02_like,HLA-A02_like,FLWEWASAR,FLWEWACAR,0.72,0.72,0.0,PSSWAFGKFLWEWAS,PSSWAFGKFLWEWAC,0.72,0.72,0.0,0.978,1.035,0.057,0.0,13.0,13.0,internal_motif_model,10,0,10,new_cysteine,10,9.3,10,0.0292035398230088,10,-0.0099009900990099,8,10,7,S167C,0.6199640024950847,0.93,0.0,0.7719298245614035,1.0,0.8214285714285714,0.33333333333333337,0.6476864893455758,0.6666666666666666,new_cysteine,candidate
468,71,Q,S,-1.7586876153945925,-0.4428541081298078,71,139,139,Q,0.9496402877697842,0.0,0.0835009187140195,0.9164990812859805,24.0,msa,178.87347666960216,0.7949932296426763,surface,0,129,True,True,True,0.45,0.45,0.0,HLA-A03_like,HLA-A03_like,RTCMTTAQG,RTCMTTASG,0.46,0.46,0.0,GPCRTCMTTAQGTSM,GPCRTCMTTASGTSM,0.46,0.46,0.0,0.956,0.956,-0.0,7.2,24.6,31.8,internal_motif_model,0,15,15,antibody_interface_mutation,0,10.0,10,0.0238938053097345,10,0.0,10,10,10,Q129S,0.6237622623351894,1.0,0.19999999999999996,0.4421052631578948,1.0,0.7321428571428572,1.0,0.647575903929662,0.6666666666666666,antibody_interface_mutation;protected_epitope_or_contact,candidate
469,55,S,T,-2.0917980670928955,3.778381413161725,55,139,139,S,0.9280575539568344,0.0647482014388489,0.0941412500040876,0.9058587499959124,18.0,msa,77.66939411277062,0.5010928652436815,surface,0,113,True,False,False,0.45,0.45,0.0,HLA-B07_like,HLA-B07_like,IPGSSTTST,IPGTSTTST,0.46,0.46,0.0,DYQGMLPVCPLIPGS,DYQGMLPVCPLIPGT,0.46,0.46,0.0,0.99,0.976,-0.015,0.0,7.8,7.8,internal_motif_model,0,0,0,,0,10.0,10,0.0008849557522123,10,0.0,10,10,10,S113T,0.05747680114173537,1.0,0.4,0.8631578947368421,1.0,1.0,1.0,0.6470007792328023,0.6666666666666666,,candidate
470,92,I,A,-2.8804006576538086,3.2085749323545087,92,139,139,I,0.9928057553956836,0.0,0.0142429670997965,0.9857570329002034,24.0,msa,13.28391037643908,0.0674310171392846,buried,0,150,True,False,False,0.8,0.8,0.0,HLA-A02_like,HLA-A02_like,CIPIPSSWA,CAPIPSSWA,0.46,0.46,0.0,CTCIPIPSSWAFGKF,CTCAPIPSSWAFGKF,0.8,0.8,0.0,1.166,1.154,-0.013,0.0,4.8,4.8,internal_motif_model,0,0,0,,0,10.0,10,-0.0238938053097345,10,0.0,10,10,10,I150A,0.1339172471077088,1.0,0.19999999999999996,0.9157894736842105,1.0,1.0,1.0,0.6466372065137693,0.6666666666666666,,candidate
471,75,M,G,-2.7744789123535156,-2.546390697205396,75,139,139,M,0.8992805755395683,0.0,0.1457327329274661,0.8542672670725339,22.0,msa,172.79632957501562,0.7714121856027483,surface,0,133,True,True,True,0.4,0.4,0.0,HLA-A02_like,HLA-A03_like,MTTAQGTSM,MTTAQGTSG,0.46,0.36,-0.1,GPCRTCMTTAQGTSM,GPCRTCMTTAQGTSG,0.46,0.4,-0.06,0.98,0.987,0.007,12.0,41.0,53.0,internal_motif_model,0,15,19,new_glycine;antibody_interface_mutation,0,10.0,10,-0.0203539823008849,10,0.0,10,10,10,M133G,0.9059550424995887,1.0,0.2666666666666667,0.07017543859649122,1.0,0.6607142857142857,1.0,0.646595276915624,0.6666666666666666,antibody_interface_mutation;new_glycine;protected_epitope_or_contact,candidate
472,68,T,S,-2.4454941749572754,0.0338320244410397,68,139,139,T,0.9424460431654677,0.0215827338129496,0.0922175486667447,0.9077824513332552,21.0,msa,103.01592700475103,0.5989298081671572,surface,0,126,True,True,True,0.45,0.45,0.0,HLA-A03_like,HLA-A03_like,RTCMTTAQG,RTCMSTAQG,0.46,0.46,0.0,GPCRTCMTTAQGTSM,GPCRTCMSTAQGTSM,0.46,0.46,0.0,1.006,1.021,0.015,7.2,24.6,31.8,internal_motif_model,0,15,15,antibody_interface_mutation,0,10.0,10,-0.0008849557522123,10,0.0,10,10,10,T126S,0.559814059240183,1.0,0.30000000000000004,0.4421052631578948,1.0,0.7321428571428572,1.0,0.6465888531559104,0.5,antibody_interface_mutation;protected_epitope_or_contact,candidate
473,20,R,G,-3.0517046451568604,2.6049272065347964,20,139,55,R,1.0,0.0,0.0,1.0,30.0,msa,57.0350994047275,0.2081572970975456,partial,0,78,False,False,False,0.95,0.9,-0.05,HLA-A02_like,HLA-A02_like,WMALRRFII,ALGRFIIFL,0.72,0.72,0.0,SWWTSLNFYRWMALR,SWWTSLNFYRWMALG,0.95,0.9,-0.05,1.018,1.019,0.0,0.0,0.0,0.0,internal_motif_model,0,0,4,new_glycine,0,10.0,10,0.036283185840708,10,-0.9999900000999986,10,10,10,R78G,0.21489754993374188,1.0,0.0,1.0,1.0,0.9285714285714286,1.0,0.6465815303405784,0.8333333333333334,new_glycine,candidate
474,100,F,S,-2.188222169876098,0.0219551544368528,100,139,139,F,0.9784172661870504,0.014388489208633,0.0393473844179827,0.9606526155820172,27.0,msa,85.74160333883407,0.3572566805784752,surface,0,158,True,False,False,0.8,0.45,-0.35,HLA-B07_like,HLA-A02_like,IPIPSSWAF,PIPSSWASG,0.72,0.54,-0.18,IPSSWAFGKFLWEWA,IPSSWASGKFLWEWA,0.8,0.54,-0.26,0.994,0.982,-0.011,18.0,13.0,31.0,internal_motif_model,0,0,0,,0,10.0,10,-0.031858407079646,10,0.0,10,10,10,F158S,0.5614073602474193,1.0,0.09999999999999998,0.45614035087719296,1.0,1.0,1.0,0.6465799102372934,0.5,predicted_tcell_epitope_loss,candidate
475,58,T,C,-2.38415002822876,-0.3780498389016884,58,139,139,T,0.9856115107913668,0.0,0.0284685318889823,0.9715314681110176,30.0,msa,138.84050077691398,0.8072122138192673,surface,0,116,True,False,False,0.8,0.7,-0.1,HLA-A03_like,HLA-A03_like,STTSTGPCR,STCSTGPCR,0.36,0.36,0.0,STTSTGPCRTCMTTA,STCSTGPCRTCMTTA,0.8,0.7,-0.1,0.948,1.02,0.072,0.0,13.0,13.0,internal_motif_model,10,0,10,new_cysteine,10,9.3,10,0.0283185840707964,10,-0.0099009900990099,8,10,7,T116C,0.6150686665142383,0.93,0.0,0.7719298245614035,1.0,0.8214285714285714,0.33333333333333337,0.6464626553503642,0.6666666666666666,new_cysteine,candidate
476,28,I,A,-3.1516809463500977,3.7443068970895297,28,139,55,I,1.0,0.0,0.0,1.0,24.0,msa,49.63103153785892,0.2519341702429387,partial,0,86,False,False,False,0.95,0.95,0.0,HLA-A02_like,HLA-A02_like,FIIFLFILL,FIIFLFALL,0.72,0.72,0.0,YRWMALRRFIIFLFI,YRWMALRRFIIFLFA,0.95,0.95,0.0,1.191,1.178,-0.013,0.0,0.0,0.0,internal_motif_model,0,0,0,,0,10.0,10,-0.0238938053097345,10,0.0,10,10,10,I86A,0.06204795168558919,1.0,0.19999999999999996,1.0,1.0,1.0,1.0,0.6455119879213973,0.8333333333333334,,candidate
477,96,S,G,-2.497617721557617,1.2972120366158606,96,139,139,S,1.0,0.0,0.0,1.0,30.0,msa,100.89937320217454,0.6509636980785455,surface,0,154,True,False,False,0.8,0.8,0.0,HLA-A02_like,HLA-A02_like,CIPIPSSWA,CIPIPGSWA,0.72,0.72,0.0,IPSSWAFGKFLWEWA,IPGSWAFGKFLWEWA,0.8,0.8,0.0,1.037,1.018,-0.02,0.0,13.0,13.0,internal_motif_model,0,0,4,new_glycine,0,10.0,10,0.0035398230088495,10,0.0,10,10,10,S154G,0.39032962056140597,1.0,0.0,0.7719298245614035,1.0,0.9285714285714286,1.0,0.6448255129097751,0.6666666666666666,new_glycine,candidate
478,31,L,G,-2.971132755279541,2.6802220363117613,31,139,55,L,0.9818181818181818,0.0,0.0303351945483401,0.96966480545166,30.0,msa,108.55037025161528,0.5400515932916183,surface,0,89,False,False,False,0.95,0.95,0.0,HLA-A02_like,HLA-A02_like,FLFILLLAL,LLGALIFLL,0.72,0.72,0.0,MALRRFIIFLFILLL,MALRRFIIFLFILLG,0.95,0.95,0.0,1.195,1.142,-0.054,0.0,0.0,0.0,internal_motif_model,0,0,4,new_glycine,0,10.0,10,-0.0371681415929203,10,0.0,10,10,10,L89G,0.20479662872461546,1.0,0.0,1.0,1.0,0.9285714285714286,1.0,0.6440563000382967,0.8333333333333334,new_glycine,candidate
479,6,S,F,-2.8886542320251465,1.6892877620736328,6,139,48,S,1.0,0.0,0.0,1.0,30.0,msa,65.16247499778798,0.4204030645018579,surface,4,34,False,False,False,0.9,0.9,0.0,HLA-B07_like,HLA-B07_like,IPQSLDSWW,IPQSLDFWW,0.72,0.72,0.0,QSLDSWWTSLNFYRW,QSLDFWWTSLNFYRW,0.9,0.9,0.0,0.976,0.988,0.011,0.0,0.0,0.0,internal_motif_model,0,0,4,surface_hydrophobic_gain,0,10.0,10,0.031858407079646,10,0.0,10,10,10,S34F,0.33773203819630704,1.0,0.0,1.0,0.6666666666666667,0.9285714285714286,1.0,0.6439568190728864,0.8333333333333334,surface_hydrophobic_gain,candidate
480,83,K,R,-3.0682287216186523,-0.4774550264140487,83,139,139,K,1.0,0.0,0.0,1.0,24.0,msa,133.64582705872084,0.5662958773674612,surface,0,141,True,True,True,0.4,0.4,0.0,HLA-A03_like,HLA-A03_like,MYPSCCCTK,MYPSCCCTR,0.28,0.28,0.0,TAQGTSMYPSCCCTK,TAQGTSMYPSCCCTR,0.4,0.4,0.0,1.086,1.078,-0.008,7.2,24.6,31.8,internal_motif_model,0,15,15,antibody_interface_mutation,0,9.6,10,-0.0053097345132743,10,0.0009890010989996,8,10,10,K141R,0.6284040305732983,0.96,0.19999999999999996,0.4421052631578948,1.0,0.7321428571428572,1.0,0.6427363459891893,0.6666666666666666,antibody_interface_mutation;protected_epitope_or_contact,candidate
481,43,Q,L,-1.7334154844284058,-2.5202815924364472,43,139,105,Q,0.961904761904762,0.0,0.0540244319945852,0.9459755680054148,30.0,msa,98.3938902290836,0.4373061787959271,surface,4,101,True,False,True,0.95,0.95,0.0,HLA-A02_like,HLA-A02_like,LVLLDYQGM,FLLVLLDYL,0.72,0.72,0.0,LLLALIFLLVLLDYQ,LLLALIFLLVLLDYL,0.95,0.95,0.0,1.035,1.068,0.034,0.0,33.0,33.0,internal_motif_model,0,15,19,surface_hydrophobic_gain;antibody_interface_mutation,0,10.0,10,0.0646017699115044,10,0.0,10,10,10,Q101L,0.9024524645550848,1.0,0.0,0.42105263157894735,0.6666666666666667,0.6607142857142857,1.0,0.6425617376926559,0.6666666666666666,antibody_interface_mutation;protected_epitope_or_contact;surface_hydrophobic_gain,candidate
482,10,S,T,-2.8688173294067383,3.8899506571032134,10,139,48,S,1.0,0.0,0.0,1.0,24.0,msa,77.33913732665465,0.4989621763009977,surface,0,38,False,False,False,0.9,0.9,0.0,HLA-A02_like,HLA-A02_like,SLDSWWTSL,SLDSWWTTL,0.72,0.72,0.0,QSLDSWWTSLNFYRW,QSLDSWWTTLNFYRW,0.9,0.9,0.0,0.975,0.96,-0.015,0.0,0.0,0.0,internal_motif_model,0,0,0,,0,10.0,10,0.0008849557522123,10,0.0,10,10,10,S38T,0.04250960955961769,1.0,0.19999999999999996,1.0,1.0,1.0,1.0,0.6406274023899045,0.8333333333333334,,candidate
483,50,P,T,-2.758890151977539,2.194328064555606,50,139,138,P,1.0,0.0,0.0,1.0,30.0,msa,12.6030644165531,0.0792645560789503,buried,0,108,True,False,False,0.8,0.8,0.0,HLA-A02_like,HLA-A02_like,GMLPVCPLI,GMLPVCTLI,0.72,0.72,0.0,LLVLLDYQGMLPVCP,LLVLLDYQGMLPVCT,0.8,0.8,0.0,1.198,1.176,-0.022,0.0,8.0,8.0,internal_motif_model,0,0,0,,0,10.0,10,0.0079646017699114,10,0.0,10,10,10,P108T,0.26998007809606095,1.0,0.0,0.8596491228070176,1.0,1.0,1.0,0.6394248440854188,0.6666666666666666,,candidate
484,23,I,C,-3.3253884315490723,1.2005652962119484,23,139,55,I,1.0,0.0,0.0,1.0,30.0,msa,60.657984052847254,0.3079085484916104,partial,0,81,False,False,False,0.95,0.95,0.0,HLA-A02_like,HLA-A02_like,WMALRRFII,WMALRRFCI,0.72,0.72,0.0,TSLNFYRWMALRRFI,TSLNFYRWMALRRFC,0.95,0.95,0.0,1.069,1.106,0.037,0.0,0.0,0.0,internal_motif_model,10,0,10,new_cysteine,10,9.3,10,-0.0176991150442478,10,-0.0099009900990099,8,10,7,I81C,0.40329493455216103,0.93,0.0,1.0,1.0,0.8214285714285714,0.33333333333333337,0.6391332574475642,0.6666666666666666,new_cysteine,candidate
485,108,A,G,-2.99367618560791,1.3971942075699246,108,139,139,A,0.9856115107913668,0.0071942446043165,0.0284685318889823,0.9715314681110176,27.0,msa,28.846907992980796,0.2236194418060526,partial,0,166,True,False,False,0.5,0.4,-0.1,HLA-A02_like,HLA-A02_like,FGKFLWEWA,FLWEWGSAR,0.72,0.54,-0.18,IPSSWAFGKFLWEWA,IPSSWAFGKFLWEWG,0.72,0.54,-0.18,0.95,0.923,-0.027,10.0,8.0,18.0,internal_motif_model,0,0,4,new_glycine,0,10.0,10,-0.0194690265486726,10,0.0,10,10,10,A166G,0.37691685325565705,1.0,0.09999999999999998,0.6842105263157895,1.0,0.9285714285714286,1.0,0.6389284614342151,0.6666666666666666,new_glycine,candidate
486,64,R,G,-2.390272855758667,-2.1023349881771196,64,139,139,R,0.8345323741007195,0.0,0.1497551184645261,0.850244881535474,22.0,msa,187.49126744225867,0.6842746986943747,surface,0,122,True,False,True,0.8,0.45,-0.35,HLA-A03_like,HLA-A03_like,STTSTGPCR,GTCMTTAQG,0.46,0.46,0.0,GPCRTCMTTAQGTSM,GPCGTCMTTAQGTSM,0.8,0.46,-0.34,1.053,1.053,0.0,18.0,33.0,51.0,internal_motif_model,0,15,19,new_glycine;antibody_interface_mutation,0,10.0,10,0.036283185840708,10,-0.9999900000999986,10,10,10,R122G,0.8463842626380267,1.0,0.2666666666666667,0.10526315789473684,1.0,0.6607142857142857,1.0,0.6387201258098827,0.5,antibody_interface_mutation;new_glycine;predicted_tcell_epitope_loss;protected_epitope_or_contact,candidate
487,54,G,I,-3.3818931579589844,0.0779711919271335,54,139,139,G,0.9928057553956836,0.0,0.0142429670997965,0.9857570329002034,30.0,msa,91.16093863087076,0.8765474868352958,surface,4,112,True,False,False,0.45,0.85,0.4,HLA-B07_like,HLA-B07_like,IPGSSTTST,LPVCPLIPI,0.46,0.46,0.0,LDYQGMLPVCPLIPG,LDYQGMLPVCPLIPI,0.46,0.85,0.39,1.039,1.079,0.04,4.0,13.0,17.0,internal_motif_model,0,0,4,surface_hydrophobic_gain,0,10.0,10,0.043362831858407,10,0.0,10,10,10,G112I,0.5538927196962311,1.0,0.0,0.7017543859649122,0.6666666666666667,0.9285714285714286,1.0,0.6383478666408497,0.6666666666666666,surface_hydrophobic_gain,candidate
488,54,G,L,-2.873105049133301,0.0835857376305568,54,139,139,G,0.9928057553956836,0.0,0.0142429670997965,0.9857570329002034,30.0,msa,91.16093863087076,0.8765474868352958,surface,4,112,True,False,False,0.45,0.85,0.4,HLA-B07_like,HLA-B07_like,IPGSSTTST,LPVCPLIPL,0.46,0.46,0.0,LDYQGMLPVCPLIPG,LDYQGMLPVCPLIPL,0.46,0.85,0.39,1.039,1.093,0.054,4.0,13.0,17.0,internal_motif_model,0,0,4,surface_hydrophobic_gain,0,10.0,10,0.0371681415929202,10,0.0,10,10,10,G112L,0.5531395194573394,1.0,0.0,0.7017543859649122,0.6666666666666667,0.9285714285714286,1.0,0.6381595665811268,0.6666666666666666,surface_hydrophobic_gain,candidate
489,64,R,S,-2.08870267868042,-1.8604773980691505,64,139,139,R,0.8345323741007195,0.0,0.1497551184645261,0.850244881535474,22.0,msa,187.49126744225867,0.6842746986943747,surface,0,122,True,False,True,0.8,0.45,-0.35,HLA-A03_like,HLA-A03_like,STTSTGPCR,STCMTTAQG,0.46,0.46,0.0,GPCRTCMTTAQGTSM,GPCSTCMTTAQGTSM,0.8,0.46,-0.34,1.053,1.073,0.02,18.0,33.0,51.0,internal_motif_model,0,15,15,antibody_interface_mutation,0,10.0,10,0.0327433628318584,10,-0.9999900000999986,10,10,10,R122S,0.8139386821280996,1.0,0.2666666666666667,0.10526315789473684,1.0,0.7321428571428572,1.0,0.637751587825258,0.5,antibody_interface_mutation;predicted_tcell_epitope_loss;protected_epitope_or_contact,candidate
490,72,G,D,-4.674903392791748,-4.205907894943152,72,139,139,G,0.9640287769784172,0.0,0.0631245876099252,0.9368754123900748,30.0,msa,44.26007677268751,0.4255776612758414,surface,0,130,True,True,True,0.45,0.5,0.05,HLA-A03_like,HLA-A02_like,RTCMTTAQG,MTTAQDTSM,0.46,0.49,0.03,GPCRTCMTTAQGTSM,GPCRTCMTTAQDTSM,0.46,0.5,0.04,0.944,0.943,-0.001,12.0,41.0,53.0,internal_motif_model,0,15,15,antibody_interface_mutation,0,10.0,10,-0.027433628318584,10,-0.9988792390601552,10,10,10,G130D,1.0,1.0,0.0,0.07017543859649122,1.0,0.7321428571428572,1.0,0.6372493734335839,0.6666666666666666,antibody_interface_mutation;protected_epitope_or_contact,candidate
491,93,P,S,-2.1169919967651367,1.7607507573115695,93,139,138,P,1.0,0.0,0.0,1.0,30.0,msa,66.53782656241775,0.4184768966189796,surface,0,151,True,False,False,0.8,0.8,0.0,HLA-A02_like,HLA-A02_like,CIPIPSSWA,CISIPSSWA,0.46,0.46,0.0,CTCIPIPSSWAFGKF,CTCISIPSSWAFGKF,0.8,0.8,0.0,1.109,1.102,-0.007,0.0,13.0,13.0,internal_motif_model,0,0,0,,0,10.0,10,0.007079646017699,10,0.0,10,10,10,P151S,0.32814516368706415,1.0,0.0,0.7719298245614035,1.0,1.0,1.0,0.6364222558340468,0.6666666666666666,,candidate
492,104,L,F,-2.9124960899353027,0.5631642328304736,104,139,139,L,1.0,0.0,0.0,1.0,30.0,msa,77.01586744260025,0.3831635196149266,surface,4,162,True,False,False,0.5,0.5,0.0,HLA-A02_like,HLA-A02_like,FGKFLWEWA,FGKFFWEWA,0.72,0.72,0.0,IPSSWAFGKFLWEWA,IPSSWAFGKFFWEWA,0.72,0.72,0.0,0.969,0.946,-0.023,0.0,13.0,13.0,internal_motif_model,0,0,4,surface_hydrophobic_gain,0,10.0,10,-0.0088495575221239,10,0.0,10,10,10,L162F,0.4888033013138763,1.0,0.0,0.7719298245614035,0.6666666666666667,0.9285714285714286,1.0,0.6361105997645593,0.6666666666666666,surface_hydrophobic_gain,candidate
493,60,T,A,-2.6420583724975586,2.8164876263426493,60,139,139,T,0.935251798561151,0.0215827338129496,0.1003090562394382,0.8996909437605618,27.0,msa,35.76665537000137,0.2079456707558219,partial,0,118,True,False,False,0.8,0.8,0.0,HLA-A03_like,HLA-A03_like,STTSTGPCR,STTSAGPCR,0.36,0.36,0.0,STTSTGPCRTCMTTA,STTSAGPCRTCMTTA,0.8,0.8,0.0,1.013,1.035,0.022,0.0,8.0,8.0,internal_motif_model,0,0,0,,0,10.0,10,0.0221238938053097,10,0.0,10,10,10,T118A,0.18651638302256335,1.0,0.09999999999999998,0.8596491228070176,1.0,1.0,1.0,0.6335589203170444,0.6666666666666666,,candidate
494,92,I,T,-2.4058632850646973,2.318570814772613,92,139,139,I,0.9928057553956836,0.0071942446043165,0.0142429670997965,0.9857570329002034,27.0,msa,13.28391037643908,0.0674310171392846,buried,0,150,True,False,False,0.8,0.8,0.0,HLA-A02_like,HLA-B07_like,CIPIPSSWA,TPIPSSWAF,0.46,0.46,0.0,CTCIPIPSSWAFGKF,CTCTPIPSSWAFGKF,0.8,0.8,0.0,1.166,1.132,-0.035,0.0,8.0,8.0,internal_motif_model,0,0,10,buried_hydrophobic_loss,0,10.0,10,-0.0460176991150442,10,0.0,10,10,10,I150T,0.25331271548345435,1.0,0.09999999999999998,0.8596491228070176,1.0,0.8214285714285714,1.0,0.6324008605751243,0.5,buried_hydrophobic_loss,candidate
495,29,L,F,-1.7911171913146973,3.270436912001969,29,139,55,L,1.0,0.0,0.0,1.0,30.0,msa,60.385645668892856,0.3004260978551883,partial,0,87,False,False,False,0.95,0.95,0.0,HLA-A02_like,HLA-A02_like,FIIFLFILL,FIIFLFIFL,0.72,0.72,0.0,RWMALRRFIIFLFIL,RWMALRRFIIFLFIF,0.95,0.95,0.0,1.187,1.164,-0.023,0.0,0.0,0.0,internal_motif_model,0,0,0,,0,10.0,10,-0.0088495575221239,10,0.0,10,10,10,L87F,0.12561836411520433,1.0,0.0,1.0,1.0,1.0,1.0,0.6314045910288011,0.8333333333333334,,candidate
496,29,L,C,-3.3506479263305664,1.431300994771675,29,139,55,L,1.0,0.0,0.0,1.0,30.0,msa,60.385645668892856,0.3004260978551883,partial,0,87,False,False,False,0.95,0.95,0.0,HLA-A02_like,HLA-A02_like,FIIFLFILL,FIIFLFICL,0.72,0.72,0.0,RWMALRRFIIFLFIL,RWMALRRFIIFLFIC,0.95,0.95,0.0,1.187,1.21,0.023,0.0,0.0,0.0,internal_motif_model,10,0,10,new_cysteine,10,9.3,10,-0.011504424778761,10,-0.0099009900990099,8,10,7,L87C,0.3723413734884299,0.93,0.0,1.0,1.0,0.8214285714285714,0.33333333333333337,0.6313948671816314,0.6666666666666666,new_cysteine,candidate
497,64,R,L,-3.19980525970459,-2.8714086454043013,64,139,139,R,0.8345323741007195,0.0,0.1497551184645261,0.850244881535474,22.0,msa,187.49126744225867,0.6842746986943747,surface,4,122,True,False,True,0.8,0.5,-0.3,HLA-A03_like,HLA-A03_like,STTSTGPCR,LTCMTTAQG,0.46,0.46,0.0,GPCRTCMTTAQGTSM,GPCLTCMTTAQGTSM,0.8,0.5,-0.3,1.053,1.107,0.054,18.0,33.0,51.0,internal_motif_model,0,15,19,surface_hydrophobic_gain;antibody_interface_mutation,0,10.0,10,0.0734513274336283,10,-0.9999900000999986,10,10,10,R122L,0.9495567173560663,1.0,0.2666666666666667,0.10526315789473684,0.6666666666666667,0.6607142857142857,1.0,0.6311799061560592,0.5,antibody_interface_mutation;predicted_tcell_epitope_loss;protected_epitope_or_contact;surface_hydrophobic_gain,candidate
498,37,L,F,-2.5136349201202393,2.0746366767584448,37,139,55,L,0.9818181818181818,0.0,0.0303351945483401,0.96966480545166,30.0,msa,94.19500085111348,0.4686318450304153,surface,4,95,False,False,False,0.95,0.95,0.0,HLA-A02_like,HLA-A02_like,LLLALIFLL,LLALIFLFV,0.72,0.72,0.0,IIFLFILLLALIFLL,IIFLFILLLALIFLF,0.95,0.95,0.0,1.232,1.21,-0.023,0.0,0.0,0.0,internal_motif_model,0,0,4,surface_hydrophobic_gain,0,10.0,10,-0.0088495575221239,10,0.0,10,10,10,L95F,0.2860368681987989,1.0,0.0,1.0,0.6666666666666667,0.9285714285714286,1.0,0.6310330265735093,0.8333333333333334,surface_hydrophobic_gain,candidate
499,11,L,A,-2.978839159011841,3.9754459888108897,11,139,48,L,1.0,0.0,0.0,1.0,24.0,msa,83.13649417951248,0.4136143989030472,surface,0,39,False,False,False,0.9,0.9,0.0,HLA-A02_like,HLA-A02_like,SLDSWWTSL,SLDSWWTSA,0.72,0.72,0.0,QSLDSWWTSLNFYRW,QSLDSWWTSANFYRW,0.9,0.9,0.0,1.013,0.987,-0.027,0.0,0.0,0.0,internal_motif_model,0,0,4,surface_hydrophobic_gain,0,10.0,10,-0.0176991150442478,10,0.0,10,10,10,L39A,0.03104027478742377,1.0,0.19999999999999996,1.0,1.0,0.9285714285714286,1.0,0.6306172115539989,0.8333333333333334,surface_hydrophobic_gain,candidate
500,96,S,V,-3.057084083557129,0.7377269596763654,96,139,139,S,1.0,0.0,0.0,1.0,30.0,msa,100.89937320217454,0.6509636980785455,surface,4,154,True,False,False,0.8,0.8,0.0,HLA-A02_like,HLA-A02_like,CIPIPSSWA,CIPIPVSWA,0.72,0.72,0.0,IPSSWAFGKFLWEWA,IPVSWAFGKFLWEWA,0.8,0.8,0.0,1.037,1.09,0.053,0.0,13.0,13.0,internal_motif_model,0,0,4,surface_hydrophobic_gain,0,10.0,10,0.0442477876106194,10,0.0,10,10,10,S154V,0.4653854337771064,1.0,0.0,0.7719298245614035,0.6666666666666667,0.9285714285714286,1.0,0.6302561328803669,0.6666666666666666,surface_hydrophobic_gain,candidate
501,72,G,A,-4.027542591094971,-4.590667789971718,72,139,139,G,0.9640287769784172,0.0,0.0631245876099252,0.9368754123900748,30.0,msa,44.26007677268751,0.4255776612758414,surface,0,130,True,True,True,0.45,0.5,0.05,HLA-A03_like,HLA-A02_like,RTCMTTAQG,MTTAQATSM,0.46,0.72,0.26,GPCRTCMTTAQGTSM,GPCRTCMTTAQATSM,0.46,0.72,0.26,0.944,0.971,0.027,12.0,41.0,53.0,internal_motif_model,0,15,19,surface_hydrophobic_gain;antibody_interface_mutation,0,10.0,10,0.0194690265486725,10,0.0,10,10,10,G130A,1.0,1.0,0.0,0.07017543859649122,1.0,0.6607142857142857,1.0,0.6301065162907268,0.6666666666666666,antibody_interface_mutation;protected_epitope_or_contact;surface_hydrophobic_gain,candidate
502,26,L,G,-2.9217987060546875,3.1157035778201134,26,139,55,L,1.0,0.0,0.0,1.0,30.0,msa,65.21615853305252,0.3244585001644404,partial,0,84,False,False,False,0.95,0.85,-0.1,HLA-A02_like,HLA-A02_like,FIIFLFILL,FIIFGFILL,0.72,0.72,0.0,NFYRWMALRRFIIFL,NFYRWMALRRFIIFG,0.95,0.85,-0.1,1.163,1.109,-0.054,0.0,0.0,0.0,internal_motif_model,0,0,4,new_glycine,0,10.0,10,-0.0371681415929203,10,0.0,10,10,10,L84G,0.14637608707740568,1.0,0.0,1.0,1.0,0.9285714285714286,1.0,0.6294511646264943,0.8333333333333334,new_glycine,candidate
503,56,S,V,-3.24607253074646,0.7623541733147476,56,139,139,S,0.920863309352518,0.0,0.1196530392664537,0.8803469607335462,30.0,msa,118.9558780406117,0.7674572776813657,surface,4,114,True,False,False,0.8,0.8,0.0,HLA-A03_like,HLA-A03_like,STTSTGPCR,VTTSTGPCR,0.46,0.46,0.0,YQGMLPVCPLIPGSS,YQGMLPVCPLIPGSV,0.8,0.8,0.0,0.97,1.023,0.053,0.0,13.0,13.0,internal_motif_model,0,0,4,surface_hydrophobic_gain,0,10.0,10,0.0442477876106194,10,0.0,10,10,10,S114V,0.46208165388546607,1.0,0.0,0.7719298245614035,0.6666666666666667,0.9285714285714286,1.0,0.6294301879074568,0.6666666666666666,surface_hydrophobic_gain,candidate
504,56,S,I,-3.4944100379943848,0.77663677132864,56,139,139,S,0.920863309352518,0.0,0.1196530392664537,0.8803469607335462,30.0,msa,118.9558780406117,0.7674572776813657,surface,4,114,True,False,False,0.8,0.8,0.0,HLA-A03_like,HLA-A03_like,STTSTGPCR,ITTSTGPCR,0.46,0.46,0.0,YQGMLPVCPLIPGSS,YQGMLPVCPLIPGSI,0.8,0.8,0.0,0.97,0.99,0.02,0.0,13.0,13.0,internal_motif_model,0,0,4,surface_hydrophobic_gain,0,10.0,10,0.0469026548672566,10,0.0,10,10,10,S114I,0.4601656206381993,1.0,0.0,0.7719298245614035,0.6666666666666667,0.9285714285714286,1.0,0.6289511795956401,0.6666666666666666,surface_hydrophobic_gain,candidate
505,51,L,S,-2.0914666652679443,2.5100125946197807,51,139,139,L,0.9712230215827338,0.0,0.053537761638623,0.9464622383613768,30.0,msa,58.62910581804712,0.2916870936221249,partial,0,109,True,False,False,0.8,0.8,0.0,HLA-A02_like,HLA-A02_like,GMLPVCPLI,GMLPVCPSI,0.72,0.72,0.0,LVLLDYQGMLPVCPL,LVLLDYQGMLPVCPS,0.8,0.8,0.0,1.171,1.137,-0.034,0.0,8.0,8.0,internal_motif_model,0,0,0,,0,10.0,10,-0.0407079646017699,10,0.0,10,10,10,L109S,0.22763049613188424,1.0,0.0,0.8596491228070176,1.0,1.0,1.0,0.6288374485943746,0.6666666666666666,,candidate
506,103,F,G,-2.605480670928955,3.2070418529755216,103,139,139,F,0.5323741007194245,0.0,0.2306780064321617,0.7693219935678383,17.0,msa,54.34326972179623,0.2264302905074843,partial,0,161,True,False,False,0.5,0.45,-0.05,HLA-A02_like,HLA-A02_like,FGKFLWEWA,KGLWEWASA,0.72,0.54,-0.18,IPSSWAFGKFLWEWA,WAFGKGLWEWASARF,0.72,0.54,-0.18,0.997,0.966,-0.031,10.0,8.0,18.0,internal_motif_model,0,0,4,new_glycine,0,10.0,10,-0.0283185840707965,10,0.0,10,10,10,F161G,0.13412291214553884,1.0,0.43333333333333335,0.6842105263157895,1.0,0.9285714285714286,1.0,0.6282299761566855,0.6666666666666666,new_glycine,candidate
507,112,F,A,-2.6248815059661865,3.20965156097526,112,139,139,F,1.0,0.0,0.0,1.0,30.0,msa,184.57726432686547,0.7690719346952728,surface,0,170,False,False,False,0.5,0.5,0.0,HLA-B07_like,HLA-A02_like,LWEWASARF,LWEWASARA,0.72,0.72,0.0,WAFGKFLWEWASARF,WAFGKFLWEWASARA,0.72,0.72,0.0,1.01,1.003,-0.007,0.0,0.0,0.0,internal_motif_model,0,0,4,surface_hydrophobic_gain,0,10.0,10,-0.0088495575221239,10,0.0,10,10,10,F170A,0.13377281566531218,1.0,0.0,1.0,1.0,0.9285714285714286,1.0,0.6263003467734709,0.8333333333333334,surface_hydrophobic_gain,candidate
508,99,A,S,-2.1399314403533936,2.0784263335281423,99,139,139,A,0.9928057553956836,0.0,0.0142429670997965,0.9857570329002034,30.0,msa,0.0,0.0,buried,0,157,True,False,False,0.8,0.8,0.0,HLA-A02_like,HLA-B07_like,CIPIPSSWA,IPIPSSWSF,0.72,0.72,0.0,IPSSWAFGKFLWEWA,IPSSWSFGKFLWEWA,0.8,0.8,0.0,0.982,0.975,-0.007,0.0,8.0,8.0,internal_motif_model,0,0,10,buried_hydrophobic_loss,0,10.0,10,-0.0230088495575221,10,0.0,10,10,10,A157S,0.28552847971377626,1.0,0.0,0.8596491228070176,1.0,0.8214285714285714,1.0,0.6254548016327048,0.5,buried_hydrophobic_loss,candidate
509,12,N,F,-3.0107102394104004,2.250087744476417,12,139,48,N,0.9791666666666666,0.0,0.033803026545712,0.966196973454288,30.0,msa,82.36373778495309,0.4223781424869389,surface,4,40,False,False,False,0.9,0.9,0.0,HLA-A02_like,HLA-A02_like,SLNFYRWMA,SLFFYRWMA,0.72,0.72,0.0,QSLDSWWTSLNFYRW,QSLDSWWTSLFFYRW,0.9,0.9,0.0,1.01,1.055,0.045,0.0,0.0,0.0,internal_motif_model,0,0,4,surface_hydrophobic_gain,0,10.0,10,0.0557522123893805,10,0.0,10,10,10,N40F,0.2624998283206835,1.0,0.0,1.0,0.6666666666666667,0.9285714285714286,1.0,0.6251487666039804,0.8333333333333334,surface_hydrophobic_gain,candidate
510,102,K,F,-2.892708539962769,0.9065610856851548,102,139,139,K,0.935251798561151,0.0,0.0800596389608133,0.9199403610391866,30.0,msa,96.7898181529019,0.4101263481055165,surface,4,160,True,False,False,0.5,0.9,0.4,HLA-A02_like,HLA-B07_like,FGKFLWEWA,IPSSWAFGF,0.72,0.72,0.0,IPSSWAFGKFLWEWA,IPSSWAFGFFLWEWA,0.72,0.9,0.18,1.028,1.051,0.023,0.0,13.0,13.0,internal_motif_model,0,0,4,surface_hydrophobic_gain,0,10.0,10,0.05929203539823,10,-0.9990009990009988,10,10,10,K160F,0.44273606715687375,1.0,0.0,0.7719298245614035,0.6666666666666667,0.9285714285714286,1.0,0.6245937912253087,0.6666666666666666,surface_hydrophobic_gain,candidate
511,34,I,G,-2.8668482303619385,3.2828459424544576,34,139,55,I,1.0,0.0,0.0,1.0,30.0,msa,82.1187186907143,0.4168462877701234,surface,0,92,False,False,False,0.95,0.9,-0.05,HLA-A02_like,HLA-A02_like,LLLALIFLL,ALGFLLVLL,0.72,0.72,0.0,RRFIIFLFILLLALI,RRFIIFLFILLLALG,0.95,0.9,-0.05,1.187,1.147,-0.04,0.0,0.0,0.0,internal_motif_model,0,0,4,new_glycine,0,10.0,10,-0.043362831858407,10,0.0,10,10,10,I92G,0.12395367293715776,1.0,0.0,1.0,1.0,0.9285714285714286,1.0,0.6238455610914323,0.8333333333333334,new_glycine,candidate
512,8,W,F,-3.005647659301758,3.1967045569600714,8,139,48,W,1.0,0.0,0.0,1.0,24.0,msa,205.54529670568476,0.7212115673883676,surface,4,36,False,False,False,0.9,0.9,0.0,HLA-B07_like,HLA-B07_like,IPQSLDSWW,IPQSLDSWF,0.72,0.72,0.0,QSLDSWWTSLNFYRW,QSLDSWFTSLNFYRW,0.9,0.9,0.0,0.976,1.005,0.028,0.0,0.0,0.0,internal_motif_model,0,0,4,surface_hydrophobic_gain,0,10.0,10,0.0327433628318584,10,0.0,10,10,10,W36F,0.1355096768527143,1.0,0.19999999999999996,1.0,0.6666666666666667,0.9285714285714286,1.0,0.6234012287369881,0.8333333333333334,surface_hydrophobic_gain,candidate
513,10,S,V,-2.9441587924957275,2.3099194160102456,10,139,48,S,1.0,0.0,0.0,1.0,30.0,msa,77.33913732665465,0.4989621763009977,surface,4,38,False,False,False,0.9,0.9,0.0,HLA-A02_like,HLA-A02_like,SLDSWWTSL,SLDSWWTVL,0.72,0.72,0.0,QSLDSWWTSLNFYRW,QSLDSWWTVLNFYRW,0.9,0.9,0.0,0.975,1.028,0.053,0.0,0.0,0.0,internal_motif_model,0,0,4,surface_hydrophobic_gain,0,10.0,10,0.0442477876106194,10,0.0,10,10,10,S38V,0.2544733143918557,1.0,0.0,1.0,0.6666666666666667,0.9285714285714286,1.0,0.6231421381217735,0.8333333333333334,surface_hydrophobic_gain,candidate
514,11,L,K,-3.1157212257385254,2.30307355219432,11,139,48,L,1.0,0.0,0.0,1.0,30.0,msa,83.13649417951248,0.4136143989030472,surface,0,39,False,False,False,0.9,0.5,-0.4,HLA-A02_like,HLA-A03_like,SLDSWWTSL,WWTSKNFYR,0.72,0.72,0.0,QSLDSWWTSLNFYRW,WTSKNFYRWMALRRF,0.9,0.72,-0.18,1.013,0.967,-0.046,10.0,0.0,10.0,internal_motif_model,0,0,0,,0,9.6,10,-0.068141592920354,10,0.9990009990009998,8,10,10,L39K,0.2553916979145744,0.96,0.0,0.8245614035087719,1.0,1.0,1.0,0.622760205180398,0.6666666666666666,,candidate
515,45,M,R,-2.995612144470215,-0.8890511372399601,45,139,124,M,0.9838709677419356,0.0,0.0275608534062741,0.972439146593726,30.0,msa,85.68143555633252,0.3825064087336273,surface,0,103,True,False,True,0.95,0.95,0.0,HLA-A02_like,HLA-A03_like,LVLLDYQGM,LVLLDYQGR,0.72,0.72,0.0,LALIFLLVLLDYQGM,LALIFLLVLLDYQGR,0.95,0.95,0.0,1.082,1.089,0.007,0.0,33.0,33.0,internal_motif_model,0,15,15,antibody_interface_mutation,0,9.6,10,-0.0566371681415929,10,0.9999900000999986,8,10,10,M103R,0.6836203036925887,0.96,0.0,0.42105263157894735,1.0,0.7321428571428572,1.0,0.6223298879532223,0.6666666666666666,antibody_interface_mutation;protected_epitope_or_contact,candidate
516,106,E,F,-3.022123336791992,2.7156702797973935,106,139,138,E,0.9347826086956522,0.0,0.1054924005299425,0.8945075994700575,30.0,msa,70.36147154747249,0.3155222939348542,partial,0,164,True,False,False,0.5,0.5,0.0,HLA-A02_like,HLA-A02_like,FGKFLWEWA,FGKFLWFWA,0.72,0.72,0.0,IPSSWAFGKFLWEWA,IPSSWAFGKFLWFWA,0.72,0.72,0.0,1.008,1.042,0.034,0.0,8.0,8.0,internal_motif_model,0,0,0,,0,10.0,10,0.0557522123893805,10,0.99718953802679,10,10,10,E164F,0.20004119046264013,1.0,0.0,0.8596491228070176,1.0,1.0,1.0,0.6219401221770635,0.6666666666666666,,candidate
517,11,L,G,-2.8080291748046875,2.2999218332323608,11,139,48,L,1.0,0.0,0.0,1.0,30.0,msa,83.13649417951248,0.4136143989030472,surface,0,39,False,False,False,0.9,0.45,-0.45,HLA-A02_like,HLA-A02_like,SLDSWWTSL,SLDSWWTSG,0.72,0.72,0.0,QSLDSWWTSLNFYRW,WTSGNFYRWMALRRF,0.9,0.72,-0.18,1.013,0.959,-0.054,10.0,0.0,10.0,internal_motif_model,0,0,4,new_glycine,0,10.0,10,-0.0371681415929203,10,0.0,10,10,10,L39G,0.2558145060277258,1.0,0.0,0.8245614035087719,1.0,0.9285714285714286,1.0,0.6217230500658287,0.6666666666666666,new_glycine,candidate
518,40,L,F,-2.9545915126800537,3.56697095102993,40,139,55,L,1.0,0.0,0.0,1.0,30.0,msa,47.09750042555674,0.2343159225152076,partial,0,98,False,False,False,0.95,0.95,0.0,HLA-A02_like,HLA-A02_like,LVLLDYQGM,LVLFDYQGM,0.72,0.72,0.0,LFILLLALIFLLVLL,LFILLLALIFLLVLF,0.95,0.95,0.0,1.168,1.145,-0.023,0.0,0.0,0.0,internal_motif_model,0,0,0,,0,10.0,10,-0.0088495575221239,10,0.0,10,10,10,L98F,0.08583785099208707,1.0,0.0,1.0,1.0,1.0,1.0,0.6214594627480218,0.8333333333333334,,candidate
519,104,L,S,-2.261052370071411,2.216141686642459,104,139,139,L,1.0,0.0,0.0,1.0,30.0,msa,77.01586744260025,0.3831635196149266,surface,0,162,True,False,False,0.5,0.95,0.45,HLA-A02_like,HLA-A03_like,FGKFLWEWA,FSWEWASAR,0.72,0.72,0.0,IPSSWAFGKFLWEWA,IPSSWAFGKFSWEWA,0.72,0.95,0.23,0.969,0.935,-0.034,0.0,13.0,13.0,internal_motif_model,0,0,0,,0,10.0,10,-0.0407079646017699,10,0.0,10,10,10,L162S,0.2670537459875,1.0,0.0,0.7719298245614035,1.0,1.0,1.0,0.6211494014091558,0.6666666666666666,,candidate
520,106,E,S,-2.2214584350585938,2.7795237369427355,106,139,138,E,0.9347826086956522,0.0,0.1054924005299425,0.8945075994700575,30.0,msa,70.36147154747249,0.3155222939348542,partial,0,164,True,False,False,0.5,0.5,0.0,HLA-A02_like,HLA-A02_like,FGKFLWEWA,FGKFLWSWA,0.72,0.72,0.0,IPSSWAFGKFLWEWA,IPSSWAFGKFLWSWA,0.72,0.72,0.0,1.008,1.031,0.023,0.0,8.0,8.0,internal_motif_model,0,0,0,,0,10.0,10,0.0238938053097345,10,0.99718953802679,10,10,10,E164S,0.19147514759534168,1.0,0.0,0.8596491228070176,1.0,1.0,1.0,0.619798611460239,0.6666666666666666,,candidate
521,85,S,G,-2.3000245094299316,-0.233890421714932,85,139,139,T,0.4316546762589928,0.0,0.309168634403574,0.690831365596426,12.0,msa,133.17931311603334,0.8592213749421506,surface,0,143,True,True,True,0.35,0.35,0.0,HLA-A03_like,HLA-A03_like,PSCCCTKPS,PSCCCTKPG,0.28,0.28,0.0,KPSDGNCTCIPIPSS,KPGDGNCTCIPIPSS,0.35,0.35,0.0,0.919,0.899,-0.02,12.0,41.0,53.0,internal_motif_model,0,15,19,new_glycine;antibody_interface_mutation,0,10.0,10,0.0035398230088495,10,0.0,10,10,10,S143G,0.5957294513400979,1.0,0.6,0.07017543859649122,1.0,0.6607142857142857,1.0,0.6190388791257513,0.6666666666666666,antibody_interface_mutation;new_glycine;protected_epitope_or_contact,candidate
522,23,I,W,-3.105257034301758,3.650491594592267,23,139,55,I,1.0,0.0,0.0,1.0,30.0,msa,60.657984052847254,0.3079085484916104,partial,0,81,False,False,False,0.95,0.95,0.0,HLA-A02_like,HLA-A02_like,WMALRRFII,WMALRRFWI,0.72,0.72,0.0,TSLNFYRWMALRRFI,TSLNFYRWMALRRFW,0.95,0.95,0.0,1.069,1.032,-0.037,0.0,0.0,0.0,internal_motif_model,0,0,0,,0,10.0,10,-0.047787610619469,10,0.0,10,10,10,I81W,0.07463342377633164,1.0,0.0,1.0,1.0,1.0,1.0,0.6186583559440829,0.8333333333333334,,candidate
523,67,M,C,-2.467139959335327,-1.826296572158725,67,139,139,T,0.014388489208633,0.0,0.0251393489658203,0.9748606510341796,12.0,msa,139.95408227527605,0.6247950101574824,surface,0,125,True,True,True,0.45,0.35,-0.1,HLA-A03_like,HLA-B07_like,RTCMTTAQG,GPCRTCCTT,0.46,0.28,-0.18,GPCRTCMTTAQGTSM,GPCRTCCTTAQGTSM,0.46,0.35,-0.11,0.986,1.07,0.084,12.0,41.0,53.0,internal_motif_model,10,15,25,new_cysteine;antibody_interface_mutation,10,9.3,10,0.0053097345132743,10,-0.0099009900990099,8,10,7,M125C,0.8093532699503075,0.93,0.6,0.07017543859649122,1.0,0.5535714285714286,0.33333333333333337,0.6178972147306847,0.6666666666666666,antibody_interface_mutation;new_cysteine;protected_epitope_or_contact,candidate
524,1,P,S,-2.402216911315918,1.795297530638578,1,139,48,P,1.0,0.0,0.0,1.0,30.0,msa,45.77583239619151,0.2878983169571793,partial,0,29,False,False,False,0.9,0.45,-0.45,HLA-B07_like,HLA-A03_like,IPQSLDSWW,ISQSLDSWW,0.36,0.36,0.0,IPQSLDSWWTSLNFY,ISQSLDSWWTSLNFY,0.9,0.45,-0.45,1.099,1.088,-0.01,18.0,0.0,18.0,internal_motif_model,0,0,0,,0,10.0,10,0.007079646017699,10,0.0,10,10,10,P29S,0.3235106590811129,1.0,0.0,0.6842105263157895,1.0,1.0,1.0,0.6177197700334361,0.5,predicted_tcell_epitope_loss,candidate
525,69,T,A,-2.5828545093536377,0.5483935202916257,69,139,139,P,0.1223021582733813,0.0,0.2539233102813905,0.7460766897186095,12.0,msa,59.26653496746049,0.3445728777177935,partial,0,127,True,True,True,0.45,0.45,0.0,HLA-A03_like,HLA-A03_like,RTCMTTAQG,RTCMTAAQG,0.46,0.46,0.0,GPCRTCMTTAQGTSM,GPCRTCMTAAQGTSM,0.46,0.46,0.0,1.001,1.023,0.022,12.0,36.0,48.0,internal_motif_model,0,15,15,antibody_interface_mutation,0,10.0,10,0.0221238938053097,10,0.0,10,10,10,T127A,0.490784815901259,1.0,0.6,0.1578947368421053,1.0,0.7321428571428572,1.0,0.6174894370580215,0.5,antibody_interface_mutation;protected_epitope_or_contact,candidate
526,52,I,R,-3.1292200088500977,1.4617869771976473,52,139,139,I,0.8705035971223022,0.0,0.1379338564278194,0.8620661435721806,22.0,msa,84.70497829411434,0.4299745091071794,surface,0,110,True,False,False,0.8,0.45,-0.35,HLA-A02_like,HLA-B07_like,GMLPVCPLI,RPGSSTTST,0.46,0.46,0.0,VLLDYQGMLPVCPLI,VLLDYQGMLPVCPLR,0.8,0.46,-0.34,1.118,1.078,-0.04,18.0,13.0,31.0,internal_motif_model,0,0,0,,0,9.6,10,-0.079646017699115,10,0.9999900000999986,8,10,10,I110R,0.36825163044259646,0.96,0.2666666666666667,0.45614035087719296,1.0,1.0,1.0,0.6172909777860878,0.5,predicted_tcell_epitope_loss,candidate
527,109,S,W,-3.1649343967437744,1.137535232677493,109,139,139,S,1.0,0.0,0.0,1.0,30.0,msa,81.76114261488271,0.5274912426766627,surface,4,167,True,False,False,0.5,0.5,0.0,HLA-A02_like,HLA-A02_like,FLWEWASAR,FLWEWAWAR,0.72,0.72,0.0,PSSWAFGKFLWEWAS,PSSWAFGKFLWEWAW,0.72,0.72,0.0,0.978,0.961,-0.017,0.0,13.0,13.0,internal_motif_model,0,0,4,surface_hydrophobic_gain,0,10.0,10,-0.0008849557522123,10,0.0,10,10,10,S167W,0.4117505178565347,1.0,0.0,0.7719298245614035,0.6666666666666667,0.9285714285714286,1.0,0.616847403900224,0.6666666666666666,surface_hydrophobic_gain,candidate
528,93,P,N,-3.253866195678711,2.351221370806712,93,139,138,P,1.0,0.0,0.0,1.0,30.0,msa,66.53782656241775,0.4184768966189796,surface,0,151,True,False,False,0.8,0.8,0.0,HLA-A02_like,HLA-A02_like,CIPIPSSWA,CINIPSSWA,0.46,0.46,0.0,CTCIPIPSSWAFGKF,CTCINIPSSWAFGKF,0.8,0.8,0.0,1.109,1.068,-0.041,0.0,13.0,13.0,internal_motif_model,0,0,0,,0,10.0,10,-0.0168141592920353,10,0.0,10,10,10,P151N,0.24893259144424051,1.0,0.0,0.7719298245614035,1.0,1.0,1.0,0.6166191127733408,0.6666666666666666,,candidate
529,96,S,R,-2.943392515182495,2.1731575162138768,96,139,139,S,1.0,0.0,0.0,1.0,30.0,msa,100.89937320217454,0.6509636980785455,surface,0,154,True,False,False,0.8,0.8,0.0,HLA-A02_like,HLA-A02_like,CIPIPSSWA,CIPIPRSWA,0.72,0.72,0.0,IPSSWAFGKFLWEWA,IPRSWAFGKFLWEWA,0.8,0.8,0.0,1.037,1.017,-0.02,0.0,13.0,13.0,internal_motif_model,0,0,0,,0,9.6,10,-0.0327433628318584,10,0.9999900000999986,8,10,10,S154R,0.2728201408385791,0.96,0.0,0.7719298245614035,1.0,1.0,1.0,0.6165910001219255,0.6666666666666666,,candidate
530,54,G,V,-3.1717123985290527,0.7375767636684714,54,139,139,G,0.9928057553956836,0.0,0.0142429670997965,0.9857570329002034,30.0,msa,91.16093863087076,0.8765474868352958,surface,4,112,True,False,False,0.45,0.85,0.4,HLA-B07_like,HLA-B07_like,IPGSSTTST,LPVCPLIPV,0.46,0.46,0.0,LDYQGMLPVCPLIPG,LDYQGMLPVCPLIPV,0.46,0.85,0.39,1.039,1.112,0.073,4.0,13.0,17.0,internal_motif_model,0,0,4,surface_hydrophobic_gain,0,10.0,10,0.0407079646017699,10,0.0,10,10,10,G112V,0.46540558281052813,1.0,0.0,0.7017543859649122,0.6666666666666667,0.9285714285714286,1.0,0.616226082419424,0.6666666666666666,surface_hydrophobic_gain,candidate
531,82,T,R,-2.8167457580566406,-2.2735899549688554,82,139,139,T,0.9280575539568344,0.0,0.0941412500040876,0.9058587499959124,30.0,msa,58.16691470685098,0.3381797366677382,partial,0,140,True,True,True,0.4,0.4,0.0,HLA-A03_like,HLA-A03_like,MYPSCCCTK,MYPSCCCRK,0.28,0.28,0.0,TTAQGTSMYPSCCCT,TTAQGTSMYPSCCCR,0.4,0.4,0.0,1.164,1.159,-0.005,12.0,36.0,48.0,internal_motif_model,0,15,15,antibody_interface_mutation,0,9.6,10,-0.0336283185840708,10,0.9999900000999986,8,10,10,T140R,0.8693583889008645,0.96,0.0,0.1578947368421053,1.0,0.7321428571428572,1.0,0.6161328303079229,0.6666666666666666,antibody_interface_mutation;protected_epitope_or_contact,candidate
532,0,I,S,-3.978482246398926,3.732710748571833,0,139,48,I,0.9583333333333334,0.0,0.0578173184160061,0.942182681583994,30.0,msa,104.813420657429,0.5320478205960862,surface,0,28,False,False,False,0.9,0.9,0.0,HLA-B07_like,HLA-B07_like,IPQSLDSWW,SPQSLDSWW,0.36,0.36,0.0,IPQSLDSWWTSLNFY,SPQSLDSWWTSLNFY,0.9,0.9,0.0,1.061,1.026,-0.035,0.0,0.0,0.0,internal_motif_model,0,0,0,,0,10.0,10,-0.0469026548672567,10,-0.2999551549717036,10,10,10,I28S,0.06360359345878319,1.0,0.0,1.0,1.0,1.0,1.0,0.6159008983646959,0.8333333333333334,,candidate
533,28,I,C,-3.4822983741760254,1.9013960147968871,28,139,55,I,1.0,0.0,0.0,1.0,30.0,msa,49.63103153785892,0.2519341702429387,partial,0,86,False,False,False,0.95,0.95,0.0,HLA-A02_like,HLA-A02_like,FIIFLFILL,FIIFLFCLL,0.72,0.72,0.0,YRWMALRRFIIFLFI,YRWMALRRFIIFLFC,0.95,0.95,0.0,1.191,1.228,0.037,0.0,0.0,0.0,internal_motif_model,10,0,10,new_cysteine,10,9.3,10,-0.0176991150442478,10,-0.0099009900990099,8,10,7,I86C,0.3092773786279218,0.93,0.0,1.0,1.0,0.8214285714285714,0.33333333333333337,0.6156288684665044,0.6666666666666666,new_cysteine,candidate
534,65,T,N,-3.326808214187622,1.8097138807457045,65,139,139,T,0.9856115107913668,0.0,0.0284685318889823,0.9715314681110176,24.0,msa,81.40631857421567,0.4732925498500911,surface,0,123,True,False,True,0.45,0.35,-0.1,HLA-A03_like,HLA-A03_like,RTCMTTAQG,TTSTGPCRN,0.46,0.46,0.0,GPCRTCMTTAQGTSM,GPCRNCMTTAQGTSM,0.46,0.46,0.0,1.058,1.039,-0.019,0.0,19.8,19.8,internal_motif_model,0,15,15,antibody_interface_mutation,0,10.0,10,-0.0247787610619469,10,0.0,10,10,10,T123N,0.3215766827777383,1.0,0.19999999999999996,0.6526315789473685,1.0,0.7321428571428572,1.0,0.614134772198194,0.5,antibody_interface_mutation;protected_epitope_or_contact,candidate
535,60,T,N,-3.5397603511810303,4.605806553231304,60,139,139,T,0.935251798561151,0.0,0.1003090562394382,0.8996909437605618,24.0,msa,35.76665537000137,0.2079456707558219,partial,0,118,True,False,False,0.8,0.8,0.0,HLA-A03_like,HLA-A03_like,STTSTGPCR,STTSNGPCR,0.36,0.36,0.0,STTSTGPCRTCMTTA,STTSNGPCRTCMTTA,0.8,0.8,0.0,1.013,0.994,-0.019,0.0,4.8,4.8,internal_motif_model,0,0,0,,0,10.0,10,-0.0247787610619469,10,0.0,10,10,10,T118N,0.0,1.0,0.19999999999999996,0.9157894736842105,1.0,1.0,1.0,0.6131578947368421,0.6666666666666666,,candidate
536,31,L,C,-3.629055976867676,1.9771700321723529,31,139,55,L,0.9818181818181818,0.0,0.0303351945483401,0.96966480545166,30.0,msa,108.55037025161528,0.5400515932916183,surface,0,89,False,False,False,0.95,0.95,0.0,HLA-A02_like,HLA-A02_like,FLFILLLAL,FLFILLCAL,0.72,0.72,0.0,MALRRFIIFLFILLL,MALRRFIIFLFILLC,0.95,0.95,0.0,1.195,1.219,0.023,0.0,0.0,0.0,internal_motif_model,10,0,10,new_cysteine,10,9.3,10,-0.011504424778761,10,-0.0099009900990099,8,10,7,L89C,0.29911217364006615,0.93,0.0,1.0,1.0,0.8214285714285714,0.33333333333333337,0.6130875672195405,0.6666666666666666,new_cysteine,candidate
537,51,L,D,-3.254565477371216,2.9800825814214136,51,139,139,L,0.9712230215827338,0.0,0.053537761638623,0.9464622383613768,30.0,msa,58.62910581804712,0.2916870936221249,partial,0,109,True,False,False,0.8,0.8,0.0,HLA-A02_like,HLA-A02_like,GMLPVCPLI,GMLPVCPDI,0.72,0.72,0.0,LVLLDYQGMLPVCPL,LVLLDYQGMLPVCPD,0.8,0.8,0.0,1.171,1.116,-0.055,0.0,8.0,8.0,internal_motif_model,0,0,0,,0,10.0,10,-0.0646017699115044,10,-0.9988792390601552,10,10,10,L109D,0.1645698595181473,1.0,0.0,0.8596491228070176,1.0,1.0,1.0,0.6130722894409404,0.6666666666666666,,candidate
538,37,L,G,-3.036837577819824,3.639084718957889,37,139,55,L,0.9818181818181818,0.0,0.0303351945483401,0.96966480545166,30.0,msa,94.19500085111348,0.4686318450304153,surface,0,95,False,False,False,0.95,0.95,0.0,HLA-A02_like,HLA-A02_like,LLLALIFLL,LLALIFLGV,0.72,0.72,0.0,IIFLFILLLALIFLL,IIFLFILLLALIFLG,0.95,0.95,0.0,1.232,1.179,-0.054,0.0,0.0,0.0,internal_motif_model,0,0,4,new_glycine,0,10.0,10,-0.0371681415929203,10,0.0,10,10,10,L95G,0.07616367429109416,1.0,0.0,1.0,1.0,0.9285714285714286,1.0,0.6118980614299164,0.8333333333333334,new_glycine,candidate
539,25,F,C,-3.5826497077941895,2.1095974946324247,25,139,55,F,1.0,0.0,0.0,1.0,30.0,msa,42.52143143359662,0.1771726309733192,partial,0,83,False,False,False,0.95,0.95,0.0,HLA-A02_like,HLA-A02_like,FIIFLFILL,FIICLFILL,0.72,0.72,0.0,LNFYRWMALRRFIIF,LNFYRWMALRRFIIC,0.95,0.95,0.0,1.14,1.186,0.046,0.0,0.0,0.0,internal_motif_model,10,0,10,new_cysteine,10,9.3,10,-0.0026548672566371,10,-0.0099009900990099,8,10,7,F83C,0.28134681885812396,0.93,0.0,1.0,1.0,0.8214285714285714,0.33333333333333337,0.6086462285240549,0.6666666666666666,new_cysteine,candidate
540,111,R,G,-2.724708795547486,2.3821370651835423,111,139,139,R,0.9928057553956836,0.0,0.0142429670997965,0.9857570329002034,30.0,msa,161.2357209991473,0.5884515364932383,surface,0,169,True,False,False,0.5,0.5,0.0,HLA-A02_like,HLA-A02_like,FLWEWASAR,FLWEWASAG,0.72,0.72,0.0,SWAFGKFLWEWASAR,SWAFGKFLWEWASAG,0.72,0.72,0.0,1.021,1.021,0.0,0.0,13.0,13.0,internal_motif_model,0,0,4,new_glycine,0,10.0,10,0.036283185840708,10,-0.9999900000999986,10,10,10,R169G,0.24478520185652508,1.0,0.0,0.7719298245614035,1.0,0.9285714285714286,1.0,0.6084394082335549,0.6666666666666666,new_glycine,candidate
541,50,P,S,-2.0170698165893555,3.1231997879953326,50,139,138,P,1.0,0.0,0.0,1.0,30.0,msa,12.6030644165531,0.0792645560789503,buried,0,108,True,False,False,0.8,0.8,0.0,HLA-A02_like,HLA-A02_like,GMLPVCPLI,GMLPVCSLI,0.72,0.72,0.0,LLVLLDYQGMLPVCP,LLVLLDYQGMLPVCS,0.8,0.8,0.0,1.198,1.191,-0.007,0.0,8.0,8.0,internal_motif_model,0,0,0,,0,10.0,10,0.007079646017699,10,0.0,10,10,10,P108S,0.1453704585558826,1.0,0.0,0.8596491228070176,1.0,1.0,1.0,0.6082724392003742,0.6666666666666666,,candidate
542,74,S,T,-2.2125072479248047,0.7557707023379123,74,139,139,S,1.0,0.0,0.0,1.0,24.0,msa,89.75414600696385,0.579059006496541,surface,0,132,True,True,True,0.4,0.4,0.0,HLA-A02_like,HLA-A02_like,MTTAQGTSM,MTTAQGTTM,0.46,0.46,0.0,GPCRTCMTTAQGTSM,GPCRTCMTTAQGTTM,0.46,0.46,0.0,0.98,0.965,-0.015,7.2,24.6,31.8,internal_motif_model,0,15,15,antibody_interface_mutation,0,10.0,10,0.0008849557522123,10,0.0,10,10,10,S132T,0.46296483699135216,1.0,0.19999999999999996,0.4421052631578948,1.0,0.7321428571428572,1.0,0.6073765475937027,0.5,antibody_interface_mutation;protected_epitope_or_contact,candidate
543,97,S,I,-2.987226724624634,3.1854572131717305,97,139,139,S,1.0,0.0,0.0,1.0,30.0,msa,41.1639743807217,0.2655740282627206,partial,0,155,True,False,False,0.8,0.8,0.0,HLA-A02_like,HLA-A02_like,CIPIPSSWA,CIPIPSIWA,0.72,0.72,0.0,IPSSWAFGKFLWEWA,IPSIWAFGKFLWEWA,0.8,0.8,0.0,1.041,1.061,0.02,0.0,8.0,8.0,internal_motif_model,0,0,0,,0,10.0,10,0.0469026548672566,10,0.0,10,10,10,S155I,0.13701852591651476,1.0,0.0,0.8596491228070176,1.0,1.0,1.0,0.6061844560405322,0.6666666666666666,,candidate
544,106,E,R,-2.757544994354248,3.011923484676118,106,139,138,E,0.9347826086956522,0.0,0.1054924005299425,0.8945075994700575,30.0,msa,70.36147154747249,0.3155222939348542,partial,0,164,True,False,False,0.5,0.85,0.35,HLA-A02_like,HLA-A03_like,FGKFLWEWA,WAFGKFLWR,0.72,0.72,0.0,IPSSWAFGKFLWEWA,IPSSWAFGKFLWRWA,0.72,0.85,0.13,1.008,1.011,0.003,0.0,8.0,8.0,internal_motif_model,0,0,0,,0,9.6,10,-0.0088495575221239,10,1.9971795381267885,8,10,10,E164R,0.16029835168745188,0.96,0.0,0.8596491228070176,1.0,1.0,1.0,0.6060044124832665,0.6666666666666666,,candidate
545,33,L,G,-2.6570000648498535,3.845327702863102,33,139,55,L,1.0,0.0,0.0,1.0,30.0,msa,51.677804284413895,0.2571035039025567,partial,0,91,False,False,False,0.95,0.95,0.0,HLA-A02_like,HLA-A02_like,FLFILLLAL,LAGIFLLVL,0.72,0.72,0.0,LRRFIIFLFILLLAL,LRRFIIFLFILLLAG,0.95,0.95,0.0,1.187,1.133,-0.054,0.0,0.0,0.0,internal_motif_model,0,0,4,new_glycine,0,10.0,10,-0.0371681415929203,10,0.0,10,10,10,L91G,0.04849584986632871,1.0,0.0,1.0,1.0,0.9285714285714286,1.0,0.6049811053237251,0.8333333333333334,new_glycine,candidate
546,112,F,R,-2.5115904808044434,3.896315128700735,112,139,139,F,1.0,0.0,0.0,1.0,30.0,msa,184.57726432686547,0.7690719346952728,surface,0,170,False,False,False,0.5,0.5,0.0,HLA-B07_like,HLA-A03_like,LWEWASARF,LWEWASARR,0.72,0.72,0.0,WAFGKFLWEWASARF,WAFGKFLWEWASARR,0.72,0.72,0.0,1.01,0.956,-0.054,0.0,0.0,0.0,internal_motif_model,0,0,0,,0,9.6,10,-0.0646017699115044,10,0.9999900000999986,8,10,10,F170R,0.04165580556889592,0.96,0.0,1.0,1.0,1.0,1.0,0.604413951392224,0.8333333333333334,,candidate
547,90,T,C,-2.301001787185669,1.443305209151788,90,139,139,T,1.0,0.0,0.0,1.0,30.0,msa,44.37411658601282,0.2579890499186791,partial,0,148,True,False,False,0.35,0.35,0.0,HLA-A02_like,HLA-A02_like,DGNCTCIPI,DGNCCCIPI,0.46,0.46,0.0,CTCIPIPSSWAFGKF,CCCIPIPSSWAFGKF,0.46,0.46,0.0,1.086,1.157,0.072,0.0,8.0,8.0,internal_motif_model,10,0,10,new_cysteine,10,9.3,10,0.0283185840707964,10,-0.0099009900990099,8,10,7,T148C,0.37073098903055735,0.93,0.0,0.8596491228070176,1.0,0.8214285714285714,0.33333333333333337,0.6029220956285668,0.5,new_cysteine,candidate
548,103,F,E,-3.004809617996216,4.369267834836677,103,139,139,F,0.5323741007194245,0.0,0.2306780064321617,0.7693219935678383,17.0,msa,54.34326972179623,0.2264302905074843,partial,0,161,True,False,False,0.5,0.5,0.0,HLA-A02_like,HLA-A02_like,FGKFLWEWA,FGKELWEWA,0.72,0.54,-0.18,IPSSWAFGKFLWEWA,WAFGKELWEWASARF,0.72,0.54,-0.18,0.997,0.963,-0.034,10.0,8.0,18.0,internal_motif_model,0,0,0,,0,10.0,10,-0.0557522123893804,10,-0.99718953802679,10,10,10,F161E,0.0,1.0,0.43333333333333335,0.6842105263157895,1.0,1.0,1.0,0.601842105263158,0.6666666666666666,,candidate
549,93,P,R,-2.8354010581970215,2.614853362306235,93,139,138,P,1.0,0.0,0.0,1.0,30.0,msa,66.53782656241775,0.4184768966189796,surface,0,151,True,False,False,0.8,0.8,0.0,HLA-A02_like,HLA-A02_like,CIPIPSSWA,CIRIPSSWA,0.46,0.46,0.0,CTCIPIPSSWAFGKF,CTCIRIPSSWAFGKF,0.8,0.8,0.0,1.109,1.082,-0.027,0.0,13.0,13.0,internal_motif_model,0,0,0,,0,9.6,10,-0.0256637168141593,10,0.9999900000999986,8,10,10,P151R,0.21356594034442733,0.96,0.0,0.7719298245614035,1.0,1.0,1.0,0.6017774499983876,0.6666666666666666,,candidate
550,88,N,S,-1.9222005605697632,0.9247708872192106,88,139,139,N,1.0,0.0,0.0,1.0,24.0,msa,125.04428460326874,0.6412527415552243,surface,0,146,True,True,True,0.35,0.35,0.0,HLA-A02_like,HLA-A02_like,DGNCTCIPI,DGSCTCIPI,0.31,0.31,0.0,NCTCIPIPSSWAFGK,SCTCIPIPSSWAFGK,0.35,0.35,0.0,1.037,1.071,0.034,7.2,24.6,31.8,internal_motif_model,0,15,15,antibody_interface_mutation,0,10.0,10,0.0238938053097345,10,0.0,10,10,10,N146S,0.4402931933091717,1.0,0.19999999999999996,0.4421052631578948,1.0,0.7321428571428572,1.0,0.6017086366731575,0.5,antibody_interface_mutation;protected_epitope_or_contact,candidate
551,82,T,Y,-3.329618453979492,-1.6623612370863723,82,139,139,T,0.9280575539568344,0.0,0.0941412500040876,0.9058587499959124,30.0,msa,58.16691470685098,0.3381797366677382,partial,0,140,True,True,True,0.4,0.4,0.0,HLA-A03_like,HLA-A03_like,MYPSCCCTK,MYPSCCCYK,0.28,0.28,0.0,TTAQGTSMYPSCCCT,TTAQGTSMYPSCCCY,0.4,0.4,0.0,1.164,1.2,0.036,12.0,36.0,48.0,internal_motif_model,0,15,15,antibody_interface_mutation,0,10.0,10,-0.0053097345132743,10,-0.000999000999001,10,10,10,T140Y,0.7873610839282049,1.0,0.0,0.1578947368421053,1.0,0.7321428571428572,1.0,0.601633504064758,0.6666666666666666,antibody_interface_mutation;protected_epitope_or_contact,candidate
552,72,G,S,-3.8458850383758545,-2.158549013740924,72,139,139,G,0.9640287769784172,0.0,0.0631245876099252,0.9368754123900748,30.0,msa,44.26007677268751,0.4255776612758414,surface,0,130,True,True,True,0.45,0.5,0.05,HLA-A03_like,HLA-A02_like,RTCMTTAQG,MTTAQSTSM,0.46,0.54,0.08,GPCRTCMTTAQGTSM,GPCRTCMTTAQSTSM,0.46,0.54,0.08,0.944,0.964,0.02,12.0,41.0,53.0,internal_motif_model,0,15,15,antibody_interface_mutation,0,10.0,10,-0.0035398230088495,10,0.0,10,10,10,G130S,0.8539254636042783,1.0,0.0,0.07017543859649122,1.0,0.7321428571428572,1.0,0.6007307393346535,0.6666666666666666,antibody_interface_mutation;protected_epitope_or_contact,candidate
553,59,S,C,-2.3723771572113037,1.5090073280949523,59,139,139,S,0.9856115107913668,0.0,0.0284685318889823,0.9715314681110176,30.0,msa,37.32666975080914,0.2408172241987686,partial,0,117,True,False,False,0.8,0.7,-0.1,HLA-A03_like,HLA-A03_like,STTSTGPCR,STTCTGPCR,0.36,0.36,0.0,STTSTGPCRTCMTTA,STTCTGPCRTCMTTA,0.8,0.7,-0.1,0.956,1.013,0.057,0.0,8.0,8.0,internal_motif_model,10,0,10,new_cysteine,10,9.3,10,0.0292035398230088,10,-0.0099009900990099,8,10,7,S117C,0.3619169452418485,0.93,0.0,0.8596491228070176,1.0,0.8214285714285714,0.33333333333333337,0.6007185846813896,0.5,new_cysteine,candidate
554,4,L,S,-2.1043622493743896,4.902334704525543,4,139,48,L,1.0,0.0,0.0,1.0,30.0,msa,55.69130199671039,0.2770711542124895,partial,0,32,False,False,False,0.9,0.9,0.0,HLA-B07_like,HLA-B07_like,IPQSLDSWW,IPQSSDSWW,0.72,0.72,0.0,QSLDSWWTSLNFYRW,QSSDSWWTSLNFYRW,0.9,0.9,0.0,1.016,0.982,-0.034,0.0,0.0,0.0,internal_motif_model,0,0,0,,0,10.0,10,-0.0407079646017699,10,0.0,10,10,10,L32S,0.0,1.0,0.0,1.0,1.0,1.0,1.0,0.6,0.8333333333333334,,candidate
555,7,W,V,-2.823068618774414,4.402505480272765,7,139,48,W,1.0,0.0,0.0,1.0,30.0,msa,62.68686228764738,0.219953902763675,partial,0,35,False,False,False,0.9,0.9,0.0,HLA-B07_like,HLA-B07_like,IPQSLDSWW,IPQSLDSVW,0.72,0.72,0.0,QSLDSWWTSLNFYRW,QSLDSVWTSLNFYRW,0.9,0.9,0.0,0.976,1.046,0.07,0.0,0.0,0.0,internal_motif_model,0,0,0,,0,10.0,10,0.0451327433628319,10,0.0,10,10,10,W35V,0.0,1.0,0.0,1.0,1.0,1.0,1.0,0.6,0.8333333333333334,,candidate
556,40,L,S,-2.9065256118774414,4.609676410707493,40,139,55,L,1.0,0.0,0.0,1.0,30.0,msa,47.09750042555674,0.2343159225152076,partial,0,98,False,False,False,0.95,0.95,0.0,HLA-A02_like,HLA-A02_like,LVLLDYQGM,LVLSDYQGM,0.72,0.72,0.0,LFILLLALIFLLVLL,LFILLLALIFLLVLS,0.95,0.95,0.0,1.168,1.134,-0.034,0.0,0.0,0.0,internal_motif_model,0,0,0,,0,10.0,10,-0.0407079646017699,10,0.0,10,10,10,L98S,0.0,1.0,0.0,1.0,1.0,1.0,1.0,0.6,0.8333333333333334,,candidate
557,28,I,T,-3.696755886077881,4.413481630537319,28,139,55,I,1.0,0.0,0.0,1.0,30.0,msa,49.63103153785892,0.2519341702429387,partial,0,86,False,False,False,0.95,0.95,0.0,HLA-A02_like,HLA-A02_like,FIIFLFILL,FIIFLFTLL,0.72,0.72,0.0,YRWMALRRFIIFLFI,YRWMALRRFIIFLFT,0.95,0.95,0.0,1.191,1.156,-0.035,0.0,0.0,0.0,internal_motif_model,0,0,0,,0,10.0,10,-0.0460176991150442,10,0.0,10,10,10,I86T,0.0,1.0,0.0,1.0,1.0,1.0,1.0,0.6,0.8333333333333334,,candidate
558,38,V,G,-3.040539264678955,3.9940838798666505,38,139,55,V,1.0,0.0,0.0,1.0,30.0,msa,71.25006474635506,0.4094831307261785,surface,0,96,False,False,False,0.95,0.95,0.0,HLA-A02_like,HLA-A02_like,LLALIFLLV,LALIFLLGL,0.72,0.72,0.0,IFLFILLLALIFLLV,IFLFILLLALIFLLG,0.95,0.95,0.0,1.191,1.119,-0.073,0.0,0.0,0.0,internal_motif_model,0,0,4,new_glycine,0,10.0,10,-0.0407079646017699,10,0.0,10,10,10,V96G,0.02853997204929193,1.0,0.0,1.0,1.0,0.9285714285714286,1.0,0.5999921358694659,0.8333333333333334,new_glycine,review_manually
559,64,R,T,-2.2902891635894775,-0.6910100324998609,64,139,139,R,0.8345323741007195,0.0,0.1497551184645261,0.850244881535474,22.0,msa,187.49126744225867,0.6842746986943747,surface,0,122,True,False,True,0.8,0.45,-0.35,HLA-A03_like,HLA-A03_like,STTSTGPCR,TTCMTTAQG,0.46,0.46,0.0,GPCRTCMTTAQGTSM,GPCTTCMTTAQGTSM,0.8,0.46,-0.34,1.053,1.058,0.005,18.0,33.0,51.0,internal_motif_model,0,15,15,antibody_interface_mutation,0,10.0,10,0.0336283185840707,10,-0.9999900000999986,10,10,10,R122T,0.6570527744070644,1.0,0.2666666666666667,0.10526315789473684,1.0,0.7321428571428572,1.0,0.5985301108949992,0.5,antibody_interface_mutation;predicted_tcell_epitope_loss;protected_epitope_or_contact,review_manually
560,62,P,T,-2.079400062561035,0.518483106639394,62,139,139,P,0.9568345323741008,0.0287769784172661,0.0685482845239413,0.9314517154760588,27.0,msa,79.58942244530917,0.5005624053164098,surface,0,120,True,False,True,0.8,0.8,0.0,HLA-A03_like,HLA-A03_like,STTSTGPCR,STTSTGTCR,0.46,0.46,0.0,GPCRTCMTTAQGTSM,GTCRTCMTTAQGTSM,0.8,0.8,0.0,1.008,0.985,-0.022,0.0,33.0,33.0,internal_motif_model,0,15,15,antibody_interface_mutation,0,10.0,10,0.0079646017699114,10,0.0,10,10,10,P120T,0.4947973454803616,1.0,0.09999999999999998,0.42105263157894735,1.0,0.7321428571428572,1.0,0.5961241484001656,0.5,antibody_interface_mutation;protected_epitope_or_contact,review_manually
561,97,S,G,-2.642275094985962,3.328899964341417,97,139,139,S,1.0,0.0,0.0,1.0,30.0,msa,41.1639743807217,0.2655740282627206,partial,0,155,True,False,False,0.8,0.8,0.0,HLA-A02_like,HLA-A02_like,CIPIPSSWA,CIPIPSGWA,0.72,0.72,0.0,IPSSWAFGKFLWEWA,IPSGWAFGKFLWEWA,0.8,0.8,0.0,1.041,1.021,-0.02,0.0,8.0,8.0,internal_motif_model,0,0,4,new_glycine,0,10.0,10,0.0035398230088495,10,0.0,10,10,10,S155G,0.11777545262878442,1.0,0.0,0.8596491228070176,1.0,0.9285714285714286,1.0,0.5942308305757426,0.6666666666666666,new_glycine,review_manually
562,2,Q,G,-2.823472738265991,4.462737928207872,2,139,48,Q,0.9166666666666666,0.0,0.0957482033986543,0.9042517966013456,30.0,msa,68.2424798689968,0.3032999105288746,partial,0,30,False,False,False,0.9,0.9,0.0,HLA-B07_like,HLA-B07_like,IPQSLDSWW,IPGSLDSWW,0.72,0.72,0.0,QSLDSWWTSLNFYRW,GSLDSWWTSLNFYRW,0.9,0.9,0.0,1.06,1.036,-0.024,0.0,0.0,0.0,internal_motif_model,0,0,4,new_glycine,0,10.0,10,0.027433628318584,10,0.0,10,10,10,Q30G,0.0,1.0,0.0,1.0,1.0,0.9285714285714286,1.0,0.5928571428571429,0.8333333333333334,new_glycine,review_manually
563,22,F,G,-2.943734645843506,4.694092258997102,22,139,55,F,0.9818181818181818,0.0,0.0303351945483401,0.96966480545166,30.0,msa,62.66473290899549,0.2611030537874812,partial,0,80,False,False,False,0.95,0.9,-0.05,HLA-A02_like,HLA-A02_like,WMALRRFII,GIIFLFILL,0.72,0.72,0.0,WTSLNFYRWMALRRF,WTSLNFYRWMALRRG,0.95,0.9,-0.05,1.069,1.038,-0.031,0.0,0.0,0.0,internal_motif_model,0,0,4,new_glycine,0,10.0,10,-0.0283185840707965,10,0.0,10,10,10,F80G,0.0,1.0,0.0,1.0,1.0,0.9285714285714286,1.0,0.5928571428571429,0.8333333333333334,new_glycine,review_manually
564,12,N,A,-2.9581007957458496,4.5611071267975944,12,139,48,N,0.9791666666666666,0.0,0.033803026545712,0.966196973454288,30.0,msa,82.36373778495309,0.4223781424869389,surface,0,40,False,False,False,0.9,0.95,0.05,HLA-A02_like,HLA-A02_like,SLNFYRWMA,LAFYRWMAL,0.72,0.72,0.0,QSLDSWWTSLNFYRW,QSLDSWWTSLAFYRW,0.9,0.95,0.05,1.01,1.051,0.041,0.0,0.0,0.0,internal_motif_model,0,0,4,surface_hydrophobic_gain,0,10.0,10,0.0469026548672566,10,0.0,10,10,10,N40A,0.0,1.0,0.0,1.0,1.0,0.9285714285714286,1.0,0.5928571428571429,0.8333333333333334,surface_hydrophobic_gain,review_manually
565,40,L,G,-3.0859780311584473,4.513276352413243,40,139,55,L,1.0,0.0,0.0,1.0,30.0,msa,47.09750042555674,0.2343159225152076,partial,0,98,False,False,False,0.95,0.85,-0.1,HLA-A02_like,HLA-A02_like,LVLLDYQGM,LVLGDYQGM,0.72,0.72,0.0,LFILLLALIFLLVLL,LFILLLALIFLLVLG,0.95,0.85,-0.1,1.168,1.114,-0.054,0.0,0.0,0.0,internal_motif_model,0,0,4,new_glycine,0,10.0,10,-0.0371681415929203,10,0.0,10,10,10,L98G,0.0,1.0,0.0,1.0,1.0,0.9285714285714286,1.0,0.5928571428571429,0.8333333333333334,new_glycine,review_manually
566,71,Q,A,-2.4610862731933594,-2.1334267931529496,71,139,139,Q,0.9496402877697842,0.0,0.0835009187140195,0.9164990812859805,30.0,msa,178.87347666960216,0.7949932296426763,surface,0,129,True,True,True,0.45,0.45,0.0,HLA-A03_like,HLA-A03_like,RTCMTTAQG,RTCMTTAAG,0.46,0.46,0.0,GPCRTCMTTAQGTSM,GPCRTCMTTAAGTSM,0.46,0.46,0.0,0.956,0.963,0.007,12.0,41.0,53.0,internal_motif_model,0,15,19,surface_hydrophobic_gain;antibody_interface_mutation,0,10.0,10,0.0469026548672566,10,0.0,10,10,10,Q129A,0.850555277742791,1.0,0.0,0.07017543859649122,1.0,0.6607142857142857,1.0,0.5927453357264246,0.6666666666666666,antibody_interface_mutation;protected_epitope_or_contact;surface_hydrophobic_gain,review_manually
567,1,P,F,-2.5038013458251953,2.5465828400385817,1,139,48,P,1.0,0.0,0.0,1.0,30.0,msa,45.77583239619151,0.2878983169571793,partial,0,29,False,False,False,0.9,0.45,-0.45,HLA-B07_like,HLA-B07_like,IPQSLDSWW,IFQSLDSWW,0.36,0.36,0.0,IPQSLDSWWTSLNFY,IFQSLDSWWTSLNFY,0.9,0.45,-0.45,1.099,1.104,0.005,18.0,0.0,18.0,internal_motif_model,0,0,0,,0,10.0,10,0.0389380530973451,10,0.0,10,10,10,P29F,0.22272453952546212,1.0,0.0,0.6842105263157895,1.0,1.0,1.0,0.5925232401445234,0.5,predicted_tcell_epitope_loss,review_manually
568,95,P,A,-2.9138169288635254,3.594883334180821,95,139,139,P,1.0,0.0,0.0,1.0,30.0,msa,30.85365684912904,0.1940481562838304,partial,0,153,True,False,False,0.8,0.9,0.1,HLA-A02_like,HLA-A02_like,CIPIPSSWA,CIPIASSWA,0.72,0.72,0.0,IPSSWAFGKFLWEWA,IASSWAFGKFLWEWA,0.8,0.9,0.1,1.05,1.05,0.0,0.0,8.0,8.0,internal_motif_model,0,0,0,,0,10.0,10,0.0300884955752211,10,0.0,10,10,10,P153A,0.08209336038361836,1.0,0.0,0.8596491228070176,1.0,1.0,1.0,0.5924531646573081,0.6666666666666666,,review_manually
569,58,T,I,-3.4040181636810303,1.89902584303195,58,139,139,T,0.9856115107913668,0.0,0.0284685318889823,0.9715314681110176,30.0,msa,138.84050077691398,0.8072122138192673,surface,4,116,True,False,False,0.8,0.8,0.0,HLA-A03_like,HLA-A02_like,STTSTGPCR,PLIPGSSTI,0.36,0.36,0.0,STTSTGPCRTCMTTA,STISTGPCRTCMTTA,0.8,0.8,0.0,0.948,0.983,0.035,0.0,13.0,13.0,internal_motif_model,0,0,4,surface_hydrophobic_gain,0,10.0,10,0.0460176991150441,10,0.0,10,10,10,T116I,0.30959534094114627,1.0,0.0,0.7719298245614035,0.6666666666666667,0.9285714285714286,1.0,0.5913086096713769,0.6666666666666666,surface_hydrophobic_gain,review_manually
570,70,A,S,-1.9534746408462524,-1.8693214850835032,70,139,139,A,0.9568345323741008,0.0,0.0718774674471033,0.9281225325528968,30.0,msa,100.86114630276566,0.78186935118423,surface,0,128,True,True,True,0.45,0.45,0.0,HLA-A03_like,HLA-A03_like,RTCMTTAQG,RTCMTTSQG,0.46,0.28,-0.18,GPCRTCMTTAQGTSM,GPCRTCMTTSQGTSM,0.46,0.45,-0.01,0.929,0.922,-0.007,12.0,41.0,53.0,internal_motif_model,0,15,15,antibody_interface_mutation,0,10.0,10,-0.0230088495575221,10,0.0,10,10,10,A128S,0.8151251304720729,1.0,0.0,0.07017543859649122,1.0,0.7321428571428572,1.0,0.5910306560516022,0.6666666666666666,antibody_interface_mutation;protected_epitope_or_contact,review_manually
571,69,T,C,-2.251330852508545,-0.4843473129013773,69,139,139,P,0.1223021582733813,0.0,0.2539233102813905,0.7460766897186095,12.0,msa,59.26653496746049,0.3445728777177935,partial,0,127,True,True,True,0.45,0.4,-0.05,HLA-A03_like,HLA-A02_like,RTCMTTAQG,MTCAQGTSM,0.46,0.46,0.0,GPCRTCMTTAQGTSM,GPCRTCMTCAQGTSM,0.46,0.46,0.0,1.001,1.073,0.072,12.0,36.0,48.0,internal_motif_model,10,15,25,new_cysteine;antibody_interface_mutation,10,9.3,10,0.0283185840707964,10,-0.0099009900990099,8,10,7,T127C,0.6293286417712445,0.93,0.6,0.1578947368421053,1.0,0.5535714285714286,0.33333333333333337,0.5904349173350417,0.6666666666666666,antibody_interface_mutation;new_cysteine;protected_epitope_or_contact,review_manually
572,97,S,R,-3.0483391284942627,3.4875830596469655,97,139,139,S,1.0,0.0,0.0,1.0,30.0,msa,41.1639743807217,0.2655740282627206,partial,0,155,True,False,False,0.8,0.8,0.0,HLA-A02_like,HLA-A02_like,CIPIPSSWA,CIPIPSRWA,0.72,0.72,0.0,IPSSWAFGKFLWEWA,IPSRWAFGKFLWEWA,0.8,0.8,0.0,1.041,1.021,-0.02,0.0,8.0,8.0,internal_motif_model,0,0,0,,0,9.6,10,-0.0327433628318584,10,0.9999900000999986,8,10,10,S155R,0.09648786292774503,0.96,0.0,0.8596491228070176,1.0,1.0,1.0,0.5900517902933398,0.6666666666666666,,review_manually
573,31,L,M,-3.367290735244751,4.825678313971281,31,139,55,L,0.9818181818181818,0.0,0.0303351945483401,0.96966480545166,24.0,msa,108.55037025161528,0.5400515932916183,surface,4,89,False,False,False,0.95,0.95,0.0,HLA-A02_like,HLA-A02_like,FLFILLLAL,FLFILLMAL,0.72,0.72,0.0,MALRRFIIFLFILLL,MALRRFIIFLFILLM,0.95,0.95,0.0,1.195,1.135,-0.061,0.0,0.0,0.0,internal_motif_model,0,0,4,surface_hydrophobic_gain,0,10.0,10,-0.0168141592920353,10,0.0,10,10,10,L89M,0.0,1.0,0.19999999999999996,1.0,0.6666666666666667,0.9285714285714286,1.0,0.5895238095238096,0.8333333333333334,surface_hydrophobic_gain,review_manually
574,26,L,C,-3.3057773113250732,2.6885141802210626,26,139,55,L,1.0,0.0,0.0,1.0,30.0,msa,65.21615853305252,0.3244585001644404,partial,0,84,False,False,False,0.95,0.95,0.0,HLA-A02_like,HLA-A02_like,FIIFLFILL,FIIFCFILL,0.72,0.72,0.0,NFYRWMALRRFIIFL,NFYRWMALRRFIIFC,0.95,0.95,0.0,1.163,1.186,0.023,0.0,0.0,0.0,internal_motif_model,10,0,10,new_cysteine,10,9.3,10,-0.011504424778761,10,-0.0099009900990099,8,10,7,L84C,0.20368422442632972,0.93,0.0,1.0,1.0,0.8214285714285714,0.33333333333333337,0.5892305799161064,0.6666666666666666,new_cysteine,review_manually
575,86,D,T,-2.1369686126708984,-1.77306956453819,86,139,139,D,0.9568345323741008,0.0,0.0658688907339786,0.9341311092660214,30.0,msa,155.5735405949881,0.8060805212175549,surface,0,144,True,True,True,0.35,0.35,0.0,HLA-A02_like,HLA-A03_like,DGNCTCIPI,STGNCTCIP,0.28,0.28,0.0,KPSDGNCTCIPIPSS,KPSTGNCTCIPIPSS,0.35,0.35,0.0,0.991,0.997,0.006,12.0,41.0,53.0,internal_motif_model,0,15,15,antibody_interface_mutation,0,10.0,10,0.0247787610619468,10,0.9988792390601552,10,10,10,D144T,0.8022127821935097,1.0,0.0,0.07017543859649122,1.0,0.7321428571428572,1.0,0.5878025689819614,0.6666666666666666,antibody_interface_mutation;protected_epitope_or_contact,review_manually
576,41,D,A,-2.5627450942993164,4.406177188592494,41,139,55,D,0.9818181818181818,0.0181818181818181,0.0303351945483401,0.96966480545166,27.0,msa,11.92221845666712,0.0617731526252182,buried,0,99,True,False,False,0.95,0.95,0.0,HLA-A02_like,HLA-A02_like,LVLLDYQGM,LIFLLVLLA,0.72,0.72,0.0,FILLLALIFLLVLLD,FILLLALIFLLVLLA,0.95,0.95,0.0,1.114,1.142,0.028,0.0,8.0,8.0,internal_motif_model,0,0,0,,0,10.0,10,0.0469026548672566,10,0.9988792390601552,10,10,10,D99A,0.0,1.0,0.09999999999999998,0.8596491228070176,1.0,1.0,1.0,0.5869298245614035,0.6666666666666666,,review_manually
577,3,S,I,-2.8874974250793457,3.443024074377405,3,139,48,S,0.9791666666666666,0.0,0.033803026545712,0.966196973454288,30.0,msa,66.44591612774433,0.428683329856415,surface,4,31,False,False,False,0.9,0.9,0.0,HLA-B07_like,HLA-B07_like,IPQSLDSWW,IPQILDSWW,0.72,0.72,0.0,QSLDSWWTSLNFYRW,QILDSWWTSLNFYRW,0.9,0.9,0.0,1.053,1.073,0.02,0.0,0.0,0.0,internal_motif_model,0,0,4,surface_hydrophobic_gain,0,10.0,10,0.0469026548672566,10,0.0,10,10,10,S31I,0.10246552169528167,1.0,0.0,1.0,0.6666666666666667,0.9285714285714286,1.0,0.58514018994763,0.8333333333333334,surface_hydrophobic_gain,review_manually
578,96,S,L,-2.7801668643951416,2.0962668281034667,96,139,139,S,1.0,0.0,0.0,1.0,30.0,msa,100.89937320217454,0.6509636980785455,surface,4,154,True,False,False,0.8,0.8,0.0,HLA-A02_like,HLA-A02_like,CIPIPSSWA,CIPIPLSWA,0.72,0.72,0.0,IPSSWAFGKFLWEWA,IPLSWAFGKFLWEWA,0.8,0.8,0.0,1.037,1.071,0.034,0.0,13.0,13.0,internal_motif_model,0,0,4,surface_hydrophobic_gain,0,10.0,10,0.0407079646017699,10,0.0,10,10,10,S154L,0.28313514898215775,1.0,0.0,0.7719298245614035,0.6666666666666667,0.9285714285714286,1.0,0.5846935616816297,0.6666666666666666,surface_hydrophobic_gain,review_manually
579,53,P,T,-2.3135530948638916,3.8401841457561545,53,139,139,P,0.9928057553956836,0.0,0.0142429670997965,0.9857570329002034,30.0,msa,42.77587530579616,0.2690306623006048,partial,0,111,True,False,False,0.45,0.45,0.0,HLA-B07_like,HLA-A03_like,IPGSSTTST,ITGSSTTST,0.46,0.46,0.0,LLDYQGMLPVCPLIP,LLDYQGMLPVCPLIT,0.46,0.46,0.0,1.061,1.039,-0.022,0.0,8.0,8.0,internal_motif_model,0,0,0,,0,10.0,10,0.0079646017699114,10,0.0,10,10,10,P111T,0.04918586623565735,1.0,0.0,0.8596491228070176,1.0,1.0,1.0,0.5842262911203179,0.6666666666666666,,review_manually
580,107,W,R,-2.772165298461914,3.146350549274416,107,139,139,W,0.9856115107913668,0.0,0.0284685318889823,0.9715314681110176,30.0,msa,100.07229238744928,0.3511308504822781,surface,0,165,True,False,False,0.5,0.5,0.0,HLA-A02_like,HLA-A02_like,FGKFLWEWA,FGKFLWERA,0.72,0.72,0.0,IPSSWAFGKFLWEWA,IPSSWAFGKFLWERA,0.72,0.72,0.0,1.004,1.001,-0.003,0.0,13.0,13.0,internal_motif_model,0,0,0,,0,9.6,10,-0.031858407079646,10,0.9999900000999986,8,10,10,W165R,0.1422647470972871,0.96,0.0,0.7719298245614035,1.0,1.0,1.0,0.5839521516866025,0.6666666666666666,,review_manually
581,73,T,R,-3.1574575901031494,-0.6362832958037643,73,139,139,T,0.8776978417266187,0.0,0.1387927954342322,0.8612072045657677,22.0,msa,122.97880053086897,0.7149930263422615,surface,0,131,True,True,True,0.4,0.45,0.05,HLA-A02_like,HLA-A03_like,MTTAQGTSM,TCMTTAQGR,0.46,0.46,0.0,GPCRTCMTTAQGTSM,GPCRTCMTTAQGRSM,0.46,0.46,0.0,0.98,0.975,-0.005,12.0,41.0,53.0,internal_motif_model,0,15,15,antibody_interface_mutation,0,9.6,10,-0.0336283185840708,10,0.9999900000999986,8,10,10,T131R,0.6497110956087017,0.96,0.2666666666666667,0.07017543859649122,1.0,0.7321428571428572,1.0,0.5836771473357594,0.6666666666666666,antibody_interface_mutation;protected_epitope_or_contact,review_manually
582,51,L,G,-2.4397478103637695,3.650504883715854,51,139,139,L,0.9712230215827338,0.0,0.053537761638623,0.9464622383613768,30.0,msa,58.62910581804712,0.2916870936221249,partial,0,109,True,False,False,0.8,0.8,0.0,HLA-A02_like,HLA-A02_like,GMLPVCPLI,GMLPVCPGI,0.72,0.72,0.0,LVLLDYQGMLPVCPL,LVLLDYQGMLPVCPG,0.8,0.8,0.0,1.171,1.118,-0.054,0.0,8.0,8.0,internal_motif_model,0,0,4,new_glycine,0,10.0,10,-0.0371681415929203,10,0.0,10,10,10,L109G,0.07463164101925945,1.0,0.0,0.8596491228070176,1.0,0.9285714285714286,1.0,0.5834448776733613,0.6666666666666666,new_glycine,review_manually
583,47,P,A,-2.9277567863464355,0.2424078680841148,47,139,134,P,1.0,0.0,0.0,1.0,30.0,msa,60.20945258650893,0.3786758024308737,surface,0,105,True,False,True,0.8,0.85,0.05,HLA-A02_like,HLA-A02_like,GMLPVCPLI,LLDYQGMLA,0.72,0.72,0.0,LIFLLVLLDYQGMLP,LIFLLVLLDYQGMLA,0.8,0.85,0.05,1.125,1.125,0.0,0.0,33.0,33.0,internal_motif_model,0,15,19,surface_hydrophobic_gain;antibody_interface_mutation,0,10.0,10,0.0300884955752211,10,0.0,10,10,10,P105A,0.5318332779699888,1.0,0.0,0.42105263157894735,1.0,0.6607142857142857,1.0,0.5832402743797153,0.5,antibody_interface_mutation;protected_epitope_or_contact;surface_hydrophobic_gain,review_manually
584,1,P,G,-3.0093870162963867,2.630502318265002,1,139,48,P,1.0,0.0,0.0,1.0,30.0,msa,45.77583239619151,0.2878983169571793,partial,0,29,False,False,False,0.9,0.45,-0.45,HLA-B07_like,HLA-B07_like,IPQSLDSWW,IGQSLDSWW,0.36,0.36,0.0,IPQSLDSWWTSLNFY,IGQSLDSWWTSLNFY,0.9,0.45,-0.45,1.099,1.061,-0.038,18.0,0.0,18.0,internal_motif_model,0,0,4,new_glycine,0,10.0,10,0.0106194690265486,10,0.0,10,10,10,P29G,0.21146660800497163,1.0,0.0,0.6842105263157895,1.0,0.9285714285714286,1.0,0.5825659001215437,0.5,new_glycine;predicted_tcell_epitope_loss,review_manually
585,43,Q,R,-3.4972403049468994,0.3210032594050176,43,139,105,Q,0.961904761904762,0.0,0.0540244319945852,0.9459755680054148,30.0,msa,98.3938902290836,0.4373061787959271,surface,0,101,True,False,True,0.95,0.95,0.0,HLA-A02_like,HLA-A02_like,LVLLDYQGM,LVLLDYRGM,0.72,0.72,0.0,LLLALIFLLVLLDYQ,LLLALIFLLVLLDYR,0.95,0.95,0.0,1.035,1.014,-0.02,0.0,33.0,33.0,internal_motif_model,0,15,15,antibody_interface_mutation,0,9.6,10,-0.0088495575221239,10,0.9999900000999986,8,10,10,Q101R,0.521289581178529,0.96,0.0,0.42105263157894735,1.0,0.7321428571428572,1.0,0.5817472073247074,0.5,antibody_interface_mutation;protected_epitope_or_contact,review_manually
586,54,G,C,-2.730203151702881,1.5534414921132793,54,139,139,G,0.9928057553956836,0.0,0.0142429670997965,0.9857570329002034,30.0,msa,91.16093863087076,0.8765474868352958,surface,0,112,True,False,False,0.45,0.5,0.05,HLA-B07_like,HLA-A02_like,IPGSSTTST,LIPCSSTTS,0.46,0.46,0.0,LDYQGMLPVCPLIPG,LDYQGMLPVCPLIPC,0.46,0.5,0.04,1.039,1.116,0.077,0.0,13.0,13.0,internal_motif_model,10,0,10,new_cysteine,10,9.3,10,0.0256637168141592,10,-0.0099009900990099,8,10,7,G112C,0.3559560314437562,0.93,0.0,0.7719298245614035,1.0,0.8214285714285714,0.33333333333333337,0.5816844965827437,0.5,new_cysteine,review_manually
587,76,Y,T,-2.243095874786377,0.6964090394895379,76,139,139,F,0.316546762589928,0.0,0.3030003340421455,0.6969996659578546,12.0,msa,108.59706688481825,0.4129166041247841,surface,0,134,True,True,True,0.4,0.85,0.45,HLA-A03_like,HLA-A03_like,MYPSCCCTK,MTPSCCCTK,0.46,0.46,0.0,PCRTCMTTAQGTSMY,PCRTCMTTAQGTSMT,0.46,0.85,0.39,1.057,1.021,-0.036,16.0,41.0,57.0,internal_motif_model,0,15,15,antibody_interface_mutation,0,10.0,10,0.0053097345132743,10,0.000999000999001,10,10,10,Y134T,0.4709282985072395,1.0,0.6,0.0,1.0,0.7321428571428572,1.0,0.5809463603410956,0.5,antibody_interface_mutation;protected_epitope_or_contact,review_manually
588,57,T,C,-2.2071127891540527,-0.2941922603840794,57,139,139,T,0.9928057553956836,0.0,0.0142429670997965,0.9857570329002034,30.0,msa,63.96850642660588,0.3719099210849179,surface,0,115,True,False,False,0.8,0.45,-0.35,HLA-A03_like,HLA-B07_like,STTSTGPCR,IPGSSCTST,0.46,0.46,0.0,QGMLPVCPLIPGSST,QGMLPVCPLIPGSSC,0.8,0.46,-0.34,0.948,1.02,0.072,18.0,13.0,31.0,internal_motif_model,10,0,10,new_cysteine,10,9.3,10,0.0283185840707964,10,-0.0099009900990099,8,10,7,T115C,0.6038190389381676,0.93,0.0,0.45614035087719296,1.0,0.8214285714285714,0.33333333333333337,0.5804923537195044,0.5,new_cysteine;predicted_tcell_epitope_loss,review_manually
589,106,E,G,-2.909597158432007,4.4242272971509635,106,139,138,E,0.9347826086956522,0.036231884057971,0.1054924005299425,0.8945075994700575,27.0,msa,70.36147154747249,0.3155222939348542,partial,0,164,True,False,False,0.5,0.5,0.0,HLA-A02_like,HLA-B07_like,FGKFLWEWA,LWGWASARF,0.72,0.64,-0.08,IPSSWAFGKFLWEWA,IPSSWAFGKFLWGWA,0.72,0.64,-0.08,1.008,1.011,0.003,0.0,8.0,8.0,internal_motif_model,0,0,4,new_glycine,0,10.0,10,0.027433628318584,10,0.99718953802679,10,10,10,E164G,0.0,1.0,0.09999999999999998,0.8596491228070176,1.0,0.9285714285714286,1.0,0.5797869674185464,0.6666666666666666,new_glycine,review_manually
590,57,T,A,-2.75752854347229,3.2446216106716577,57,139,139,T,0.9928057553956836,0.0,0.0142429670997965,0.9857570329002034,30.0,msa,63.96850642660588,0.3719099210849179,surface,0,115,True,False,False,0.8,0.8,0.0,HLA-A03_like,HLA-A03_like,STTSTGPCR,SATSTGPCR,0.46,0.46,0.0,QGMLPVCPLIPGSST,QGMLPVCPLIPGSSA,0.8,0.8,0.0,0.948,0.97,0.022,0.0,13.0,13.0,internal_motif_model,0,0,4,surface_hydrophobic_gain,0,10.0,10,0.0221238938053097,10,0.0,10,10,10,T115A,0.12908152786097205,1.0,0.0,0.7719298245614035,1.0,0.9285714285714286,1.0,0.5795134897346667,0.6666666666666666,surface_hydrophobic_gain,review_manually
591,102,K,C,-2.984771966934204,1.6499757669727728,102,139,139,K,0.935251798561151,0.0,0.0800596389608133,0.9199403610391866,30.0,msa,96.7898181529019,0.4101263481055165,surface,0,160,True,False,False,0.5,0.5,0.0,HLA-A02_like,HLA-A02_like,FGKFLWEWA,FGCFLWEWA,0.72,0.72,0.0,IPSSWAFGKFLWEWA,IPSSWAFGCFLWEWA,0.72,0.72,0.0,1.028,1.096,0.069,0.0,13.0,13.0,internal_motif_model,10,0,10,new_cysteine,10,9.3,10,0.0566371681415929,10,-1.0089019891000088,8,10,7,K160C,0.3430058048847182,0.93,0.0,0.7719298245614035,1.0,0.8214285714285714,0.33333333333333337,0.5784469399429841,0.5,new_cysteine,review_manually
592,53,P,S,-2.0348687171936035,4.050264537105022,53,139,139,P,0.9928057553956836,0.0,0.0142429670997965,0.9857570329002034,30.0,msa,42.77587530579616,0.2690306623006048,partial,0,111,True,False,False,0.45,0.45,0.0,HLA-B07_like,HLA-A03_like,IPGSSTTST,ISGSSTTST,0.46,0.46,0.0,LLDYQGMLPVCPLIP,LLDYQGMLPVCPLIS,0.46,0.46,0.0,1.061,1.054,-0.007,0.0,8.0,8.0,internal_motif_model,0,0,0,,0,10.0,10,0.007079646017699,10,0.0,10,10,10,P111S,0.021003247496986233,1.0,0.0,0.8596491228070176,1.0,1.0,1.0,0.5771806364356501,0.6666666666666666,,review_manually
593,68,T,Q,-3.4616775512695312,1.660362539041273,68,139,139,T,0.9424460431654677,0.0,0.0922175486667447,0.9077824513332552,24.0,msa,103.01592700475103,0.5989298081671572,surface,0,126,True,True,True,0.45,0.45,0.0,HLA-A03_like,HLA-A03_like,RTCMTTAQG,RTCMQTAQG,0.46,0.46,0.0,GPCRTCMTTAQGTSM,GPCRTCMQTAQGTSM,0.46,0.46,0.0,1.006,1.021,0.015,7.2,24.6,31.8,internal_motif_model,0,15,15,antibody_interface_mutation,0,10.0,10,-0.0247787610619469,10,0.0,10,10,10,T126Q,0.34161240288630945,1.0,0.19999999999999996,0.4421052631578948,1.0,0.7321428571428572,1.0,0.577038439067442,0.5,antibody_interface_mutation;protected_epitope_or_contact,review_manually
594,98,W,A,-2.800859212875366,3.346312641544273,98,139,139,W,0.9784172661870504,0.0,0.0347616222042651,0.9652383777957348,30.0,msa,109.61927830244328,0.3846290466752396,surface,0,156,True,False,False,0.8,0.8,0.0,HLA-A02_like,HLA-A02_like,CIPIPSSWA,CIPIPSSAA,0.72,0.72,0.0,IPSSWAFGKFLWEWA,IPSSAAFGKFLWEWA,0.8,0.8,0.0,1.001,1.026,0.024,0.0,13.0,13.0,internal_motif_model,0,0,4,surface_hydrophobic_gain,0,10.0,10,0.0238938053097345,10,0.0,10,10,10,W156A,0.11543951427834265,1.0,0.0,0.7719298245614035,1.0,0.9285714285714286,1.0,0.5761029863390092,0.6666666666666666,surface_hydrophobic_gain,review_manually
595,85,S,L,-2.820418119430542,0.5001749485137452,85,139,139,T,0.4316546762589928,0.0215827338129496,0.309168634403574,0.690831365596426,9.0,msa,133.17931311603334,0.8592213749421506,surface,4,143,True,True,True,0.35,0.7,0.35,HLA-A03_like,HLA-A02_like,PSCCCTKPS,PLDGNCTCI,0.28,0.28,0.0,KPSDGNCTCIPIPSS,KPLDGNCTCIPIPSS,0.35,0.7,0.35,0.919,0.953,0.034,12.0,41.0,53.0,internal_motif_model,0,15,19,surface_hydrophobic_gain;antibody_interface_mutation,0,10.0,10,0.0407079646017699,10,0.0,10,10,10,S143L,0.49725341402131185,1.0,0.7,0.07017543859649122,0.6666666666666667,0.6607142857142857,1.0,0.5760865364627215,0.5,antibody_interface_mutation;protected_epitope_or_contact;surface_hydrophobic_gain,review_manually
596,68,T,N,-3.519174575805664,2.142611920944404,68,139,139,T,0.9424460431654677,0.0071942446043165,0.0922175486667447,0.9077824513332552,21.0,msa,103.01592700475103,0.5989298081671572,surface,0,126,True,True,True,0.45,0.45,0.0,HLA-A03_like,HLA-A03_like,RTCMTTAQG,RTCMNTAQG,0.46,0.46,0.0,GPCRTCMTTAQGTSM,GPCRTCMNTAQGTSM,0.46,0.46,0.0,1.006,0.987,-0.019,7.2,24.6,31.8,internal_motif_model,0,15,15,antibody_interface_mutation,0,10.0,10,-0.0247787610619469,10,0.0,10,10,10,T126N,0.2769178810422126,1.0,0.30000000000000004,0.4421052631578948,1.0,0.7321428571428572,1.0,0.5758648086064179,0.5,antibody_interface_mutation;protected_epitope_or_contact,review_manually
597,51,L,R,-2.9317660331726074,3.959995753630323,51,139,139,L,0.9712230215827338,0.0,0.053537761638623,0.9464622383613768,30.0,msa,58.62910581804712,0.2916870936221249,partial,0,109,True,False,False,0.8,0.8,0.0,HLA-A02_like,HLA-A02_like,GMLPVCPLI,GMLPVCPRI,0.72,0.72,0.0,LVLLDYQGMLPVCPL,LVLLDYQGMLPVCPR,0.8,0.8,0.0,1.171,1.117,-0.054,0.0,8.0,8.0,internal_motif_model,0,0,0,,0,9.6,10,-0.0734513274336283,10,0.9999900000999986,8,10,10,L109R,0.0331129484183178,0.96,0.0,0.8596491228070176,1.0,1.0,1.0,0.5742080616659829,0.6666666666666666,,review_manually
598,43,Q,A,-3.1660375595092773,0.5161451187704245,43,139,105,Q,0.961904761904762,0.0,0.0540244319945852,0.9459755680054148,30.0,msa,98.3938902290836,0.4373061787959271,surface,0,101,True,False,True,0.95,0.95,0.0,HLA-A02_like,HLA-A02_like,LVLLDYQGM,FLLVLLDYA,0.72,0.72,0.0,LLLALIFLLVLLDYQ,LLLALIFLLVLLDYA,0.95,0.95,0.0,1.035,1.042,0.007,0.0,33.0,33.0,internal_motif_model,0,15,19,surface_hydrophobic_gain;antibody_interface_mutation,0,10.0,10,0.0469026548672566,10,0.0,10,10,10,Q101A,0.4951109902727373,1.0,0.0,0.42105263157894735,1.0,0.6607142857142857,1.0,0.5740597024554024,0.5,antibody_interface_mutation;protected_epitope_or_contact;surface_hydrophobic_gain,review_manually
599,11,L,T,-2.865398406982422,3.942993921967542,11,139,48,L,1.0,0.0,0.0,1.0,30.0,msa,83.13649417951248,0.4136143989030472,surface,0,39,False,False,False,0.9,0.5,-0.4,HLA-A02_like,HLA-A03_like,SLDSWWTSL,WWTSTNFYR,0.72,0.72,0.0,QSLDSWWTSLNFYRW,WTSTNFYRWMALRRF,0.9,0.72,-0.18,1.013,0.964,-0.049,10.0,0.0,10.0,internal_motif_model,0,0,0,,0,10.0,10,-0.0398230088495575,10,0.0,10,10,10,L39T,0.03539377118590081,1.0,0.0,0.8245614035087719,1.0,1.0,1.0,0.5737607234982296,0.6666666666666666,,review_manually
600,82,T,L,-2.724806547164917,-0.8194321592123117,82,139,139,T,0.9280575539568344,0.0,0.0941412500040876,0.9058587499959124,30.0,msa,58.16691470685098,0.3381797366677382,partial,0,140,True,True,True,0.4,0.7,0.3,HLA-A03_like,HLA-A02_like,MYPSCCCTK,SMYPSCCCL,0.28,0.28,0.0,TTAQGTSMYPSCCCT,TTAQGTSMYPSCCCL,0.4,0.7,0.3,1.164,1.213,0.049,12.0,36.0,48.0,internal_motif_model,0,15,15,antibody_interface_mutation,0,10.0,10,0.0398230088495574,10,0.0,10,10,10,T140L,0.674280807025949,1.0,0.0,0.1578947368421053,1.0,0.7321428571428572,1.0,0.573363434839194,0.6666666666666666,antibody_interface_mutation;protected_epitope_or_contact,review_manually
601,88,N,A,-2.8016271591186523,-1.5449643838700808,88,139,139,N,1.0,0.0,0.0,1.0,30.0,msa,125.04428460326874,0.6412527415552243,surface,0,146,True,True,True,0.35,0.35,0.0,HLA-A02_like,HLA-A02_like,DGNCTCIPI,DGACTCIPI,0.31,0.31,0.0,NCTCIPIPSSWAFGK,ACTCIPIPSSWAFGK,0.35,0.35,0.0,1.037,1.078,0.041,12.0,41.0,53.0,internal_motif_model,0,15,19,surface_hydrophobic_gain;antibody_interface_mutation,0,10.0,10,0.0469026548672566,10,0.0,10,10,10,N146A,0.7716121092901095,1.0,0.0,0.07017543859649122,1.0,0.6607142857142857,1.0,0.5730095436132542,0.6666666666666666,antibody_interface_mutation;protected_epitope_or_contact;surface_hydrophobic_gain,review_manually
602,45,M,S,-3.0108132362365723,-0.2623199772274063,45,139,124,M,0.9838709677419356,0.0,0.0275608534062741,0.972439146593726,30.0,msa,85.68143555633252,0.3825064087336273,surface,0,103,True,False,True,0.95,0.8,-0.15,HLA-A02_like,HLA-A02_like,LVLLDYQGM,VLLDYQGSL,0.72,0.72,0.0,LALIFLLVLLDYQGM,LALIFLLVLLDYQGS,0.95,0.8,-0.15,1.082,1.108,0.027,10.0,33.0,43.0,internal_motif_model,0,15,15,antibody_interface_mutation,0,10.0,10,-0.0238938053097345,10,0.0,10,10,10,M103S,0.5995433214436974,1.0,0.0,0.24561403508771928,1.0,0.7321428571428572,1.0,0.5722229230927539,0.6666666666666666,antibody_interface_mutation;protected_epitope_or_contact,review_manually
603,97,S,L,-2.2959678173065186,4.456487428965801,97,139,139,S,1.0,0.0,0.0,1.0,30.0,msa,41.1639743807217,0.2655740282627206,partial,0,155,True,False,False,0.8,0.8,0.0,HLA-A02_like,HLA-A02_like,CIPIPSSWA,CIPIPSLWA,0.72,0.72,0.0,IPSSWAFGKFLWEWA,IPSLWAFGKFLWEWA,0.8,0.8,0.0,1.041,1.075,0.034,0.0,8.0,8.0,internal_motif_model,0,0,0,,0,10.0,10,0.0407079646017699,10,0.0,10,10,10,S155L,0.0,1.0,0.0,0.8596491228070176,1.0,1.0,1.0,0.5719298245614035,0.6666666666666666,,review_manually
604,106,E,T,-2.594316244125366,4.945403971058624,106,139,138,E,0.9347826086956522,0.0,0.1054924005299425,0.8945075994700575,30.0,msa,70.36147154747249,0.3155222939348542,partial,0,164,True,False,False,0.5,0.5,0.0,HLA-A02_like,HLA-A02_like,FGKFLWEWA,FGKFLWTWA,0.72,0.72,0.0,IPSSWAFGKFLWEWA,IPSSWAFGKFLWTWA,0.72,0.72,0.0,1.008,1.016,0.008,0.0,8.0,8.0,internal_motif_model,0,0,0,,0,10.0,10,0.0247787610619468,10,0.99718953802679,10,10,10,E164T,0.0,1.0,0.0,0.8596491228070176,1.0,1.0,1.0,0.5719298245614035,0.6666666666666666,,review_manually
605,90,T,A,-2.9410831928253174,4.214223525779175,90,139,139,T,1.0,0.0,0.0,1.0,30.0,msa,44.37411658601282,0.2579890499186791,partial,0,148,True,False,False,0.35,0.35,0.0,HLA-A02_like,HLA-A02_like,DGNCTCIPI,TKPSDGNCA,0.46,0.46,0.0,CTCIPIPSSWAFGKF,CACIPIPSSWAFGKF,0.46,0.46,0.0,1.086,1.108,0.022,0.0,8.0,8.0,internal_motif_model,0,0,0,,0,10.0,10,0.0221238938053097,10,0.0,10,10,10,T148A,0.0,1.0,0.0,0.8596491228070176,1.0,1.0,1.0,0.5719298245614035,0.6666666666666666,,review_manually
606,50,P,A,-2.97350549697876,4.6240742101587955,50,139,138,P,1.0,0.0,0.0,1.0,30.0,msa,12.6030644165531,0.0792645560789503,buried,0,108,True,False,False,0.8,0.8,0.0,HLA-A02_like,HLA-A02_like,GMLPVCPLI,GMLPVCALI,0.72,0.72,0.0,LLVLLDYQGMLPVCP,LLVLLDYQGMLPVCA,0.8,0.8,0.0,1.198,1.198,0.0,0.0,8.0,8.0,internal_motif_model,0,0,0,,0,10.0,10,0.0300884955752211,10,0.0,10,10,10,P108A,0.0,1.0,0.0,0.8596491228070176,1.0,1.0,1.0,0.5719298245614035,0.6666666666666666,,review_manually
607,53,P,F,-3.355003118515014,4.732578576787546,53,139,139,P,0.9928057553956836,0.0,0.0142429670997965,0.9857570329002034,30.0,msa,42.77587530579616,0.2690306623006048,partial,0,111,True,False,False,0.45,0.4,-0.05,HLA-B07_like,HLA-A02_like,IPGSSTTST,MLPVCPLIF,0.46,0.46,0.0,LLDYQGMLPVCPLIP,LLDYQGMLPVCPLIF,0.46,0.46,0.0,1.061,1.065,0.004,0.0,8.0,8.0,internal_motif_model,0,0,0,,0,10.0,10,0.0389380530973451,10,0.0,10,10,10,P111F,0.0,1.0,0.0,0.8596491228070176,1.0,1.0,1.0,0.5719298245614035,0.6666666666666666,,review_manually
608,43,Q,T,-2.892242431640625,3.0755622338219553,43,139,105,Q,0.961904761904762,0.0,0.0540244319945852,0.9459755680054148,24.0,msa,98.3938902290836,0.4373061787959271,surface,0,101,True,False,True,0.95,0.95,0.0,HLA-A02_like,HLA-A02_like,LVLLDYQGM,LVLLDYTGM,0.72,0.72,0.0,LLLALIFLLVLLDYQ,LLLALIFLLVLLDYT,0.95,0.95,0.0,1.035,1.019,-0.015,0.0,19.8,19.8,internal_motif_model,0,15,15,antibody_interface_mutation,0,10.0,10,0.0247787610619468,10,0.0,10,10,10,Q101T,0.15176111223988864,1.0,0.19999999999999996,0.6526315789473685,1.0,0.7321428571428572,1.0,0.5716808795637316,0.5,antibody_interface_mutation;protected_epitope_or_contact,review_manually
609,108,A,C,-3.211649179458618,1.3535336974484269,108,139,139,A,0.9856115107913668,0.0,0.0284685318889823,0.9715314681110176,30.0,msa,28.846907992980796,0.2236194418060526,partial,0,166,True,False,False,0.5,0.5,0.0,HLA-A02_like,HLA-A02_like,FGKFLWEWA,FLWEWCSAR,0.72,0.54,-0.18,IPSSWAFGKFLWEWA,IPSSWAFGKFLWEWC,0.72,0.54,-0.18,0.95,1.0,0.05,10.0,8.0,18.0,internal_motif_model,10,0,10,new_cysteine,10,9.3,10,0.0061946902654866,10,-0.0099009900990099,8,10,7,A166C,0.38277398015260145,0.93,0.0,0.6842105263157895,1.0,0.8214285714285714,0.33333333333333337,0.5708451241108322,0.5,new_cysteine,review_manually
610,107,W,S,-2.4434993267059326,3.778356426850223,107,139,139,W,0.9856115107913668,0.0,0.0284685318889823,0.9715314681110176,30.0,msa,100.07229238744928,0.3511308504822781,surface,0,165,True,False,False,0.5,0.5,0.0,HLA-A02_like,HLA-A02_like,FGKFLWEWA,FGKFLWESA,0.72,0.72,0.0,IPSSWAFGKFLWEWA,IPSSWAFGKFLWESA,0.72,0.72,0.0,1.004,1.021,0.017,0.0,13.0,13.0,internal_motif_model,0,0,0,,0,10.0,10,0.0008849557522123,10,0.0,10,10,10,W165S,0.05748015309517662,1.0,0.0,0.7719298245614035,1.0,1.0,1.0,0.5687560031860749,0.6666666666666666,,review_manually
611,71,Q,L,-3.158350944519043,-2.3783747635006023,71,139,139,Q,0.9496402877697842,0.0,0.0835009187140195,0.9164990812859805,30.0,msa,178.87347666960216,0.7949932296426763,surface,4,129,True,True,True,0.45,0.45,0.0,HLA-A03_like,HLA-A03_like,RTCMTTAQG,RTCMTTALG,0.46,0.46,0.0,GPCRTCMTTAQGTSM,GPCRTCMTTALGTSM,0.46,0.46,0.0,0.956,0.99,0.034,12.0,41.0,53.0,internal_motif_model,0,15,19,surface_hydrophobic_gain;antibody_interface_mutation,0,10.0,10,0.0646017699115044,10,0.0,10,10,10,Q129L,0.883415437678686,1.0,0.0,0.07017543859649122,0.6666666666666667,0.6607142857142857,1.0,0.567627042377065,0.6666666666666666,antibody_interface_mutation;protected_epitope_or_contact;surface_hydrophobic_gain,review_manually
612,62,P,S,-1.944346070289612,1.4167539032548575,62,139,139,P,0.9568345323741008,0.014388489208633,0.0685482845239413,0.9314517154760588,27.0,msa,79.58942244530917,0.5005624053164098,surface,0,120,True,False,True,0.8,0.8,0.0,HLA-A03_like,HLA-A03_like,STTSTGPCR,STTSTGSCR,0.46,0.46,0.0,GPCRTCMTTAQGTSM,GSCRTCMTTAQGTSM,0.8,0.8,0.0,1.008,1.0,-0.007,0.0,33.0,33.0,internal_motif_model,0,15,15,antibody_interface_mutation,0,10.0,10,0.007079646017699,10,0.0,10,10,10,P120S,0.37429288895992485,1.0,0.09999999999999998,0.42105263157894735,1.0,0.7321428571428572,1.0,0.5659980342700563,0.5,antibody_interface_mutation;protected_epitope_or_contact,review_manually
613,11,L,S,-2.2234349250793457,4.3864561522221095,11,139,48,L,1.0,0.0,0.0,1.0,30.0,msa,83.13649417951248,0.4136143989030472,surface,0,39,False,False,False,0.9,0.5,-0.4,HLA-A02_like,HLA-A03_like,SLDSWWTSL,WWTSSNFYR,0.72,0.72,0.0,QSLDSWWTSLNFYRW,WTSSNFYRWMALRRF,0.9,0.72,-0.18,1.013,0.979,-0.034,10.0,0.0,10.0,internal_motif_model,0,0,0,,0,10.0,10,-0.0407079646017699,10,0.0,10,10,10,L39S,0.0,1.0,0.0,0.8245614035087719,1.0,1.0,1.0,0.5649122807017544,0.6666666666666666,,review_manually
614,50,P,G,-2.537289619445801,4.955573581296278,50,139,138,P,1.0,0.0,0.0,1.0,30.0,msa,12.6030644165531,0.0792645560789503,buried,0,108,True,False,False,0.8,0.8,0.0,HLA-A02_like,HLA-A02_like,GMLPVCPLI,GMLPVCGLI,0.72,0.72,0.0,LLVLLDYQGMLPVCP,LLVLLDYQGMLPVCG,0.8,0.8,0.0,1.198,1.171,-0.027,0.0,8.0,8.0,internal_motif_model,0,0,4,new_glycine,0,10.0,10,0.0106194690265486,10,0.0,10,10,10,P108G,0.0,1.0,0.0,0.8596491228070176,1.0,0.9285714285714286,1.0,0.5647869674185464,0.6666666666666666,new_glycine,review_manually
615,93,P,V,-3.340573310852051,2.7340206872369777,93,139,138,P,1.0,0.0,0.0,1.0,30.0,msa,66.53782656241775,0.4184768966189796,surface,4,151,True,False,False,0.8,0.8,0.0,HLA-A02_like,HLA-A02_like,CIPIPSSWA,CIVIPSSWA,0.46,0.46,0.0,CTCIPIPSSWAFGKF,CTCIVIPSSWAFGKF,0.8,0.8,0.0,1.109,1.155,0.046,0.0,13.0,13.0,internal_motif_model,0,0,4,surface_hydrophobic_gain,0,10.0,10,0.0513274336283186,10,0.0,10,10,10,P151V,0.19757945410900657,1.0,0.0,0.7719298245614035,0.6666666666666667,0.9285714285714286,1.0,0.563304637963342,0.6666666666666666,surface_hydrophobic_gain,review_manually
616,43,Q,Y,-2.240520477294922,-0.1445861317614571,43,139,105,Q,0.961904761904762,0.0,0.0540244319945852,0.9459755680054148,30.0,msa,98.3938902290836,0.4373061787959271,surface,4,101,True,False,True,0.95,0.95,0.0,HLA-A02_like,HLA-A02_like,LVLLDYQGM,LVLLDYYGM,0.72,0.72,0.0,LLLALIFLLVLLDYQ,LLLALIFLLVLLDYY,0.95,0.95,0.0,1.035,1.055,0.021,0.0,33.0,33.0,internal_motif_model,0,15,19,surface_hydrophobic_gain;antibody_interface_mutation,0,10.0,10,0.0194690265486725,10,-0.000999000999001,10,10,10,Q101Y,0.5837491387591537,1.0,0.0,0.42105263157894735,0.6666666666666667,0.6607142857142857,1.0,0.5628859062436732,0.6666666666666666,antibody_interface_mutation;protected_epitope_or_contact;surface_hydrophobic_gain,review_manually
617,98,W,T,-2.399084091186523,3.95341949574933,98,139,139,W,0.9784172661870504,0.0,0.0347616222042651,0.9652383777957348,30.0,msa,109.61927830244328,0.3846290466752396,surface,0,156,True,False,False,0.8,0.8,0.0,HLA-A02_like,HLA-A02_like,CIPIPSSWA,CIPIPSSTA,0.72,0.72,0.0,IPSSWAFGKFLWEWA,IPSSTAFGKFLWEWA,0.8,0.8,0.0,1.001,1.004,0.002,0.0,13.0,13.0,internal_motif_model,0,0,0,,0,10.0,10,0.0017699115044248,10,0.0,10,10,10,W156T,0.03399516387592072,1.0,0.0,0.7719298245614035,1.0,1.0,1.0,0.5628847558812609,0.6666666666666666,,review_manually
618,112,F,V,-2.911807060241699,4.123374390806816,112,139,139,F,1.0,0.0,0.0,1.0,30.0,msa,184.57726432686547,0.7690719346952728,surface,4,170,False,False,False,0.5,0.5,0.0,HLA-B07_like,HLA-A02_like,LWEWASARF,LWEWASARV,0.72,0.72,0.0,WAFGKFLWEWASARF,WAFGKFLWEWASARV,0.72,0.72,0.0,1.01,1.083,0.073,0.0,0.0,0.0,internal_motif_model,0,0,4,surface_hydrophobic_gain,0,10.0,10,0.0123893805309733,10,0.0,10,10,10,F170V,0.01119544430465469,1.0,0.0,1.0,0.6666666666666667,0.9285714285714286,1.0,0.5623226705999732,0.8333333333333334,surface_hydrophobic_gain,review_manually
619,52,I,P,-1.894311547279358,2.000135056301474,52,139,139,I,0.8705035971223022,0.0,0.1379338564278194,0.8620661435721806,22.0,msa,84.70497829411434,0.4299745091071794,surface,0,110,True,False,False,0.8,0.45,-0.35,HLA-A02_like,HLA-B07_like,GMLPVCPLI,PPGSSTTST,0.46,0.46,0.0,VLLDYQGMLPVCPLI,VLLDYQGMLPVCPLP,0.8,0.46,-0.34,1.118,1.106,-0.013,18.0,13.0,31.0,internal_motif_model,0,0,8,new_proline,5,9.2,10,-0.0539823008849557,10,0.0,6,10,10,I110P,0.29603137911564703,0.9199999999999999,0.2666666666666667,0.45614035087719296,1.0,0.8571428571428572,0.6666666666666667,0.5622835340019694,0.3333333333333333,new_proline;predicted_tcell_epitope_loss,review_manually
620,42,Y,F,-2.8250694274902344,4.206124008298701,42,139,55,Y,0.9636363636363636,0.0,0.0605579893382868,0.9394420106617132,24.0,msa,112.88290298106912,0.4292125588633806,surface,4,100,True,False,False,0.95,0.95,0.0,HLA-A02_like,HLA-A02_like,LVLLDYQGM,LVLLDFQGM,0.72,0.72,0.0,ILLLALIFLLVLLDY,ILLLALIFLLVLLDF,0.95,0.95,0.0,1.035,1.025,-0.01,0.0,7.8,7.8,internal_motif_model,0,0,4,surface_hydrophobic_gain,0,10.0,10,0.036283185840708,10,0.000999000999001,10,10,10,Y100F,9.445146295783413e-05,1.0,0.19999999999999996,0.8631578947368421,0.6666666666666667,0.9285714285714286,1.0,0.5621790013369174,0.6666666666666666,surface_hydrophobic_gain,review_manually
621,57,T,G,-2.6293649673461914,1.9024015462663328,57,139,139,T,0.9928057553956836,0.0,0.0142429670997965,0.9857570329002034,30.0,msa,63.96850642660588,0.3719099210849179,surface,0,115,True,False,False,0.8,0.4,-0.4,HLA-A03_like,HLA-A02_like,STTSTGPCR,LIPGSSGTS,0.46,0.46,0.0,QGMLPVCPLIPGSST,QGMLPVCPLIPGSSG,0.8,0.46,-0.34,0.948,0.943,-0.005,18.0,13.0,31.0,internal_motif_model,0,0,4,new_glycine,0,10.0,10,0.0026548672566371,10,0.0,10,10,10,T115G,0.3091424849814888,1.0,0.0,0.45614035087719296,1.0,0.9285714285714286,1.0,0.5613708342779536,0.5,new_glycine;predicted_tcell_epitope_loss,review_manually
622,92,I,S,-2.1004621982574463,3.999009187987326,92,139,139,I,0.9928057553956836,0.0,0.0142429670997965,0.9857570329002034,30.0,msa,13.28391037643908,0.0674310171392846,buried,0,150,True,False,False,0.8,0.8,0.0,HLA-A02_like,HLA-B07_like,CIPIPSSWA,SPIPSSWAF,0.46,0.46,0.0,CTCIPIPSSWAFGKF,CTCSPIPSSWAFGKF,0.8,0.8,0.0,1.166,1.146,-0.02,0.0,8.0,8.0,internal_motif_model,0,0,10,buried_hydrophobic_loss,0,10.0,10,-0.0469026548672567,10,0.0,10,10,10,I150S,0.027879234128707187,1.0,0.0,0.8596491228070176,1.0,0.8214285714285714,1.0,0.5610424902364375,0.5,buried_hydrophobic_loss,review_manually
623,70,A,V,-3.0899791717529297,1.3836051069959012,70,139,139,A,0.9568345323741008,0.0287769784172661,0.0718774674471033,0.9281225325528968,21.0,msa,100.86114630276566,0.78186935118423,surface,4,128,True,True,True,0.45,0.45,0.0,HLA-A03_like,HLA-A03_like,RTCMTTAQG,RTCMTTVQG,0.46,0.46,0.0,GPCRTCMTTAQGTSM,GPCRTCMTTVQGTSM,0.46,0.46,0.0,0.929,0.975,0.046,7.2,24.6,31.8,internal_motif_model,0,15,19,surface_hydrophobic_gain;antibody_interface_mutation,0,10.0,10,0.0212389380530972,10,0.0,10,10,10,A128V,0.3787398527180066,1.0,0.30000000000000004,0.4421052631578948,0.6666666666666667,0.6607142857142857,1.0,0.5608441110491759,0.5,antibody_interface_mutation;protected_epitope_or_contact;surface_hydrophobic_gain,review_manually
624,78,S,T,-2.644418954849243,2.1780259120467065,78,139,139,S,1.0,0.0,0.0,1.0,24.0,msa,60.48263291729448,0.3902105349502869,surface,0,136,True,True,True,0.4,0.4,0.0,HLA-A03_like,HLA-A03_like,MYPSCCCTK,MYPTCCCTK,0.46,0.46,0.0,RTCMTTAQGTSMYPS,RTCMTTAQGTSMYPT,0.46,0.46,0.0,1.186,1.171,-0.015,7.2,24.6,31.8,internal_motif_model,0,15,15,antibody_interface_mutation,0,10.0,10,0.0008849557522123,10,0.0,10,10,10,S136T,0.2721670377919567,1.0,0.19999999999999996,0.4421052631578948,1.0,0.7321428571428572,1.0,0.5596770977938539,0.5,antibody_interface_mutation;protected_epitope_or_contact,review_manually
625,69,T,P,-2.498229503631592,1.471696953263887,69,139,139,P,0.1223021582733813,0.7769784172661871,0.2539233102813905,0.7460766897186095,6.0,msa,59.26653496746049,0.3445728777177935,partial,0,127,True,True,True,0.45,0.8,0.35,HLA-A03_like,HLA-B07_like,RTCMTTAQG,TPAQGTSMY,0.46,0.46,0.0,GPCRTCMTTAQGTSM,GPCRTCMTPAQGTSM,0.46,0.8,0.34,1.001,1.023,0.022,16.0,36.0,52.0,internal_motif_model,0,15,23,new_proline;antibody_interface_mutation,5,9.2,10,-0.0079646017699115,10,0.0,6,10,10,T127P,0.3669221913864763,0.9199999999999999,0.8,0.08771929824561409,1.0,0.5892857142857143,0.6666666666666667,0.5595363122576467,0.5,antibody_interface_mutation;new_proline;protected_epitope_or_contact,review_manually
626,0,I,F,-4.452481746673584,4.240904642129948,0,139,48,I,0.9583333333333334,0.0,0.0578173184160061,0.942182681583994,30.0,msa,104.813420657429,0.5320478205960862,surface,4,28,False,False,False,0.9,0.95,0.05,HLA-B07_like,HLA-B07_like,IPQSLDSWW,FPQSLDSWW,0.36,0.36,0.0,IPQSLDSWWTSLNFY,FPQSLDSWWTSLNFY,0.9,0.95,0.05,1.061,1.046,-0.015,0.0,0.0,0.0,internal_motif_model,0,0,4,surface_hydrophobic_gain,0,10.0,10,-0.0150442477876106,10,0.0,10,10,10,I28F,0.0,1.0,0.0,1.0,0.6666666666666667,0.9285714285714286,1.0,0.5595238095238095,0.8333333333333334,surface_hydrophobic_gain,review_manually
627,48,V,T,-2.7578158378601074,1.6940828703002353,48,139,137,V,1.0,0.0,0.0,1.0,30.0,msa,33.67742085714046,0.1935483957306923,partial,0,106,True,False,True,0.8,0.8,0.0,HLA-A02_like,HLA-A02_like,GMLPVCPLI,GMLPTCPLI,0.72,0.72,0.0,IFLLVLLDYQGMLPV,IFLLVLLDYQGMLPT,0.8,0.8,0.0,1.178,1.111,-0.068,0.0,28.0,28.0,internal_motif_model,0,15,15,antibody_interface_mutation,0,10.0,10,-0.043362831858407,10,0.0,10,10,10,V106T,0.33708876679866107,1.0,0.0,0.5087719298245614,1.0,0.7321428571428572,1.0,0.5592408633788633,0.5,antibody_interface_mutation;protected_epitope_or_contact,review_manually
628,85,S,P,-2.7398312091827393,0.9312961731820336,85,139,139,T,0.4316546762589928,0.0071942446043165,0.309168634403574,0.690831365596426,9.0,msa,133.17931311603334,0.8592213749421506,surface,0,143,True,True,True,0.35,0.7,0.35,HLA-A03_like,HLA-B07_like,PSCCCTKPS,PPDGNCTCI,0.28,0.28,0.0,KPSDGNCTCIPIPSS,KPPDGNCTCIPIPSS,0.35,0.7,0.35,0.919,0.926,0.007,12.0,41.0,53.0,internal_motif_model,0,15,23,new_proline;antibody_interface_mutation,5,9.2,10,-0.0070796460176991,10,0.0,6,10,10,S143P,0.439417815815488,0.9199999999999999,0.7,0.07017543859649122,1.0,0.5892857142857143,0.6666666666666667,0.559151446435075,0.5,antibody_interface_mutation;new_proline;protected_epitope_or_contact,review_manually
629,109,S,G,-2.8167319297790527,3.895398900631136,109,139,139,S,1.0,0.0,0.0,1.0,30.0,msa,81.76114261488271,0.5274912426766627,surface,0,167,True,False,False,0.5,0.45,-0.05,HLA-A02_like,HLA-A02_like,FLWEWASAR,KFLWEWAGA,0.72,0.72,0.0,PSSWAFGKFLWEWAS,PSSWAFGKFLWEWAG,0.72,0.72,0.0,0.978,0.959,-0.02,0.0,13.0,13.0,internal_motif_model,0,0,4,new_glycine,0,10.0,10,0.0035398230088495,10,0.0,10,10,10,S167G,0.04177871902215724,1.0,0.0,0.7719298245614035,1.0,0.9285714285714286,1.0,0.557687787524963,0.6666666666666666,new_glycine,review_manually
630,76,Y,R,-2.7888376712799072,1.670904335631775,76,139,139,F,0.316546762589928,0.0071942446043165,0.3030003340421455,0.6969996659578546,9.0,msa,108.59706688481825,0.4129166041247841,surface,0,134,True,True,True,0.4,0.8,0.4,HLA-A03_like,HLA-A03_like,MYPSCCCTK,TTAQGTSMR,0.46,0.46,0.0,PCRTCMTTAQGTSMY,PCRTCMTTAQGTSMR,0.46,0.8,0.34,1.057,1.015,-0.041,16.0,41.0,57.0,internal_motif_model,0,15,15,antibody_interface_mutation,0,9.6,10,-0.0283185840707965,10,1.0009890010989997,8,10,10,Y134R,0.34019820410162904,0.96,0.7,0.0,1.0,0.7321428571428572,1.0,0.5572638367396929,0.5,antibody_interface_mutation;protected_epitope_or_contact,review_manually
631,70,A,L,-2.927551507949829,1.083355367769343,70,139,139,A,0.9568345323741008,0.0,0.0718774674471033,0.9281225325528968,24.0,msa,100.86114630276566,0.78186935118423,surface,4,128,True,True,True,0.45,0.45,0.0,HLA-A03_like,HLA-A03_like,RTCMTTAQG,RTCMTTLQG,0.46,0.46,0.0,GPCRTCMTTAQGTSM,GPCRTCMTTLQGTSM,0.46,0.46,0.0,0.929,0.956,0.027,7.2,24.6,31.8,internal_motif_model,0,15,19,surface_hydrophobic_gain;antibody_interface_mutation,0,10.0,10,0.0176991150442478,10,0.0,10,10,10,A128L,0.41901883293446807,1.0,0.19999999999999996,0.4421052631578948,0.6666666666666667,0.6607142857142857,1.0,0.5559138561032912,0.5,antibody_interface_mutation;protected_epitope_or_contact;surface_hydrophobic_gain,review_manually
632,45,M,L,-1.996384620666504,2.37729076436878,45,139,124,M,0.9838709677419356,0.0,0.0275608534062741,0.972439146593726,24.0,msa,85.68143555633252,0.3825064087336273,surface,4,103,True,False,True,0.95,0.95,0.0,HLA-A02_like,HLA-A02_like,LVLLDYQGM,LVLLDYQGL,0.72,0.72,0.0,LALIFLLVLLDYQGM,LALIFLLVLLDYQGL,0.95,0.95,0.0,1.082,1.142,0.061,0.0,19.8,19.8,internal_motif_model,0,15,19,surface_hydrophobic_gain;antibody_interface_mutation,0,10.0,10,0.0168141592920353,10,0.0,10,10,10,M103L,0.24543534082132046,1.0,0.19999999999999996,0.6526315789473685,0.6666666666666667,0.6607142857142857,1.0,0.554623246232899,0.5,antibody_interface_mutation;protected_epitope_or_contact;surface_hydrophobic_gain,review_manually
633,71,Q,R,-3.1873273849487305,-0.4677563540035123,71,139,139,Q,0.9496402877697842,0.0215827338129496,0.0835009187140195,0.9164990812859805,27.0,msa,178.87347666960216,0.7949932296426763,surface,0,129,True,True,True,0.45,0.45,0.0,HLA-A03_like,HLA-A03_like,RTCMTTAQG,RTCMTTARG,0.46,0.46,0.0,GPCRTCMTTAQGTSM,GPCRTCMTTARGTSM,0.46,0.46,0.0,0.956,0.936,-0.02,12.0,41.0,53.0,internal_motif_model,0,15,15,antibody_interface_mutation,0,9.6,10,-0.0088495575221239,10,0.9999900000999986,8,10,10,Q129R,0.6271029382387763,0.96,0.09999999999999998,0.07017543859649122,1.0,0.7321428571428572,1.0,0.553025107993278,0.6666666666666666,antibody_interface_mutation;protected_epitope_or_contact,review_manually
634,43,Q,C,-3.0275321006774902,-0.4234019888718876,43,139,105,Q,0.961904761904762,0.0,0.0540244319945852,0.9459755680054148,30.0,msa,98.3938902290836,0.4373061787959271,surface,0,101,True,False,True,0.95,0.95,0.0,HLA-A02_like,HLA-A02_like,LVLLDYQGM,LVLLDYCGM,0.72,0.72,0.0,LLLALIFLLVLLDYQ,LLLALIFLLVLLDYC,0.95,0.95,0.0,1.035,1.091,0.057,0.0,33.0,33.0,internal_motif_model,10,15,25,new_cysteine;antibody_interface_mutation,10,9.3,10,0.0530973451327433,10,-0.0099009900990099,8,10,7,Q101C,0.6211527295882957,0.93,0.0,0.42105263157894735,1.0,0.5535714285714286,0.33333333333333337,0.551022518236673,0.6666666666666666,antibody_interface_mutation;new_cysteine;protected_epitope_or_contact,review_manually
635,65,T,A,-2.8117427825927734,1.6681330432803918,65,139,139,T,0.9856115107913668,0.0071942446043165,0.0284685318889823,0.9715314681110176,27.0,msa,81.40631857421567,0.4732925498500911,surface,0,123,True,False,True,0.45,0.45,0.0,HLA-A03_like,HLA-A02_like,RTCMTTAQG,RACMTTAQG,0.46,0.54,0.08,GPCRTCMTTAQGTSM,STTSTGPCRACMTTA,0.46,0.54,0.08,1.058,1.08,0.022,0.0,33.0,33.0,internal_motif_model,0,15,19,surface_hydrophobic_gain;antibody_interface_mutation,0,10.0,10,0.0221238938053097,10,0.0,10,10,10,T123A,0.3405699773797106,1.0,0.09999999999999998,0.42105263157894735,1.0,0.6607142857142857,1.0,0.5504244492321457,0.5,antibody_interface_mutation;protected_epitope_or_contact;surface_hydrophobic_gain,review_manually
636,30,L,C,-3.609772205352783,3.862518588312639,30,139,55,L,1.0,0.0,0.0,1.0,30.0,msa,104.81344579017022,0.5214599293043295,surface,0,88,False,False,False,0.95,0.95,0.0,HLA-A02_like,HLA-A02_like,FIIFLFILL,FLFILCLAL,0.72,0.72,0.0,WMALRRFIIFLFILL,WMALRRFIIFLFILC,0.95,0.95,0.0,1.187,1.21,0.023,0.0,0.0,0.0,internal_motif_model,10,0,10,new_cysteine,10,9.3,10,-0.011504424778761,10,-0.0099009900990099,8,10,7,L88C,0.0461896652324667,0.93,0.0,1.0,1.0,0.8214285714285714,0.33333333333333337,0.5498569401176406,0.6666666666666666,new_cysteine,review_manually
637,65,T,C,-2.210973739624023,-0.3592107448205865,65,139,139,T,0.9856115107913668,0.0,0.0284685318889823,0.9715314681110176,30.0,msa,81.40631857421567,0.4732925498500911,surface,0,123,True,False,True,0.45,0.35,-0.1,HLA-A03_like,HLA-B07_like,RTCMTTAQG,GPCRCCMTT,0.46,0.46,0.0,GPCRTCMTTAQGTSM,GPCRCCMTTAQGTSM,0.46,0.46,0.0,1.058,1.13,0.072,0.0,33.0,33.0,internal_motif_model,10,15,25,new_cysteine;antibody_interface_mutation,10,9.3,10,0.0283185840707964,10,-0.0099009900990099,8,10,7,T123C,0.6125413720701416,0.93,0.0,0.42105263157894735,1.0,0.5535714285714286,0.33333333333333337,0.5488696788571344,0.6666666666666666,antibody_interface_mutation;new_cysteine;protected_epitope_or_contact,review_manually
638,69,T,V,-3.088531732559204,2.2008447127282125,69,139,139,P,0.1223021582733813,0.0,0.2539233102813905,0.7460766897186095,12.0,msa,59.26653496746049,0.3445728777177935,partial,0,127,True,True,True,0.45,0.8,0.35,HLA-A03_like,HLA-B07_like,RTCMTTAQG,GPCRTCMTV,0.46,0.46,0.0,GPCRTCMTTAQGTSM,GPCRTCMTVAQGTSM,0.46,0.8,0.34,1.001,1.069,0.068,16.0,36.0,52.0,internal_motif_model,0,15,15,antibody_interface_mutation,0,10.0,10,0.043362831858407,10,0.0,10,10,10,T127V,0.26910585937567766,1.0,0.6,0.08771929824561409,1.0,0.7321428571428572,1.0,0.5480346102073279,0.5,antibody_interface_mutation;protected_epitope_or_contact,review_manually
639,104,L,G,-2.5914783477783203,4.305385519754623,104,139,139,L,1.0,0.0,0.0,1.0,30.0,msa,77.01586744260025,0.3831635196149266,surface,0,162,True,False,False,0.5,0.5,0.0,HLA-A02_like,HLA-A03_like,FGKFLWEWA,FGWEWASAR,0.72,0.64,-0.08,IPSSWAFGKFLWEWA,IPSSWAFGKFGWEWA,0.72,0.64,-0.08,0.969,0.915,-0.054,0.0,13.0,13.0,internal_motif_model,0,0,4,new_glycine,0,10.0,10,-0.0371681415929203,10,0.0,10,10,10,L162G,0.0,1.0,0.0,0.7719298245614035,1.0,0.9285714285714286,1.0,0.5472431077694236,0.6666666666666666,new_glycine,review_manually
640,11,L,F,-3.052138566970825,3.5414797454318148,11,139,48,L,1.0,0.0,0.0,1.0,30.0,msa,83.13649417951248,0.4136143989030472,surface,4,39,False,False,False,0.9,0.5,-0.4,HLA-A02_like,HLA-A03_like,SLDSWWTSL,WWTSFNFYR,0.72,0.72,0.0,QSLDSWWTSLNFYRW,QSLDSWWTSFNFYRW,0.9,0.72,-0.18,1.013,0.99,-0.023,10.0,0.0,10.0,internal_motif_model,0,0,4,surface_hydrophobic_gain,0,10.0,10,-0.0088495575221239,10,0.0,10,10,10,L39F,0.08925753677974224,1.0,0.0,0.8245614035087719,0.6666666666666667,0.9285714285714286,1.0,0.5467504744204995,0.6666666666666666,surface_hydrophobic_gain,review_manually
641,48,V,A,-2.8998818397521973,4.175278789503835,48,139,137,V,1.0,0.0,0.0,1.0,24.0,msa,33.67742085714046,0.1935483957306923,partial,0,106,True,False,True,0.8,0.8,0.0,HLA-A02_like,HLA-A02_like,GMLPVCPLI,GMLPACPLI,0.72,0.72,0.0,IFLLVLLDYQGMLPV,IFLLVLLDYQGMLPA,0.8,0.8,0.0,1.178,1.133,-0.046,0.0,16.8,16.8,internal_motif_model,0,15,15,antibody_interface_mutation,0,10.0,10,-0.0212389380530973,10,0.0,10,10,10,V106A,0.004232386639225649,1.0,0.19999999999999996,0.7052631578947368,1.0,0.7321428571428572,1.0,0.5453250139530395,0.5,antibody_interface_mutation;protected_epitope_or_contact,review_manually
642,52,I,F,-3.329458713531494,2.7646746625596563,52,139,139,I,0.8705035971223022,0.0,0.1379338564278194,0.8620661435721806,22.0,msa,84.70497829411434,0.4299745091071794,surface,4,110,True,False,False,0.8,0.5,-0.3,HLA-A02_like,HLA-B07_like,GMLPVCPLI,FPGSSTTST,0.46,0.46,0.0,VLLDYQGMLPVCPLI,VLLDYQGMLPVCPLF,0.8,0.5,-0.3,1.118,1.11,-0.009,18.0,13.0,31.0,internal_motif_model,0,0,4,surface_hydrophobic_gain,0,10.0,10,-0.0150442477876106,10,0.0,10,10,10,I110F,0.19346717454880225,1.0,0.2666666666666667,0.45614035087719296,0.6666666666666667,0.9285714285714286,1.0,0.5391186733364487,0.5,predicted_tcell_epitope_loss;surface_hydrophobic_gain,review_manually
643,56,S,L,-3.205104351043701,3.464747064382692,56,139,139,S,0.920863309352518,0.0,0.1196530392664537,0.8803469607335462,30.0,msa,118.9558780406117,0.7674572776813657,surface,4,114,True,False,False,0.8,0.85,0.05,HLA-A03_like,HLA-A03_like,STTSTGPCR,LTTSTGPCR,0.46,0.46,0.0,YQGMLPVCPLIPGSS,YQGMLPVCPLIPGSL,0.8,0.85,0.05,0.97,1.004,0.034,0.0,13.0,13.0,internal_motif_model,0,0,4,surface_hydrophobic_gain,0,10.0,10,0.0407079646017699,10,0.0,10,10,10,S114L,0.09955134802465904,1.0,0.0,0.7719298245614035,0.6666666666666667,0.9285714285714286,1.0,0.538797611442255,0.6666666666666666,surface_hydrophobic_gain,review_manually
644,69,T,G,-2.7392373085021973,2.6946511032278977,69,139,139,P,0.1223021582733813,0.0,0.2539233102813905,0.7460766897186095,12.0,msa,59.26653496746049,0.3445728777177935,partial,0,127,True,True,True,0.45,0.4,-0.05,HLA-A03_like,HLA-A02_like,RTCMTTAQG,MTGAQGTSM,0.46,0.46,0.0,GPCRTCMTTAQGTSM,GPCRTCMTGAQGTSM,0.46,0.46,0.0,1.001,0.996,-0.005,12.0,36.0,48.0,internal_motif_model,0,15,19,new_glycine;antibody_interface_mutation,0,10.0,10,0.0026548672566371,10,0.0,10,10,10,T127G,0.20286094644107977,1.0,0.6,0.1578947368421053,1.0,0.6607142857142857,1.0,0.5383656125501196,0.5,antibody_interface_mutation;new_glycine;protected_epitope_or_contact,review_manually
645,56,S,C,-2.342097520828247,2.8785395228576363,56,139,139,S,0.920863309352518,0.0,0.1196530392664537,0.8803469607335462,30.0,msa,118.9558780406117,0.7674572776813657,surface,0,114,True,False,False,0.8,0.7,-0.1,HLA-A03_like,HLA-A03_like,STTSTGPCR,CTTSTGPCR,0.46,0.46,0.0,YQGMLPVCPLIPGSS,YQGMLPVCPLIPGSC,0.8,0.7,-0.1,0.97,1.027,0.057,0.0,13.0,13.0,internal_motif_model,10,0,10,new_cysteine,10,9.3,10,0.0292035398230088,10,-0.0099009900990099,8,10,7,S114C,0.17819202238012122,0.93,0.0,0.7719298245614035,1.0,0.8214285714285714,0.33333333333333337,0.5372434943168349,0.5,new_cysteine,review_manually
646,85,S,R,-3.0770974159240723,1.864200529045661,85,139,139,T,0.4316546762589928,0.0,0.309168634403574,0.690831365596426,12.0,msa,133.17931311603334,0.8592213749421506,surface,0,143,True,True,True,0.35,0.8,0.45,HLA-A03_like,HLA-A03_like,PSCCCTKPS,PSCCCTKPR,0.28,0.28,0.0,KPSDGNCTCIPIPSS,KPRDGNCTCIPIPSS,0.35,0.8,0.45,0.919,0.899,-0.02,16.0,41.0,57.0,internal_motif_model,0,15,15,antibody_interface_mutation,0,9.6,10,-0.0327433628318584,10,0.9999900000999986,8,10,10,S143R,0.3142672122197,0.96,0.6,0.0,1.0,0.7321428571428572,1.0,0.5357810887692107,0.5,antibody_interface_mutation;protected_epitope_or_contact,review_manually
647,85,S,V,-2.8264319896698,1.3172182800051644,85,139,139,T,0.4316546762589928,0.0,0.309168634403574,0.690831365596426,12.0,msa,133.17931311603334,0.8592213749421506,surface,4,143,True,True,True,0.35,0.7,0.35,HLA-A03_like,HLA-A02_like,PSCCCTKPS,PVDGNCTCI,0.28,0.28,0.0,KPSDGNCTCIPIPSS,KPVDGNCTCIPIPSS,0.35,0.7,0.35,0.919,0.972,0.053,12.0,41.0,53.0,internal_motif_model,0,15,19,surface_hydrophobic_gain;antibody_interface_mutation,0,10.0,10,0.0442477876106194,10,0.0,10,10,10,S143V,0.3876457511806721,1.0,0.6,0.07017543859649122,0.6666666666666667,0.6607142857142857,1.0,0.5336846207525615,0.5,antibody_interface_mutation;protected_epitope_or_contact;surface_hydrophobic_gain,review_manually
648,75,M,V,-3.1022119522094727,2.948882837971553,75,139,139,M,0.8992805755395683,0.0,0.1457327329274661,0.8542672670725339,16.0,msa,172.79632957501562,0.7714121856027483,surface,4,133,True,True,True,0.4,0.4,0.0,HLA-A02_like,HLA-A02_like,MTTAQGTSM,MTTAQGTSV,0.46,0.46,0.0,GPCRTCMTTAQGTSM,GPCRTCMTTAQGTSV,0.46,0.46,0.0,0.98,1.059,0.08,7.2,24.6,31.8,internal_motif_model,0,15,19,surface_hydrophobic_gain;antibody_interface_mutation,0,10.0,10,0.0203539823008849,10,0.0,10,10,10,M133V,0.16875535474093362,1.0,0.4666666666666667,0.4421052631578948,0.6666666666666667,0.6607142857142857,1.0,0.5333479865549077,0.5,antibody_interface_mutation;protected_epitope_or_contact;surface_hydrophobic_gain,review_manually
649,65,T,R,-2.856180191040039,1.356187390075803,65,139,139,T,0.9856115107913668,0.0,0.0284685318889823,0.9715314681110176,30.0,msa,81.40631857421567,0.4732925498500911,surface,0,123,True,False,True,0.45,0.8,0.35,HLA-A03_like,HLA-A03_like,RTCMTTAQG,TTSTGPCRR,0.46,0.46,0.0,GPCRTCMTTAQGTSM,GPCRRCMTTAQGTSM,0.46,0.8,0.34,1.058,1.053,-0.005,4.0,33.0,37.0,internal_motif_model,0,15,15,antibody_interface_mutation,0,9.6,10,-0.0336283185840708,10,0.9999900000999986,8,10,10,T123R,0.3824179830645974,0.96,0.0,0.3508771929824561,1.0,0.7321428571428572,1.0,0.5329942200769263,0.5,antibody_interface_mutation;protected_epitope_or_contact,review_manually
650,85,S,C,-2.640980958938598,0.7147083165015715,85,139,139,T,0.4316546762589928,0.0,0.309168634403574,0.690831365596426,12.0,msa,133.17931311603334,0.8592213749421506,surface,0,143,True,True,True,0.35,0.35,0.0,HLA-A03_like,HLA-A03_like,PSCCCTKPS,PSCCCTKPC,0.28,0.28,0.0,KPSDGNCTCIPIPSS,KPCDGNCTCIPIPSS,0.35,0.35,0.0,0.919,0.976,0.057,12.0,41.0,53.0,internal_motif_model,10,15,25,new_cysteine;antibody_interface_mutation,10,9.3,10,0.0292035398230088,10,-0.0099009900990099,8,10,7,S143C,0.4684734213818107,0.93,0.6,0.07017543859649122,1.0,0.5535714285714286,0.33333333333333337,0.5326772525885605,0.5,antibody_interface_mutation;new_cysteine;protected_epitope_or_contact,review_manually
651,55,S,V,-3.14646577835083,3.228881172645629,55,139,139,S,0.9280575539568344,0.0,0.0941412500040876,0.9058587499959124,30.0,msa,77.66939411277062,0.5010928652436815,surface,4,113,True,False,False,0.45,0.8,0.35,HLA-B07_like,HLA-A02_like,IPGSSTTST,PVCPLIPGV,0.46,0.46,0.0,DYQGMLPVCPLIPGS,DYQGMLPVCPLIPGV,0.46,0.8,0.34,0.99,1.043,0.053,4.0,13.0,17.0,internal_motif_model,0,0,4,surface_hydrophobic_gain,0,10.0,10,0.0442477876106194,10,0.0,10,10,10,S113V,0.13119313266529942,1.0,0.0,0.7017543859649122,0.6666666666666667,0.9285714285714286,1.0,0.5326729698831169,0.6666666666666666,surface_hydrophobic_gain,review_manually
652,73,T,G,-2.6872925758361816,0.8557633739335131,73,139,139,T,0.8776978417266187,0.0,0.1387927954342322,0.8612072045657677,22.0,msa,122.97880053086897,0.7149930263422615,surface,0,131,True,True,True,0.4,0.4,0.0,HLA-A02_like,HLA-A02_like,MTTAQGTSM,MTTAQGGSM,0.46,0.46,0.0,GPCRTCMTTAQGTSM,GPCRTCMTTAQGGSM,0.46,0.46,0.0,0.98,0.975,-0.005,12.0,41.0,53.0,internal_motif_model,0,15,19,new_glycine;antibody_interface_mutation,0,10.0,10,0.0026548672566371,10,0.0,10,10,10,T131G,0.4495506610078345,1.0,0.2666666666666667,0.07017543859649122,1.0,0.6607142857142857,1.0,0.5324941815426855,0.5,antibody_interface_mutation;new_glycine;protected_epitope_or_contact,review_manually
653,82,T,A,-3.0762903690338135,0.4331834779118537,82,139,139,T,0.9280575539568344,0.0,0.0941412500040876,0.9058587499959124,30.0,msa,58.16691470685098,0.3381797366677382,partial,0,140,True,True,True,0.4,0.7,0.3,HLA-A03_like,HLA-A02_like,MYPSCCCTK,SMYPSCCCA,0.28,0.28,0.0,TTAQGTSMYPSCCCT,TTAQGTSMYPSCCCA,0.4,0.7,0.3,1.164,1.187,0.022,12.0,36.0,48.0,internal_motif_model,0,15,15,antibody_interface_mutation,0,10.0,10,0.0221238938053097,10,0.0,10,10,10,T140A,0.5062404263864055,1.0,0.0,0.1578947368421053,1.0,0.7321428571428572,1.0,0.5313533396793082,0.5,antibody_interface_mutation;protected_epitope_or_contact,review_manually
654,70,A,P,-2.512260675430298,-1.3403564221049464,70,139,139,A,0.9568345323741008,0.0,0.0718774674471033,0.9281225325528968,30.0,msa,100.86114630276566,0.78186935118423,surface,0,128,True,True,True,0.45,0.4,-0.05,HLA-A03_like,HLA-A02_like,RTCMTTAQG,MTTPQGTSM,0.46,0.28,-0.18,GPCRTCMTTAQGTSM,GPCRTCMTTPQGTSM,0.46,0.4,-0.06,0.929,0.929,0.0,12.0,41.0,53.0,internal_motif_model,0,15,23,new_proline;antibody_interface_mutation,5,9.2,10,-0.0300884955752212,10,0.0,6,10,10,A128P,0.744163625686766,0.9199999999999999,0.0,0.07017543859649122,1.0,0.5892857142857143,0.6666666666666667,0.5303378989028945,0.6666666666666666,antibody_interface_mutation;new_proline;protected_epitope_or_contact,review_manually
655,42,Y,I,-2.7654855251312256,3.7430483497563785,42,139,55,Y,0.9636363636363636,0.0,0.0605579893382868,0.9394420106617132,30.0,msa,112.88290298106912,0.4292125588633806,surface,4,100,True,False,False,0.95,0.95,0.0,HLA-A02_like,HLA-A02_like,LVLLDYQGM,LVLLDIQGM,0.72,0.72,0.0,ILLLALIFLLVLLDY,ILLLALIFLLVLLDI,0.95,0.95,0.0,1.035,1.033,-0.001,0.0,13.0,13.0,internal_motif_model,0,0,4,surface_hydrophobic_gain,0,10.0,10,0.0513274336283186,10,0.000999000999001,10,10,10,Y100I,0.062216787812688135,1.0,0.0,0.7719298245614035,0.6666666666666667,0.9285714285714286,1.0,0.5294639713892623,0.6666666666666666,surface_hydrophobic_gain,review_manually
656,83,K,V,-3.005061149597168,-1.2396516581788433,83,139,139,K,1.0,0.0,0.0,1.0,30.0,msa,133.64582705872084,0.5662958773674612,surface,4,141,True,True,True,0.4,0.4,0.0,HLA-A03_like,HLA-A02_like,MYPSCCCTK,MYPSCCCTV,0.28,0.28,0.0,TAQGTSMYPSCCCTK,TAQGTSMYPSCCCTV,0.4,0.4,0.0,1.086,1.151,0.065,12.0,41.0,53.0,internal_motif_model,0,15,19,surface_hydrophobic_gain;antibody_interface_mutation,0,10.0,10,0.0716814159292035,10,-0.9990009990009988,10,10,10,K141V,0.7306539213841681,1.0,0.0,0.07017543859649122,0.6666666666666667,0.6607142857142857,1.0,0.5294366633034355,0.6666666666666666,antibody_interface_mutation;protected_epitope_or_contact;surface_hydrophobic_gain,review_manually
657,72,G,N,-4.605891227722168,0.4215496032807948,72,139,139,G,0.9640287769784172,0.0071942446043165,0.0631245876099252,0.9368754123900748,27.0,msa,44.26007677268751,0.4255776612758414,surface,0,130,True,True,True,0.45,0.5,0.05,HLA-A03_like,HLA-A02_like,RTCMTTAQG,MTTAQNTSM,0.46,0.54,0.08,GPCRTCMTTAQGTSM,GPCRTCMTTAQNTSM,0.46,0.54,0.08,0.944,0.93,-0.014,12.0,41.0,53.0,internal_motif_model,0,15,15,antibody_interface_mutation,0,10.0,10,-0.027433628318584,10,0.0,10,10,10,G130N,0.5078011291777296,1.0,0.09999999999999998,0.07017543859649122,1.0,0.7321428571428572,1.0,0.5291996557280163,0.5,antibody_interface_mutation;protected_epitope_or_contact,review_manually
658,57,T,V,-3.1829233169555664,3.858216693120852,57,139,139,T,0.9928057553956836,0.0,0.0142429670997965,0.9857570329002034,30.0,msa,63.96850642660588,0.3719099210849179,surface,4,115,True,False,False,0.8,0.8,0.0,HLA-A03_like,HLA-B07_like,STTSTGPCR,CPLIPGSSV,0.46,0.46,0.0,QGMLPVCPLIPGSST,QGMLPVCPLIPGSSV,0.8,0.8,0.0,0.948,1.016,0.068,0.0,13.0,13.0,internal_motif_model,0,0,4,surface_hydrophobic_gain,0,10.0,10,0.043362831858407,10,0.0,10,10,10,T115V,0.04676677131678719,1.0,0.0,0.7719298245614035,0.6666666666666667,0.9285714285714286,1.0,0.5256014672652871,0.6666666666666666,surface_hydrophobic_gain,review_manually
659,73,T,L,-2.840988874435425,0.1088795004032476,73,139,139,T,0.8776978417266187,0.0,0.1387927954342322,0.8612072045657677,22.0,msa,122.97880053086897,0.7149930263422615,surface,4,131,True,True,True,0.4,0.45,0.05,HLA-A02_like,HLA-A02_like,MTTAQGTSM,TCMTTAQGL,0.46,0.46,0.0,GPCRTCMTTAQGTSM,GPCRTCMTTAQGLSM,0.46,0.46,0.0,0.98,1.029,0.049,12.0,41.0,53.0,internal_motif_model,0,15,19,surface_hydrophobic_gain;antibody_interface_mutation,0,10.0,10,0.0398230088495574,10,0.0,10,10,10,T131L,0.5497463209388478,1.0,0.2666666666666667,0.07017543859649122,0.6666666666666667,0.6607142857142857,1.0,0.5242097631921054,0.5,antibody_interface_mutation;protected_epitope_or_contact;surface_hydrophobic_gain,review_manually
660,70,A,G,-2.66890287399292,0.4381619360288482,70,139,139,A,0.9568345323741008,0.0071942446043165,0.0718774674471033,0.9281225325528968,27.0,msa,100.86114630276566,0.78186935118423,surface,0,128,True,True,True,0.45,0.4,-0.05,HLA-A03_like,HLA-A02_like,RTCMTTAQG,MTTGQGTSM,0.46,0.28,-0.18,GPCRTCMTTAQGTSM,GPCRTCMTTGQGTSM,0.46,0.4,-0.06,0.929,0.902,-0.027,12.0,41.0,53.0,internal_motif_model,0,15,19,new_glycine;antibody_interface_mutation,0,10.0,10,-0.0194690265486726,10,0.0,10,10,10,A128G,0.5055725583092527,1.0,0.09999999999999998,0.07017543859649122,1.0,0.6607142857142857,1.0,0.52149965586804,0.5,antibody_interface_mutation;new_glycine;protected_epitope_or_contact,review_manually
661,62,P,A,-2.849606990814209,2.1136110582116316,62,139,139,P,0.9568345323741008,0.0,0.0685482845239413,0.9314517154760588,30.0,msa,79.58942244530917,0.5005624053164098,surface,0,120,True,False,True,0.8,0.8,0.0,HLA-A03_like,HLA-A03_like,STTSTGPCR,STTSTGACR,0.46,0.54,0.08,GPCRTCMTTAQGTSM,STTSTGACRTCMTTA,0.8,0.8,0.0,1.008,1.008,0.0,0.0,33.0,33.0,internal_motif_model,0,15,19,surface_hydrophobic_gain;antibody_interface_mutation,0,10.0,10,0.0300884955752211,10,0.0,10,10,10,P120A,0.28080839291836845,1.0,0.0,0.42105263157894735,1.0,0.6607142857142857,1.0,0.5204840531168101,0.5,antibody_interface_mutation;protected_epitope_or_contact;surface_hydrophobic_gain,review_manually
662,88,N,R,-2.6277544498443604,0.0889811787318137,88,139,139,N,1.0,0.0,0.0,1.0,30.0,msa,125.04428460326874,0.6412527415552243,surface,0,146,True,True,True,0.35,0.35,0.0,HLA-A02_like,HLA-A02_like,DGNCTCIPI,DGRCTCIPI,0.31,0.31,0.0,NCTCIPIPSSWAFGK,RCTCIPIPSSWAFGK,0.35,0.35,0.0,1.037,1.051,0.014,12.0,41.0,53.0,internal_motif_model,0,15,15,antibody_interface_mutation,0,9.6,10,-0.0088495575221239,10,0.9999900000999986,8,10,10,N146R,0.5524157124494251,0.96,0.0,0.07017543859649122,1.0,0.7321428571428572,1.0,0.5193533015459402,0.5,antibody_interface_mutation;protected_epitope_or_contact,review_manually
663,76,Y,L,-2.7491536140441895,2.2313933956692154,76,139,139,F,0.316546762589928,0.0215827338129496,0.3030003340421455,0.6969996659578546,9.0,msa,108.59706688481825,0.4129166041247841,surface,4,134,True,True,True,0.4,0.4,0.0,HLA-A03_like,HLA-A02_like,MYPSCCCTK,MLPSCCCTK,0.46,0.46,0.0,PCRTCMTTAQGTSMY,PCRTCMTTAQGTSML,0.46,0.46,0.0,1.057,1.069,0.013,12.0,41.0,53.0,internal_motif_model,0,15,19,surface_hydrophobic_gain;antibody_interface_mutation,0,10.0,10,0.0451327433628319,10,0.000999000999001,10,10,10,Y134L,0.2650077049559959,1.0,0.7,0.07017543859649122,0.6666666666666667,0.6607142857142857,1.0,0.5180251091963924,0.5,antibody_interface_mutation;protected_epitope_or_contact;surface_hydrophobic_gain,review_manually
664,76,Y,V,-3.12412166595459,1.4239838837117702,76,139,139,F,0.316546762589928,0.0,0.3030003340421455,0.6969996659578546,12.0,msa,108.59706688481825,0.4129166041247841,surface,4,134,True,True,True,0.4,0.85,0.45,HLA-A03_like,HLA-A03_like,MYPSCCCTK,MVPSCCCTK,0.46,0.46,0.0,PCRTCMTTAQGTSMY,PCRTCMTTAQGTSMV,0.46,0.85,0.39,1.057,1.088,0.032,16.0,41.0,57.0,internal_motif_model,0,15,19,surface_hydrophobic_gain;antibody_interface_mutation,0,10.0,10,0.0486725663716813,10,0.000999000999001,10,10,10,Y134V,0.37332297557868577,1.0,0.6,0.0,0.6666666666666667,0.6607142857142857,1.0,0.5160688391327667,0.5,antibody_interface_mutation;protected_epitope_or_contact;surface_hydrophobic_gain,review_manually
665,70,A,N,-3.4117431640625,0.4044294024033377,70,139,139,A,0.9568345323741008,0.0,0.0718774674471033,0.9281225325528968,30.0,msa,100.86114630276566,0.78186935118423,surface,0,128,True,True,True,0.45,0.45,0.0,HLA-A03_like,HLA-A03_like,RTCMTTAQG,RTCMTTNQG,0.46,0.28,-0.18,GPCRTCMTTAQGTSM,GPCRTCMTTNQGTSM,0.46,0.45,-0.01,0.929,0.888,-0.041,12.0,41.0,53.0,internal_motif_model,0,15,15,antibody_interface_mutation,0,10.0,10,-0.0469026548672567,10,0.0,10,10,10,A128N,0.5100978313637875,1.0,0.0,0.07017543859649122,1.0,0.7321428571428572,1.0,0.5147738312745308,0.5,antibody_interface_mutation;protected_epitope_or_contact,review_manually
666,83,K,A,-2.763875961303711,0.1978283861080001,83,139,139,K,1.0,0.0,0.0,1.0,30.0,msa,133.64582705872084,0.5662958773674612,surface,0,141,True,True,True,0.4,0.4,0.0,HLA-A03_like,HLA-A02_like,MYPSCCCTK,MYPSCCCTA,0.28,0.28,0.0,TAQGTSMYPSCCCTK,TAQGTSMYPSCCCTA,0.4,0.4,0.0,1.086,1.106,0.019,12.0,41.0,53.0,internal_motif_model,0,15,19,surface_hydrophobic_gain;antibody_interface_mutation,0,10.0,10,0.0504424778761061,10,-0.9990009990009988,10,10,10,K141A,0.5378136864033201,1.0,0.0,0.07017543859649122,1.0,0.6607142857142857,1.0,0.5145599378915569,0.5,antibody_interface_mutation;protected_epitope_or_contact;surface_hydrophobic_gain,review_manually
667,111,R,F,-2.6177330017089844,4.979919533181516,111,139,139,R,0.9928057553956836,0.0,0.0142429670997965,0.9857570329002034,30.0,msa,161.2357209991473,0.5884515364932383,surface,4,169,True,False,False,0.5,0.5,0.0,HLA-A02_like,HLA-A02_like,FLWEWASAR,FLWEWASAF,0.72,0.72,0.0,SWAFGKFLWEWASAR,SWAFGKFLWEWASAF,0.72,0.72,0.0,1.021,1.064,0.044,0.0,13.0,13.0,internal_motif_model,0,0,4,surface_hydrophobic_gain,0,10.0,10,0.0646017699115044,10,-0.9999900000999986,10,10,10,R169F,0.0,1.0,0.0,0.7719298245614035,0.6666666666666667,0.9285714285714286,1.0,0.5139097744360903,0.6666666666666666,surface_hydrophobic_gain,review_manually
668,93,P,L,-2.840240001678467,4.209644334157275,93,139,138,P,1.0,0.0,0.0,1.0,30.0,msa,66.53782656241775,0.4184768966189796,surface,4,151,True,False,False,0.8,0.8,0.0,HLA-A02_like,HLA-A02_like,CIPIPSSWA,CILIPSSWA,0.46,0.46,0.0,CTCIPIPSSWAFGKF,CTCILIPSSWAFGKF,0.8,0.8,0.0,1.109,1.136,0.027,0.0,13.0,13.0,internal_motif_model,0,0,4,surface_hydrophobic_gain,0,10.0,10,0.047787610619469,10,0.0,10,10,10,P151L,0.0,1.0,0.0,0.7719298245614035,0.6666666666666667,0.9285714285714286,1.0,0.5139097744360903,0.6666666666666666,surface_hydrophobic_gain,review_manually
669,109,S,F,-3.1239662170410156,4.320252473362643,109,139,139,S,1.0,0.0,0.0,1.0,30.0,msa,81.76114261488271,0.5274912426766627,surface,4,167,True,False,False,0.5,0.5,0.0,HLA-A02_like,HLA-A02_like,FLWEWASAR,FLWEWAFAR,0.72,0.72,0.0,PSSWAFGKFLWEWAS,PSSWAFGKFLWEWAF,0.72,0.72,0.0,0.978,0.99,0.011,0.0,13.0,13.0,internal_motif_model,0,0,4,surface_hydrophobic_gain,0,10.0,10,0.031858407079646,10,0.0,10,10,10,S167F,0.0,1.0,0.0,0.7719298245614035,0.6666666666666667,0.9285714285714286,1.0,0.5139097744360903,0.6666666666666666,surface_hydrophobic_gain,review_manually
670,43,Q,F,-1.574679613113403,1.3561279658935916,43,139,105,Q,0.961904761904762,0.0,0.0540244319945852,0.9459755680054148,30.0,msa,98.3938902290836,0.4373061787959271,surface,4,101,True,False,True,0.95,0.95,0.0,HLA-A02_like,HLA-A02_like,LVLLDYQGM,LVLLDYFGM,0.72,0.72,0.0,LLLALIFLLVLLDYQ,LLLALIFLLVLLDYF,0.95,0.95,0.0,1.035,1.045,0.011,0.0,33.0,33.0,internal_motif_model,0,15,19,surface_hydrophobic_gain;antibody_interface_mutation,0,10.0,10,0.0557522123893805,10,0.0,10,10,10,Q101F,0.3824259549131853,1.0,0.0,0.42105263157894735,0.6666666666666667,0.6607142857142857,1.0,0.512555110282181,0.5,antibody_interface_mutation;protected_epitope_or_contact;surface_hydrophobic_gain,review_manually
671,55,S,I,-3.24125599861145,3.845280141289947,55,139,139,S,0.9280575539568344,0.0,0.0941412500040876,0.9058587499959124,30.0,msa,77.66939411277062,0.5010928652436815,surface,4,113,True,False,False,0.45,0.8,0.35,HLA-B07_like,HLA-A02_like,IPGSSTTST,PVCPLIPGI,0.46,0.46,0.0,DYQGMLPVCPLIPGS,DYQGMLPVCPLIPGI,0.46,0.8,0.34,0.99,1.01,0.02,4.0,13.0,17.0,internal_motif_model,0,0,4,surface_hydrophobic_gain,0,10.0,10,0.0469026548672566,10,0.0,10,10,10,S113I,0.048502230327038154,1.0,0.0,0.7017543859649122,0.6666666666666667,0.9285714285714286,1.0,0.5120002442985515,0.6666666666666666,surface_hydrophobic_gain,review_manually
672,78,S,A,-2.868696689605713,0.2749108902208945,78,139,139,S,1.0,0.0,0.0,1.0,30.0,msa,60.48263291729448,0.3902105349502869,surface,0,136,True,True,True,0.4,0.45,0.05,HLA-A03_like,HLA-A02_like,MYPSCCCTK,AQGTSMYPA,0.46,0.46,0.0,RTCMTTAQGTSMYPS,RTCMTTAQGTSMYPA,0.46,0.46,0.0,1.186,1.193,0.007,12.0,41.0,53.0,internal_motif_model,0,15,19,surface_hydrophobic_gain;antibody_interface_mutation,0,10.0,10,0.0230088495575221,10,0.0,10,10,10,S136A,0.5274729458378276,1.0,0.0,0.07017543859649122,1.0,0.6607142857142857,1.0,0.5119747527501837,0.5,antibody_interface_mutation;protected_epitope_or_contact;surface_hydrophobic_gain,review_manually
673,70,A,T,-2.1895334720611572,0.5210623669416918,70,139,139,A,0.9568345323741008,0.0,0.0718774674471033,0.9281225325528968,30.0,msa,100.86114630276566,0.78186935118423,surface,0,128,True,True,True,0.45,0.45,0.0,HLA-A03_like,HLA-A03_like,RTCMTTAQG,RTCMTTTQG,0.46,0.28,-0.18,GPCRTCMTTAQGTSM,GPCRTCMTTTQGTSM,0.46,0.45,-0.01,0.929,0.907,-0.022,12.0,41.0,53.0,internal_motif_model,0,15,15,antibody_interface_mutation,0,10.0,10,-0.0221238938053097,10,0.0,10,10,10,A128T,0.49445133360718907,1.0,0.0,0.07017543859649122,1.0,0.7321428571428572,1.0,0.5108622068353812,0.5,antibody_interface_mutation;protected_epitope_or_contact,review_manually
674,97,S,C,-3.036318302154541,4.45123709672049,97,139,139,S,1.0,0.0,0.0,1.0,30.0,msa,41.1639743807217,0.2655740282627206,partial,0,155,True,False,False,0.8,0.8,0.0,HLA-A02_like,HLA-B07_like,CIPIPSSWA,IPIPSCWAF,0.72,0.72,0.0,IPSSWAFGKFLWEWA,IPSCWAFGKFLWEWA,0.8,0.8,0.0,1.041,1.098,0.057,0.0,8.0,8.0,internal_motif_model,10,0,10,new_cysteine,10,9.3,10,0.0292035398230088,10,-0.0099009900990099,8,10,7,S155C,0.0,0.93,0.0,0.8596491228070176,1.0,0.8214285714285714,0.33333333333333337,0.5102393483709273,0.5,new_cysteine,review_manually
675,64,R,V,-3.223395347595215,0.7348645524748463,64,139,139,R,0.8345323741007195,0.0,0.1497551184645261,0.850244881535474,22.0,msa,187.49126744225867,0.6842746986943747,surface,4,122,True,False,True,0.8,0.45,-0.35,HLA-A03_like,HLA-A03_like,STTSTGPCR,VTCMTTAQG,0.46,0.46,0.0,GPCRTCMTTAQGTSM,GPCVTCMTTAQGTSM,0.8,0.46,-0.34,1.053,1.126,0.073,18.0,33.0,51.0,internal_motif_model,0,15,19,surface_hydrophobic_gain;antibody_interface_mutation,0,10.0,10,0.0769911504424778,10,-0.9999900000999986,10,10,10,R122V,0.465769430257298,1.0,0.2666666666666667,0.10526315789473684,0.6666666666666667,0.6607142857142857,1.0,0.5102330843813672,0.3333333333333333,antibody_interface_mutation;predicted_tcell_epitope_loss;protected_epitope_or_contact;surface_hydrophobic_gain,review_manually
676,88,N,V,-3.189798355102539,-0.633507090812202,88,139,139,N,1.0,0.0,0.0,1.0,30.0,msa,125.04428460326874,0.6412527415552243,surface,4,146,True,True,True,0.35,0.35,0.0,HLA-A02_like,HLA-A02_like,DGNCTCIPI,DGVCTCIPI,0.31,0.31,0.0,NCTCIPIPSSWAFGK,VCTCIPIPSSWAFGK,0.35,0.35,0.0,1.037,1.124,0.087,12.0,41.0,53.0,internal_motif_model,0,15,19,surface_hydrophobic_gain;antibody_interface_mutation,0,10.0,10,0.0681415929203539,10,0.0,10,10,10,N146V,0.6493386632921241,1.0,0.0,0.07017543859649122,0.6666666666666667,0.6607142857142857,1.0,0.5091078487804245,0.6666666666666666,antibody_interface_mutation;protected_epitope_or_contact;surface_hydrophobic_gain,review_manually
677,88,N,L,-2.726871967315674,-0.5808395408071192,88,139,139,N,1.0,0.0,0.0,1.0,30.0,msa,125.04428460326874,0.6412527415552243,surface,4,146,True,True,True,0.35,0.35,0.0,HLA-A02_like,HLA-A02_like,DGNCTCIPI,DGLCTCIPI,0.31,0.31,0.0,NCTCIPIPSSWAFGK,LCTCIPIPSSWAFGK,0.35,0.35,0.0,1.037,1.105,0.068,12.0,41.0,53.0,internal_motif_model,0,15,19,surface_hydrophobic_gain;antibody_interface_mutation,0,10.0,10,0.0646017699115044,10,0.0,10,10,10,N146L,0.6422732276645398,1.0,0.0,0.07017543859649122,0.6666666666666667,0.6607142857142857,1.0,0.5073414898735285,0.6666666666666666,antibody_interface_mutation;protected_epitope_or_contact;surface_hydrophobic_gain,review_manually
678,100,F,G,-2.704220771789551,3.516294932962751,100,139,139,F,0.9784172661870504,0.0,0.0393473844179827,0.9606526155820172,30.0,msa,85.74160333883407,0.3572566805784752,surface,0,158,True,False,False,0.8,0.45,-0.35,HLA-B07_like,HLA-A02_like,IPIPSSWAF,PIPSSWAGG,0.72,0.54,-0.18,IPSSWAFGKFLWEWA,IPSSWAGGKFLWEWA,0.8,0.54,-0.26,0.994,0.963,-0.031,18.0,13.0,31.0,internal_motif_model,0,0,4,new_glycine,0,10.0,10,-0.0283185840707965,10,0.0,10,10,10,F158G,0.09263611944166183,1.0,0.0,0.45614035087719296,1.0,0.9285714285714286,1.0,0.507244242892997,0.5,new_glycine;predicted_tcell_epitope_loss,review_manually
679,70,A,I,-3.30416202545166,2.568253468011875,70,139,139,A,0.9568345323741008,0.0,0.0718774674471033,0.9281225325528968,24.0,msa,100.86114630276566,0.78186935118423,surface,4,128,True,True,True,0.45,0.45,0.0,HLA-A03_like,HLA-A03_like,RTCMTTAQG,RTCMTTIQG,0.46,0.46,0.0,GPCRTCMTTAQGTSM,GPCRTCMTTIQGTSM,0.46,0.46,0.0,0.929,0.942,0.013,7.2,24.6,31.8,internal_motif_model,0,15,19,surface_hydrophobic_gain;antibody_interface_mutation,0,10.0,10,0.0238938053097345,10,0.0,10,10,10,A128I,0.2198173903047398,1.0,0.19999999999999996,0.4421052631578948,0.6666666666666667,0.6607142857142857,1.0,0.5061134954458592,0.5,antibody_interface_mutation;protected_epitope_or_contact;surface_hydrophobic_gain,review_manually
680,74,S,R,-3.423201084136963,0.4856910142661093,74,139,139,S,1.0,0.0,0.0,1.0,30.0,msa,89.75414600696385,0.579059006496541,surface,0,132,True,True,True,0.4,0.4,0.0,HLA-A02_like,HLA-A02_like,MTTAQGTSM,MTTAQGTRM,0.46,0.46,0.0,GPCRTCMTTAQGTSM,GPCRTCMTTAQGTRM,0.46,0.46,0.0,0.98,0.96,-0.02,12.0,41.0,53.0,internal_motif_model,0,15,15,antibody_interface_mutation,0,9.6,10,-0.0327433628318584,10,0.9999900000999986,8,10,10,S132R,0.4991964568446624,0.96,0.0,0.07017543859649122,1.0,0.7321428571428572,1.0,0.5060484876447495,0.5,antibody_interface_mutation;protected_epitope_or_contact,review_manually
681,93,P,C,-2.411022186279297,3.8178693906267824,93,139,138,P,1.0,0.0,0.0,1.0,30.0,msa,66.53782656241775,0.4184768966189796,surface,0,151,True,False,False,0.8,0.7,-0.1,HLA-A02_like,HLA-A02_like,CIPIPSSWA,CICIPSSWA,0.46,0.46,0.0,CTCIPIPSSWAFGKF,CTCICIPSSWAFGKF,0.8,0.7,-0.1,1.109,1.159,0.05,0.0,13.0,13.0,internal_motif_model,10,0,10,new_cysteine,10,9.3,10,0.036283185840708,10,-0.0099009900990099,8,10,7,P151C,0.05217942613917803,0.93,0.0,0.7719298245614035,1.0,0.8214285714285714,0.33333333333333337,0.505740345256599,0.5,new_cysteine,review_manually
682,55,S,L,-2.8656954765319824,4.0341154135427075,55,139,139,S,0.9280575539568344,0.0,0.0941412500040876,0.9058587499959124,30.0,msa,77.66939411277062,0.5010928652436815,surface,4,113,True,False,False,0.45,0.8,0.35,HLA-B07_like,HLA-A02_like,IPGSSTTST,PVCPLIPGL,0.46,0.46,0.0,DYQGMLPVCPLIPGS,DYQGMLPVCPLIPGL,0.46,0.8,0.34,0.99,1.024,0.034,4.0,13.0,17.0,internal_motif_model,0,0,4,surface_hydrophobic_gain,0,10.0,10,0.0407079646017699,10,0.0,10,10,10,S113L,0.02316967811622761,1.0,0.0,0.7017543859649122,0.6666666666666667,0.9285714285714286,1.0,0.5056671062458489,0.6666666666666666,surface_hydrophobic_gain,review_manually
683,65,T,I,-3.325562000274658,2.029434736173243,65,139,139,T,0.9856115107913668,0.0071942446043165,0.0284685318889823,0.9715314681110176,27.0,msa,81.40631857421567,0.4732925498500911,surface,4,123,True,False,True,0.45,0.45,0.0,HLA-A03_like,HLA-A02_like,RTCMTTAQG,RICMTTAQG,0.46,0.54,0.08,GPCRTCMTTAQGTSM,STTSTGPCRICMTTA,0.46,0.54,0.08,1.058,1.093,0.035,0.0,33.0,33.0,internal_motif_model,0,15,19,surface_hydrophobic_gain;antibody_interface_mutation,0,10.0,10,0.0460176991150441,10,0.0,10,10,10,T123I,0.29210078044487475,1.0,0.09999999999999998,0.42105263157894735,0.6666666666666667,0.6607142857142857,1.0,0.5049738166651034,0.5,antibody_interface_mutation;protected_epitope_or_contact;surface_hydrophobic_gain,review_manually
684,75,M,C,-2.072636604309082,0.088133012009564,75,139,139,M,0.8992805755395683,0.0,0.1457327329274661,0.8542672670725339,22.0,msa,172.79632957501562,0.7714121856027483,surface,0,133,True,True,True,0.4,0.4,0.0,HLA-A02_like,HLA-A03_like,MTTAQGTSM,MTTAQGTSC,0.46,0.36,-0.1,GPCRTCMTTAQGTSM,GPCRTCMTTAQGTSC,0.46,0.4,-0.06,0.98,1.063,0.084,12.0,41.0,53.0,internal_motif_model,10,15,25,new_cysteine;antibody_interface_mutation,10,9.3,10,0.0053097345132743,10,-0.0099009900990099,8,10,7,M133C,0.5525294953646536,0.93,0.2666666666666667,0.07017543859649122,1.0,0.5535714285714286,0.33333333333333337,0.5036912710842713,0.5,antibody_interface_mutation;new_cysteine;protected_epitope_or_contact,review_manually
685,47,P,S,-2.330817222595215,2.8489297865139633,47,139,134,P,1.0,0.0,0.0,1.0,30.0,msa,60.20945258650893,0.3786758024308737,surface,0,105,True,False,True,0.8,0.8,0.0,HLA-A02_like,HLA-A02_like,GMLPVCPLI,GMLSVCPLI,0.72,0.72,0.0,LIFLLVLLDYQGMLP,LIFLLVLLDYQGMLS,0.8,0.8,0.0,1.125,1.117,-0.007,0.0,33.0,33.0,internal_motif_model,0,15,15,antibody_interface_mutation,0,10.0,10,0.007079646017699,10,0.0,10,10,10,P105S,0.18216421561990115,1.0,0.0,0.42105263157894735,1.0,0.7321428571428572,1.0,0.5029658659350504,0.5,antibody_interface_mutation;protected_epitope_or_contact,review_manually
686,86,D,V,-3.4215402603149414,-0.4252604995071749,86,139,139,D,0.9568345323741008,0.0,0.0658688907339786,0.9341311092660214,30.0,msa,155.5735405949881,0.8060805212175549,surface,4,144,True,True,True,0.35,0.35,0.0,HLA-A02_like,HLA-A02_like,DGNCTCIPI,SVGNCTCIP,0.28,0.36,0.08,KPSDGNCTCIPIPSS,CCTKPSVGNCTCIPI,0.35,0.36,0.01,0.991,1.064,0.074,12.0,41.0,53.0,internal_motif_model,0,15,19,surface_hydrophobic_gain;antibody_interface_mutation,0,10.0,10,0.0681415929203539,10,0.9988792390601552,10,10,10,D144V,0.6214020517469215,1.0,0.0,0.07017543859649122,0.6666666666666667,0.6607142857142857,1.0,0.5021236958941239,0.6666666666666666,antibody_interface_mutation;protected_epitope_or_contact;surface_hydrophobic_gain,review_manually
687,88,N,G,-2.7815704345703125,0.5860807475764034,88,139,139,N,1.0,0.0,0.0,1.0,30.0,msa,125.04428460326874,0.6412527415552243,surface,0,146,True,True,True,0.35,0.35,0.0,HLA-A02_like,HLA-A02_like,DGNCTCIPI,DGGCTCIPI,0.31,0.31,0.0,NCTCIPIPSSWAFGK,GCTCIPIPSSWAFGK,0.35,0.35,0.0,1.037,1.051,0.014,12.0,41.0,53.0,internal_motif_model,0,15,19,new_glycine;antibody_interface_mutation,0,10.0,10,0.027433628318584,10,0.0,10,10,10,N146G,0.48572901440039107,1.0,0.0,0.07017543859649122,1.0,0.6607142857142857,1.0,0.5015387698908246,0.5,antibody_interface_mutation;new_glycine;protected_epitope_or_contact,review_manually
688,45,M,F,-2.687779426574707,0.6848077368186978,45,139,124,M,0.9838709677419356,0.0,0.0275608534062741,0.972439146593726,30.0,msa,85.68143555633252,0.3825064087336273,surface,4,103,True,False,True,0.95,0.8,-0.15,HLA-A02_like,HLA-A02_like,LVLLDYQGM,VLLDYQGFL,0.72,0.72,0.0,LALIFLLVLLDYQGM,LALIFLLVLLDYQGF,0.95,0.8,-0.15,1.082,1.12,0.038,10.0,33.0,43.0,internal_motif_model,0,15,19,surface_hydrophobic_gain;antibody_interface_mutation,0,10.0,10,0.0079646017699114,10,0.0,10,10,10,M103F,0.47248463171827804,1.0,0.0,0.24561403508771928,0.6666666666666667,0.6607142857142857,1.0,0.4999820601852086,0.5,antibody_interface_mutation;protected_epitope_or_contact;surface_hydrophobic_gain,review_manually
689,87,G,S,-2.136030673980713,1.8488326032900488,87,139,139,G,0.9568345323741008,0.0071942446043165,0.0785358332934273,0.9214641667065726,27.0,msa,32.49615688664947,0.3124630469870141,partial,0,145,True,True,True,0.35,0.35,0.0,HLA-A02_like,HLA-B07_like,DGNCTCIPI,KPSDSNCTC,0.28,0.28,0.0,KPSDGNCTCIPIPSS,KPSDSNCTCIPIPSS,0.35,0.35,0.0,0.988,1.007,0.02,12.0,36.0,48.0,internal_motif_model,0,15,15,antibody_interface_mutation,0,10.0,10,-0.0035398230088495,10,0.0,10,10,10,G145S,0.3163288439102816,1.0,0.09999999999999998,0.1578947368421053,1.0,0.7321428571428572,1.0,0.4988754440602772,0.5,antibody_interface_mutation;protected_epitope_or_contact,review_manually
690,96,S,C,-3.00014328956604,4.090539030662967,96,139,139,S,1.0,0.0,0.0,1.0,30.0,msa,100.89937320217454,0.6509636980785455,surface,0,154,True,False,False,0.8,0.8,0.0,HLA-A02_like,HLA-B07_like,CIPIPSSWA,IPIPCSWAF,0.72,0.72,0.0,IPSSWAFGKFLWEWA,IPCSWAFGKFLWEWA,0.8,0.8,0.0,1.037,1.094,0.057,0.0,13.0,13.0,internal_motif_model,10,0,10,new_cysteine,10,9.3,10,0.0292035398230088,10,-0.0099009900990099,8,10,7,S154C,0.01560036010921606,0.93,0.0,0.7719298245614035,1.0,0.8214285714285714,0.33333333333333337,0.49659557874910853,0.5,new_cysteine,review_manually
691,86,D,A,-2.608149528503418,0.7383570695193384,86,139,139,D,0.9568345323741008,0.0,0.0658688907339786,0.9341311092660214,30.0,msa,155.5735405949881,0.8060805212175549,surface,0,144,True,True,True,0.35,0.35,0.0,HLA-A02_like,HLA-A02_like,DGNCTCIPI,SAGNCTCIP,0.28,0.36,0.08,KPSDGNCTCIPIPSS,CCTKPSAGNCTCIPI,0.35,0.36,0.01,0.991,1.019,0.028,12.0,41.0,53.0,internal_motif_model,0,15,19,surface_hydrophobic_gain;antibody_interface_mutation,0,10.0,10,0.0469026548672566,10,0.9988792390601552,10,10,10,D144A,0.46530090353916287,1.0,0.0,0.07017543859649122,1.0,0.6607142857142857,1.0,0.4964317421755175,0.5,antibody_interface_mutation;protected_epitope_or_contact;surface_hydrophobic_gain,review_manually
692,73,T,C,-1.846359372138977,0.3351431791076322,73,139,139,T,0.8776978417266187,0.0,0.1387927954342322,0.8612072045657677,22.0,msa,122.97880053086897,0.7149930263422615,surface,0,131,True,True,True,0.4,0.4,0.0,HLA-A02_like,HLA-A02_like,MTTAQGTSM,MTTAQGCSM,0.46,0.46,0.0,GPCRTCMTTAQGTSM,GPCRTCMTTAQGCSM,0.46,0.46,0.0,0.98,1.052,0.072,12.0,41.0,53.0,internal_motif_model,10,15,25,new_cysteine;antibody_interface_mutation,10,9.3,10,0.0283185840707964,10,-0.0099009900990099,8,10,7,T131C,0.5193926884537223,0.93,0.2666666666666667,0.07017543859649122,1.0,0.5535714285714286,0.33333333333333337,0.4954070693565384,0.5,antibody_interface_mutation;new_cysteine;protected_epitope_or_contact,review_manually
693,88,N,P,-2.534384250640869,-0.2714494296761245,88,139,139,N,1.0,0.0,0.0,1.0,30.0,msa,125.04428460326874,0.6412527415552243,surface,0,146,True,True,True,0.35,0.35,0.0,HLA-A02_like,HLA-A02_like,DGNCTCIPI,DGPCTCIPI,0.31,0.31,0.0,NCTCIPIPSSWAFGK,PCTCIPIPSSWAFGK,0.35,0.35,0.0,1.037,1.078,0.041,12.0,41.0,53.0,internal_motif_model,0,15,23,new_proline;antibody_interface_mutation,5,9.2,10,0.0168141592920353,10,0.0,6,10,10,N146P,0.6007680520147092,0.9199999999999999,0.0,0.07017543859649122,1.0,0.5892857142857143,0.6666666666666667,0.4944890054848803,0.6666666666666666,antibody_interface_mutation;new_proline;protected_epitope_or_contact,review_manually
694,100,F,T,-2.6387946605682373,4.126663129609142,100,139,139,F,0.9784172661870504,0.0,0.0393473844179827,0.9606526155820172,30.0,msa,85.74160333883407,0.3572566805784752,surface,0,158,True,False,False,0.8,0.45,-0.35,HLA-B07_like,HLA-A02_like,IPIPSSWAF,PIPSSWATG,0.72,0.54,-0.18,IPSSWAFGKFLWEWA,IPSSWATGKFLWEWA,0.8,0.54,-0.26,0.994,0.968,-0.026,18.0,13.0,31.0,internal_motif_model,0,0,0,,0,10.0,10,-0.0309734513274336,10,0.0,10,10,10,F158T,0.010754254761918602,1.0,0.0,0.45614035087719296,1.0,1.0,1.0,0.4939166338659183,0.5,predicted_tcell_epitope_loss,review_manually
695,76,Y,S,-2.114779472351074,3.3631845727817336,76,139,139,F,0.316546762589928,0.0,0.3030003340421455,0.6969996659578546,12.0,msa,108.59706688481825,0.4129166041247841,surface,0,134,True,True,True,0.4,0.85,0.45,HLA-A03_like,HLA-A03_like,MYPSCCCTK,MSPSCCCTK,0.46,0.46,0.0,PCRTCMTTAQGTSMY,PCRTCMTTAQGTSMS,0.46,0.85,0.39,1.057,1.035,-0.021,16.0,41.0,57.0,internal_motif_model,0,15,15,antibody_interface_mutation,0,10.0,10,0.0044247787610619,10,0.000999000999001,10,10,10,Y134S,0.11317611785948889,1.0,0.6,0.0,1.0,0.7321428571428572,1.0,0.49150831517915794,0.5,antibody_interface_mutation;protected_epitope_or_contact,review_manually
696,86,D,G,-2.715829849243164,1.346417166790161,86,139,139,D,0.9568345323741008,0.0071942446043165,0.0658688907339786,0.9341311092660214,27.0,msa,155.5735405949881,0.8060805212175549,surface,0,144,True,True,True,0.35,0.35,0.0,HLA-A02_like,HLA-A02_like,DGNCTCIPI,GGNCTCIPI,0.28,0.28,0.0,KPSDGNCTCIPIPSS,KPSGGNCTCIPIPSS,0.35,0.35,0.0,0.991,0.992,0.001,12.0,41.0,53.0,internal_motif_model,0,15,19,new_glycine;antibody_interface_mutation,0,10.0,10,0.027433628318584,10,0.9988792390601552,10,10,10,D144G,0.3837286740628528,1.0,0.09999999999999998,0.07017543859649122,1.0,0.6607142857142857,1.0,0.49103868480644003,0.5,antibody_interface_mutation;new_glycine;protected_epitope_or_contact,review_manually
697,70,A,R,-3.2928080558776855,0.9492037451072122,70,139,139,A,0.9568345323741008,0.0,0.0718774674471033,0.9281225325528968,30.0,msa,100.86114630276566,0.78186935118423,surface,0,128,True,True,True,0.45,0.45,0.0,HLA-A03_like,HLA-A03_like,RTCMTTAQG,RTCMTTRQG,0.46,0.23,-0.23,GPCRTCMTTAQGTSM,GPCRTCMTTRQGTSM,0.46,0.45,-0.01,0.929,0.902,-0.027,12.0,41.0,53.0,internal_motif_model,0,15,15,antibody_interface_mutation,0,9.6,10,-0.0557522123893805,10,0.9999900000999986,8,10,10,A128R,0.43701548655066613,0.96,0.0,0.07017543859649122,1.0,0.7321428571428572,1.0,0.49050324507125054,0.5,antibody_interface_mutation;protected_epitope_or_contact,review_manually
698,57,T,R,-3.256239891052246,4.361988248977326,57,139,139,T,0.9928057553956836,0.0,0.0142429670997965,0.9857570329002034,30.0,msa,63.96850642660588,0.3719099210849179,surface,0,115,True,False,False,0.8,0.45,-0.35,HLA-A03_like,HLA-B07_like,STTSTGPCR,IPGSSRTST,0.46,0.46,0.0,QGMLPVCPLIPGSST,QGMLPVCPLIPGSSR,0.8,0.46,-0.34,0.948,0.943,-0.005,18.0,13.0,31.0,internal_motif_model,0,0,0,,0,9.6,10,-0.0336283185840708,10,0.9999900000999986,8,10,10,T115R,0.0,0.96,0.0,0.45614035087719296,1.0,1.0,1.0,0.4852280701754386,0.5,predicted_tcell_epitope_loss,review_manually
699,77,P,S,-2.031637668609619,1.299499852974492,77,139,139,P,0.9856115107913668,0.0,0.0284685318889823,0.9715314681110176,30.0,msa,81.02936515489675,0.5096186487729355,surface,0,135,True,True,True,0.4,0.4,0.0,HLA-A03_like,HLA-A03_like,MYPSCCCTK,MYSSCCCTK,0.46,0.46,0.0,CRTCMTTAQGTSMYP,CRTCMTTAQGTSMYS,0.46,0.46,0.0,1.128,1.121,-0.007,12.0,41.0,53.0,internal_motif_model,0,15,15,antibody_interface_mutation,0,10.0,10,0.007079646017699,10,0.0,10,10,10,P135S,0.39002270635696534,1.0,0.0,0.07017543859649122,1.0,0.7321428571428572,1.0,0.48475505002282526,0.5,antibody_interface_mutation;protected_epitope_or_contact,review_manually
700,86,D,W,-3.377650737762451,0.1391032154660081,86,139,139,D,0.9568345323741008,0.0,0.0658688907339786,0.9341311092660214,30.0,msa,155.5735405949881,0.8060805212175549,surface,4,144,True,True,True,0.35,0.4,0.05,HLA-A02_like,HLA-A02_like,DGNCTCIPI,WGNCTCIPI,0.28,0.36,0.08,KPSDGNCTCIPIPSS,CCTKPSWGNCTCIPI,0.35,0.4,0.05,0.991,0.994,0.004,12.0,41.0,53.0,internal_motif_model,0,15,19,surface_hydrophobic_gain;antibody_interface_mutation,0,10.0,10,0.0230088495575221,10,0.9988792390601552,10,10,10,D144W,0.5456917614770581,1.0,0.0,0.07017543859649122,0.6666666666666667,0.6607142857142857,1.0,0.483196123326658,0.5,antibody_interface_mutation;protected_epitope_or_contact;surface_hydrophobic_gain,review_manually
701,46,L,R,-2.9907875061035156,3.8149721470394695,46,139,128,L,1.0,0.0,0.0,1.0,30.0,msa,33.67742085714046,0.1675493574982112,partial,0,104,True,False,True,0.8,0.8,0.0,HLA-A02_like,HLA-A02_like,VLLDYQGML,GMRPVCPLI,0.72,0.72,0.0,ALIFLLVLLDYQGML,ALIFLLVLLDYQGMR,0.8,0.8,0.0,1.118,1.064,-0.054,0.0,28.0,28.0,internal_motif_model,0,15,15,antibody_interface_mutation,0,9.6,10,-0.0734513274336283,10,0.9999900000999986,8,10,10,L104R,0.0525680959759488,0.96,0.0,0.5087719298245614,1.0,0.7321428571428572,1.0,0.4821106956731852,0.5,antibody_interface_mutation;protected_epitope_or_contact,review_manually
702,71,Q,G,-2.7185254096984863,1.3005637620859147,71,139,139,Q,0.9496402877697842,0.0,0.0835009187140195,0.9164990812859805,30.0,msa,178.87347666960216,0.7949932296426763,surface,0,129,True,True,True,0.45,0.45,0.0,HLA-A03_like,HLA-A03_like,RTCMTTAQG,RTCMTTAGG,0.46,0.46,0.0,GPCRTCMTTAQGTSM,GPCRTCMTTAGGTSM,0.46,0.46,0.0,0.956,0.936,-0.02,12.0,41.0,53.0,internal_motif_model,0,15,19,new_glycine;antibody_interface_mutation,0,10.0,10,0.027433628318584,10,0.0,10,10,10,Q129G,0.389879981256982,1.0,0.0,0.07017543859649122,1.0,0.6607142857142857,1.0,0.47757651160497233,0.5,antibody_interface_mutation;new_glycine;protected_epitope_or_contact,review_manually
703,48,V,S,-2.063021659851074,4.609160175299081,48,139,137,V,1.0,0.0,0.0,1.0,30.0,msa,33.67742085714046,0.1935483957306923,partial,0,106,True,False,True,0.8,0.8,0.0,HLA-A02_like,HLA-A02_like,GMLPVCPLI,GMLPSCPLI,0.72,0.72,0.0,IFLLVLLDYQGMLPV,IFLLVLLDYQGMLPS,0.8,0.8,0.0,1.178,1.125,-0.053,0.0,28.0,28.0,internal_motif_model,0,15,15,antibody_interface_mutation,0,10.0,10,-0.0442477876106194,10,0.0,10,10,10,V106S,0.0,1.0,0.0,0.5087719298245614,1.0,0.7321428571428572,1.0,0.474968671679198,0.5,antibody_interface_mutation;protected_epitope_or_contact,review_manually
704,87,G,N,-3.371303081512451,2.1496344786043835,87,139,139,G,0.9568345323741008,0.0,0.0785358332934273,0.9214641667065726,30.0,msa,32.49615688664947,0.3124630469870141,partial,0,145,True,True,True,0.35,0.35,0.0,HLA-A02_like,HLA-B07_like,DGNCTCIPI,KPSDNNCTC,0.28,0.28,0.0,KPSDGNCTCIPIPSS,KPSDNNCTCIPIPSS,0.35,0.35,0.0,0.988,0.974,-0.014,12.0,36.0,48.0,internal_motif_model,0,15,15,antibody_interface_mutation,0,10.0,10,-0.027433628318584,10,0.0,10,10,10,G145N,0.275975793759193,1.0,0.0,0.1578947368421053,1.0,0.7321428571428572,1.0,0.473787181522505,0.5,antibody_interface_mutation;protected_epitope_or_contact,review_manually
705,52,I,C,-2.4829535484313965,4.090967303041566,52,139,139,I,0.8705035971223022,0.0,0.1379338564278194,0.8620661435721806,22.0,msa,84.70497829411434,0.4299745091071794,surface,0,110,True,False,False,0.8,0.45,-0.35,HLA-A02_like,HLA-B07_like,GMLPVCPLI,CPGSSTTST,0.46,0.46,0.0,VLLDYQGMLPVCPLI,VLLDYQGMLPVCPLC,0.8,0.46,-0.34,1.118,1.155,0.037,18.0,13.0,31.0,internal_motif_model,10,0,10,new_cysteine,10,9.3,10,-0.0176991150442478,10,-0.0099009900990099,8,10,7,I110C,0.015542906688242986,0.93,0.2666666666666667,0.45614035087719296,1.0,0.8214285714285714,0.33333333333333337,0.4734233206570232,0.3333333333333333,new_cysteine;predicted_tcell_epitope_loss,review_manually
706,83,K,T,-2.6192448139190674,1.729973954462764,83,139,139,K,1.0,0.0,0.0,1.0,30.0,msa,133.64582705872084,0.5662958773674612,surface,0,141,True,True,True,0.4,0.4,0.0,HLA-A03_like,HLA-B07_like,MYPSCCCTK,YPSCCCTTP,0.28,0.28,0.0,TAQGTSMYPSCCCTK,TAQGTSMYPSCCCTT,0.4,0.4,0.0,1.086,1.083,-0.003,12.0,41.0,53.0,internal_motif_model,0,15,15,antibody_interface_mutation,0,10.0,10,0.0283185840707964,10,-0.9990009990009988,10,10,10,K141T,0.3322739207553178,1.0,0.0,0.07017543859649122,1.0,0.7321428571428572,1.0,0.4703178536224134,0.5,antibody_interface_mutation;protected_epitope_or_contact,review_manually
707,73,T,V,-3.198967456817627,1.757681703727059,73,139,139,T,0.8776978417266187,0.0,0.1387927954342322,0.8612072045657677,22.0,msa,122.97880053086897,0.7149930263422615,surface,4,131,True,True,True,0.4,0.45,0.05,HLA-A02_like,HLA-A02_like,MTTAQGTSM,TCMTTAQGV,0.46,0.46,0.0,GPCRTCMTTAQGTSM,GPCRTCMTTAQGVSM,0.46,0.46,0.0,0.98,1.048,0.068,12.0,41.0,53.0,internal_motif_model,0,15,19,surface_hydrophobic_gain;antibody_interface_mutation,0,10.0,10,0.043362831858407,10,0.0,10,10,10,T131V,0.3285568821083097,1.0,0.2666666666666667,0.07017543859649122,0.6666666666666667,0.6607142857142857,1.0,0.4689124034844709,0.5,antibody_interface_mutation;protected_epitope_or_contact;surface_hydrophobic_gain,review_manually
708,88,N,C,-2.6539306640625,-0.0338405153993051,88,139,139,N,1.0,0.0,0.0,1.0,30.0,msa,125.04428460326874,0.6412527415552243,surface,0,146,True,True,True,0.35,0.35,0.0,HLA-A02_like,HLA-A02_like,DGNCTCIPI,DGCCTCIPI,0.31,0.31,0.0,NCTCIPIPSSWAFGK,CCTCIPIPSSWAFGK,0.35,0.35,0.0,1.037,1.128,0.091,12.0,41.0,53.0,internal_motif_model,10,15,25,new_cysteine;antibody_interface_mutation,10,9.3,10,0.0530973451327433,10,-0.0099009900990099,8,10,7,N146C,0.5688924381272007,0.93,0.0,0.07017543859649122,1.0,0.5535714285714286,0.33333333333333337,0.46778200677490794,0.6666666666666666,antibody_interface_mutation;new_cysteine;protected_epitope_or_contact,review_manually
709,72,G,L,-4.55723237991333,0.6583866111813279,72,139,139,G,0.9640287769784172,0.0,0.0631245876099252,0.9368754123900748,30.0,msa,44.26007677268751,0.4255776612758414,surface,4,130,True,True,True,0.45,0.5,0.05,HLA-A03_like,HLA-A02_like,RTCMTTAQG,MTTAQLTSM,0.46,0.72,0.26,GPCRTCMTTAQGTSM,GPCRTCMTTAQLTSM,0.46,0.72,0.26,0.944,0.998,0.054,12.0,41.0,53.0,internal_motif_model,0,15,19,surface_hydrophobic_gain;antibody_interface_mutation,0,10.0,10,0.0371681415929202,10,0.0,10,10,10,G130L,0.4760290677587078,1.0,0.0,0.07017543859649122,0.6666666666666667,0.6607142857142857,1.0,0.4657804498970704,0.5,antibody_interface_mutation;protected_epitope_or_contact;surface_hydrophobic_gain,review_manually
710,73,T,I,-3.3171849250793457,2.3648712095408655,73,139,139,T,0.8776978417266187,0.014388489208633,0.1387927954342322,0.8612072045657677,19.0,msa,122.97880053086897,0.7149930263422615,surface,4,131,True,True,True,0.4,0.45,0.05,HLA-A02_like,HLA-A02_like,MTTAQGTSM,TCMTTAQGI,0.46,0.46,0.0,GPCRTCMTTAQGTSM,GPCRTCMTTAQGISM,0.46,0.46,0.0,0.98,1.015,0.035,12.0,41.0,53.0,internal_motif_model,0,15,19,surface_hydrophobic_gain;antibody_interface_mutation,0,10.0,10,0.0460176991150441,10,0.0,10,10,10,T131I,0.2471014438610748,1.0,0.3666666666666667,0.07017543859649122,0.6666666666666667,0.6607142857142857,1.0,0.46354854392266215,0.5,antibody_interface_mutation;protected_epitope_or_contact;surface_hydrophobic_gain,review_manually
711,77,P,N,-3.397307872772217,2.052780708605468,77,139,139,P,0.9856115107913668,0.0,0.0284685318889823,0.9715314681110176,30.0,msa,81.02936515489675,0.5096186487729355,surface,0,135,True,True,True,0.4,0.4,0.0,HLA-A03_like,HLA-A03_like,MYPSCCCTK,MYNSCCCTK,0.46,0.46,0.0,CRTCMTTAQGTSMYP,CRTCMTTAQGTSMYN,0.46,0.46,0.0,1.128,1.087,-0.041,12.0,41.0,53.0,internal_motif_model,0,15,15,antibody_interface_mutation,0,10.0,10,-0.0168141592920353,10,0.0,10,10,10,P135N,0.28896888109950325,1.0,0.0,0.07017543859649122,1.0,0.7321428571428572,1.0,0.4594915937084598,0.5,antibody_interface_mutation;protected_epitope_or_contact,review_manually
712,47,P,D,-3.2187399864196777,4.637871016732646,47,139,134,P,1.0,0.0,0.0,1.0,30.0,msa,60.20945258650893,0.3786758024308737,surface,0,105,True,False,True,0.8,0.8,0.0,HLA-A02_like,HLA-A02_like,GMLPVCPLI,GMLDVCPLI,0.72,0.72,0.0,LIFLLVLLDYQGMLP,LIFLLVLLDYQGMLD,0.8,0.8,0.0,1.125,1.096,-0.028,0.0,33.0,33.0,internal_motif_model,0,15,15,antibody_interface_mutation,0,10.0,10,-0.0168141592920353,10,-0.9988792390601552,10,10,10,P105D,0.0,1.0,0.0,0.42105263157894735,1.0,0.7321428571428572,1.0,0.45742481203007523,0.5,antibody_interface_mutation;protected_epitope_or_contact,review_manually
713,78,S,R,-3.1585445404052734,1.9882624033214145,78,139,139,S,1.0,0.0,0.0,1.0,30.0,msa,60.48263291729448,0.3902105349502869,surface,0,136,True,True,True,0.4,0.45,0.05,HLA-A03_like,HLA-A03_like,MYPSCCCTK,AQGTSMYPR,0.46,0.46,0.0,RTCMTTAQGTSMYPS,RTCMTTAQGTSMYPR,0.46,0.46,0.0,1.186,1.166,-0.02,12.0,41.0,53.0,internal_motif_model,0,15,15,antibody_interface_mutation,0,9.6,10,-0.0327433628318584,10,0.9999900000999986,8,10,10,S136R,0.29762411440238734,0.96,0.0,0.07017543859649122,1.0,0.7321428571428572,1.0,0.45565540203418076,0.5,antibody_interface_mutation;protected_epitope_or_contact,review_manually
714,84,P,D,-2.476019859313965,2.7217423256599886,84,139,139,P,1.0,0.0,0.0,1.0,30.0,msa,48.16895944961946,0.3029494305007513,partial,0,142,True,True,True,0.4,0.4,0.0,HLA-B07_like,HLA-B07_like,YPSCCCTKP,YPSCCCTKD,0.28,0.28,0.0,AQGTSMYPSCCCTKP,AQGTSMYPSCCCTKD,0.4,0.4,0.0,1.01,0.981,-0.028,12.0,36.0,48.0,internal_motif_model,0,15,15,antibody_interface_mutation,0,10.0,10,-0.0168141592920353,10,-0.9988792390601552,10,10,10,P142D,0.19922661584950996,1.0,0.0,0.1578947368421053,1.0,0.7321428571428572,1.0,0.45459988704508425,0.5,antibody_interface_mutation;protected_epitope_or_contact,review_manually
715,68,T,G,-2.83785629272461,2.008722903369261,68,139,139,T,0.9424460431654677,0.0,0.0922175486667447,0.9077824513332552,30.0,msa,103.01592700475103,0.5989298081671572,surface,0,126,True,True,True,0.45,0.4,-0.05,HLA-A03_like,HLA-A02_like,RTCMTTAQG,MGTAQGTSM,0.46,0.46,0.0,GPCRTCMTTAQGTSM,GPCRTCMGTAQGTSM,0.46,0.46,0.0,1.006,1.001,-0.005,12.0,41.0,53.0,internal_motif_model,0,15,19,new_glycine;antibody_interface_mutation,0,10.0,10,0.0026548672566371,10,0.0,10,10,10,T126G,0.2948793057681849,1.0,0.0,0.07017543859649122,1.0,0.6607142857142857,1.0,0.45382634273277306,0.5,antibody_interface_mutation;new_glycine;protected_epitope_or_contact,review_manually
716,82,T,C,-1.894979238510132,0.9262163716814767,82,139,139,T,0.9280575539568344,0.0,0.0941412500040876,0.9058587499959124,30.0,msa,58.16691470685098,0.3381797366677382,partial,0,140,True,True,True,0.4,0.4,0.0,HLA-A03_like,HLA-A03_like,MYPSCCCTK,MYPSCCCCK,0.28,0.28,0.0,TTAQGTSMYPSCCCT,TTAQGTSMYPSCCCC,0.4,0.4,0.0,1.164,1.236,0.072,12.0,36.0,48.0,internal_motif_model,10,15,25,new_cysteine;antibody_interface_mutation,10,9.3,10,0.0283185840707964,10,-0.0099009900990099,8,10,7,T140C,0.4400992792687838,0.93,0.0,0.1578947368421053,1.0,0.5535714285714286,0.33333333333333337,0.45312757670942655,0.5,antibody_interface_mutation;new_cysteine;protected_epitope_or_contact,review_manually
717,62,P,G,-2.737820625305176,4.833894022604966,62,139,139,P,0.9568345323741008,0.0,0.0685482845239413,0.9314517154760588,30.0,msa,79.58942244530917,0.5005624053164098,surface,0,120,True,False,True,0.8,0.8,0.0,HLA-A03_like,HLA-A03_like,STTSTGPCR,STTSTGGCR,0.46,0.46,0.0,GPCRTCMTTAQGTSM,GGCRTCMTTAQGTSM,0.8,0.8,0.0,1.008,0.98,-0.027,0.0,33.0,33.0,internal_motif_model,0,15,19,new_glycine;antibody_interface_mutation,0,10.0,10,0.0106194690265486,10,0.0,10,10,10,P120G,0.0,1.0,0.0,0.42105263157894735,1.0,0.6607142857142857,1.0,0.45028195488721806,0.5,antibody_interface_mutation;new_glycine;protected_epitope_or_contact,review_manually
718,65,T,G,-2.785841464996338,4.665801015469697,65,139,139,T,0.9856115107913668,0.0,0.0284685318889823,0.9715314681110176,30.0,msa,81.40631857421567,0.4732925498500911,surface,0,123,True,False,True,0.45,0.35,-0.1,HLA-A03_like,HLA-A03_like,RTCMTTAQG,TTSTGPCRG,0.46,0.46,0.0,GPCRTCMTTAQGTSM,GPCRGCMTTAQGTSM,0.46,0.46,0.0,1.058,1.053,-0.005,0.0,33.0,33.0,internal_motif_model,0,15,19,new_glycine;antibody_interface_mutation,0,10.0,10,0.0026548672566371,10,0.0,10,10,10,T123G,0.0,1.0,0.0,0.42105263157894735,1.0,0.6607142857142857,1.0,0.45028195488721806,0.5,antibody_interface_mutation;new_glycine;protected_epitope_or_contact,review_manually
719,100,F,C,-2.9636569023132324,3.6100229960943295,100,139,139,F,0.9784172661870504,0.0,0.0393473844179827,0.9606526155820172,30.0,msa,85.74160333883407,0.3572566805784752,surface,0,158,True,False,False,0.8,0.45,-0.35,HLA-B07_like,HLA-A02_like,IPIPSSWAF,PIPSSWACG,0.72,0.54,-0.18,IPSSWAFGKFLWEWA,IPSSWACGKFLWEWA,0.8,0.54,-0.26,0.994,1.039,0.046,18.0,13.0,31.0,internal_motif_model,10,0,10,new_cysteine,10,9.3,10,-0.0026548672566371,10,-0.0099009900990099,8,10,7,F158C,0.08006235065062417,0.93,0.0,0.45614035087719296,1.0,0.8214285714285714,0.33333333333333337,0.4495531816476185,0.3333333333333333,new_cysteine;predicted_tcell_epitope_loss,review_manually
720,72,G,Q,-4.848905086517334,2.49101591711215,72,139,139,G,0.9640287769784172,0.0,0.0631245876099252,0.9368754123900748,30.0,msa,44.26007677268751,0.4255776612758414,surface,0,130,True,True,True,0.45,0.5,0.05,HLA-A03_like,HLA-A02_like,RTCMTTAQG,MTTAQQTSM,0.46,0.54,0.08,GPCRTCMTTAQGTSM,GPCRTCMTTAQQTSM,0.46,0.54,0.08,0.944,0.964,0.02,12.0,41.0,53.0,internal_motif_model,0,15,15,antibody_interface_mutation,0,10.0,10,-0.027433628318584,10,0.0,10,10,10,G130Q,0.2301789306433658,1.0,0.0,0.07017543859649122,1.0,0.7321428571428572,1.0,0.4447941060944254,0.5,antibody_interface_mutation;protected_epitope_or_contact,review_manually
721,86,D,C,-2.9337639808654785,0.7412156719363168,86,139,139,D,0.9568345323741008,0.0,0.0658688907339786,0.9341311092660214,30.0,msa,155.5735405949881,0.8060805212175549,surface,0,144,True,True,True,0.35,0.35,0.0,HLA-A02_like,HLA-A02_like,DGNCTCIPI,CGNCTCIPI,0.28,0.28,0.0,KPSDGNCTCIPIPSS,KPSCGNCTCIPIPSS,0.35,0.35,0.0,0.991,1.069,0.078,12.0,41.0,53.0,internal_motif_model,10,15,25,new_cysteine;antibody_interface_mutation,10,9.3,10,0.0530973451327433,10,0.9889782489611454,8,10,7,D144C,0.46491741747687076,0.93,0.0,0.07017543859649122,1.0,0.5535714285714286,0.33333333333333337,0.44178825161232543,0.5,antibody_interface_mutation;new_cysteine;protected_epitope_or_contact,review_manually
722,77,P,R,-3.0192809104919434,1.989571898626707,77,139,139,P,0.9856115107913668,0.0,0.0284685318889823,0.9715314681110176,30.0,msa,81.02936515489675,0.5096186487729355,surface,0,135,True,True,True,0.4,0.8,0.4,HLA-A03_like,HLA-A03_like,MYPSCCCTK,TAQGTSMYR,0.46,0.46,0.0,CRTCMTTAQGTSMYP,CRTCMTTAQGTSMYR,0.46,0.8,0.34,1.128,1.101,-0.027,16.0,41.0,57.0,internal_motif_model,0,15,15,antibody_interface_mutation,0,9.6,10,-0.0256637168141593,10,0.9999900000999986,8,10,10,P135R,0.2974484435237672,0.96,0.0,0.0,1.0,0.7321428571428572,1.0,0.4415763965952275,0.5,antibody_interface_mutation;protected_epitope_or_contact,review_manually
723,86,D,L,-2.6886682510375977,1.4313178656143464,86,139,139,D,0.9568345323741008,0.0,0.0658688907339786,0.9341311092660214,30.0,msa,155.5735405949881,0.8060805212175549,surface,4,144,True,True,True,0.35,0.4,0.05,HLA-A02_like,HLA-A02_like,DGNCTCIPI,LGNCTCIPI,0.28,0.36,0.08,KPSDGNCTCIPIPSS,CCTKPSLGNCTCIPI,0.35,0.4,0.05,0.991,1.045,0.055,12.0,41.0,53.0,internal_motif_model,0,15,19,surface_hydrophobic_gain;antibody_interface_mutation,0,10.0,10,0.0646017699115044,10,0.9988792390601552,10,10,10,D144L,0.3723391102380439,1.0,0.0,0.07017543859649122,0.6666666666666667,0.6607142857142857,1.0,0.43985796051690446,0.5,antibody_interface_mutation;protected_epitope_or_contact;surface_hydrophobic_gain,review_manually
724,72,G,C,-0.1894068717956543,0.8880822348897084,72,139,139,G,0.9640287769784172,0.0,0.0631245876099252,0.9368754123900748,30.0,msa,44.26007677268751,0.4255776612758414,surface,0,130,True,True,True,0.45,0.5,0.05,HLA-A03_like,HLA-A02_like,RTCMTTAQG,MTTAQCTSM,0.46,0.54,0.08,GPCRTCMTTAQGTSM,GPCRTCMTTAQCTSM,0.46,0.54,0.08,0.944,1.021,0.077,12.0,41.0,53.0,internal_motif_model,10,15,25,new_cysteine;antibody_interface_mutation,10,9.3,10,0.0256637168141592,10,-0.0099009900990099,8,10,7,G130C,0.44521503439105037,0.93,0.0,0.07017543859649122,1.0,0.5535714285714286,0.33333333333333337,0.4368626558408704,0.5,antibody_interface_mutation;new_cysteine;protected_epitope_or_contact,review_manually
725,83,K,L,-2.6805524826049805,1.5743226270963646,83,139,139,K,1.0,0.0,0.0,1.0,30.0,msa,133.64582705872084,0.5662958773674612,surface,4,141,True,True,True,0.4,0.4,0.0,HLA-A03_like,HLA-A02_like,MYPSCCCTK,MYPSCCCTL,0.28,0.28,0.0,TAQGTSMYPSCCCTK,TAQGTSMYPSCCCTL,0.4,0.4,0.0,1.086,1.132,0.046,12.0,41.0,53.0,internal_motif_model,0,15,19,surface_hydrophobic_gain;antibody_interface_mutation,0,10.0,10,0.0681415929203539,10,-0.9990009990009988,10,10,10,K141L,0.3531547939637586,1.0,0.0,0.07017543859649122,0.6666666666666667,0.6607142857142857,1.0,0.4350618814483331,0.5,antibody_interface_mutation;protected_epitope_or_contact;surface_hydrophobic_gain,review_manually
726,72,G,V,-4.792946815490723,1.596084610280684,72,139,139,G,0.9640287769784172,0.0,0.0631245876099252,0.9368754123900748,30.0,msa,44.26007677268751,0.4255776612758414,surface,4,130,True,True,True,0.45,0.5,0.05,HLA-A03_like,HLA-A02_like,RTCMTTAQG,MTTAQVTSM,0.46,0.72,0.26,GPCRTCMTTAQGTSM,GPCRTCMTTAQVTSM,0.46,0.72,0.26,0.944,1.017,0.073,12.0,41.0,53.0,internal_motif_model,0,15,19,surface_hydrophobic_gain;antibody_interface_mutation,0,10.0,10,0.0407079646017699,10,0.0,10,10,10,G130V,0.3502353892961303,1.0,0.0,0.07017543859649122,0.6666666666666667,0.6607142857142857,1.0,0.43433203028142603,0.5,antibody_interface_mutation;protected_epitope_or_contact;surface_hydrophobic_gain,review_manually
727,88,N,I,-3.081787586212158,1.6049516013193283,88,139,139,N,1.0,0.0,0.0,1.0,30.0,msa,125.04428460326874,0.6412527415552243,surface,4,146,True,True,True,0.35,0.35,0.0,HLA-A02_like,HLA-A02_like,DGNCTCIPI,DGICTCIPI,0.31,0.31,0.0,NCTCIPIPSSWAFGK,ICTCIPIPSSWAFGK,0.35,0.35,0.0,1.037,1.091,0.054,12.0,41.0,53.0,internal_motif_model,0,15,19,surface_hydrophobic_gain;antibody_interface_mutation,0,10.0,10,0.070796460176991,10,0.0,10,10,10,N146I,0.3490458683408578,1.0,0.0,0.07017543859649122,0.6666666666666667,0.6607142857142857,1.0,0.43403465004260794,0.5,antibody_interface_mutation;protected_epitope_or_contact;surface_hydrophobic_gain,review_manually
728,73,T,A,-2.812228202819824,3.920552773368229,73,139,139,T,0.8776978417266187,0.0,0.1387927954342322,0.8612072045657677,22.0,msa,122.97880053086897,0.7149930263422615,surface,0,131,True,True,True,0.4,0.45,0.05,HLA-A02_like,HLA-A02_like,MTTAQGTSM,TCMTTAQGA,0.46,0.46,0.0,GPCRTCMTTAQGTSM,GPCRTCMTTAQGASM,0.46,0.46,0.0,0.98,1.002,0.022,12.0,41.0,53.0,internal_motif_model,0,15,19,surface_hydrophobic_gain;antibody_interface_mutation,0,10.0,10,0.0221238938053097,10,0.0,10,10,10,T131A,0.03840428697450693,1.0,0.2666666666666667,0.07017543859649122,1.0,0.6607142857142857,1.0,0.42970758803435355,0.5,antibody_interface_mutation;protected_epitope_or_contact;surface_hydrophobic_gain,review_manually
729,77,P,T,-2.503547191619873,3.4203664444683,77,139,139,P,0.9856115107913668,0.0071942446043165,0.0284685318889823,0.9715314681110176,27.0,msa,81.02936515489675,0.5096186487729355,surface,0,135,True,True,True,0.4,0.4,0.0,HLA-A03_like,HLA-A03_like,MYPSCCCTK,MYTSCCCTK,0.46,0.46,0.0,CRTCMTTAQGTSMYP,CRTCMTTAQGTSMYT,0.46,0.46,0.0,1.128,1.106,-0.022,12.0,41.0,53.0,internal_motif_model,0,15,15,antibody_interface_mutation,0,10.0,10,0.0079646017699114,10,0.0,10,10,10,P135T,0.10550507879601934,1.0,0.09999999999999998,0.07017543859649122,1.0,0.7321428571428572,1.0,0.4286256431325888,0.5,antibody_interface_mutation;protected_epitope_or_contact,review_manually
730,68,T,R,-3.053717613220215,2.841377820896895,68,139,139,T,0.9424460431654677,0.0,0.0922175486667447,0.9077824513332552,30.0,msa,103.01592700475103,0.5989298081671572,surface,0,126,True,True,True,0.45,0.45,0.0,HLA-A03_like,HLA-A03_like,RTCMTTAQG,RTCMRTAQG,0.46,0.46,0.0,GPCRTCMTTAQGTSM,GPCRTCMRTAQGTSM,0.46,0.46,0.0,1.006,1.001,-0.005,12.0,41.0,53.0,internal_motif_model,0,15,15,antibody_interface_mutation,0,9.6,10,-0.0336283185840708,10,0.9999900000999986,8,10,10,T126R,0.1831773238226556,0.96,0.0,0.07017543859649122,1.0,0.7321428571428572,1.0,0.4270437043892479,0.5,antibody_interface_mutation;protected_epitope_or_contact,review_manually
731,86,D,S,-1.8744356632232664,3.029534841361027,86,139,139,D,0.9568345323741008,0.0,0.0658688907339786,0.9341311092660214,30.0,msa,155.5735405949881,0.8060805212175549,surface,0,144,True,True,True,0.35,0.35,0.0,HLA-A02_like,HLA-A03_like,DGNCTCIPI,SSGNCTCIP,0.28,0.28,0.0,KPSDGNCTCIPIPSS,KPSSGNCTCIPIPSS,0.35,0.35,0.0,0.991,1.011,0.021,12.0,41.0,53.0,internal_motif_model,0,15,15,antibody_interface_mutation,0,10.0,10,0.0238938053097345,10,0.9988792390601552,10,10,10,D144S,0.1579357601683924,1.0,0.0,0.07017543859649122,1.0,0.7321428571428572,1.0,0.4267333134756821,0.5,antibody_interface_mutation;protected_epitope_or_contact,review_manually
732,68,T,V,-3.1524221897125244,1.4236105883543644,68,139,139,T,0.9424460431654677,0.0,0.0922175486667447,0.9077824513332552,30.0,msa,103.01592700475103,0.5989298081671572,surface,4,126,True,True,True,0.45,0.85,0.4,HLA-A03_like,HLA-A02_like,RTCMTTAQG,MVTAQGTSM,0.46,0.46,0.0,GPCRTCMTTAQGTSM,GPCRTCMVTAQGTSM,0.46,0.85,0.39,1.006,1.074,0.068,16.0,41.0,57.0,internal_motif_model,0,15,19,surface_hydrophobic_gain;antibody_interface_mutation,0,10.0,10,0.043362831858407,10,0.0,10,10,10,T126V,0.373373053744797,1.0,0.0,0.0,0.6666666666666667,0.6607142857142857,1.0,0.4260813586742945,0.5,antibody_interface_mutation;protected_epitope_or_contact;surface_hydrophobic_gain,review_manually
733,68,T,A,-2.773040294647217,2.5097852915502585,68,139,139,T,0.9424460431654677,0.0,0.0922175486667447,0.9077824513332552,30.0,msa,103.01592700475103,0.5989298081671572,surface,0,126,True,True,True,0.45,0.85,0.4,HLA-A03_like,HLA-A02_like,RTCMTTAQG,MATAQGTSM,0.46,0.46,0.0,GPCRTCMTTAQGTSM,GPCRTCMATAQGTSM,0.46,0.85,0.39,1.006,1.028,0.022,16.0,41.0,57.0,internal_motif_model,0,15,19,surface_hydrophobic_gain;antibody_interface_mutation,0,10.0,10,0.0221238938053097,10,0.0,10,10,10,T126A,0.2276609892003012,1.0,0.0,0.0,1.0,0.6607142857142857,1.0,0.42298667587150385,0.5,antibody_interface_mutation;protected_epitope_or_contact;surface_hydrophobic_gain,review_manually
734,71,Q,C,-2.650351285934448,1.3827373897362918,71,139,139,Q,0.9496402877697842,0.0,0.0835009187140195,0.9164990812859805,30.0,msa,178.87347666960216,0.7949932296426763,surface,0,129,True,True,True,0.45,0.4,-0.05,HLA-A03_like,HLA-A02_like,RTCMTTAQG,MTTACGTSM,0.46,0.46,0.0,GPCRTCMTTAQGTSM,GPCRTCMTTACGTSM,0.46,0.46,0.0,0.956,1.013,0.057,12.0,41.0,53.0,internal_motif_model,10,15,25,new_cysteine;antibody_interface_mutation,10,9.3,10,0.0530973451327433,10,-0.0099009900990099,8,10,7,Q129C,0.3788562583689268,0.93,0.0,0.07017543859649122,1.0,0.5535714285714286,0.33333333333333337,0.4202729618353395,0.5,antibody_interface_mutation;new_cysteine;protected_epitope_or_contact,review_manually
735,62,P,V,-3.105158805847168,4.122355700295714,62,139,139,P,0.9568345323741008,0.0,0.0685482845239413,0.9314517154760588,30.0,msa,79.58942244530917,0.5005624053164098,surface,4,120,True,False,True,0.8,0.8,0.0,HLA-A03_like,HLA-A03_like,STTSTGPCR,STTSTGVCR,0.46,0.54,0.08,GPCRTCMTTAQGTSM,STTSTGVCRTCMTTA,0.8,0.8,0.0,1.008,1.053,0.046,0.0,33.0,33.0,internal_motif_model,0,15,19,surface_hydrophobic_gain;antibody_interface_mutation,0,10.0,10,0.0513274336283186,10,0.0,10,10,10,P120V,0.011332103257462145,1.0,0.0,0.42105263157894735,0.6666666666666667,0.6607142857142857,1.0,0.41978164736825024,0.5,antibody_interface_mutation;protected_epitope_or_contact;surface_hydrophobic_gain,review_manually
736,82,T,G,-2.7874228954315186,3.603537925436939,82,139,139,T,0.9280575539568344,0.0,0.0941412500040876,0.9058587499959124,30.0,msa,58.16691470685098,0.3381797366677382,partial,0,140,True,True,True,0.4,0.4,0.0,HLA-A03_like,HLA-A03_like,MYPSCCCTK,MYPSCCCGK,0.28,0.28,0.0,TTAQGTSMYPSCCCT,TTAQGTSMYPSCCCG,0.4,0.4,0.0,1.164,1.159,-0.005,12.0,36.0,48.0,internal_motif_model,0,15,19,new_glycine;antibody_interface_mutation,0,10.0,10,0.0026548672566371,10,0.0,10,10,10,T140G,0.08093233319710114,1.0,0.0,0.1578947368421053,1.0,0.6607142857142857,1.0,0.4178834592391249,0.5,antibody_interface_mutation;new_glycine;protected_epitope_or_contact,review_manually
737,48,V,C,-2.7978484630584717,4.328968902567198,48,139,137,V,1.0,0.0,0.0,1.0,30.0,msa,33.67742085714046,0.1935483957306923,partial,0,106,True,False,True,0.8,0.7,-0.1,HLA-A02_like,HLA-A02_like,GMLPVCPLI,GMLPCCPLI,0.72,0.72,0.0,IFLLVLLDYQGMLPV,IFLLVLLDYQGMLPC,0.8,0.72,-0.08,1.178,1.183,0.004,0.0,28.0,28.0,internal_motif_model,10,15,25,new_cysteine;antibody_interface_mutation,10,9.3,10,-0.0150442477876106,10,-0.0099009900990099,8,10,7,V106C,0.0,0.93,0.0,0.5087719298245614,1.0,0.5535714285714286,0.33333333333333337,0.41327819548872186,0.5,antibody_interface_mutation;new_cysteine;protected_epitope_or_contact,review_manually
738,83,K,N,-3.0237374305725098,3.457174158168243,83,139,139,K,1.0,0.0,0.0,1.0,30.0,msa,133.64582705872084,0.5662958773674612,surface,0,141,True,True,True,0.4,0.4,0.0,HLA-A03_like,HLA-B07_like,MYPSCCCTK,YPSCCCTNP,0.28,0.28,0.0,TAQGTSMYPSCCCTK,TAQGTSMYPSCCCTN,0.4,0.4,0.0,1.086,1.064,-0.022,12.0,41.0,53.0,internal_motif_model,0,15,15,antibody_interface_mutation,0,10.0,10,0.0035398230088495,10,-0.9990009990009988,10,10,10,K141N,0.10056726544186856,1.0,0.0,0.07017543859649122,1.0,0.7321428571428572,1.0,0.4123911897940511,0.5,antibody_interface_mutation;protected_epitope_or_contact,review_manually
739,77,P,A,-2.9688775539398193,2.9361455860099,77,139,139,P,0.9856115107913668,0.0,0.0284685318889823,0.9715314681110176,30.0,msa,81.02936515489675,0.5096186487729355,surface,0,135,True,True,True,0.4,0.8,0.4,HLA-A03_like,HLA-A02_like,MYPSCCCTK,TAQGTSMYA,0.46,0.46,0.0,CRTCMTTAQGTSMYP,CRTCMTTAQGTSMYA,0.46,0.8,0.34,1.128,1.128,0.0,16.0,41.0,57.0,internal_motif_model,0,15,19,surface_hydrophobic_gain;antibody_interface_mutation,0,10.0,10,0.0300884955752211,10,0.0,10,10,10,P135A,0.17046407735663716,1.0,0.0,0.0,1.0,0.6607142857142857,1.0,0.4086874479105878,0.5,antibody_interface_mutation;protected_epitope_or_contact;surface_hydrophobic_gain,review_manually
740,74,S,L,-2.960844039916992,1.953262429305852,74,139,139,S,1.0,0.0,0.0,1.0,30.0,msa,89.75414600696385,0.579059006496541,surface,4,132,True,True,True,0.4,0.8,0.4,HLA-A02_like,HLA-A02_like,MTTAQGTSM,CMTTAQGTL,0.46,0.46,0.0,GPCRTCMTTAQGTSM,GPCRTCMTTAQGTLM,0.46,0.8,0.34,0.98,1.014,0.034,16.0,41.0,57.0,internal_motif_model,0,15,19,surface_hydrophobic_gain;antibody_interface_mutation,0,10.0,10,0.0407079646017699,10,0.0,10,10,10,S132L,0.3023194166017532,1.0,0.0,0.0,0.6666666666666667,0.6607142857142857,1.0,0.40831794938853355,0.5,antibody_interface_mutation;protected_epitope_or_contact;surface_hydrophobic_gain,review_manually
741,86,D,R,-2.656191110610962,3.4910095647177855,86,139,139,D,0.9568345323741008,0.0,0.0658688907339786,0.9341311092660214,30.0,msa,155.5735405949881,0.8060805212175549,surface,0,144,True,True,True,0.35,0.35,0.0,HLA-A02_like,HLA-A02_like,DGNCTCIPI,RGNCTCIPI,0.28,0.28,0.0,KPSDGNCTCIPIPSS,KPSRGNCTCIPIPSS,0.35,0.35,0.0,0.991,0.992,0.001,12.0,41.0,53.0,internal_motif_model,0,15,15,antibody_interface_mutation,0,9.6,10,-0.0088495575221239,10,1.998869239160154,8,10,10,D144R,0.09602819182090339,0.96,0.0,0.07017543859649122,1.0,0.7321428571428572,1.0,0.4052564213888098,0.5,antibody_interface_mutation;protected_epitope_or_contact,review_manually
742,84,P,S,-2.4390978813171387,4.727407475286583,84,139,139,P,1.0,0.0,0.0,1.0,30.0,msa,48.16895944961946,0.3029494305007513,partial,0,142,True,True,True,0.4,0.4,0.0,HLA-B07_like,HLA-B07_like,YPSCCCTKP,YPSCCCTKS,0.28,0.28,0.0,AQGTSMYPSCCCTKP,AQGTSMYPSCCCTKS,0.4,0.4,0.0,1.01,1.002,-0.007,12.0,36.0,48.0,internal_motif_model,0,15,15,antibody_interface_mutation,0,10.0,10,0.007079646017699,10,0.0,10,10,10,P142S,0.0,1.0,0.0,0.1578947368421053,1.0,0.7321428571428572,1.0,0.40479323308270676,0.5,antibody_interface_mutation;protected_epitope_or_contact,review_manually
743,84,P,N,-2.78153395652771,4.675081129318755,84,139,139,P,1.0,0.0,0.0,1.0,30.0,msa,48.16895944961946,0.3029494305007513,partial,0,142,True,True,True,0.4,0.4,0.0,HLA-B07_like,HLA-B07_like,YPSCCCTKP,YPSCCCTKN,0.28,0.28,0.0,AQGTSMYPSCCCTKP,AQGTSMYPSCCCTKN,0.4,0.4,0.0,1.01,0.968,-0.041,12.0,36.0,48.0,internal_motif_model,0,15,15,antibody_interface_mutation,0,10.0,10,-0.0168141592920353,10,0.0,10,10,10,P142N,0.0,1.0,0.0,0.1578947368421053,1.0,0.7321428571428572,1.0,0.40479323308270676,0.5,antibody_interface_mutation;protected_epitope_or_contact,review_manually
744,83,K,C,-2.0774850845336914,1.9010761067470696,83,139,139,K,1.0,0.0,0.0,1.0,30.0,msa,133.64582705872084,0.5662958773674612,surface,0,141,True,True,True,0.4,0.4,0.0,HLA-A03_like,HLA-B07_like,MYPSCCCTK,YPSCCCTCP,0.28,0.28,0.0,TAQGTSMYPSCCCTK,TAQGTSMYPSCCCTC,0.4,0.4,0.0,1.086,1.155,0.069,12.0,41.0,53.0,internal_motif_model,10,15,25,new_cysteine;antibody_interface_mutation,10,9.3,10,0.0566371681415929,10,-1.0089019891000088,8,10,7,K141C,0.3093202948017806,0.93,0.0,0.07017543859649122,1.0,0.5535714285714286,0.33333333333333337,0.40288897094355297,0.5,antibody_interface_mutation;new_cysteine;protected_epitope_or_contact,review_manually
745,74,S,G,-3.0703015327453613,3.5593278922777927,74,139,139,S,1.0,0.0,0.0,1.0,30.0,msa,89.75414600696385,0.579059006496541,surface,0,132,True,True,True,0.4,0.4,0.0,HLA-A02_like,HLA-A02_like,MTTAQGTSM,MTTAQGTGM,0.46,0.46,0.0,GPCRTCMTTAQGTSM,GPCRTCMTTAQGTGM,0.46,0.46,0.0,0.98,0.96,-0.02,12.0,41.0,53.0,internal_motif_model,0,15,19,new_glycine;antibody_interface_mutation,0,10.0,10,0.0035398230088495,10,0.0,10,10,10,S132G,0.0868631794838407,1.0,0.0,0.07017543859649122,1.0,0.6607142857142857,1.0,0.40182231116168693,0.5,antibody_interface_mutation;new_glycine;protected_epitope_or_contact,review_manually
746,45,M,Y,-2.351717948913574,3.726076725862413,45,139,124,M,0.9838709677419356,0.0,0.0275608534062741,0.972439146593726,30.0,msa,85.68143555633252,0.3825064087336273,surface,4,103,True,False,True,0.95,0.8,-0.15,HLA-A02_like,HLA-A02_like,LVLLDYQGM,VLLDYQGYL,0.72,0.72,0.0,LALIFLLVLLDYQGM,LALIFLLVLLDYQGY,0.95,0.8,-0.15,1.082,1.13,0.048,10.0,33.0,43.0,internal_motif_model,0,15,19,surface_hydrophobic_gain;antibody_interface_mutation,0,10.0,10,-0.0283185840707965,10,-0.000999000999001,10,10,10,M103Y,0.06449355816002367,1.0,0.0,0.24561403508771928,0.6666666666666667,0.6607142857142857,1.0,0.39798429179564504,0.5,antibody_interface_mutation;protected_epitope_or_contact;surface_hydrophobic_gain,review_manually
747,62,P,C,-2.5040340423583984,4.150028902930785,62,139,139,P,0.9568345323741008,0.0,0.0685482845239413,0.9314517154760588,30.0,msa,79.58942244530917,0.5005624053164098,surface,0,120,True,False,True,0.8,0.7,-0.1,HLA-A03_like,HLA-A03_like,STTSTGPCR,STTSTGCCR,0.46,0.46,0.0,GPCRTCMTTAQGTSM,GCCRTCMTTAQGTSM,0.8,0.7,-0.1,1.008,1.057,0.05,0.0,33.0,33.0,internal_motif_model,10,15,25,new_cysteine;antibody_interface_mutation,10,9.3,10,0.036283185840708,10,-0.0099009900990099,8,10,7,P120C,0.0076196990957282384,0.93,0.0,0.42105263157894735,1.0,0.5535714285714286,0.33333333333333337,0.3976392606135311,0.5,antibody_interface_mutation;new_cysteine;protected_epitope_or_contact,review_manually
748,77,P,G,-2.4463281631469727,3.713847437510992,77,139,139,P,0.9856115107913668,0.0,0.0284685318889823,0.9715314681110176,30.0,msa,81.02936515489675,0.5096186487729355,surface,0,135,True,True,True,0.4,0.4,0.0,HLA-A03_like,HLA-A03_like,MYPSCCCTK,MYGSCCCTK,0.46,0.46,0.0,CRTCMTTAQGTSMYP,CRTCMTTAQGTSMYG,0.46,0.46,0.0,1.128,1.101,-0.027,12.0,41.0,53.0,internal_motif_model,0,15,19,new_glycine;antibody_interface_mutation,0,10.0,10,0.0106194690265486,10,0.0,10,10,10,P135G,0.06613413664924117,1.0,0.0,0.07017543859649122,1.0,0.6607142857142857,1.0,0.39664005045303713,0.5,antibody_interface_mutation;new_glycine;protected_epitope_or_contact,review_manually
749,75,M,P,-2.546541929244995,3.9035613691065976,75,139,139,M,0.8992805755395683,0.0,0.1457327329274661,0.8542672670725339,22.0,msa,172.79632957501562,0.7714121856027483,surface,0,133,True,True,True,0.4,0.4,0.0,HLA-A02_like,HLA-A03_like,MTTAQGTSM,MTTAQGTSP,0.46,0.36,-0.1,GPCRTCMTTAQGTSM,GPCRTCMTTAQGTSP,0.46,0.4,-0.06,0.98,1.014,0.034,12.0,41.0,53.0,internal_motif_model,0,15,23,new_proline;antibody_interface_mutation,5,9.2,10,-0.0309734513274336,10,0.0,6,10,10,M133P,0.040683710889635516,0.9199999999999999,0.2666666666666667,0.07017543859649122,1.0,0.5892857142857143,0.6666666666666667,0.3944679202036119,0.5,antibody_interface_mutation;new_proline;protected_epitope_or_contact,review_manually
750,84,P,L,-2.7035069465637207,4.1394324569673415,84,139,139,P,1.0,0.0,0.0,1.0,30.0,msa,48.16895944961946,0.3029494305007513,partial,0,142,True,True,True,0.4,0.85,0.45,HLA-B07_like,HLA-B07_like,YPSCCCTKP,YPSCCCTKL,0.28,0.36,0.08,AQGTSMYPSCCCTKP,AQGTSMYPSCCCTKL,0.4,0.85,0.45,1.01,1.036,0.027,16.0,36.0,52.0,internal_motif_model,0,15,15,antibody_interface_mutation,0,10.0,10,0.047787610619469,10,0.0,10,10,10,P142L,0.009041229180736243,1.0,0.0,0.08771929824561409,1.0,0.7321428571428572,1.0,0.3930184526585926,0.5,antibody_interface_mutation;protected_epitope_or_contact,review_manually
751,70,A,C,-2.060115098953247,2.2499431476377083,70,139,139,A,0.9568345323741008,0.0,0.0718774674471033,0.9281225325528968,30.0,msa,100.86114630276566,0.78186935118423,surface,0,128,True,True,True,0.45,0.4,-0.05,HLA-A03_like,HLA-A02_like,RTCMTTAQG,MTTCQGTSM,0.46,0.28,-0.18,GPCRTCMTTAQGTSM,GPCRTCMTTCQGTSM,0.46,0.4,-0.06,0.929,0.979,0.05,12.0,41.0,53.0,internal_motif_model,10,15,25,new_cysteine;antibody_interface_mutation,10,9.3,10,0.0061946902654866,10,-0.0099009900990099,8,10,7,A128C,0.2625192262166508,0.93,0.0,0.07017543859649122,1.0,0.5535714285714286,0.33333333333333337,0.3911887037972705,0.5,antibody_interface_mutation;new_cysteine;protected_epitope_or_contact,review_manually
752,78,S,V,-3.1003963947296143,3.129502192212499,78,139,139,S,1.0,0.0,0.0,1.0,30.0,msa,60.48263291729448,0.3902105349502869,surface,4,136,True,True,True,0.4,0.45,0.05,HLA-A03_like,HLA-A02_like,MYPSCCCTK,AQGTSMYPV,0.46,0.46,0.0,RTCMTTAQGTSMYPS,RTCMTTAQGTSMYPV,0.46,0.46,0.0,1.186,1.239,0.053,12.0,41.0,53.0,internal_motif_model,0,15,19,surface_hydrophobic_gain;antibody_interface_mutation,0,10.0,10,0.0442477876106194,10,0.0,10,10,10,S136V,0.14452498100298505,1.0,0.0,0.07017543859649122,0.6666666666666667,0.6607142857142857,1.0,0.3829044282081397,0.5,antibody_interface_mutation;protected_epitope_or_contact;surface_hydrophobic_gain,review_manually
753,78,S,G,-2.1234686374664307,4.289603233708988,78,139,139,S,1.0,0.0,0.0,1.0,30.0,msa,60.48263291729448,0.3902105349502869,surface,0,136,True,True,True,0.4,0.4,0.0,HLA-A03_like,HLA-B07_like,MYPSCCCTK,YPGCCCTKP,0.46,0.46,0.0,RTCMTTAQGTSMYPS,RTCMTTAQGTSMYPG,0.46,0.46,0.0,1.186,1.166,-0.02,12.0,41.0,53.0,internal_motif_model,0,15,19,new_glycine;antibody_interface_mutation,0,10.0,10,0.0035398230088495,10,0.0,10,10,10,S136G,0.0,1.0,0.0,0.07017543859649122,1.0,0.6607142857142857,1.0,0.3801065162907268,0.5,antibody_interface_mutation;new_glycine;protected_epitope_or_contact,review_manually
754,78,S,P,-2.83286190032959,3.159034659952141,78,139,139,S,1.0,0.0,0.0,1.0,30.0,msa,60.48263291729448,0.3902105349502869,surface,0,136,True,True,True,0.4,0.4,0.0,HLA-A03_like,HLA-B07_like,MYPSCCCTK,YPPCCCTKP,0.46,0.46,0.0,RTCMTTAQGTSMYPS,RTCMTTAQGTSMYPP,0.46,0.46,0.0,1.186,1.193,0.007,12.0,41.0,53.0,internal_motif_model,0,15,23,new_proline;antibody_interface_mutation,5,9.2,10,-0.0070796460176991,10,0.0,6,10,10,S136P,0.14056315346937065,0.9199999999999999,0.0,0.07017543859649122,1.0,0.5892857142857143,0.6666666666666667,0.3794377808485456,0.5,antibody_interface_mutation;new_proline;protected_epitope_or_contact,review_manually
755,64,R,C,-2.1810848712921143,4.710302687123601,64,139,139,R,0.8345323741007195,0.0,0.1497551184645261,0.850244881535474,22.0,msa,187.49126744225867,0.6842746986943747,surface,0,122,True,False,True,0.8,0.35,-0.45,HLA-A03_like,HLA-B07_like,STTSTGPCR,GPCCTCMTT,0.46,0.46,0.0,GPCRTCMTTAQGTSM,GPCCTCMTTAQGTSM,0.8,0.46,-0.34,1.053,1.13,0.077,18.0,33.0,51.0,internal_motif_model,10,15,25,new_cysteine;antibody_interface_mutation,10,9.3,10,0.0619469026548671,10,-1.0098909901990083,8,10,7,R122C,0.0,0.93,0.2666666666666667,0.10526315789473684,1.0,0.5535714285714286,0.33333333333333337,0.37257644110275695,0.3333333333333333,antibody_interface_mutation;new_cysteine;predicted_tcell_epitope_loss;protected_epitope_or_contact,review_manually
756,77,P,L,-2.9032139778137207,3.2971803880973596,77,139,139,P,0.9856115107913668,0.0,0.0284685318889823,0.9715314681110176,30.0,msa,81.02936515489675,0.5096186487729355,surface,4,135,True,True,True,0.4,0.8,0.4,HLA-A03_like,HLA-A02_like,MYPSCCCTK,TAQGTSMYL,0.46,0.46,0.0,CRTCMTTAQGTSMYP,CRTCMTTAQGTSMYL,0.46,0.8,0.34,1.128,1.155,0.027,16.0,41.0,57.0,internal_motif_model,0,15,19,surface_hydrophobic_gain;antibody_interface_mutation,0,10.0,10,0.047787610619469,10,0.0,10,10,10,P135L,0.12203068424796948,1.0,0.0,0.0,0.6666666666666667,0.6607142857142857,1.0,0.3632457663000876,0.5,antibody_interface_mutation;protected_epitope_or_contact;surface_hydrophobic_gain,review_manually
757,78,S,L,-2.8706116676330566,4.6276666601636975,78,139,139,S,1.0,0.0,0.0,1.0,30.0,msa,60.48263291729448,0.3902105349502869,surface,4,136,True,True,True,0.4,0.45,0.05,HLA-A03_like,HLA-A02_like,MYPSCCCTK,AQGTSMYPL,0.46,0.46,0.0,RTCMTTAQGTSMYPS,RTCMTTAQGTSMYPL,0.46,0.46,0.0,1.186,1.22,0.034,12.0,41.0,53.0,internal_motif_model,0,15,19,surface_hydrophobic_gain;antibody_interface_mutation,0,10.0,10,0.0407079646017699,10,0.0,10,10,10,S136L,0.0,1.0,0.0,0.07017543859649122,0.6666666666666667,0.6607142857142857,1.0,0.34677318295739346,0.5,antibody_interface_mutation;protected_epitope_or_contact;surface_hydrophobic_gain,review_manually
758,77,P,Y,-3.228748321533203,4.802142953121461,77,139,139,P,0.9856115107913668,0.0,0.0284685318889823,0.9715314681110176,30.0,msa,81.02936515489675,0.5096186487729355,surface,4,135,True,True,True,0.4,0.4,0.0,HLA-A03_like,HLA-A03_like,MYPSCCCTK,MYYSCCCTK,0.46,0.46,0.0,CRTCMTTAQGTSMYP,CRTCMTTAQGTSMYY,0.46,0.46,0.0,1.128,1.142,0.014,12.0,41.0,53.0,internal_motif_model,0,15,19,surface_hydrophobic_gain;antibody_interface_mutation,0,10.0,10,0.0026548672566371,10,-0.000999000999001,10,10,10,P135Y,0.0,1.0,0.0,0.07017543859649122,0.6666666666666667,0.6607142857142857,1.0,0.34677318295739346,0.5,antibody_interface_mutation;protected_epitope_or_contact;surface_hydrophobic_gain,review_manually
759,74,S,Y,-3.4917750358581543,4.437089293022268,74,139,139,S,1.0,0.0,0.0,1.0,30.0,msa,89.75414600696385,0.579059006496541,surface,4,132,True,True,True,0.4,0.4,0.0,HLA-A02_like,HLA-A02_like,MTTAQGTSM,MTTAQGTYM,0.46,0.46,0.0,GPCRTCMTTAQGTSM,GPCRTCMTTAQGTYM,0.46,0.46,0.0,0.98,1.001,0.021,12.0,41.0,53.0,internal_motif_model,0,15,19,surface_hydrophobic_gain;antibody_interface_mutation,0,10.0,10,-0.0044247787610619,10,-0.000999000999001,10,10,10,S132Y,0.0,1.0,0.0,0.07017543859649122,0.6666666666666667,0.6607142857142857,1.0,0.34677318295739346,0.5,antibody_interface_mutation;protected_epitope_or_contact;surface_hydrophobic_gain,review_manually
760,74,S,V,-2.746051073074341,4.031579877819752,74,139,139,S,1.0,0.0,0.0,1.0,30.0,msa,89.75414600696385,0.579059006496541,surface,4,132,True,True,True,0.4,0.8,0.4,HLA-A02_like,HLA-A02_like,MTTAQGTSM,CMTTAQGTV,0.46,0.46,0.0,GPCRTCMTTAQGTSM,GPCRTCMTTAQGTVM,0.46,0.8,0.34,0.98,1.033,0.053,16.0,41.0,57.0,internal_motif_model,0,15,19,surface_hydrophobic_gain;antibody_interface_mutation,0,10.0,10,0.0442477876106194,10,0.0,10,10,10,S132V,0.023509824267515356,1.0,0.0,0.0,0.6666666666666667,0.6607142857142857,1.0,0.33861555130497406,0.5,antibody_interface_mutation;protected_epitope_or_contact;surface_hydrophobic_gain,review_manually
761,68,T,L,-3.056707859039306,4.210687212045059,68,139,139,T,0.9424460431654677,0.0,0.0922175486667447,0.9077824513332552,30.0,msa,103.01592700475103,0.5989298081671572,surface,4,126,True,True,True,0.45,0.85,0.4,HLA-A03_like,HLA-A02_like,RTCMTTAQG,MLTAQGTSM,0.46,0.46,0.0,GPCRTCMTTAQGTSM,GPCRTCMLTAQGTSM,0.46,0.85,0.39,1.006,1.055,0.049,16.0,41.0,57.0,internal_motif_model,0,15,19,surface_hydrophobic_gain;antibody_interface_mutation,0,10.0,10,0.0398230088495574,10,0.0,10,10,10,T126L,0.0,1.0,0.0,0.0,0.6666666666666667,0.6607142857142857,1.0,0.3327380952380952,0.5,antibody_interface_mutation;protected_epitope_or_contact;surface_hydrophobic_gain,review_manually
762,74,S,I,-3.319194793701172,4.483510548920947,74,139,139,S,1.0,0.0,0.0,1.0,30.0,msa,89.75414600696385,0.579059006496541,surface,4,132,True,True,True,0.4,0.8,0.4,HLA-A02_like,HLA-A02_like,MTTAQGTSM,CMTTAQGTI,0.46,0.46,0.0,GPCRTCMTTAQGTSM,GPCRTCMTTAQGTIM,0.46,0.8,0.34,0.98,1.0,0.02,16.0,41.0,57.0,internal_motif_model,0,15,19,surface_hydrophobic_gain;antibody_interface_mutation,0,10.0,10,0.0469026548672566,10,0.0,10,10,10,S132I,0.0,1.0,0.0,0.0,0.6666666666666667,0.6607142857142857,1.0,0.3327380952380952,0.5,antibody_interface_mutation;protected_epitope_or_contact;surface_hydrophobic_gain,review_manually
763,74,S,C,-1.58680522441864,4.2887883885174745,74,139,139,S,1.0,0.0,0.0,1.0,30.0,msa,89.75414600696385,0.579059006496541,surface,0,132,True,True,True,0.4,0.4,0.0,HLA-A02_like,HLA-A02_like,MTTAQGTSM,MTTAQGTCM,0.46,0.46,0.0,GPCRTCMTTAQGTSM,GPCRTCMTTAQGTCM,0.46,0.46,0.0,0.98,1.037,0.057,12.0,41.0,53.0,internal_motif_model,10,15,25,new_cysteine;antibody_interface_mutation,10,9.3,10,0.0292035398230088,10,-0.0099009900990099,8,10,7,S132C,0.0,0.93,0.0,0.07017543859649122,1.0,0.5535714285714286,0.33333333333333337,0.32555889724310777,0.5,antibody_interface_mutation;new_cysteine;protected_epitope_or_contact,review_manually
764,91,C,S,-2.095557689666748,-1.1164686959500043,91,139,139,C,1.0,0.0,0.0,1.0,30.0,msa,2.142918048125441,0.0128318445995535,buried,0,149,True,False,False,0.8,0.8,0.0,HLA-A02_like,HLA-A02_like,CIPIPSSWA,SIPIPSSWA,0.46,0.46,0.0,CTCIPIPSSWAFGKF,CTSIPIPSSWAFGKF,0.8,0.8,0.0,1.125,1.068,-0.057,0.0,8.0,8.0,internal_motif_model,25,0,25,possible_disulfide_loss,10,10.0,10,-0.0292035398230088,10,0.0099009900990099,10,10,10,C149S,0.7141287310163037,1.0,0.0,0.8596491228070176,1.0,0.5535714285714286,0.33333333333333337,0.672485816839289,0.6666666666666666,possible_disulfide_loss,reject
765,91,C,A,-2.5765957832336426,-1.1164686959500043,91,139,139,C,1.0,0.0,0.0,1.0,30.0,msa,2.142918048125441,0.0128318445995535,buried,0,149,True,False,False,0.8,0.8,0.0,HLA-A02_like,HLA-A02_like,CIPIPSSWA,AIPIPSSWA,0.46,0.46,0.0,CTCIPIPSSWAFGKF,SDGNCTAIPIPSSWA,0.8,0.8,0.0,1.125,1.076,-0.05,0.0,8.0,8.0,internal_motif_model,25,0,25,possible_disulfide_loss,10,10.0,10,-0.0061946902654868,10,0.0099009900990099,10,10,10,C149A,0.7141287310163037,1.0,0.0,0.8596491228070176,1.0,0.5535714285714286,0.33333333333333337,0.672485816839289,0.6666666666666666,possible_disulfide_loss,reject
766,91,C,L,-2.7783446311950684,-1.1164686959500043,91,139,139,C,1.0,0.0,0.0,1.0,30.0,msa,2.142918048125441,0.0128318445995535,buried,0,149,True,False,False,0.8,0.85,0.05,HLA-A02_like,HLA-A02_like,CIPIPSSWA,LIPIPSSWA,0.46,0.46,0.0,CTCIPIPSSWAFGKF,SDGNCTLIPIPSSWA,0.8,0.85,0.05,1.125,1.102,-0.023,0.0,8.0,8.0,internal_motif_model,25,0,25,possible_disulfide_loss,10,10.0,10,0.011504424778761,10,0.0099009900990099,10,10,10,C149L,0.7141287310163037,1.0,0.0,0.8596491228070176,1.0,0.5535714285714286,0.33333333333333337,0.672485816839289,0.6666666666666666,possible_disulfide_loss,reject
767,91,C,I,-3.2995612621307373,-1.1164686959500043,91,139,139,C,1.0,0.0,0.0,1.0,30.0,msa,2.142918048125441,0.0128318445995535,buried,0,149,True,False,False,0.8,0.8,0.0,HLA-A02_like,HLA-B07_like,CIPIPSSWA,KPSDGNCTI,0.46,0.46,0.0,CTCIPIPSSWAFGKF,SDGNCTIIPIPSSWA,0.8,0.8,0.0,1.125,1.088,-0.037,0.0,8.0,8.0,internal_motif_model,25,0,25,possible_disulfide_loss,10,10.0,10,0.0176991150442478,10,0.0099009900990099,10,10,10,C149I,0.7141287310163037,1.0,0.0,0.8596491228070176,1.0,0.5535714285714286,0.33333333333333337,0.672485816839289,0.6666666666666666,possible_disulfide_loss,reject
768,49,C,L,-2.0318708419799805,-2.6708169796527272,49,139,137,C,1.0,0.0,0.0,1.0,30.0,msa,65.764919371411,0.3938019124036586,surface,4,107,True,False,False,0.8,0.8,0.0,HLA-A02_like,HLA-A02_like,GMLPVCPLI,GMLPVLPLI,0.72,0.72,0.0,FLLVLLDYQGMLPVC,FLLVLLDYQGMLPVL,0.8,0.8,0.0,1.225,1.202,-0.023,0.0,13.0,13.0,internal_motif_model,25,0,29,possible_disulfide_loss;surface_hydrophobic_gain,10,10.0,10,0.011504424778761,10,0.0099009900990099,10,10,10,C107L,0.9226470262528941,1.0,0.0,0.7719298245614035,0.6666666666666667,0.4821428571428571,0.33333333333333337,0.6665953405231234,0.6666666666666666,possible_disulfide_loss;surface_hydrophobic_gain,reject
769,49,C,T,-2.9442849159240723,-1.1164686959500043,49,139,137,C,1.0,0.0,0.0,1.0,30.0,msa,65.764919371411,0.3938019124036586,surface,0,107,True,False,False,0.8,0.8,0.0,HLA-A02_like,HLA-A02_like,GMLPVCPLI,GMLPVTPLI,0.72,0.72,0.0,FLLVLLDYQGMLPVC,FLLVLLDYQGMLPVT,0.8,0.8,0.0,1.225,1.153,-0.072,0.0,13.0,13.0,internal_motif_model,25,0,25,possible_disulfide_loss,10,10.0,10,-0.0283185840707965,10,0.0099009900990099,10,10,10,C107T,0.7141287310163037,1.0,0.0,0.7719298245614035,1.0,0.5535714285714286,0.33333333333333337,0.6549419571901662,0.6666666666666666,possible_disulfide_loss,reject
770,91,C,V,-3.0614051818847656,-0.4406286190702531,91,139,139,C,1.0,0.0,0.0,1.0,30.0,msa,2.142918048125441,0.0128318445995535,buried,0,149,True,False,False,0.8,0.8,0.0,HLA-A02_like,HLA-B07_like,CIPIPSSWA,KPSDGNCTV,0.46,0.46,0.0,CTCIPIPSSWAFGKF,SDGNCTVIPIPSSWA,0.8,0.8,0.0,1.125,1.121,-0.004,0.0,8.0,8.0,internal_motif_model,25,0,25,possible_disulfide_loss,10,10.0,10,0.0150442477876105,10,0.0099009900990099,10,10,10,C149V,0.6234637094370831,1.0,0.0,0.8596491228070176,1.0,0.5535714285714286,0.33333333333333337,0.6498195614444838,0.6666666666666666,possible_disulfide_loss,reject
771,49,C,R,-3.1060476303100586,-1.1164686959500043,49,139,137,C,1.0,0.0,0.0,1.0,30.0,msa,65.764919371411,0.3938019124036586,surface,0,107,True,False,False,0.8,0.8,0.0,HLA-A02_like,HLA-A02_like,GMLPVCPLI,GMLPVRPLI,0.72,0.72,0.0,FLLVLLDYQGMLPVC,FLLVLLDYQGMLPVR,0.8,0.8,0.0,1.225,1.148,-0.077,0.0,13.0,13.0,internal_motif_model,25,0,25,possible_disulfide_loss,10,9.6,10,-0.0619469026548672,10,1.0098909901990083,8,10,10,C107R,0.7141287310163037,0.96,0.0,0.7719298245614035,1.0,0.5535714285714286,0.33333333333333337,0.6489419571901662,0.6666666666666666,possible_disulfide_loss,reject
772,91,C,T,-2.375131607055664,0.0,91,139,139,C,1.0,0.0,0.0,1.0,30.0,msa,2.142918048125441,0.0128318445995535,buried,0,149,True,False,False,0.8,0.8,0.0,HLA-A02_like,HLA-A02_like,CIPIPSSWA,TIPIPSSWA,0.46,0.46,0.0,CTCIPIPSSWAFGKF,CTTIPIPSSWAFGKF,0.8,0.8,0.0,1.125,1.053,-0.072,0.0,8.0,8.0,internal_motif_model,25,0,25,possible_disulfide_loss,10,10.0,10,-0.0283185840707965,10,0.0099009900990099,10,10,10,C149T,0.5643526791459115,1.0,0.0,0.8596491228070176,1.0,0.5535714285714286,0.33333333333333337,0.635041803871691,0.5,possible_disulfide_loss,reject
773,49,C,F,-2.908829689025879,-1.564135642556721,49,139,137,C,1.0,0.0,0.0,1.0,30.0,msa,65.764919371411,0.3938019124036586,surface,4,107,True,False,False,0.8,0.8,0.0,HLA-A02_like,HLA-A02_like,GMLPVCPLI,GMLPVFPLI,0.72,0.72,0.0,FLLVLLDYQGMLPVC,FLLVLLDYQGMLPVF,0.8,0.8,0.0,1.225,1.179,-0.046,0.0,13.0,13.0,internal_motif_model,25,0,29,possible_disulfide_loss;surface_hydrophobic_gain,10,10.0,10,0.0026548672566371,10,0.0099009900990099,10,10,10,C107F,0.7741839641445151,1.0,0.0,0.7719298245614035,0.6666666666666667,0.4821428571428571,0.33333333333333337,0.6294795749960286,0.6666666666666666,possible_disulfide_loss;surface_hydrophobic_gain,reject
774,63,C,S,-1.9327954053878784,-4.160950735581764,63,139,139,C,1.0,0.0,0.0,1.0,30.0,msa,75.62861552499871,0.4528659612275372,surface,0,121,True,False,True,0.8,0.8,0.0,HLA-A03_like,HLA-A03_like,STTSTGPCR,STTSTGPSR,0.46,0.46,0.0,GPCRTCMTTAQGTSM,GPSRTCMTTAQGTSM,0.8,0.8,0.0,1.065,1.008,-0.057,0.0,33.0,33.0,internal_motif_model,25,15,40,possible_disulfide_loss;antibody_interface_mutation,10,10.0,10,-0.0292035398230088,10,0.0099009900990099,10,10,10,C121S,1.0,1.0,0.0,0.42105263157894735,1.0,0.2857142857142857,0.33333333333333337,0.6294486215538847,0.6666666666666666,antibody_interface_mutation;possible_disulfide_loss;protected_epitope_or_contact,reject
775,91,C,G,-2.5579934120178223,0.0,91,139,139,C,1.0,0.0,0.0,1.0,30.0,msa,2.142918048125441,0.0128318445995535,buried,0,149,True,False,False,0.8,0.8,0.0,HLA-A02_like,HLA-A02_like,CIPIPSSWA,GIPIPSSWA,0.46,0.46,0.0,CTCIPIPSSWAFGKF,CTGIPIPSSWAFGKF,0.8,0.8,0.0,1.125,1.048,-0.077,0.0,8.0,8.0,internal_motif_model,25,0,29,possible_disulfide_loss;new_glycine,10,10.0,10,-0.0256637168141593,10,0.0099009900990099,10,10,10,C149G,0.5643526791459115,1.0,0.0,0.8596491228070176,1.0,0.4821428571428571,0.33333333333333337,0.6278989467288337,0.5,new_glycine;possible_disulfide_loss,reject
776,49,C,V,-2.88517689704895,-1.1164686959500043,49,139,137,C,1.0,0.0,0.0,1.0,30.0,msa,65.764919371411,0.3938019124036586,surface,4,107,True,False,False,0.8,0.8,0.0,HLA-A02_like,HLA-A02_like,GMLPVCPLI,GMLPVVPLI,0.72,0.72,0.0,FLLVLLDYQGMLPVC,FLLVLLDYQGMLPVV,0.8,0.8,0.0,1.225,1.221,-0.004,0.0,13.0,13.0,internal_motif_model,25,0,29,possible_disulfide_loss;surface_hydrophobic_gain,10,10.0,10,0.0150442477876105,10,0.0099009900990099,10,10,10,C107V,0.7141287310163037,1.0,0.0,0.7719298245614035,0.6666666666666667,0.4821428571428571,0.33333333333333337,0.6144657667139758,0.6666666666666666,possible_disulfide_loss;surface_hydrophobic_gain,reject
777,49,C,G,-2.764699697494507,0.0,49,139,137,C,1.0,0.0,0.0,1.0,30.0,msa,65.764919371411,0.3938019124036586,surface,0,107,True,False,False,0.8,0.8,0.0,HLA-A02_like,HLA-A02_like,GMLPVCPLI,GMLPVGPLI,0.72,0.72,0.0,FLLVLLDYQGMLPVC,FLLVLLDYQGMLPVG,0.8,0.8,0.0,1.225,1.148,-0.077,0.0,13.0,13.0,internal_motif_model,25,0,29,possible_disulfide_loss;new_glycine,10,10.0,10,-0.0256637168141593,10,0.0099009900990099,10,10,10,C107G,0.5643526791459115,1.0,0.0,0.7719298245614035,1.0,0.4821428571428571,0.33333333333333337,0.6103550870797111,0.5,new_glycine;possible_disulfide_loss,reject
778,63,C,A,-2.7272558212280273,-2.4146785371295323,63,139,139,C,1.0,0.0,0.0,1.0,30.0,msa,75.62861552499871,0.4528659612275372,surface,0,121,True,False,True,0.8,0.9,0.1,HLA-A03_like,HLA-A02_like,STTSTGPCR,PARTCMTTA,0.46,0.46,0.0,GPCRTCMTTAQGTSM,GPARTCMTTAQGTSM,0.8,0.9,0.1,1.065,1.015,-0.05,0.0,33.0,33.0,internal_motif_model,25,15,44,possible_disulfide_loss;surface_hydrophobic_gain;antibody_interface_mutation,10,10.0,10,-0.0061946902654868,10,0.0099009900990099,10,10,10,C121A,0.8882856466705387,1.0,0.0,0.42105263157894735,1.0,0.2142857142857143,0.33333333333333337,0.5943771760786623,0.6666666666666666,antibody_interface_mutation;possible_disulfide_loss;protected_epitope_or_contact;surface_hydrophobic_gain,reject
779,63,C,T,-2.1780271530151367,-2.16585994541839,63,139,139,C,1.0,0.0,0.0,1.0,30.0,msa,75.62861552499871,0.4528659612275372,surface,0,121,True,False,True,0.8,0.8,0.0,HLA-A03_like,HLA-A03_like,STTSTGPCR,STTSTGPTR,0.46,0.46,0.0,GPCRTCMTTAQGTSM,GPTRTCMTTAQGTSM,0.8,0.8,0.0,1.065,0.993,-0.072,0.0,33.0,33.0,internal_motif_model,25,15,40,possible_disulfide_loss;antibody_interface_mutation,10,10.0,10,-0.0283185840707965,10,0.0099009900990099,10,10,10,C121T,0.8549062367205486,1.0,0.0,0.42105263157894735,1.0,0.2857142857142857,0.33333333333333337,0.5931751807340219,0.6666666666666666,antibody_interface_mutation;possible_disulfide_loss;protected_epitope_or_contact,reject
780,63,C,I,-3.384614944458008,-3.469742133676988,63,139,139,C,1.0,0.0,0.0,1.0,30.0,msa,75.62861552499871,0.4528659612275372,surface,4,121,True,False,True,0.8,0.9,0.1,HLA-A03_like,HLA-A02_like,STTSTGPCR,PIRTCMTTA,0.46,0.46,0.0,GPCRTCMTTAQGTSM,GPIRTCMTTAQGTSM,0.8,0.9,0.1,1.065,1.028,-0.037,0.0,33.0,33.0,internal_motif_model,25,15,44,possible_disulfide_loss;surface_hydrophobic_gain;antibody_interface_mutation,10,10.0,10,0.0176991150442478,10,0.0099009900990099,10,10,10,C121I,1.0,1.0,0.0,0.42105263157894735,0.6666666666666667,0.2142857142857143,0.33333333333333337,0.5889724310776943,0.6666666666666666,antibody_interface_mutation;possible_disulfide_loss;protected_epitope_or_contact;surface_hydrophobic_gain,reject
781,49,C,P,-2.2072384357452393,0.0,49,139,137,C,1.0,0.0,0.0,1.0,30.0,msa,65.764919371411,0.3938019124036586,surface,0,107,True,False,False,0.8,0.8,0.0,HLA-A02_like,HLA-A02_like,GMLPVCPLI,GMLPVPPLI,0.72,0.72,0.0,FLLVLLDYQGMLPVC,FLLVLLDYQGMLPVP,0.8,0.8,0.0,1.225,1.175,-0.05,0.0,13.0,13.0,internal_motif_model,25,0,33,possible_disulfide_loss;new_proline,15,9.2,10,-0.036283185840708,10,0.0099009900990099,6,10,10,C107P,0.5643526791459115,0.9199999999999999,0.0,0.7719298245614035,1.0,0.4107142857142857,0.0,0.5745455632701871,0.5,new_proline;possible_disulfide_loss,reject
782,49,C,A,-2.9910593032836914,1.0974104726412293,49,139,137,C,1.0,0.0,0.0,1.0,30.0,msa,65.764919371411,0.3938019124036586,surface,0,107,True,False,False,0.8,0.8,0.0,HLA-A02_like,HLA-A02_like,GMLPVCPLI,GMLPVAPLI,0.72,0.72,0.0,FLLVLLDYQGMLPVC,FLLVLLDYQGMLPVA,0.8,0.8,0.0,1.225,1.175,-0.05,0.0,13.0,13.0,internal_motif_model,25,0,29,possible_disulfide_loss;surface_hydrophobic_gain,10,10.0,10,-0.0061946902654868,10,0.0099009900990099,10,10,10,C107A,0.41713331825414446,1.0,0.0,0.7719298245614035,1.0,0.4821428571428571,0.33333333333333337,0.5735502468567691,0.5,possible_disulfide_loss;surface_hydrophobic_gain,reject
783,63,C,L,-2.830322265625,-2.7546802936603,63,139,139,C,1.0,0.0,0.0,1.0,30.0,msa,75.62861552499871,0.4528659612275372,surface,4,121,True,False,True,0.8,0.9,0.1,HLA-A03_like,HLA-A02_like,STTSTGPCR,PLRTCMTTA,0.46,0.46,0.0,GPCRTCMTTAQGTSM,GPLRTCMTTAQGTSM,0.8,0.9,0.1,1.065,1.042,-0.023,0.0,33.0,33.0,internal_motif_model,25,15,44,possible_disulfide_loss;surface_hydrophobic_gain;antibody_interface_mutation,10,10.0,10,0.011504424778761,10,0.0099009900990099,10,10,10,C121L,0.9338974232540687,1.0,0.0,0.42105263157894735,0.6666666666666667,0.2142857142857143,0.33333333333333337,0.5724467868912114,0.6666666666666666,antibody_interface_mutation;possible_disulfide_loss;protected_epitope_or_contact;surface_hydrophobic_gain,reject
784,79,C,N,-3.364330291748047,-2.6708169796527272,79,139,139,C,0.9928057553956836,0.0,0.0142429670997965,0.9857570329002034,30.0,msa,21.37736933521141,0.1280081996120443,buried,0,137,True,True,True,0.4,0.4,0.0,HLA-A03_like,HLA-A03_like,MYPSCCCTK,MYPSNCCTK,0.46,0.46,0.0,TCMTTAQGTSMYPSC,TCMTTAQGTSMYPSN,0.46,0.46,0.0,1.197,1.107,-0.091,12.0,36.0,48.0,internal_motif_model,25,15,40,possible_disulfide_loss;antibody_interface_mutation,10,10.0,10,-0.0530973451327433,10,0.0099009900990099,10,10,10,C137N,0.9226470262528941,1.0,0.0,0.1578947368421053,1.0,0.2857142857142857,0.33333333333333337,0.5574787991697399,0.6666666666666666,antibody_interface_mutation;possible_disulfide_loss;protected_epitope_or_contact,reject
785,66,C,I,-3.460944652557373,-2.6708169796527272,66,139,139,C,0.9928057553956836,0.0,0.0142429670997965,0.9857570329002034,30.0,msa,19.326324022647547,0.1157264911535781,buried,0,124,True,True,True,0.45,0.45,0.0,HLA-A03_like,HLA-B07_like,RTCMTTAQG,GPCRTIMTT,0.46,0.46,0.0,GPCRTCMTTAQGTSM,GPCRTIMTTAQGTSM,0.46,0.46,0.0,1.036,0.999,-0.037,12.0,36.0,48.0,internal_motif_model,25,15,40,possible_disulfide_loss;antibody_interface_mutation,10,10.0,10,0.0176991150442478,10,0.0099009900990099,10,10,10,C124I,0.9226470262528941,1.0,0.0,0.1578947368421053,1.0,0.2857142857142857,0.33333333333333337,0.5574787991697399,0.6666666666666666,antibody_interface_mutation;possible_disulfide_loss;protected_epitope_or_contact,reject
786,89,C,I,-3.2364537715911865,-2.4163883375740056,89,139,139,C,0.9928057553956836,0.0,0.0142429670997965,0.9857570329002034,30.0,msa,48.724091437879395,0.2917610265741281,partial,0,147,True,True,True,0.35,0.45,0.1,HLA-A02_like,HLA-A02_like,DGNCTCIPI,DGNITCIPI,0.46,0.46,0.0,CTCIPIPSSWAFGKF,KPSDGNITCIPIPSS,0.46,0.46,0.0,1.057,1.02,-0.037,12.0,36.0,48.0,internal_motif_model,25,15,40,possible_disulfide_loss;antibody_interface_mutation,10,10.0,10,0.0176991150442478,10,0.0099009900990099,10,10,10,C147I,0.8885150191204679,1.0,0.0,0.1578947368421053,1.0,0.2857142857142857,0.33333333333333337,0.5489457973866333,0.6666666666666666,antibody_interface_mutation;possible_disulfide_loss;protected_epitope_or_contact,reject
787,63,C,N,-2.995487689971924,-0.7749899494609451,63,139,139,C,1.0,0.0,0.0,1.0,30.0,msa,75.62861552499871,0.4528659612275372,surface,0,121,True,False,True,0.8,0.8,0.0,HLA-A03_like,HLA-A03_like,STTSTGPCR,STTSTGPNR,0.46,0.46,0.0,GPCRTCMTTAQGTSM,GPNRTCMTTAQGTSM,0.8,0.8,0.0,1.065,0.974,-0.091,0.0,33.0,33.0,internal_motif_model,25,15,40,possible_disulfide_loss;antibody_interface_mutation,10,10.0,10,-0.0530973451327433,10,0.0099009900990099,10,10,10,C121N,0.6683188138799686,1.0,0.0,0.42105263157894735,1.0,0.2857142857142857,0.33333333333333337,0.5465283250238769,0.6666666666666666,antibody_interface_mutation;possible_disulfide_loss;protected_epitope_or_contact,reject
788,91,C,P,-2.3605213165283203,-1.1164686959500043,91,139,139,C,1.0,0.0,0.0,1.0,30.0,msa,2.142918048125441,0.0128318445995535,buried,10,149,True,False,False,0.8,0.8,0.0,HLA-A02_like,HLA-B07_like,CIPIPSSWA,TPIPIPSSW,0.46,0.46,0.0,CTCIPIPSSWAFGKF,CTPIPIPSSWAFGKF,0.8,0.8,0.0,1.125,1.076,-0.05,0.0,8.0,8.0,internal_motif_model,25,0,33,possible_disulfide_loss;new_proline,15,9.2,10,-0.036283185840708,10,0.0099009900990099,6,10,10,C149P,0.7141287310163037,0.9199999999999999,0.0,0.8596491228070176,0.16666666666666663,0.4107142857142857,0.0,0.5462001025535747,0.6666666666666666,new_proline;possible_disulfide_loss,reject
789,91,C,D,-3.36706805229187,-1.1164686959500043,91,139,139,C,1.0,0.0,0.0,1.0,30.0,msa,2.142918048125441,0.0128318445995535,buried,12,149,True,False,False,0.8,0.8,0.0,HLA-A02_like,HLA-A02_like,CIPIPSSWA,DIPIPSSWA,0.46,0.46,0.0,CTCIPIPSSWAFGKF,CTDIPIPSSWAFGKF,0.8,0.8,0.0,1.125,1.047,-0.078,0.0,8.0,8.0,internal_motif_model,25,0,41,possible_disulfide_loss;buried_charge,10,10.0,10,-0.0530973451327433,10,-0.9889782489611454,10,10,10,C149D,0.7141287310163037,1.0,0.0,0.8596491228070176,0.0,0.2678571428571429,0.33333333333333337,0.5439143882678604,0.6666666666666666,accessibility_risk;buried_charge;possible_disulfide_loss,reject
790,81,C,S,-2.0951955318450928,-2.6708169796527272,81,139,139,C,0.9928057553956836,0.0,0.0142429670997965,0.9857570329002034,30.0,msa,69.22217925483348,0.4145040673942124,surface,0,139,True,True,True,0.4,0.4,0.0,HLA-A03_like,HLA-A03_like,MYPSCCCTK,MYPSCCSTK,0.46,0.46,0.0,MTTAQGTSMYPSCCC,MTTAQGTSMYPSCCS,0.46,0.46,0.0,1.164,1.107,-0.057,12.0,41.0,53.0,internal_motif_model,25,15,40,possible_disulfide_loss;antibody_interface_mutation,10,10.0,10,-0.0292035398230088,10,0.0099009900990099,10,10,10,C139S,0.9226470262528941,1.0,0.0,0.07017543859649122,1.0,0.2857142857142857,0.33333333333333337,0.539934939520617,0.6666666666666666,antibody_interface_mutation;possible_disulfide_loss;protected_epitope_or_contact,reject
791,81,C,R,-3.0556788444519043,-2.6708169796527272,81,139,139,C,0.9928057553956836,0.0,0.0142429670997965,0.9857570329002034,30.0,msa,69.22217925483348,0.4145040673942124,surface,0,139,True,True,True,0.4,0.7,0.3,HLA-A03_like,HLA-A03_like,MYPSCCCTK,TSMYPSCCR,0.46,0.46,0.0,MTTAQGTSMYPSCCC,MTTAQGTSMYPSCCR,0.46,0.7,0.24,1.164,1.087,-0.077,12.0,41.0,53.0,internal_motif_model,25,15,40,possible_disulfide_loss;antibody_interface_mutation,10,9.6,10,-0.0619469026548672,10,1.0098909901990083,8,10,10,C139R,0.9226470262528941,0.96,0.0,0.07017543859649122,1.0,0.2857142857142857,0.33333333333333337,0.533934939520617,0.6666666666666666,antibody_interface_mutation;possible_disulfide_loss;protected_epitope_or_contact,reject
792,89,C,T,-2.6515164375305176,-1.945474314299844,89,139,139,C,0.9928057553956836,0.0,0.0142429670997965,0.9857570329002034,30.0,msa,48.724091437879395,0.2917610265741281,partial,0,147,True,True,True,0.35,0.45,0.1,HLA-A02_like,HLA-A02_like,DGNCTCIPI,DGNTTCIPI,0.46,0.46,0.0,CTCIPIPSSWAFGKF,TTCIPIPSSWAFGKF,0.46,0.46,0.0,1.057,0.985,-0.072,12.0,36.0,48.0,internal_motif_model,25,15,40,possible_disulfide_loss;antibody_interface_mutation,10,10.0,10,-0.0283185840707965,10,0.0099009900990099,10,10,10,C147T,0.825341153671074,1.0,0.0,0.1578947368421053,1.0,0.2857142857142857,0.33333333333333337,0.5331523310242848,0.6666666666666666,antibody_interface_mutation;possible_disulfide_loss;protected_epitope_or_contact,reject
793,81,C,A,-2.892777442932129,-2.6708169796527272,81,139,139,C,0.9928057553956836,0.0,0.0142429670997965,0.9857570329002034,30.0,msa,69.22217925483348,0.4145040673942124,surface,0,139,True,True,True,0.4,0.4,0.0,HLA-A03_like,HLA-A03_like,MYPSCCCTK,MYPSCCATK,0.46,0.46,0.0,MTTAQGTSMYPSCCC,MTTAQGTSMYPSCCA,0.46,0.46,0.0,1.164,1.115,-0.05,12.0,41.0,53.0,internal_motif_model,25,15,44,possible_disulfide_loss;surface_hydrophobic_gain;antibody_interface_mutation,10,10.0,10,-0.0061946902654868,10,0.0099009900990099,10,10,10,C139A,0.9226470262528941,1.0,0.0,0.07017543859649122,1.0,0.2142857142857143,0.33333333333333337,0.5327920823777599,0.6666666666666666,antibody_interface_mutation;possible_disulfide_loss;protected_epitope_or_contact;surface_hydrophobic_gain,reject
794,66,C,A,-2.6409683227539062,-1.564135642556721,66,139,139,C,0.9928057553956836,0.0,0.0142429670997965,0.9857570329002034,30.0,msa,19.326324022647547,0.1157264911535781,buried,0,124,True,True,True,0.45,0.45,0.0,HLA-A03_like,HLA-B07_like,RTCMTTAQG,GPCRTAMTT,0.46,0.46,0.0,GPCRTCMTTAQGTSM,GPCRTAMTTAQGTSM,0.46,0.46,0.0,1.036,0.986,-0.05,12.0,36.0,48.0,internal_motif_model,25,15,40,possible_disulfide_loss;antibody_interface_mutation,10,10.0,10,-0.0061946902654868,10,0.0099009900990099,10,10,10,C124A,0.7741839641445151,1.0,0.0,0.1578947368421053,1.0,0.2857142857142857,0.33333333333333337,0.5203630336426451,0.6666666666666666,antibody_interface_mutation;possible_disulfide_loss;protected_epitope_or_contact,reject
795,79,C,L,-2.7176361083984375,-1.564135642556721,79,139,139,C,0.9928057553956836,0.0,0.0142429670997965,0.9857570329002034,30.0,msa,21.37736933521141,0.1280081996120443,buried,0,137,True,True,True,0.4,0.4,0.0,HLA-A03_like,HLA-A03_like,MYPSCCCTK,MYPSLCCTK,0.46,0.46,0.0,TCMTTAQGTSMYPSC,TCMTTAQGTSMYPSL,0.46,0.46,0.0,1.197,1.174,-0.023,12.0,36.0,48.0,internal_motif_model,25,15,40,possible_disulfide_loss;antibody_interface_mutation,10,10.0,10,0.011504424778761,10,0.0099009900990099,10,10,10,C137L,0.7741839641445151,1.0,0.0,0.1578947368421053,1.0,0.2857142857142857,0.33333333333333337,0.5203630336426451,0.6666666666666666,antibody_interface_mutation;possible_disulfide_loss;protected_epitope_or_contact,reject
796,79,C,V,-3.000356674194336,-1.564135642556721,79,139,139,C,0.9928057553956836,0.0,0.0142429670997965,0.9857570329002034,30.0,msa,21.37736933521141,0.1280081996120443,buried,0,137,True,True,True,0.4,0.4,0.0,HLA-A03_like,HLA-A03_like,MYPSCCCTK,MYPSVCCTK,0.46,0.46,0.0,TCMTTAQGTSMYPSC,TCMTTAQGTSMYPSV,0.46,0.46,0.0,1.197,1.193,-0.004,12.0,36.0,48.0,internal_motif_model,25,15,40,possible_disulfide_loss;antibody_interface_mutation,10,10.0,10,0.0150442477876105,10,0.0099009900990099,10,10,10,C137V,0.7741839641445151,1.0,0.0,0.1578947368421053,1.0,0.2857142857142857,0.33333333333333337,0.5203630336426451,0.6666666666666666,antibody_interface_mutation;possible_disulfide_loss;protected_epitope_or_contact,reject
797,79,C,A,-2.784919261932373,-1.5472767508363745,79,139,139,C,0.9928057553956836,0.0,0.0142429670997965,0.9857570329002034,30.0,msa,21.37736933521141,0.1280081996120443,buried,0,137,True,True,True,0.4,0.4,0.0,HLA-A03_like,HLA-A03_like,MYPSCCCTK,MYPSACCTK,0.46,0.46,0.0,TCMTTAQGTSMYPSC,TCMTTAQGTSMYPSA,0.46,0.46,0.0,1.197,1.148,-0.05,12.0,36.0,48.0,internal_motif_model,25,15,40,possible_disulfide_loss;antibody_interface_mutation,10,10.0,10,-0.0061946902654868,10,0.0099009900990099,10,10,10,C137A,0.7719223169976281,1.0,0.0,0.1578947368421053,1.0,0.2857142857142857,0.33333333333333337,0.5197976218559234,0.6666666666666666,antibody_interface_mutation;possible_disulfide_loss;protected_epitope_or_contact,reject
798,80,C,V,-2.9920129776000977,-1.5472767508363745,80,139,139,C,1.0,0.0,0.0,1.0,30.0,msa,11.026990214100174,0.0660298815215579,buried,0,138,True,True,True,0.4,0.4,0.0,HLA-A03_like,HLA-A03_like,MYPSCCCTK,MYPSCVCTK,0.46,0.46,0.0,CMTTAQGTSMYPSCC,CMTTAQGTSMYPSCV,0.46,0.46,0.0,1.164,1.16,-0.004,12.0,36.0,48.0,internal_motif_model,25,15,40,possible_disulfide_loss;antibody_interface_mutation,10,10.0,10,0.0150442477876105,10,0.0099009900990099,10,10,10,C138V,0.7719223169976281,1.0,0.0,0.1578947368421053,1.0,0.2857142857142857,0.33333333333333337,0.5197976218559234,0.6666666666666666,antibody_interface_mutation;possible_disulfide_loss;protected_epitope_or_contact,reject
799,66,C,G,-2.8493518829345703,-1.564135642556721,66,139,139,C,0.9928057553956836,0.0,0.0142429670997965,0.9857570329002034,30.0,msa,19.326324022647547,0.1157264911535781,buried,0,124,True,True,True,0.45,0.45,0.0,HLA-A03_like,HLA-A03_like,RTCMTTAQG,RTGMTTAQG,0.46,0.46,0.0,GPCRTCMTTAQGTSM,GPCRTGMTTAQGTSM,0.46,0.46,0.0,1.036,0.959,-0.077,12.0,36.0,48.0,internal_motif_model,25,15,44,possible_disulfide_loss;new_glycine;antibody_interface_mutation,10,10.0,10,-0.0256637168141593,10,0.0099009900990099,10,10,10,C124G,0.7741839641445151,1.0,0.0,0.1578947368421053,1.0,0.2142857142857143,0.33333333333333337,0.5132201764997879,0.6666666666666666,antibody_interface_mutation;new_glycine;possible_disulfide_loss;protected_epitope_or_contact,reject
800,80,C,G,-3.0024800300598145,-1.564135642556721,80,139,139,C,1.0,0.0,0.0,1.0,30.0,msa,11.026990214100174,0.0660298815215579,buried,0,138,True,True,True,0.4,0.35,-0.05,HLA-A03_like,HLA-A03_like,MYPSCCCTK,GTSMYPSCG,0.46,0.46,0.0,CMTTAQGTSMYPSCC,CMTTAQGTSMYPSCG,0.46,0.46,0.0,1.164,1.088,-0.077,12.0,36.0,48.0,internal_motif_model,25,15,44,possible_disulfide_loss;new_glycine;antibody_interface_mutation,10,10.0,10,-0.0256637168141593,10,0.0099009900990099,10,10,10,C138G,0.7741839641445151,1.0,0.0,0.1578947368421053,1.0,0.2142857142857143,0.33333333333333337,0.5132201764997879,0.6666666666666666,antibody_interface_mutation;new_glycine;possible_disulfide_loss;protected_epitope_or_contact,reject
801,66,C,S,-1.9718846082687376,-1.1164686959500043,66,139,139,C,0.9928057553956836,0.0,0.0142429670997965,0.9857570329002034,30.0,msa,19.326324022647547,0.1157264911535781,buried,0,124,True,True,True,0.45,0.45,0.0,HLA-A03_like,HLA-B07_like,RTCMTTAQG,GPCRTSMTT,0.46,0.46,0.0,GPCRTCMTTAQGTSM,GPCRTSMTTAQGTSM,0.46,0.46,0.0,1.036,0.979,-0.057,12.0,36.0,48.0,internal_motif_model,25,15,40,possible_disulfide_loss;antibody_interface_mutation,10,10.0,10,-0.0292035398230088,10,0.0099009900990099,10,10,10,C124S,0.7141287310163037,1.0,0.0,0.1578947368421053,1.0,0.2857142857142857,0.33333333333333337,0.5053492253605922,0.6666666666666666,antibody_interface_mutation;possible_disulfide_loss;protected_epitope_or_contact,reject
802,80,C,T,-1.9982882738113403,-1.1164686959500043,80,139,139,C,1.0,0.0,0.0,1.0,30.0,msa,11.026990214100174,0.0660298815215579,buried,0,138,True,True,True,0.4,0.4,0.0,HLA-A03_like,HLA-A03_like,MYPSCCCTK,MYPSCTCTK,0.46,0.46,0.0,CMTTAQGTSMYPSCC,CMTTAQGTSMYPSCT,0.46,0.46,0.0,1.164,1.093,-0.072,12.0,36.0,48.0,internal_motif_model,25,15,40,possible_disulfide_loss;antibody_interface_mutation,10,10.0,10,-0.0283185840707965,10,0.0099009900990099,10,10,10,C138T,0.7141287310163037,1.0,0.0,0.1578947368421053,1.0,0.2857142857142857,0.33333333333333337,0.5053492253605922,0.6666666666666666,antibody_interface_mutation;possible_disulfide_loss;protected_epitope_or_contact,reject
803,79,C,S,-2.037046432495117,-1.1164686959500043,79,139,139,C,0.9928057553956836,0.0,0.0142429670997965,0.9857570329002034,30.0,msa,21.37736933521141,0.1280081996120443,buried,0,137,True,True,True,0.4,0.4,0.0,HLA-A03_like,HLA-A03_like,MYPSCCCTK,MYPSSCCTK,0.46,0.46,0.0,TCMTTAQGTSMYPSC,TCMTTAQGTSMYPSS,0.46,0.46,0.0,1.197,1.14,-0.057,12.0,36.0,48.0,internal_motif_model,25,15,40,possible_disulfide_loss;antibody_interface_mutation,10,10.0,10,-0.0292035398230088,10,0.0099009900990099,10,10,10,C137S,0.7141287310163037,1.0,0.0,0.1578947368421053,1.0,0.2857142857142857,0.33333333333333337,0.5053492253605922,0.6666666666666666,antibody_interface_mutation;possible_disulfide_loss;protected_epitope_or_contact,reject
804,80,C,N,-2.2445569038391113,-1.1164686959500043,80,139,139,C,1.0,0.0,0.0,1.0,30.0,msa,11.026990214100174,0.0660298815215579,buried,0,138,True,True,True,0.4,0.4,0.0,HLA-A03_like,HLA-A03_like,MYPSCCCTK,MYPSCNCTK,0.46,0.46,0.0,CMTTAQGTSMYPSCC,CMTTAQGTSMYPSCN,0.46,0.46,0.0,1.164,1.074,-0.091,12.0,36.0,48.0,internal_motif_model,25,15,40,possible_disulfide_loss;antibody_interface_mutation,10,10.0,10,-0.0530973451327433,10,0.0099009900990099,10,10,10,C138N,0.7141287310163037,1.0,0.0,0.1578947368421053,1.0,0.2857142857142857,0.33333333333333337,0.5053492253605922,0.6666666666666666,antibody_interface_mutation;possible_disulfide_loss;protected_epitope_or_contact,reject
805,80,C,L,-2.9881343841552734,-1.1164686959500043,80,139,139,C,1.0,0.0,0.0,1.0,30.0,msa,11.026990214100174,0.0660298815215579,buried,0,138,True,True,True,0.4,0.4,0.0,HLA-A03_like,HLA-A03_like,MYPSCCCTK,MYPSCLCTK,0.46,0.46,0.0,CMTTAQGTSMYPSCC,CMTTAQGTSMYPSCL,0.46,0.46,0.0,1.164,1.141,-0.023,12.0,36.0,48.0,internal_motif_model,25,15,40,possible_disulfide_loss;antibody_interface_mutation,10,10.0,10,0.011504424778761,10,0.0099009900990099,10,10,10,C138L,0.7141287310163037,1.0,0.0,0.1578947368421053,1.0,0.2857142857142857,0.33333333333333337,0.5053492253605922,0.6666666666666666,antibody_interface_mutation;possible_disulfide_loss;protected_epitope_or_contact,reject
806,66,C,N,-3.0128679275512695,-1.1164686959500043,66,139,139,C,0.9928057553956836,0.0,0.0142429670997965,0.9857570329002034,30.0,msa,19.326324022647547,0.1157264911535781,buried,0,124,True,True,True,0.45,0.45,0.0,HLA-A03_like,HLA-B07_like,RTCMTTAQG,GPCRTNMTT,0.46,0.46,0.0,GPCRTCMTTAQGTSM,GPCRTNMTTAQGTSM,0.46,0.46,0.0,1.036,0.945,-0.091,12.0,36.0,48.0,internal_motif_model,25,15,40,possible_disulfide_loss;antibody_interface_mutation,10,10.0,10,-0.0530973451327433,10,0.0099009900990099,10,10,10,C124N,0.7141287310163037,1.0,0.0,0.1578947368421053,1.0,0.2857142857142857,0.33333333333333337,0.5053492253605922,0.6666666666666666,antibody_interface_mutation;possible_disulfide_loss;protected_epitope_or_contact,reject
807,66,C,V,-3.06170654296875,-1.1164686959500043,66,139,139,C,0.9928057553956836,0.0,0.0142429670997965,0.9857570329002034,30.0,msa,19.326324022647547,0.1157264911535781,buried,0,124,True,True,True,0.45,0.45,0.0,HLA-A03_like,HLA-B07_like,RTCMTTAQG,GPCRTVMTT,0.46,0.46,0.0,GPCRTCMTTAQGTSM,GPCRTVMTTAQGTSM,0.46,0.46,0.0,1.036,1.032,-0.004,12.0,36.0,48.0,internal_motif_model,25,15,40,possible_disulfide_loss;antibody_interface_mutation,10,10.0,10,0.0150442477876105,10,0.0099009900990099,10,10,10,C124V,0.7141287310163037,1.0,0.0,0.1578947368421053,1.0,0.2857142857142857,0.33333333333333337,0.5053492253605922,0.6666666666666666,antibody_interface_mutation;possible_disulfide_loss;protected_epitope_or_contact,reject
808,79,C,I,-3.229795455932617,-1.1164686959500043,79,139,139,C,0.9928057553956836,0.0,0.0142429670997965,0.9857570329002034,30.0,msa,21.37736933521141,0.1280081996120443,buried,0,137,True,True,True,0.4,0.4,0.0,HLA-A03_like,HLA-A03_like,MYPSCCCTK,MYPSICCTK,0.46,0.46,0.0,TCMTTAQGTSMYPSC,TCMTTAQGTSMYPSI,0.46,0.46,0.0,1.197,1.16,-0.037,12.0,36.0,48.0,internal_motif_model,25,15,40,possible_disulfide_loss;antibody_interface_mutation,10,10.0,10,0.0176991150442478,10,0.0099009900990099,10,10,10,C137I,0.7141287310163037,1.0,0.0,0.1578947368421053,1.0,0.2857142857142857,0.33333333333333337,0.5053492253605922,0.6666666666666666,antibody_interface_mutation;possible_disulfide_loss;protected_epitope_or_contact,reject
809,89,C,V,-3.0159738063812256,-0.916654761508056,89,139,139,C,0.9928057553956836,0.0,0.0142429670997965,0.9857570329002034,30.0,msa,48.724091437879395,0.2917610265741281,partial,0,147,True,True,True,0.35,0.45,0.1,HLA-A02_like,HLA-A02_like,DGNCTCIPI,DGNVTCIPI,0.46,0.46,0.0,CTCIPIPSSWAFGKF,KPSDGNVTCIPIPSS,0.46,0.46,0.0,1.057,1.053,-0.004,12.0,36.0,48.0,internal_motif_model,25,15,40,possible_disulfide_loss;antibody_interface_mutation,10,10.0,10,0.0150442477876105,10,0.0099009900990099,10,10,10,C147V,0.6873233738056932,1.0,0.0,0.1578947368421053,1.0,0.2857142857142857,0.33333333333333337,0.4986478860579396,0.6666666666666666,antibody_interface_mutation;possible_disulfide_loss;protected_epitope_or_contact,reject
810,79,C,G,-2.519294023513794,-1.1164686959500043,79,139,139,C,0.9928057553956836,0.0,0.0142429670997965,0.9857570329002034,30.0,msa,21.37736933521141,0.1280081996120443,buried,0,137,True,True,True,0.4,0.35,-0.05,HLA-A03_like,HLA-A03_like,MYPSCCCTK,GTSMYPSGC,0.46,0.46,0.0,TCMTTAQGTSMYPSC,TCMTTAQGTSMYPSG,0.46,0.46,0.0,1.197,1.121,-0.077,12.0,36.0,48.0,internal_motif_model,25,15,44,possible_disulfide_loss;new_glycine;antibody_interface_mutation,10,10.0,10,-0.0256637168141593,10,0.0099009900990099,10,10,10,C137G,0.7141287310163037,1.0,0.0,0.1578947368421053,1.0,0.2142857142857143,0.33333333333333337,0.498206368217735,0.6666666666666666,antibody_interface_mutation;new_glycine;possible_disulfide_loss;protected_epitope_or_contact,reject
811,63,C,G,-2.5621871948242188,0.5197989207392197,63,139,139,C,1.0,0.0,0.0,1.0,30.0,msa,75.62861552499871,0.4528659612275372,surface,0,121,True,False,True,0.8,0.8,0.0,HLA-A03_like,HLA-A03_like,STTSTGPCR,STTSTGPGR,0.46,0.46,0.0,GPCRTCMTTAQGTSM,GPGRTCMTTAQGTSM,0.8,0.8,0.0,1.065,0.988,-0.077,0.0,33.0,33.0,internal_motif_model,25,15,44,possible_disulfide_loss;new_glycine;antibody_interface_mutation,10,10.0,10,-0.0256637168141593,10,0.0099009900990099,10,10,10,C121G,0.49462082692540155,1.0,0.0,0.42105263157894735,1.0,0.2142857142857143,0.33333333333333337,0.4959609711423779,0.5,antibody_interface_mutation;new_glycine;possible_disulfide_loss;protected_epitope_or_contact,reject
812,81,C,G,-2.6946120262145996,-1.1164686959500043,81,139,139,C,0.9928057553956836,0.0,0.0142429670997965,0.9857570329002034,30.0,msa,69.22217925483348,0.4145040673942124,surface,0,139,True,True,True,0.4,0.35,-0.05,HLA-A03_like,HLA-A03_like,MYPSCCCTK,GTKPSDGNC,0.46,0.46,0.0,MTTAQGTSMYPSCCC,MTTAQGTSMYPSCCG,0.46,0.46,0.0,1.164,1.088,-0.077,12.0,41.0,53.0,internal_motif_model,25,15,44,possible_disulfide_loss;new_glycine;antibody_interface_mutation,10,10.0,10,-0.0256637168141593,10,0.0099009900990099,10,10,10,C139G,0.7141287310163037,1.0,0.0,0.07017543859649122,1.0,0.2142857142857143,0.33333333333333337,0.48066250856861226,0.6666666666666666,antibody_interface_mutation;new_glycine;possible_disulfide_loss;protected_epitope_or_contact,reject
813,89,C,S,-2.2785468101501465,-0.3714684145716944,89,139,139,C,0.9928057553956836,0.0,0.0142429670997965,0.9857570329002034,30.0,msa,48.724091437879395,0.2917610265741281,partial,0,147,True,True,True,0.35,0.45,0.1,HLA-A02_like,HLA-A02_like,DGNCTCIPI,DGNSTCIPI,0.46,0.46,0.0,CTCIPIPSSWAFGKF,STCIPIPSSWAFGKF,0.46,0.46,0.0,1.057,1.0,-0.057,12.0,36.0,48.0,internal_motif_model,25,15,40,possible_disulfide_loss;antibody_interface_mutation,10,10.0,10,-0.0292035398230088,10,0.0099009900990099,10,10,10,C147S,0.6141857579692822,1.0,0.0,0.1578947368421053,1.0,0.2857142857142857,0.33333333333333337,0.4803634820988369,0.6666666666666666,antibody_interface_mutation;possible_disulfide_loss;protected_epitope_or_contact,reject
814,63,C,P,-2.50985050201416,0.1827951504239138,63,139,139,C,1.0,0.0,0.0,1.0,30.0,msa,75.62861552499871,0.4528659612275372,surface,0,121,True,False,True,0.8,0.8,0.0,HLA-A03_like,HLA-A03_like,STTSTGPCR,STTSTGPPR,0.46,0.46,0.0,GPCRTCMTTAQGTSM,GPPRTCMTTAQGTSM,0.8,0.8,0.0,1.065,1.015,-0.05,0.0,33.0,33.0,internal_motif_model,25,15,48,possible_disulfide_loss;new_proline;antibody_interface_mutation,15,9.2,10,-0.036283185840708,10,0.0099009900990099,6,10,10,C121P,0.5398304188883125,0.9199999999999999,0.0,0.42105263157894735,1.0,0.1428571428571429,0.0,0.47145384532358187,0.5,antibody_interface_mutation;new_proline;possible_disulfide_loss;protected_epitope_or_contact,reject
815,63,C,V,-3.1106767654418945,0.2718590623940713,63,139,139,C,1.0,0.0,0.0,1.0,30.0,msa,75.62861552499871,0.4528659612275372,surface,4,121,True,False,True,0.8,0.9,0.1,HLA-A03_like,HLA-A02_like,STTSTGPCR,PVRTCMTTA,0.46,0.46,0.0,GPCRTCMTTAQGTSM,GPVRTCMTTAQGTSM,0.8,0.9,0.1,1.065,1.061,-0.004,0.0,33.0,33.0,internal_motif_model,25,15,44,possible_disulfide_loss;surface_hydrophobic_gain;antibody_interface_mutation,10,10.0,10,0.0150442477876105,10,0.0099009900990099,10,10,10,C121V,0.5278823533962732,1.0,0.0,0.42105263157894735,0.6666666666666667,0.2142857142857143,0.33333333333333337,0.47094301942676253,0.5,antibody_interface_mutation;possible_disulfide_loss;protected_epitope_or_contact;surface_hydrophobic_gain,reject
816,66,C,L,-2.9887406826019287,0.0,66,139,139,C,0.9928057553956836,0.0,0.0142429670997965,0.9857570329002034,30.0,msa,19.326324022647547,0.1157264911535781,buried,0,124,True,True,True,0.45,0.45,0.0,HLA-A03_like,HLA-B07_like,RTCMTTAQG,GPCRTLMTT,0.46,0.46,0.0,GPCRTCMTTAQGTSM,GPCRTLMTTAQGTSM,0.46,0.46,0.0,1.036,1.013,-0.023,12.0,36.0,48.0,internal_motif_model,25,15,40,possible_disulfide_loss;antibody_interface_mutation,10,10.0,10,0.011504424778761,10,0.0099009900990099,10,10,10,C124L,0.5643526791459115,1.0,0.0,0.1578947368421053,1.0,0.2857142857142857,0.33333333333333337,0.46790521239299415,0.5,antibody_interface_mutation;possible_disulfide_loss;protected_epitope_or_contact,reject
817,49,C,I,-2.553866147994995,3.664096312521849,49,139,137,C,1.0,0.0,0.0,1.0,30.0,msa,65.764919371411,0.3938019124036586,surface,4,107,True,False,False,0.8,0.8,0.0,HLA-A02_like,HLA-A02_like,GMLPVCPLI,GMLPVIPLI,0.72,0.72,0.0,FLLVLLDYQGMLPVC,FLLVLLDYQGMLPVI,0.8,0.8,0.0,1.225,1.188,-0.037,0.0,13.0,13.0,internal_motif_model,25,0,29,possible_disulfide_loss;surface_hydrophobic_gain,10,10.0,10,0.0176991150442478,10,0.0099009900990099,10,10,10,C107I,0.07280832922088676,1.0,0.0,0.7719298245614035,0.6666666666666667,0.4821428571428571,0.33333333333333337,0.4541356662651215,0.5,possible_disulfide_loss;surface_hydrophobic_gain,reject
818,81,C,T,-2.3921244144439697,0.0,81,139,139,C,0.9928057553956836,0.0,0.0142429670997965,0.9857570329002034,30.0,msa,69.22217925483348,0.4145040673942124,surface,0,139,True,True,True,0.4,0.4,0.0,HLA-A03_like,HLA-A03_like,MYPSCCCTK,MYPSCCTTK,0.46,0.46,0.0,MTTAQGTSMYPSCCC,MTTAQGTSMYPSCCT,0.46,0.46,0.0,1.164,1.093,-0.072,12.0,41.0,53.0,internal_motif_model,25,15,40,possible_disulfide_loss;antibody_interface_mutation,10,10.0,10,-0.0283185840707965,10,0.0099009900990099,10,10,10,C139T,0.5643526791459115,1.0,0.0,0.07017543859649122,1.0,0.2857142857142857,0.33333333333333337,0.4503613527438713,0.5,antibody_interface_mutation;possible_disulfide_loss;protected_epitope_or_contact,reject
819,81,C,L,-2.7826972007751465,-1.1164686959500043,81,139,139,C,0.9928057553956836,0.0,0.0142429670997965,0.9857570329002034,30.0,msa,69.22217925483348,0.4145040673942124,surface,4,139,True,True,True,0.4,0.4,0.0,HLA-A03_like,HLA-A03_like,MYPSCCCTK,MYPSCCLTK,0.46,0.46,0.0,MTTAQGTSMYPSCCC,MTTAQGTSMYPSCCL,0.46,0.46,0.0,1.164,1.141,-0.023,12.0,41.0,53.0,internal_motif_model,25,15,44,possible_disulfide_loss;surface_hydrophobic_gain;antibody_interface_mutation,10,10.0,10,0.011504424778761,10,0.0099009900990099,10,10,10,C139L,0.7141287310163037,1.0,0.0,0.07017543859649122,0.6666666666666667,0.2142857142857143,0.33333333333333337,0.44732917523527893,0.6666666666666666,antibody_interface_mutation;possible_disulfide_loss;protected_epitope_or_contact;surface_hydrophobic_gain,reject
820,81,C,V,-3.0307583808898926,-1.1164686959500043,81,139,139,C,0.9928057553956836,0.0,0.0142429670997965,0.9857570329002034,30.0,msa,69.22217925483348,0.4145040673942124,surface,4,139,True,True,True,0.4,0.4,0.0,HLA-A03_like,HLA-A03_like,MYPSCCCTK,MYPSCCVTK,0.46,0.46,0.0,MTTAQGTSMYPSCCC,MTTAQGTSMYPSCCV,0.46,0.46,0.0,1.164,1.16,-0.004,12.0,41.0,53.0,internal_motif_model,25,15,44,possible_disulfide_loss;surface_hydrophobic_gain;antibody_interface_mutation,10,10.0,10,0.0150442477876105,10,0.0099009900990099,10,10,10,C139V,0.7141287310163037,1.0,0.0,0.07017543859649122,0.6666666666666667,0.2142857142857143,0.33333333333333337,0.44732917523527893,0.6666666666666666,antibody_interface_mutation;possible_disulfide_loss;protected_epitope_or_contact;surface_hydrophobic_gain,reject
821,81,C,P,-2.3905880451202393,-1.1164686959500043,81,139,139,C,0.9928057553956836,0.0,0.0142429670997965,0.9857570329002034,30.0,msa,69.22217925483348,0.4145040673942124,surface,0,139,True,True,True,0.4,0.35,-0.05,HLA-A03_like,HLA-B07_like,MYPSCCCTK,CPTKPSDGN,0.46,0.46,0.0,MTTAQGTSMYPSCCC,MTTAQGTSMYPSCCP,0.46,0.46,0.0,1.164,1.115,-0.05,12.0,41.0,53.0,internal_motif_model,25,15,48,possible_disulfide_loss;new_proline;antibody_interface_mutation,15,9.2,10,-0.036283185840708,10,0.0099009900990099,6,10,10,C139P,0.7141287310163037,0.9199999999999999,0.0,0.07017543859649122,1.0,0.1428571428571429,0.0,0.44485298475908847,0.6666666666666666,antibody_interface_mutation;new_proline;possible_disulfide_loss;protected_epitope_or_contact,reject
822,89,C,P,-2.461235284805298,0.0867561987232363,89,139,139,C,0.9928057553956836,0.0,0.0142429670997965,0.9857570329002034,30.0,msa,48.724091437879395,0.2917610265741281,partial,0,147,True,True,True,0.35,0.35,0.0,HLA-A02_like,HLA-A03_like,DGNCTCIPI,CTKPSDGNP,0.46,0.46,0.0,CTCIPIPSSWAFGKF,PTCIPIPSSWAFGKF,0.46,0.46,0.0,1.057,1.008,-0.05,12.0,36.0,48.0,internal_motif_model,25,15,48,possible_disulfide_loss;new_proline;antibody_interface_mutation,15,9.2,10,-0.036283185840708,10,0.0099009900990099,6,10,10,C147P,0.552714197057533,0.9199999999999999,0.0,0.1578947368421053,1.0,0.1428571428571429,0.0,0.42204321091851854,0.5,antibody_interface_mutation;new_proline;possible_disulfide_loss;protected_epitope_or_contact,reject
823,79,C,T,-2.338217496871948,1.5469753749106303,79,139,139,C,0.9928057553956836,0.0,0.0142429670997965,0.9857570329002034,30.0,msa,21.37736933521141,0.1280081996120443,buried,0,137,True,True,True,0.4,0.4,0.0,HLA-A03_like,HLA-A03_like,MYPSCCCTK,MYPSTCCTK,0.46,0.46,0.0,TCMTTAQGTSMYPSC,TCMTTAQGTSMYPST,0.46,0.46,0.0,1.197,1.126,-0.072,12.0,36.0,48.0,internal_motif_model,25,15,40,possible_disulfide_loss;antibody_interface_mutation,10,10.0,10,-0.0283185840707965,10,0.0099009900990099,10,10,10,C137T,0.3568234713541246,1.0,0.0,0.1578947368421053,1.0,0.2857142857142857,0.33333333333333337,0.4160229104450474,0.5,antibody_interface_mutation;possible_disulfide_loss;protected_epitope_or_contact,reject
824,91,C,R,-2.923541307449341,2.6620401999517753,91,139,139,C,1.0,0.0,0.0,1.0,30.0,msa,2.142918048125441,0.0128318445995535,buried,12,149,True,False,False,0.8,0.8,0.0,HLA-A02_like,HLA-A02_like,CIPIPSSWA,RIPIPSSWA,0.46,0.46,0.0,CTCIPIPSSWAFGKF,CTRIPIPSSWAFGKF,0.8,0.8,0.0,1.125,1.048,-0.077,0.0,8.0,8.0,internal_motif_model,25,0,41,possible_disulfide_loss;buried_charge,10,9.6,10,-0.0619469026548672,10,1.0098909901990083,8,10,10,C149R,0.20723575099972336,0.96,0.0,0.8596491228070176,0.0,0.2678571428571429,0.33333333333333337,0.4111911432637153,0.5,accessibility_risk;buried_charge;possible_disulfide_loss,reject
825,81,C,I,-3.1702451705932617,0.0,81,139,139,C,0.9928057553956836,0.0,0.0142429670997965,0.9857570329002034,30.0,msa,69.22217925483348,0.4145040673942124,surface,4,139,True,True,True,0.4,0.4,0.0,HLA-A03_like,HLA-A03_like,MYPSCCCTK,MYPSCCITK,0.46,0.46,0.0,MTTAQGTSMYPSCCC,MTTAQGTSMYPSCCI,0.46,0.46,0.0,1.164,1.127,-0.037,12.0,41.0,53.0,internal_motif_model,25,15,44,possible_disulfide_loss;surface_hydrophobic_gain;antibody_interface_mutation,10,10.0,10,0.0176991150442478,10,0.0099009900990099,10,10,10,C139I,0.5643526791459115,1.0,0.0,0.07017543859649122,0.6666666666666667,0.2142857142857143,0.33333333333333337,0.4098851622676808,0.5,antibody_interface_mutation;possible_disulfide_loss;protected_epitope_or_contact;surface_hydrophobic_gain,reject
826,89,C,A,-2.7384226322174072,1.856395256723772,89,139,139,C,0.9928057553956836,0.0,0.0142429670997965,0.9857570329002034,30.0,msa,48.724091437879395,0.2917610265741281,partial,0,147,True,True,True,0.35,0.45,0.1,HLA-A02_like,HLA-A02_like,DGNCTCIPI,DGNATCIPI,0.46,0.46,0.0,CTCIPIPSSWAFGKF,KPSDGNATCIPIPSS,0.46,0.46,0.0,1.057,1.008,-0.05,12.0,36.0,48.0,internal_motif_model,25,15,40,possible_disulfide_loss;antibody_interface_mutation,10,10.0,10,-0.0061946902654868,10,0.0099009900990099,10,10,10,C147A,0.3153143019199186,1.0,0.0,0.1578947368421053,1.0,0.2857142857142857,0.33333333333333337,0.40564561808649596,0.5,antibody_interface_mutation;possible_disulfide_loss;protected_epitope_or_contact,reject
827,63,C,R,-3.057210922241211,3.3022723244569363,63,139,139,C,1.0,0.0,0.0,1.0,30.0,msa,75.62861552499871,0.4528659612275372,surface,0,121,True,False,True,0.8,0.8,0.0,HLA-A03_like,HLA-A03_like,STTSTGPCR,SSTTSTGPR,0.46,0.46,0.0,GPCRTCMTTAQGTSM,GPRRTCMTTAQGTSM,0.8,0.8,0.0,1.065,0.988,-0.077,0.0,33.0,33.0,internal_motif_model,25,15,40,possible_disulfide_loss;antibody_interface_mutation,10,9.6,10,-0.0619469026548672,10,1.0098909901990083,8,10,10,C121R,0.12134759288402963,0.96,0.0,0.42105263157894735,1.0,0.2857142857142857,0.33333333333333337,0.40378551977489213,0.5,antibody_interface_mutation;possible_disulfide_loss;protected_epitope_or_contact,reject
828,66,C,T,-1.6351981163024902,2.0986873777810047,66,139,139,C,0.9928057553956836,0.0,0.0142429670997965,0.9857570329002034,30.0,msa,19.326324022647547,0.1157264911535781,buried,0,124,True,True,True,0.45,0.45,0.0,HLA-A03_like,HLA-B07_like,RTCMTTAQG,GPCRTTMTT,0.46,0.46,0.0,GPCRTCMTTAQGTSM,GPCRTTMTTAQGTSM,0.46,0.46,0.0,1.036,0.964,-0.072,12.0,36.0,48.0,internal_motif_model,25,15,40,possible_disulfide_loss;antibody_interface_mutation,10,10.0,10,-0.0283185840707965,10,0.0099009900990099,10,10,10,C124T,0.28281042839180626,1.0,0.0,0.1578947368421053,1.0,0.2857142857142857,0.33333333333333337,0.3975196497044679,0.5,antibody_interface_mutation;possible_disulfide_loss;protected_epitope_or_contact,reject
829,66,C,P,-2.5093560218811035,-1.564135642556721,66,139,139,C,0.9928057553956836,0.0,0.0142429670997965,0.9857570329002034,30.0,msa,19.326324022647547,0.1157264911535781,buried,10,124,True,True,True,0.45,0.45,0.0,HLA-A03_like,HLA-A03_like,RTCMTTAQG,RTPMTTAQG,0.46,0.46,0.0,GPCRTCMTTAQGTSM,GPCRTPMTTAQGTSM,0.46,0.46,0.0,1.036,0.986,-0.05,12.0,36.0,48.0,internal_motif_model,25,15,48,possible_disulfide_loss;new_proline;antibody_interface_mutation,15,9.2,10,-0.036283185840708,10,0.0099009900990099,6,10,10,C124P,0.7741839641445151,0.9199999999999999,0.0,0.1578947368421053,0.16666666666666663,0.1428571428571429,0.0,0.3940773193569308,0.6666666666666666,antibody_interface_mutation;new_proline;possible_disulfide_loss;protected_epitope_or_contact,reject
830,79,C,P,-2.6286709308624268,-1.564135642556721,79,139,139,C,0.9928057553956836,0.0,0.0142429670997965,0.9857570329002034,30.0,msa,21.37736933521141,0.1280081996120443,buried,10,137,True,True,True,0.4,0.35,-0.05,HLA-A03_like,HLA-A03_like,MYPSCCCTK,GTSMYPSPC,0.46,0.46,0.0,TCMTTAQGTSMYPSC,TCMTTAQGTSMYPSP,0.46,0.46,0.0,1.197,1.148,-0.05,12.0,36.0,48.0,internal_motif_model,25,15,48,possible_disulfide_loss;new_proline;antibody_interface_mutation,15,9.2,10,-0.036283185840708,10,0.0099009900990099,6,10,10,C137P,0.7741839641445151,0.9199999999999999,0.0,0.1578947368421053,0.16666666666666663,0.1428571428571429,0.0,0.3940773193569308,0.6666666666666666,antibody_interface_mutation;new_proline;possible_disulfide_loss;protected_epitope_or_contact,reject
831,80,C,P,-2.517322540283203,-1.1164686959500043,80,139,139,C,1.0,0.0,0.0,1.0,30.0,msa,11.026990214100174,0.0660298815215579,buried,10,138,True,True,True,0.4,0.35,-0.05,HLA-A03_like,HLA-A03_like,MYPSCCCTK,GTSMYPSCP,0.46,0.46,0.0,CMTTAQGTSMYPSCC,CMTTAQGTSMYPSCP,0.46,0.46,0.0,1.164,1.115,-0.05,12.0,36.0,48.0,internal_motif_model,25,15,48,possible_disulfide_loss;new_proline;antibody_interface_mutation,15,9.2,10,-0.036283185840708,10,0.0099009900990099,6,10,10,C138P,0.7141287310163037,0.9199999999999999,0.0,0.1578947368421053,0.16666666666666663,0.1428571428571429,0.0,0.3790635110748779,0.6666666666666666,antibody_interface_mutation;new_proline;possible_disulfide_loss;protected_epitope_or_contact,reject
832,80,C,D,-3.1812100410461426,-1.1164686959500043,80,139,139,C,1.0,0.0,0.0,1.0,30.0,msa,11.026990214100174,0.0660298815215579,buried,12,138,True,True,True,0.4,0.4,0.0,HLA-A03_like,HLA-A03_like,MYPSCCCTK,MYPSCDCTK,0.46,0.46,0.0,CMTTAQGTSMYPSCC,CMTTAQGTSMYPSCD,0.46,0.46,0.0,1.164,1.086,-0.078,12.0,36.0,48.0,internal_motif_model,25,15,56,possible_disulfide_loss;buried_charge;antibody_interface_mutation,10,10.0,10,-0.0530973451327433,10,-0.9889782489611454,10,10,10,C138D,0.7141287310163037,1.0,0.0,0.1578947368421053,0.0,0.0,0.33333333333333337,0.3767777967891636,0.6666666666666666,accessibility_risk;antibody_interface_mutation;buried_charge;possible_disulfide_loss;protected_epitope_or_contact,reject
833,79,C,R,-3.1137731075286865,-1.1164686959500043,79,139,139,C,0.9928057553956836,0.0,0.0142429670997965,0.9857570329002034,30.0,msa,21.37736933521141,0.1280081996120443,buried,12,137,True,True,True,0.4,0.4,0.0,HLA-A03_like,HLA-A03_like,MYPSCCCTK,MYPSRCCTK,0.46,0.46,0.0,TCMTTAQGTSMYPSC,TCMTTAQGTSMYPSR,0.46,0.46,0.0,1.197,1.12,-0.077,12.0,36.0,48.0,internal_motif_model,25,15,56,possible_disulfide_loss;buried_charge;antibody_interface_mutation,10,9.6,10,-0.0619469026548672,10,1.0098909901990083,8,10,10,C137R,0.7141287310163037,0.96,0.0,0.1578947368421053,0.0,0.0,0.33333333333333337,0.3707777967891636,0.6666666666666666,accessibility_risk;antibody_interface_mutation;buried_charge;possible_disulfide_loss;protected_epitope_or_contact,reject
834,81,C,N,-3.3037526607513428,2.6704794745355116,81,139,139,C,0.9928057553956836,0.0,0.0142429670997965,0.9857570329002034,30.0,msa,69.22217925483348,0.4145040673942124,surface,0,139,True,True,True,0.4,0.4,0.0,HLA-A03_like,HLA-A03_like,MYPSCCCTK,MYPSCCNTK,0.46,0.46,0.0,MTTAQGTSMYPSCCC,MTTAQGTSMYPSCCN,0.46,0.46,0.0,1.164,1.074,-0.091,12.0,41.0,53.0,internal_motif_model,25,15,40,possible_disulfide_loss;antibody_interface_mutation,10,10.0,10,-0.0530973451327433,10,0.0099009900990099,10,10,10,C139N,0.20610360888737633,1.0,0.0,0.07017543859649122,1.0,0.2857142857142857,0.33333333333333337,0.3607990851792376,0.5,antibody_interface_mutation;possible_disulfide_loss;protected_epitope_or_contact,reject
835,89,C,R,-3.0996875762939453,2.7568927506203806,89,139,139,C,0.9928057553956836,0.0,0.0142429670997965,0.9857570329002034,30.0,msa,48.724091437879395,0.2917610265741281,partial,0,147,True,True,True,0.35,0.8,0.45,HLA-A02_like,HLA-A03_like,DGNCTCIPI,CTKPSDGNR,0.46,0.46,0.0,CTCIPIPSSWAFGKF,RTCIPIPSSWAFGKF,0.46,0.8,0.34,1.057,0.98,-0.077,16.0,36.0,52.0,internal_motif_model,25,15,40,possible_disulfide_loss;antibody_interface_mutation,10,9.6,10,-0.0619469026548672,10,1.0098909901990083,8,10,10,C147R,0.1945111304165268,0.96,0.0,0.08771929824561409,1.0,0.2857142857142857,0.33333333333333337,0.3554097374913498,0.5,antibody_interface_mutation;possible_disulfide_loss;protected_epitope_or_contact,reject
836,80,C,S,-2.069384813308716,4.123100835034677,80,139,139,C,1.0,0.0,0.0,1.0,30.0,msa,11.026990214100174,0.0660298815215579,buried,0,138,True,True,True,0.4,0.4,0.0,HLA-A03_like,HLA-A03_like,MYPSCCCTK,MYPSCSCTK,0.46,0.46,0.0,CMTTAQGTSMYPSCC,CMTTAQGTSMYPSCS,0.46,0.46,0.0,1.164,1.107,-0.057,12.0,36.0,48.0,internal_motif_model,25,15,40,possible_disulfide_loss;antibody_interface_mutation,10,10.0,10,-0.0292035398230088,10,0.0099009900990099,10,10,10,C138S,0.011232142246716093,1.0,0.0,0.1578947368421053,1.0,0.2857142857142857,0.33333333333333337,0.32962507816819536,0.5,antibody_interface_mutation;possible_disulfide_loss;protected_epitope_or_contact,reject
837,66,C,R,-3.2883458137512207,-0.1030204515200807,66,139,139,C,0.9928057553956836,0.0,0.0142429670997965,0.9857570329002034,30.0,msa,19.326324022647547,0.1157264911535781,buried,12,124,True,True,True,0.45,0.8,0.35,HLA-A03_like,HLA-A03_like,RTCMTTAQG,TSTGPCRTR,0.46,0.46,0.0,GPCRTCMTTAQGTSM,GPCRTRMTTAQGTSM,0.46,0.8,0.34,1.036,0.959,-0.077,16.0,36.0,52.0,internal_motif_model,25,15,56,possible_disulfide_loss;buried_charge;antibody_interface_mutation,10,9.6,10,-0.0619469026548672,10,1.0098909901990083,8,10,10,C124R,0.5781730366235149,0.96,0.0,0.08771929824561409,0.0,0.0,0.33333333333333337,0.32275378547166816,0.6666666666666666,accessibility_risk;antibody_interface_mutation;buried_charge;possible_disulfide_loss;protected_epitope_or_contact,reject
